NZ_FWWR01000017.1_2	iCHOv1.100762871	28.8	302	184	8	7	283	15	310	6.94e-24	103
NZ_FWWR01000017.1_2	iCHOv1.100751194	23.4	512	299	13	9	437	84	585	1.30e-22	100
NZ_FWWR01000017.1_2	iAT_PLT_636.11254	23.0	521	306	14	3	436	28	540	5.22e-22	98.6
NZ_FWWR01000017.1_2	iCHOv1.100758864	25.0	300	192	5	7	279	59	352	7.82e-22	98.2
NZ_FWWR01000017.1_2	iCHOv1.100762288	25.0	304	192	7	6	279	24	321	1.66e-20	94.0
NZ_FWWR01000017.1_5	iYS854.USA300HOU_RS13755	32.6	46	31	0	1	46	5	50	2.89e-07	43.1
NZ_FWWR01000017.1_6	iCN900.CD630_07980	22.8	302	212	2	18	319	90	370	1.61e-14	73.9
NZ_FWWR01000017.1_12	iCHOv1.100762274	35.2	88	41	3	1	88	1	72	2.68e-05	44.3
NZ_FWWR01000017.1_12	iAT_PLT_636.445	35.2	88	41	3	1	88	33	104	8.56e-05	43.9
NZ_FWWR01000017.1_13	iNF517.LLMG_RS01990	31.4	293	162	11	19	306	2	260	7.96e-31	119
NZ_FWWR01000017.1_18	iCN900.CD630_08930	38.1	488	286	5	11	494	11	486	7.06e-88	278
NZ_FWWR01000017.1_18	iHN637.CLJU_RS18325	36.5	496	302	5	1	494	1	485	5.34e-87	275
NZ_FWWR01000017.1_18	iCN900.CD630_08940	36.4	489	295	7	11	494	11	488	2.08e-83	266
NZ_FWWR01000017.1_22	iYO844.BSU38110	35.0	226	144	3	1	223	1	226	1.34e-40	139
NZ_FWWR01000017.1_25	iYL1228.KPN_01467	31.3	99	64	2	361	455	25	123	3.05e-06	49.7
NZ_FWWR01000017.1_25	iML1515.b1386	29.0	107	72	2	353	455	17	123	1.60e-05	47.4
NZ_FWWR01000017.1_31	iAF987.Gmet_0816	49.2	61	30	1	74	133	1084	1144	1.55e-10	57.4
NZ_FWWR01000017.1_31	iYO844.BSU14860	46.3	67	35	1	72	137	1080	1146	2.88e-10	56.6
NZ_FWWR01000017.1_31	STM_v1_0.STM0055	39.4	132	56	3	3	133	479	587	5.87e-09	52.8
NZ_FWWR01000017.1_31	STM_v1_0.STM3352	39.4	132	56	3	3	133	479	587	5.87e-09	52.8
NZ_FWWR01000017.1_31	iEK1008.Rv3285	53.3	45	21	0	65	109	527	571	8.01e-09	52.4
NZ_FWWR01000017.1_31	iLB1027_lipid.PHATRDRAFT_51245	41.5	65	37	1	72	135	572	636	8.12e-09	52.4
NZ_FWWR01000017.1_31	iAT_PLT_636.5095	43.1	65	36	1	74	137	664	728	1.12e-08	52.0
NZ_FWWR01000017.1_32	iYL1228.KPN_00030	55.6	408	126	4	23	375	20	427	1.24e-126	372
NZ_FWWR01000017.1_32	STM_v1_0.STM0054	53.5	424	142	4	7	375	4	427	7.04e-126	370
NZ_FWWR01000017.1_32	STM_v1_0.STM3351	53.5	424	142	4	7	375	4	427	5.68e-125	367
NZ_FWWR01000017.1_35	iAF987.Gmet_3290	26.0	542	353	9	13	543	1	505	5.11e-50	181
NZ_FWWR01000017.1_35	iYO844.BSU18210	24.3	494	335	9	57	549	30	485	5.73e-48	174
NZ_FWWR01000017.1_35	iCHOv1.100756739	26.8	503	324	7	25	521	43	507	4.08e-45	167
NZ_FWWR01000017.1_35	iMM1415.78038	26.8	503	324	7	25	521	43	507	7.67e-45	167
NZ_FWWR01000017.1_35	iAT_PLT_636.64087	26.5	536	338	11	22	543	40	533	9.52e-44	164
NZ_FWWR01000017.1_36	iCN900.CD630_03960	56.9	262	113	0	5	266	1	262	1.05e-101	297
NZ_FWWR01000017.1_37	iCN900.CD630_03970	46.3	397	210	2	21	414	5	401	5.99e-118	350
NZ_FWWR01000017.1_38	iCN900.CD630_03980	40.1	374	220	4	6	378	4	374	1.44e-88	271
NZ_FWWR01000017.1_40	iCN900.CD630_04310	23.9	557	311	18	3	530	5	477	7.19e-20	92.8
NZ_FWWR01000017.1_40	iSynCJ816.SGL_RS04625	29.6	247	125	10	2	236	22	231	4.26e-19	87.8
NZ_FWWR01000017.1_40	iYO844.BSU02860	26.3	213	130	7	325	513	2	211	3.68e-19	86.7
NZ_FWWR01000017.1_51	iYL1228.KPN_00227	40.5	222	128	4	1	218	1	222	1.67e-56	180
NZ_FWWR01000017.1_51	STM_v1_0.STM0261	42.8	222	123	4	1	218	1	222	1.89e-55	177
NZ_FWWR01000017.1_51	iML1515.b0212	41.4	222	126	4	1	218	1	222	1.70e-53	172
NZ_FWWR01000017.1_51	iSF_1195.SF0198	40.4	230	133	4	1	226	1	230	1.70e-53	172
NZ_FWWR01000017.1_51	iSbBS512_1146.SbBS512_E0208	41.4	222	126	4	1	218	1	222	2.41e-53	172
NZ_FWWR01000017.1_51	iSSON_1240.SSON_0226	41.4	222	126	4	1	218	1	222	2.41e-53	172
NZ_FWWR01000017.1_51	iSDY_1059.SDY_0231	40.5	222	128	4	1	218	1	222	1.53e-51	167
NZ_FWWR01000017.1_52	iHN637.CLJU_RS14395	56.2	331	142	3	29	357	1	330	5.94e-126	365
NZ_FWWR01000017.1_52	iCN900.CD630_18320	54.4	327	147	2	29	354	1	326	5.39e-120	350
NZ_FWWR01000017.1_53	iHN637.CLJU_RS14385	40.2	331	188	7	12	332	15	345	1.40e-67	216
NZ_FWWR01000017.1_53	iCN900.CD630_18330	39.6	336	193	7	2	327	3	338	1.70e-66	213
NZ_FWWR01000017.1_53	iNF517.LLMG_RS09700	35.7	347	208	7	12	345	12	356	7.11e-66	211
NZ_FWWR01000017.1_53	iPC815.YPO0152	38.8	345	198	7	1	332	1	345	3.65e-64	207
NZ_FWWR01000017.1_53	STM_v1_0.STM3486	39.0	344	198	6	1	332	1	344	1.02e-63	206
NZ_FWWR01000017.1_53	iSSON_1240.SSON_3520	39.5	344	196	6	1	332	1	344	1.44e-63	206
NZ_FWWR01000017.1_53	iML1515.b3389	39.2	344	197	6	1	332	1	344	4.03e-63	204
NZ_FWWR01000017.1_53	iSF_1195.SF3407	39.2	344	197	6	1	332	1	344	5.67e-63	204
NZ_FWWR01000017.1_53	iSDY_1059.SDY_3690	39.2	344	197	6	1	332	1	344	7.99e-63	204
NZ_FWWR01000017.1_53	iYL1228.KPN_03760	39.2	344	197	6	1	332	1	344	1.19e-62	203
NZ_FWWR01000017.1_53	iYO844.BSU22700	38.9	357	198	9	7	350	8	357	1.58e-62	203
NZ_FWWR01000017.1_53	iSbBS512_1146.SbBS512_E3766	39.2	344	197	6	1	332	1	344	1.58e-62	203
NZ_FWWR01000017.1_54	iHN637.CLJU_RS14380	43.5	423	224	8	1	411	1	420	7.13e-102	308
NZ_FWWR01000017.1_54	iCN900.CD630_18340	40.9	430	233	8	1	411	4	431	2.82e-92	284
NZ_FWWR01000017.1_55	iCN900.CD630_18350	47.9	357	185	1	1	356	1	357	6.58e-117	342
NZ_FWWR01000017.1_55	iHN637.CLJU_RS14375	45.7	359	192	2	1	356	1	359	3.72e-106	315
NZ_FWWR01000017.1_56	iHN637.CLJU_RS14365	37.8	262	139	7	4	242	6	266	9.26e-44	153
NZ_FWWR01000017.1_56	iCN900.CD630_18370	35.7	263	143	8	3	243	4	262	2.78e-40	144
NZ_FWWR01000017.1_57	iAF987.Gmet_0981	50.4	139	69	0	1	139	1	139	8.64e-41	133
NZ_FWWR01000017.1_57	iLJ478.TM0349	45.7	138	73	1	1	138	1	136	1.36e-38	127
NZ_FWWR01000017.1_57	iJN1463.PP_2407	46.4	138	74	0	3	140	5	142	7.28e-37	123
NZ_FWWR01000017.1_57	iSynCJ816.SGL_RS06095	44.6	139	77	0	2	140	6	144	7.94e-37	123
NZ_FWWR01000017.1_57	iIT341.HP1038	44.4	142	76	2	1	139	1	142	6.96e-36	121
NZ_FWWR01000017.1_58	iEK1008.Rv2606c	68.9	280	87	0	2	281	11	290	1.87e-125	359
NZ_FWWR01000017.1_58	iLB1027_lipid.PHATRDRAFT_29885	67.4	273	89	0	2	274	19	291	7.21e-122	351
NZ_FWWR01000017.1_58	iYO844.BSU00110	63.9	285	100	1	2	286	6	287	6.59e-120	345
NZ_FWWR01000017.1_58	iHN637.CLJU_RS19490	64.6	280	99	0	7	286	8	287	5.55e-120	345
NZ_FWWR01000017.1_58	iYS854.USA300HOU_RS02730	61.7	274	103	1	15	286	20	293	4.02e-114	330
NZ_FWWR01000017.1_58	iLJ478.TM0473	63.6	272	99	0	15	286	20	291	5.33e-114	330
NZ_FWWR01000017.1_59	iCN900.CD630_36640	24.0	346	246	8	116	450	52	391	5.15e-20	91.3
NZ_FWWR01000017.1_66	iHN637.CLJU_RS17595	63.8	304	106	3	3	304	5	306	5.03e-132	377
NZ_FWWR01000017.1_66	iCN900.CD630_01840	60.9	302	116	2	3	304	5	304	8.52e-126	361
NZ_FWWR01000017.1_67	iHN637.CLJU_RS17590	43.8	144	77	1	1	140	1	144	4.39e-42	136
NZ_FWWR01000017.1_68	iCN900.CD630_01850	44.3	235	122	4	1	233	1	228	4.57e-65	201
NZ_FWWR01000017.1_69	iCN900.CD630_01860	53.7	296	136	1	4	298	5	300	8.16e-106	310
NZ_FWWR01000017.1_69	iHN637.CLJU_RS17575	52.9	295	138	1	5	298	2	296	1.34e-103	304
NZ_FWWR01000017.1_74	iML1515.b2415	47.5	80	42	0	1	80	1	80	9.36e-20	76.3
NZ_FWWR01000017.1_74	STM_v1_0.STM2431	47.5	80	42	0	1	80	1	80	9.36e-20	76.3
NZ_FWWR01000017.1_74	iSbBS512_1146.SbBS512_E2765	47.5	80	42	0	1	80	1	80	9.36e-20	76.3
NZ_FWWR01000017.1_74	iSDY_1059.SDY_2612	47.5	80	42	0	1	80	1	80	9.36e-20	76.3
NZ_FWWR01000017.1_74	iSF_1195.SF2470	47.5	80	42	0	1	80	1	80	9.36e-20	76.3
NZ_FWWR01000017.1_74	iSSON_1240.SSON_2504	47.5	80	42	0	1	80	1	80	9.36e-20	76.3
NZ_FWWR01000017.1_74	iYL1228.KPN_02762	46.3	80	43	0	1	80	1	80	1.88e-19	75.5
NZ_FWWR01000017.1_74	iNF517.LLMG_RS00670	45.6	79	43	0	1	79	1	79	2.89e-19	75.1
NZ_FWWR01000017.1_74	iPC815.YPO2993	46.3	80	43	0	1	80	1	80	3.78e-19	74.7
NZ_FWWR01000017.1_74	iYO844.BSU13900	40.5	84	50	0	1	84	1	84	6.65e-18	71.6
NZ_FWWR01000017.1_74	iYS854.USA300HOU_RS05395	44.0	75	42	0	10	84	10	84	3.80e-17	69.7
NZ_FWWR01000017.1_76	iCN900.CD630_33940	53.1	580	269	3	324	903	5	581	5.66e-200	583
NZ_FWWR01000017.1_76	iHN637.CLJU_RS01595	50.1	581	288	2	324	903	1	580	1.60e-181	536
NZ_FWWR01000017.1_76	iYO844.BSU29180	47.8	582	300	3	324	903	1	580	1.78e-177	525
NZ_FWWR01000017.1_92	iHN637.CLJU_RS07395	49.4	399	195	2	1	394	3	399	2.17e-131	382
NZ_FWWR01000017.1_92	iLJ478.TM0356	47.9	397	201	2	3	394	2	397	9.38e-130	378
NZ_FWWR01000017.1_92	iCN900.CD630_25140	47.5	404	205	3	1	397	2	405	1.14e-126	370
NZ_FWWR01000017.1_94	iCN900.CD630_19470	49.3	217	108	2	2	217	13	228	6.93e-72	218
NZ_FWWR01000017.1_95	iJN1463.PP_4210	27.3	436	251	13	3	416	263	654	4.08e-30	122
NZ_FWWR01000017.1_98	iYO844.BSU31350	41.9	387	206	7	28	398	42	425	4.84e-98	299
NZ_FWWR01000017.1_98	iYS854.USA300HOU_RS04775	41.4	389	214	6	28	405	42	427	6.97e-93	286
NZ_FWWR01000017.1_98	iCN900.CD630_32850	41.1	392	212	7	30	405	44	432	3.68e-91	281
NZ_FWWR01000017.1_100	iPC815.YPO1913	30.1	538	357	8	49	575	56	585	8.18e-66	225
NZ_FWWR01000017.1_101	iPC815.YPO1914	29.3	564	367	13	15	560	27	576	1.66e-63	219
NZ_FWWR01000017.1_101	iAF987.Gmet_2349	47.0	234	123	1	329	562	335	567	3.48e-63	217
NZ_FWWR01000017.1_101	iEK1008.Rv1348	29.6	496	309	11	87	560	363	840	6.01e-60	213
NZ_FWWR01000017.1_101	iCHOv1.100682535	44.1	238	131	1	326	561	391	628	2.16e-57	208
NZ_FWWR01000017.1_101	iMM1415.18670	42.9	238	134	1	326	561	388	625	1.30e-56	206
NZ_FWWR01000017.1_101	iJN1463.PP_4935	31.0	481	317	8	89	560	114	588	2.23e-58	205
NZ_FWWR01000017.1_101	iPC815.YPO1913	31.0	513	325	12	66	560	74	575	1.42e-55	197
NZ_FWWR01000017.1_103	iCN900.CD630_04300	22.4	143	107	2	73	213	77	217	4.78e-06	45.8
NZ_FWWR01000017.1_104	iCN900.CD630_04310	33.8	465	291	8	2	454	5	464	9.48e-77	247
NZ_FWWR01000017.1_107	iNF517.LLMG_RS09820	36.1	319	198	6	2	317	3	318	8.66e-57	186
NZ_FWWR01000017.1_107	iHN637.CLJU_RS13140	36.8	326	190	8	6	321	5	324	5.65e-56	184
NZ_FWWR01000017.1_107	iCN900.CD630_35580	37.3	330	186	13	4	322	2	321	1.21e-53	178
NZ_FWWR01000017.1_109	iCN900.CD630_14770	32.4	74	46	1	1	74	1	70	6.12e-09	47.4
NZ_FWWR01000017.1_110	iCN900.CD630_14780	57.1	70	30	0	3	72	4	73	2.34e-24	86.3
NZ_FWWR01000017.1_111	iCN900.CD630_14790	53.8	716	308	8	1	703	1	706	2.22e-251	712
NZ_FWWR01000017.1_112	iCN900.CD630_00510	56.6	488	210	2	3	488	2	489	3.28e-207	582
NZ_FWWR01000017.1_113	iJN1463.PP_2439	58.7	189	76	1	1	189	1	187	3.83e-81	238
NZ_FWWR01000017.1_113	STM_v1_0.STM0608	55.6	189	82	1	1	189	1	187	2.81e-76	226
NZ_FWWR01000017.1_113	iML1515.b0605	54.5	189	84	1	1	189	1	187	3.99e-76	226
NZ_FWWR01000017.1_114	iJN1463.PP_2440	51.9	514	237	6	3	506	2	515	1.05e-171	494
NZ_FWWR01000017.1_114	STM_v1_0.STM0609	50.0	516	246	7	3	506	2	517	1.64e-168	486
NZ_FWWR01000017.1_114	iML1515.b0606	49.4	516	249	7	3	506	2	517	6.58e-168	484
NZ_FWWR01000017.1_117	iHN637.CLJU_RS11915	23.1	260	185	7	108	353	61	319	2.85e-11	63.5
NZ_FWWR01000017.1_118	iHN637.CLJU_RS06580	55.1	336	147	2	1	335	1	333	8.91e-123	356
NZ_FWWR01000017.1_118	iCN900.CD630_17670	55.3	340	147	4	1	338	1	337	4.67e-122	354
NZ_FWWR01000017.1_118	iYO844.BSU33940	55.5	337	144	3	1	336	1	332	1.38e-120	350
NZ_FWWR01000017.1_118	iEK1008.Rv1436	53.9	345	146	5	1	338	1	339	5.19e-119	346
NZ_FWWR01000017.1_118	iAF987.Gmet_1946	54.5	336	147	3	1	335	1	331	9.17e-118	343
NZ_FWWR01000017.1_118	iHN637.CLJU_RS19275	50.4	337	163	2	3	338	2	335	1.39e-115	337
NZ_FWWR01000017.1_118	iYO844.BSU29020	52.1	336	155	2	1	335	1	331	2.32e-115	337
NZ_FWWR01000017.1_118	iSynCJ816.SGL_RS17045	50.1	335	162	3	4	336	3	334	1.48e-110	325
NZ_FWWR01000017.1_119	iLJ478.TM0689	59.8	396	154	3	2	394	3	396	6.41e-151	441
NZ_FWWR01000017.1_119	iYO844.BSU33930	55.0	393	175	2	2	394	3	393	3.73e-142	409
NZ_FWWR01000017.1_120	iHN637.CLJU_RS19265	46.4	250	128	3	1	246	1	248	2.24e-75	228
NZ_FWWR01000017.1_120	iCN900.CD630_31720	46.0	248	131	2	1	246	1	247	8.75e-75	227
NZ_FWWR01000017.1_120	iAF987.Gmet_1948	49.0	251	121	3	1	246	1	249	9.94e-75	227
NZ_FWWR01000017.1_120	iLJ478.TM0689	45.3	243	130	2	2	241	402	644	1.72e-65	214
NZ_FWWR01000017.1_120	iSynCJ816.SGL_RS13180	45.6	250	122	5	1	246	1	240	1.10e-66	206
NZ_FWWR01000017.1_121	iCN900.CD630_31710	54.5	508	216	6	2	497	4	508	2.55e-191	544
NZ_FWWR01000017.1_121	iHN637.CLJU_RS19260	53.6	506	224	5	2	497	4	508	4.01e-183	523
NZ_FWWR01000017.1_121	iYO844.BSU33910	52.0	508	232	5	2	498	4	510	4.28e-180	515
NZ_FWWR01000017.1_121	iAF692.Mbar_A1223	53.8	509	220	7	2	497	9	515	3.45e-178	511
NZ_FWWR01000017.1_121	iAF987.Gmet_3203	53.3	508	224	7	2	497	3	509	1.01e-173	499
NZ_FWWR01000017.1_121	iAF692.Mbar_A2222	52.3	518	224	6	2	497	6	522	1.57e-173	499
NZ_FWWR01000017.1_122	iCN900.CD630_31700	70.8	428	122	2	1	425	3	430	6.82e-213	592
NZ_FWWR01000017.1_122	iYO844.BSU33900	71.2	427	120	2	2	425	4	430	1.37e-212	591
NZ_FWWR01000017.1_122	iHN637.CLJU_RS19255	68.9	425	131	1	2	425	7	431	2.31e-209	583
NZ_FWWR01000017.1_122	iAF987.Gmet_2372	66.0	426	143	2	2	425	4	429	1.57e-199	558
NZ_FWWR01000017.1_122	iYS854.USA300HOU_RS04205	63.2	432	152	4	1	425	3	434	9.98e-190	533
NZ_FWWR01000017.1_125	iLJ478.TM0880	45.2	367	188	4	11	375	29	384	8.95e-100	300
NZ_FWWR01000017.1_125	STM_v1_0.STM0054	43.0	416	172	6	17	374	22	430	2.56e-97	296
NZ_FWWR01000017.1_125	iYL1228.KPN_00030	42.6	411	181	5	17	374	22	430	5.12e-97	295
NZ_FWWR01000017.1_125	STM_v1_0.STM3351	42.8	416	173	6	17	374	22	430	4.08e-96	293
NZ_FWWR01000017.1_127	iJN1463.PP_0601	28.1	423	292	4	10	423	13	432	2.18e-36	140
NZ_FWWR01000017.1_127	iSDY_1059.SDY_2083	27.1	376	268	3	11	380	14	389	1.09e-33	133
NZ_FWWR01000017.1_127	iSbBS512_1146.SbBS512_E2257	26.9	376	269	3	11	380	14	389	5.10e-33	131
NZ_FWWR01000017.1_127	iSF_1195.SF1075	26.9	376	269	3	11	380	14	389	5.10e-33	131
NZ_FWWR01000017.1_127	iSSON_1240.SSON_1089	26.9	376	269	3	11	380	14	389	5.10e-33	131
NZ_FWWR01000017.1_127	iML1515.b1069	26.6	376	270	3	11	380	14	389	6.95e-33	130
NZ_FWWR01000017.1_129	iCN900.CD630_05580	41.1	314	174	7	1	308	1	309	9.59e-73	226
NZ_FWWR01000017.1_129	iYO844.BSU14830	40.1	307	171	5	9	308	9	309	1.23e-67	213
NZ_FWWR01000017.1_132	iYS854.USA300HOU_RS06905	43.8	434	230	5	1	427	50	476	2.04e-109	330
NZ_FWWR01000017.1_132	iYO844.BSU18120	43.3	418	224	7	2	417	43	449	2.77e-104	317
NZ_FWWR01000017.1_132	iYO844.BSU02420	44.0	430	229	6	1	427	43	463	1.62e-103	315
NZ_FWWR01000017.1_132	iCN900.CD630_16960	44.7	416	216	8	15	427	69	473	8.39e-102	311
NZ_FWWR01000017.1_132	iYO844.BSU27810	42.8	435	219	6	12	428	51	473	6.85e-101	308
NZ_FWWR01000017.1_135	iHN637.CLJU_RS07840	28.2	386	257	10	10	384	17	393	1.31e-37	140
NZ_FWWR01000017.1_135	iHN637.CLJU_RS20885	26.0	393	271	10	2	383	3	386	7.72e-36	135
NZ_FWWR01000017.1_135	iYO844.BSU04360	26.9	387	251	12	6	376	27	397	4.82e-34	130
NZ_FWWR01000017.1_135	iPC815.YPO2982	26.2	404	279	10	7	402	16	408	2.60e-33	128
NZ_FWWR01000017.1_135	iYL1228.KPN_02743	26.6	399	272	10	7	397	16	401	7.26e-33	127
NZ_FWWR01000017.1_135	STM_v1_0.STM2408	26.3	399	273	10	7	397	16	401	1.38e-32	126
NZ_FWWR01000017.1_136	iLB1027_lipid.PHATRDRAFT_40880	29.6	280	191	4	19	296	98	373	2.25e-35	132
NZ_FWWR01000017.1_136	iSynCJ816.SGL_RS05590	29.1	285	188	7	19	296	62	339	7.51e-33	125
NZ_FWWR01000017.1_136	iCHOv1.100752066	31.7	281	175	9	21	296	59	327	4.19e-31	119
NZ_FWWR01000017.1_148	iSynCJ816.SGL_RS10930	59.6	686	276	1	1	686	1	685	1.70e-302	840
NZ_FWWR01000017.1_148	iEK1008.Rv0684	58.8	687	276	4	7	686	10	696	2.24e-288	805
NZ_FWWR01000017.1_149	iSynCJ816.SGL_RS10925	69.8	401	113	4	1	396	1	398	9.37e-200	556
NZ_FWWR01000017.1_150	iYO844.BSU33800	60.1	208	83	0	2	209	4	211	8.84e-82	243
NZ_FWWR01000017.1_150	iYO844.BSU33700	57.2	208	89	0	2	209	4	211	8.17e-77	230
NZ_FWWR01000017.1_151	iYO844.BSU33810	47.0	287	152	0	14	300	16	302	1.17e-98	292
NZ_FWWR01000017.1_151	iYO844.BSU33710	45.1	288	158	0	14	301	18	305	9.67e-96	285
NZ_FWWR01000017.1_151	iYS854.USA300HOU_RS13260	45.8	297	158	2	7	300	9	305	6.92e-95	283
NZ_FWWR01000017.1_152	iYO844.BSU33820	52.7	74	35	0	1	74	139	212	1.50e-23	88.6
NZ_FWWR01000017.1_152	iYO844.BSU33720	56.5	69	30	0	1	69	139	207	2.11e-23	88.2
NZ_FWWR01000017.1_152	iYS854.USA300HOU_RS13265	59.2	76	29	1	1	74	136	211	7.36e-23	86.7
NZ_FWWR01000017.1_154	iYS854.USA300HOU_RS13265	52.8	127	59	1	1	126	1	127	2.53e-35	120
NZ_FWWR01000017.1_154	iYS854.USA300HOU_RS03905	47.7	130	64	2	1	126	1	130	2.44e-30	113
NZ_FWWR01000017.1_155	iYS854.USA300HOU_RS13270	51.0	398	187	3	1	397	1	391	5.84e-141	407
NZ_FWWR01000017.1_155	iYO844.BSU33730	51.1	374	181	2	1	372	1	374	2.67e-130	379
NZ_FWWR01000017.1_155	iYO844.BSU33830	49.3	375	187	2	1	373	1	374	1.47e-129	377
NZ_FWWR01000017.1_156	iCN900.CD630_19470	44.5	220	113	2	4	216	10	227	1.50e-59	187
NZ_FWWR01000017.1_160	iYO844.BSU25710	39.0	123	73	1	20	142	23	143	3.83e-23	91.3
NZ_FWWR01000017.1_161	iYO844.BSU33800	60.1	208	83	0	2	209	4	211	8.84e-82	243
NZ_FWWR01000017.1_161	iYO844.BSU33700	57.2	208	89	0	2	209	4	211	8.17e-77	230
NZ_FWWR01000017.1_162	iYO844.BSU33810	47.0	287	152	0	14	300	16	302	1.17e-98	292
NZ_FWWR01000017.1_162	iYO844.BSU33710	45.1	288	158	0	14	301	18	305	9.67e-96	285
NZ_FWWR01000017.1_162	iYS854.USA300HOU_RS13260	45.8	297	158	2	7	300	9	305	6.92e-95	283
NZ_FWWR01000017.1_163	iYO844.BSU33820	52.7	74	35	0	1	74	139	212	1.50e-23	88.6
NZ_FWWR01000017.1_163	iYO844.BSU33720	56.5	69	30	0	1	69	139	207	2.11e-23	88.2
NZ_FWWR01000017.1_163	iYS854.USA300HOU_RS13265	59.2	76	29	1	1	74	136	211	7.36e-23	86.7
NZ_FWWR01000017.1_166	iCN900.CD630_01230	62.7	418	155	1	20	437	6	422	7.32e-180	508
NZ_FWWR01000017.1_167	iAF987.Gmet_3171	68.0	50	16	0	1	50	1	50	2.10e-25	87.4
NZ_FWWR01000017.1_169	iEK1008.Rv0684	25.7	501	256	12	7	405	13	499	2.10e-34	138
NZ_FWWR01000017.1_169	iSynCJ816.SGL_RS10930	23.4	708	305	18	5	499	8	691	2.95e-31	129
NZ_FWWR01000017.1_169	iSynCJ816.SGL_RS17200	24.0	562	287	14	8	468	9	531	3.03e-30	125
NZ_FWWR01000017.1_170	iYO844.BSU36590	44.4	478	258	3	17	490	9	482	8.27e-141	413
NZ_FWWR01000017.1_170	iCN900.CD630_34040	43.8	480	257	6	19	490	19	493	7.39e-131	388
NZ_FWWR01000017.1_170	iYS854.USA300HOU_RS11270	43.6	473	263	2	20	490	24	494	1.08e-130	388
NZ_FWWR01000017.1_175	iCN900.CD630_25770	48.5	239	118	1	2	235	4	242	1.10e-75	229
NZ_FWWR01000017.1_176	iYS854.USA300HOU_RS10305	27.0	281	183	10	18	288	22	290	1.12e-12	67.0
NZ_FWWR01000017.1_178	iJN1463.PP_4803	31.7	353	225	6	79	428	39	378	1.48e-40	148
NZ_FWWR01000017.1_178	iSDY_1059.SDY_0841	33.7	356	204	10	79	419	41	379	5.13e-39	144
NZ_FWWR01000017.1_178	iML1515.b0839	33.3	360	208	10	79	423	41	383	7.11e-39	144
NZ_FWWR01000017.1_178	iSbBS512_1146.SbBS512_E2506	33.4	356	205	10	79	419	41	379	2.62e-38	142
NZ_FWWR01000017.1_178	STM_v1_0.STM0863	33.4	356	205	10	79	419	41	379	5.02e-38	142
NZ_FWWR01000017.1_178	iYL1228.KPN_00871	32.0	356	210	10	79	419	41	379	1.24e-35	135
NZ_FWWR01000017.1_178	iHN637.CLJU_RS05525	34.4	253	152	5	79	328	54	295	1.81e-35	135
NZ_FWWR01000017.1_181	iCN900.CD630_24960	44.2	308	168	3	31	334	8	315	1.20e-82	253
NZ_FWWR01000017.1_181	iHN637.CLJU_RS13685	39.8	299	178	1	33	329	6	304	3.45e-75	233
NZ_FWWR01000017.1_181	iHN637.CLJU_RS03675	40.8	299	175	1	29	325	2	300	1.95e-74	231
NZ_FWWR01000017.1_184	iCN900.CD630_36700	38.5	374	223	6	7	375	2	373	5.15e-81	252
NZ_FWWR01000017.1_185	iYS854.USA300HOU_RS13390	23.2	246	172	9	2	234	3	244	1.45e-08	54.3
NZ_FWWR01000017.1_191	iSynCJ816.SGL_RS13900	23.8	362	248	5	23	384	28	361	5.20e-10	60.5
NZ_FWWR01000017.1_193	iCN900.CD630_28320	34.4	334	208	4	1	326	46	376	1.38e-66	214
NZ_FWWR01000017.1_194	iPC815.YPO0239	29.7	445	301	6	1	436	1	442	7.40e-59	199
NZ_FWWR01000017.1_194	iYL1228.KPN_03690	28.0	454	314	7	1	444	1	451	1.63e-55	191
NZ_FWWR01000017.1_194	STM_v1_0.STM3409	28.3	445	307	6	1	436	1	442	2.27e-55	190
NZ_FWWR01000017.1_194	iSDY_1059.SDY_3466	28.1	445	308	6	1	436	1	442	2.27e-55	190
NZ_FWWR01000017.1_194	iML1515.b3290	28.1	445	308	6	1	436	1	442	4.43e-55	189
NZ_FWWR01000017.1_194	iSbBS512_1146.SbBS512_E3674	28.1	445	308	6	1	436	1	442	4.43e-55	189
NZ_FWWR01000017.1_194	iSF_1195.SF3321	28.1	445	308	6	1	436	1	442	4.43e-55	189
NZ_FWWR01000017.1_194	iSSON_1240.SSON_3430	28.1	445	308	6	1	436	1	442	4.43e-55	189
NZ_FWWR01000017.1_194	iJN1463.PP_0065	26.1	444	317	6	1	436	1	441	1.74e-52	182
NZ_FWWR01000017.1_195	iAF692.Mbar_A3429	38.7	408	246	4	66	472	71	475	2.16e-99	306
NZ_FWWR01000017.1_195	iAF692.Mbar_A3423	36.1	479	296	5	1	476	1	472	1.39e-98	304
NZ_FWWR01000017.1_195	iML1515.b3849	36.0	481	299	8	1	475	1	478	3.27e-88	278
NZ_FWWR01000017.1_195	iSbBS512_1146.SbBS512_E4319	36.0	481	299	8	1	475	1	478	3.27e-88	278
NZ_FWWR01000017.1_195	iSDY_1059.SDY_3896	36.0	481	299	8	1	475	1	478	3.27e-88	278
NZ_FWWR01000017.1_195	iSF_1195.SF3925	36.0	481	299	8	1	475	1	478	3.27e-88	278
NZ_FWWR01000017.1_195	iSSON_1240.SSON_4022	36.0	481	299	8	1	475	1	478	3.27e-88	278
NZ_FWWR01000017.1_195	iPC815.YPO3762	35.3	485	297	9	1	475	1	478	3.27e-88	278
NZ_FWWR01000017.1_195	STM_v1_0.STM3986	36.2	481	298	8	1	475	1	478	1.28e-87	276
NZ_FWWR01000017.1_196	iJN1463.PP_0065	24.0	438	317	10	3	427	2	436	1.49e-31	125
NZ_FWWR01000017.1_196	iPC815.YPO0239	21.5	438	329	9	3	427	2	437	3.03e-27	113
NZ_FWWR01000017.1_199	iNF517.LLMG_RS10780	29.4	180	117	5	1	172	6	183	7.91e-26	97.8
NZ_FWWR01000017.1_199	iSynCJ816.SGL_RS02240	37.3	142	84	3	2	139	12	152	6.83e-24	92.4
NZ_FWWR01000017.1_199	iYS854.USA300HOU_RS06075	29.8	181	116	6	1	172	7	185	7.54e-23	90.1
NZ_FWWR01000017.1_202	iCN900.CD630_34790	66.5	209	70	0	1	209	1	209	9.67e-106	302
NZ_FWWR01000017.1_202	iYS854.USA300HOU_RS11405	64.6	209	74	0	1	209	1	209	8.34e-100	287
NZ_FWWR01000017.1_202	iYO844.BSU36890	60.3	209	83	0	1	209	1	209	1.13e-97	282
NZ_FWWR01000017.1_202	iNF517.LLMG_RS10940	62.6	211	77	1	1	209	1	211	5.69e-96	278
NZ_FWWR01000017.1_203	iYO844.BSU35530	40.8	338	192	4	8	340	9	343	2.78e-79	246
NZ_FWWR01000017.1_203	iYS854.USA300HOU_RS04040	42.3	333	187	4	8	340	7	334	6.39e-76	237
NZ_FWWR01000017.1_204	iYO844.BSU35660	55.0	371	162	3	1	369	4	371	7.71e-144	412
NZ_FWWR01000017.1_204	iHN637.CLJU_RS01150	55.7	368	162	1	1	367	4	371	2.91e-142	408
NZ_FWWR01000017.1_204	iCN900.CD630_10330	51.9	368	173	3	1	367	4	368	4.48e-139	400
NZ_FWWR01000017.1_204	iYS854.USA300HOU_RS11400	52.9	363	168	2	2	364	3	362	3.53e-136	392
NZ_FWWR01000017.1_204	iYS854.USA300HOU_RS00875	53.0	366	169	2	2	367	3	365	1.75e-135	391
NZ_FWWR01000017.1_204	iSbBS512_1146.SbBS512_E4135	53.9	373	164	2	1	366	1	372	2.41e-134	388
NZ_FWWR01000017.1_204	iML1515.b3786	53.9	373	164	2	1	366	1	372	4.84e-134	387
NZ_FWWR01000017.1_204	iSDY_1059.SDY_3962	53.6	373	165	2	1	366	15	386	2.21e-133	386
NZ_FWWR01000017.1_204	iSSON_1240.SSON_3958	53.6	373	165	2	1	366	15	386	2.21e-133	386
NZ_FWWR01000017.1_204	STM_v1_0.STM3920	52.7	372	168	2	1	365	1	371	1.95e-133	385
NZ_FWWR01000017.1_204	iSF_1195.SF3860	53.1	373	167	2	1	366	15	386	1.02e-131	382
NZ_FWWR01000017.1_204	iPC815.YPO3864	50.1	379	169	2	1	366	1	372	9.72e-129	374
NZ_FWWR01000017.1_204	iAF987.Gmet_1489	52.1	363	165	4	6	359	3	365	9.63e-128	371
NZ_FWWR01000017.1_205	iCN900.CD630_10590	69.5	393	118	2	1	393	1	391	3.38e-190	531
NZ_FWWR01000017.1_205	iCN900.CD630_26760	64.1	393	140	1	1	393	1	392	4.15e-177	498
NZ_FWWR01000017.1_206	iCN900.CD630_10570	54.7	254	115	0	3	256	9	262	2.90e-90	267
NZ_FWWR01000017.1_207	iCN900.CD630_10580	64.6	280	98	1	1	279	1	280	2.15e-118	340
NZ_FWWR01000017.1_208	iCN900.CD630_17020	62.6	433	162	0	1	433	1	433	1.74e-210	587
NZ_FWWR01000017.1_210	iJN1463.PP_2849	28.6	185	112	8	4	173	10	189	7.89e-08	50.8
NZ_FWWR01000017.1_210	iIT341.HP0068	33.3	150	80	9	6	141	6	149	2.89e-06	46.2
NZ_FWWR01000017.1_211	iAF692.Mbar_A2267	49.7	326	154	5	5	327	9	327	2.15e-94	283
NZ_FWWR01000017.1_233	iCN900.CD630_00910	66.0	212	72	0	1	212	1	212	1.72e-102	295
NZ_FWWR01000017.1_243	iCN900.CD630_10260	29.6	179	108	4	45	223	25	185	6.11e-13	66.6
NZ_FWWR01000017.1_243	iHN637.CLJU_RS10670	27.6	199	118	3	46	240	46	222	7.68e-13	66.6
NZ_FWWR01000017.1_243	iLJ478.TM1377	27.6	152	101	2	118	269	110	252	9.03e-12	63.5
NZ_FWWR01000017.1_244	iJN1463.PP_0414	26.9	223	161	1	5	227	14	234	2.00e-22	93.2
NZ_FWWR01000017.1_245	iCN900.CD630_35270	43.4	309	149	6	9	315	4	288	1.10e-72	228
NZ_FWWR01000017.1_245	iCN900.CD630_35300	41.3	327	165	6	9	332	4	306	1.10e-72	228
NZ_FWWR01000017.1_246	iSF_1195.SF2247	24.5	273	174	7	2	256	4	262	1.26e-13	69.7
NZ_FWWR01000017.1_246	iML1515.b2162	30.8	159	86	4	2	146	4	152	1.71e-13	69.3
NZ_FWWR01000017.1_246	iSSON_1240.SSON_2218	30.8	159	86	4	2	146	4	152	1.71e-13	69.3
NZ_FWWR01000017.1_247	iCN900.CD630_23300	50.0	190	95	0	1	190	1	190	1.44e-65	199
NZ_FWWR01000017.1_251	iNF517.LLMG_RS04495	26.0	154	92	6	8	139	12	165	1.56e-05	42.4
NZ_FWWR01000017.1_257	iAF692.Mbar_A0309	27.9	775	415	34	5	706	3	706	2.10e-49	185
NZ_FWWR01000017.1_259	iCN900.CD630_29750	32.6	92	58	1	1	92	1	88	6.79e-09	48.5
NZ_FWWR01000017.1_265	iHN637.CLJU_RS18410	65.9	1145	389	2	3	1146	2	1145	0.0	1538
NZ_FWWR01000017.1_266	iJN1463.PP_3533	53.3	334	155	1	5	337	2	335	4.61e-123	357
NZ_FWWR01000017.1_268	iNF517.LLMG_RS04395	44.8	355	91	3	1	250	1	355	2.88e-100	296
NZ_FWWR01000017.1_268	iLJ478.TM0069	42.6	357	101	2	1	253	1	357	5.72e-98	290
NZ_FWWR01000017.1_269	iML1515.b3011	37.9	369	218	7	1	364	1	363	2.29e-80	251
NZ_FWWR01000017.1_269	iJN1463.PP_2492	37.8	365	222	4	1	364	1	361	1.67e-76	241
NZ_FWWR01000017.1_270	iML1515.b3213	40.7	54	25	1	69	115	124	177	1.18e-04	44.3
NZ_FWWR01000017.1_270	iSbBS512_1146.SbBS512_E3557	40.7	54	25	1	69	115	124	177	1.18e-04	44.3
NZ_FWWR01000017.1_270	iSDY_1059.SDY_3394	40.7	54	25	1	69	115	124	177	1.18e-04	44.3
NZ_FWWR01000017.1_270	iSF_1195.SF3253	40.7	54	25	1	69	115	124	177	1.18e-04	44.3
NZ_FWWR01000017.1_270	iSSON_1240.SSON_3361	40.7	54	25	1	69	115	124	177	1.18e-04	44.3
NZ_FWWR01000017.1_270	STM_v1_0.STM3331	38.9	54	26	1	69	115	124	177	2.73e-04	43.1
NZ_FWWR01000017.1_270	iYL1228.KPN_03625	40.7	54	25	1	69	115	124	177	3.60e-04	42.7
NZ_FWWR01000017.1_275	iCN900.CD630_01550	29.2	257	156	9	13	247	18	270	2.76e-26	104
NZ_FWWR01000017.1_275	iHN637.CLJU_RS19615	31.8	255	153	7	13	248	22	274	2.73e-25	102
NZ_FWWR01000017.1_278	iCN900.CD630_10490	41.3	264	155	0	4	267	3	266	2.32e-71	219
NZ_FWWR01000017.1_279	iCN900.CD630_10600	37.5	283	168	6	9	282	14	296	8.28e-53	174
NZ_FWWR01000017.1_282	iYS854.USA300HOU_RS10305	35.3	295	182	3	2	293	3	291	2.52e-52	173
NZ_FWWR01000017.1_284	iEK1008.Rv0386	39.2	51	31	0	113	163	1027	1077	1.83e-04	41.6
NZ_FWWR01000015.1_2	iHN637.CLJU_RS10530	24.2	368	236	11	5	340	21	377	7.55e-15	75.9
NZ_FWWR01000015.1_2	iHN637.CLJU_RS02325	27.1	181	125	5	138	315	171	347	9.82e-13	69.3
NZ_FWWR01000015.1_3	iCN900.CD630_14890	29.8	238	136	8	1	230	1	215	5.95e-17	81.6
NZ_FWWR01000015.1_3	iCN900.CD630_03010	20.7	523	337	15	1	504	5	468	6.28e-16	80.1
NZ_FWWR01000015.1_3	iYS854.USA300HOU_RS09925	25.9	239	129	6	1	223	3	209	1.14e-16	79.3
NZ_FWWR01000015.1_3	iCN900.CD630_07520	24.8	246	137	6	1	230	1	214	1.24e-15	76.3
NZ_FWWR01000015.1_3	iYL1228.KPN_02373	26.2	221	117	6	1	215	4	184	1.98e-15	75.9
NZ_FWWR01000015.1_3	iPC815.YPO2060	24.7	219	123	5	1	215	4	184	2.05e-15	75.9
NZ_FWWR01000015.1_3	iCN900.CD630_04310	21.2	552	313	20	2	514	5	473	5.61e-14	73.9
NZ_FWWR01000015.1_5	iLJ478.TM1161	32.2	326	218	3	117	441	123	446	1.41e-48	171
NZ_FWWR01000015.1_5	iYS854.USA300HOU_RS05000	31.6	329	214	4	114	438	134	455	7.13e-45	162
NZ_FWWR01000015.1_5	iSynCJ816.SGL_RS06105	32.1	327	219	3	117	442	139	463	1.98e-44	160
NZ_FWWR01000015.1_6	iHN637.CLJU_RS10545	75.8	674	161	2	1	673	1	673	0.0	1060
NZ_FWWR01000015.1_7	iHN637.CLJU_RS10540	48.0	400	207	1	22	420	17	416	6.70e-135	393
NZ_FWWR01000015.1_7	iYO844.BSU39370	46.9	409	214	2	6	414	8	413	6.03e-129	378
NZ_FWWR01000014.1_7	iCN900.CD630_35510	31.2	426	272	6	17	426	17	437	2.59e-65	216
NZ_FWWR01000014.1_7	iHN637.CLJU_RS00675	32.8	464	278	9	17	447	20	482	2.34e-60	204
NZ_FWWR01000014.1_8	iYO844.BSU00280	46.1	206	105	3	3	202	4	209	5.47e-56	176
NZ_FWWR01000014.1_8	iYS854.USA300HOU_RS02455	44.7	206	108	3	1	202	1	204	1.26e-55	175
NZ_FWWR01000014.1_8	iNF517.LLMG_RS02125	43.8	203	108	3	3	199	4	206	1.72e-54	172
NZ_FWWR01000014.1_15	iYS854.USA300HOU_RS10275	40.8	157	93	0	3	159	5	161	9.92e-35	119
NZ_FWWR01000014.1_16	iHN637.CLJU_RS16210	41.4	437	240	6	4	432	6	434	2.79e-111	335
NZ_FWWR01000014.1_16	iYS854.USA300HOU_RS06745	39.2	452	258	5	2	437	1	451	2.25e-107	325
NZ_FWWR01000014.1_16	iYO844.BSU03790	39.1	455	254	7	2	437	1	451	1.34e-98	302
NZ_FWWR01000014.1_18	iSbBS512_1146.SbBS512_E0193	47.9	340	168	3	1	331	1	340	1.46e-102	304
NZ_FWWR01000014.1_18	iSDY_1059.SDY_0218	47.9	340	168	3	1	331	1	340	1.46e-102	304
NZ_FWWR01000014.1_18	iSSON_1240.SSON_0213	47.9	340	168	3	1	331	1	340	1.46e-102	304
NZ_FWWR01000014.1_18	iML1515.b0199	47.6	340	169	3	1	331	1	340	2.07e-102	304
NZ_FWWR01000014.1_18	iSF_1195.SF0190	47.6	340	169	3	1	331	1	340	1.67e-101	301
NZ_FWWR01000014.1_18	STM_v1_0.STM0247	46.8	340	172	3	1	331	1	340	3.09e-99	296
NZ_FWWR01000014.1_18	iPC815.YPO1073	45.9	340	175	2	1	331	1	340	4.38e-99	295
NZ_FWWR01000014.1_18	iYL1228.KPN_00213	46.6	341	171	3	1	331	1	340	6.20e-99	295
NZ_FWWR01000014.1_18	iYO844.BSU32750	44.1	338	182	1	1	331	1	338	4.69e-98	293
NZ_FWWR01000014.1_18	iYS854.USA300HOU_RS04405	43.7	339	182	3	1	331	1	338	2.06e-91	276
NZ_FWWR01000014.1_19	iJN1463.PP_0113	43.7	215	117	1	5	219	13	223	1.23e-53	171
NZ_FWWR01000014.1_19	iCN718.ABAYE_RS11025	44.3	203	113	0	17	219	15	217	3.51e-52	167
NZ_FWWR01000014.1_19	iCN900.CD630_14900	49.7	177	89	0	40	216	41	217	3.41e-52	167
NZ_FWWR01000014.1_19	iJN1463.PP_0219	44.8	203	112	0	17	219	12	214	8.57e-52	166
NZ_FWWR01000014.1_19	iYS854.USA300HOU_RS02330	41.5	205	120	0	14	218	14	218	2.05e-48	157
NZ_FWWR01000014.1_19	iCN718.ABAYE_RS07235	41.8	201	117	0	14	214	29	229	4.62e-47	154
NZ_FWWR01000014.1_20	iJN1463.PP_0112	51.1	237	116	0	42	278	20	256	2.62e-81	245
NZ_FWWR01000014.1_20	iCN900.CD630_14910	45.2	281	131	3	1	278	3	263	2.27e-76	233
NZ_FWWR01000014.1_21	iCN900.CD630_13820	62.2	497	185	3	2	495	3	499	6.16e-223	623
NZ_FWWR01000014.1_21	iML1515.b3926	60.1	496	195	3	2	494	4	499	7.43e-214	600
NZ_FWWR01000014.1_21	iSSON_1240.SSON_4095	60.1	496	195	3	2	494	11	506	9.87e-214	600
NZ_FWWR01000014.1_21	iSDY_1059.SDY_3818	59.9	496	196	3	2	494	4	499	4.27e-213	598
NZ_FWWR01000014.1_21	iSbBS512_1146.SbBS512_E4408	60.1	494	194	3	2	492	4	497	1.22e-212	597
NZ_FWWR01000014.1_21	iYL1228.KPN_04011	59.9	496	196	3	2	494	4	499	2.54e-212	596
NZ_FWWR01000014.1_21	STM_v1_0.STM4086	59.9	496	196	3	2	494	4	499	3.48e-212	595
NZ_FWWR01000014.1_21	iLJ478.TM1430	59.0	476	193	2	3	476	2	477	8.18e-206	578
NZ_FWWR01000014.1_21	iYO844.BSU09290	57.0	493	209	3	1	490	1	493	6.27e-204	574
NZ_FWWR01000014.1_21	iJN1463.PP_1075	56.8	495	207	3	2	494	7	496	9.89e-204	574
NZ_FWWR01000014.1_21	iCN718.ABAYE_RS04620	58.2	498	203	4	2	495	6	502	5.13e-202	570
NZ_FWWR01000014.1_21	iYS854.USA300HOU_RS06545	56.2	489	211	3	1	486	1	489	6.32e-202	569
NZ_FWWR01000014.1_22	iIT341.HP0680	36.9	743	406	13	140	834	47	774	9.96e-149	456
NZ_FWWR01000014.1_23	iIT341.HP0364	40.1	347	201	4	1	346	1	341	8.30e-84	257
NZ_FWWR01000014.1_23	iSynCJ816.SGL_RS18250	37.2	336	203	3	8	340	6	336	2.10e-76	238
NZ_FWWR01000014.1_28	iCN900.CD630_32680	46.0	113	60	1	187	298	36	148	1.55e-25	102
NZ_FWWR01000014.1_29	iCN900.CD630_32630	48.6	284	136	5	17	296	25	302	2.29e-75	232
NZ_FWWR01000014.1_30	iCN900.CD630_32620	50.2	255	125	2	37	290	15	268	1.45e-68	214
NZ_FWWR01000014.1_31	iCN900.CD630_32610	67.2	247	80	1	3	248	8	254	1.16e-122	348
NZ_FWWR01000014.1_31	iAF692.Mbar_A1781	68.2	245	75	2	6	248	15	258	1.89e-122	348
NZ_FWWR01000014.1_31	iHN637.CLJU_RS06095	69.1	243	74	1	7	248	7	249	3.94e-122	347
NZ_FWWR01000014.1_31	iYS854.USA300HOU_RS07055	66.4	247	81	1	4	248	37	283	2.54e-114	328
NZ_FWWR01000014.1_32	iCN900.CD630_32860	26.7	195	137	3	15	205	343	535	1.10e-10	60.1
NZ_FWWR01000014.1_33	iAF987.Gmet_2999	34.9	126	82	0	3	128	10	135	1.91e-15	73.9
NZ_FWWR01000014.1_34	iAF987.Gmet_0043	27.4	241	146	9	316	537	37	267	6.61e-13	70.9
NZ_FWWR01000014.1_35	iYS854.USA300HOU_RS00890	52.4	487	228	1	5	487	9	495	3.84e-186	529
NZ_FWWR01000014.1_35	iSbBS512_1146.SbBS512_E4003	51.0	496	228	6	4	487	20	512	1.29e-173	498
NZ_FWWR01000014.1_35	iSF_1195.SF3626	51.0	496	228	6	4	487	50	542	3.53e-173	498
NZ_FWWR01000014.1_35	iML1515.b3588	51.0	496	228	6	4	487	20	512	3.66e-173	496
NZ_FWWR01000014.1_35	STM_v1_0.STM3680	50.8	496	229	5	4	487	20	512	1.48e-172	495
NZ_FWWR01000014.1_35	iJN1463.PP_0545	49.8	494	235	5	5	487	15	506	1.04e-168	485
NZ_FWWR01000014.1_35	iJN1463.PP_2680	50.4	494	232	5	5	487	15	506	5.94e-168	483
NZ_FWWR01000014.1_37	iHN637.CLJU_RS18655	37.2	352	171	6	2	349	3	308	4.68e-67	213
NZ_FWWR01000014.1_37	iYO844.BSU02850	35.4	342	185	4	8	349	10	315	6.79e-63	202
NZ_FWWR01000014.1_38	iYS854.USA300HOU_RS08305	39.9	208	115	3	3	201	10	216	4.61e-44	147
NZ_FWWR01000014.1_38	iHN637.CLJU_RS15665	38.9	211	118	4	3	210	1	203	3.00e-44	147
NZ_FWWR01000014.1_38	iYO844.BSU02860	36.3	215	130	2	1	208	1	215	8.14e-44	146
NZ_FWWR01000014.1_38	iNF517.LLMG_RS12030	36.0	214	129	4	1	206	1	214	2.96e-41	140
NZ_FWWR01000014.1_38	iLJ478.TM0124	35.6	194	117	3	1	194	1	186	5.75e-40	136
NZ_FWWR01000014.1_39	iHN637.CLJU_RS15670	39.3	262	159	0	5	266	3	264	3.06e-54	176
NZ_FWWR01000014.1_41	iCN900.CD630_27800	48.2	568	285	6	1	559	1	568	1.58e-181	523
NZ_FWWR01000014.1_41	iCN900.CD630_15770	46.5	566	291	6	1	556	1	564	2.17e-170	494
NZ_FWWR01000014.1_42	iCN900.CD630_34510	22.7	282	210	5	1	276	1	280	1.06e-18	84.3
NZ_FWWR01000014.1_43	STM_v1_0.STM0597	23.7	186	116	5	3	163	23	207	3.88e-04	39.7
NZ_FWWR01000014.1_43	iYL1228.KPN_00613	26.3	99	71	1	67	163	109	207	5.22e-04	39.3
NZ_FWWR01000014.1_48	iJN1463.PP_2082	42.4	804	382	14	6	758	4	777	3.98e-197	579
NZ_FWWR01000014.1_48	iSynCJ816.SGL_RS15890	42.8	823	390	16	7	772	19	817	2.61e-196	578
NZ_FWWR01000014.1_48	iCN718.ABAYE_RS07365	41.8	808	401	14	11	773	9	792	4.65e-193	568
NZ_FWWR01000014.1_48	iSF_1195.SF1528	39.7	808	418	13	7	770	10	792	5.86e-191	563
NZ_FWWR01000014.1_48	iML1515.b1702	39.7	808	418	13	7	770	10	792	8.27e-191	563
NZ_FWWR01000014.1_48	iSDY_1059.SDY_1794	39.7	808	418	13	7	770	10	792	1.17e-190	562
NZ_FWWR01000014.1_48	iSSON_1240.SSON_1457	39.6	808	419	13	7	770	10	792	3.29e-190	561
NZ_FWWR01000014.1_48	STM_v1_0.STM1349	39.5	808	420	13	7	770	10	792	6.57e-190	560
NZ_FWWR01000014.1_48	iSbBS512_1146.SbBS512_E1905	39.6	808	419	13	7	770	10	792	3.69e-189	558
NZ_FWWR01000014.1_48	iIT341.HP0121	39.8	824	417	13	6	772	3	804	5.42e-188	556
NZ_FWWR01000014.1_48	iAF692.Mbar_A3094	41.6	826	399	18	2	772	4	801	1.64e-187	555
NZ_FWWR01000014.1_48	iAF692.Mbar_A2223	41.5	822	407	15	6	776	8	806	4.18e-185	549
NZ_FWWR01000014.1_48	iPC815.YPO2409	40.0	808	414	13	1	761	1	784	6.19e-185	548
NZ_FWWR01000014.1_48	iYL1228.KPN_02160	39.0	802	414	13	7	761	10	783	7.29e-183	542
NZ_FWWR01000014.1_48	iAF987.Gmet_0770	40.2	824	407	16	6	772	3	797	4.07e-178	530
NZ_FWWR01000014.1_52	iHN637.CLJU_RS06595	60.7	478	186	2	7	482	11	488	5.62e-221	617
NZ_FWWR01000014.1_55	iAF692.Mbar_A2726	35.7	70	42	2	3	70	16	84	2.20e-06	43.1
NZ_FWWR01000012.1_3	iHN637.CLJU_RS01315	41.9	186	104	3	15	198	11	194	8.53e-48	155
NZ_FWWR01000012.1_6	iHN637.CLJU_RS14370	42.4	85	49	0	1	85	1	85	1.92e-15	68.9
NZ_FWWR01000012.1_8	iYS854.USA300HOU_RS03500	44.2	233	130	0	28	260	13	245	2.46e-66	207
NZ_FWWR01000012.1_8	iYO844.BSU07490	40.4	228	136	0	33	260	18	245	1.20e-58	187
NZ_FWWR01000012.1_11	iYL1228.KPN_00918	26.4	469	332	6	71	532	70	532	7.46e-46	169
NZ_FWWR01000012.1_11	STM_v1_0.STM0956	26.1	479	341	6	71	542	70	542	1.02e-45	169
NZ_FWWR01000012.1_11	iSDY_1059.SDY_2375	26.5	487	342	8	71	550	70	547	1.93e-45	168
NZ_FWWR01000012.1_11	iSbBS512_1146.SbBS512_E2443	25.9	487	345	7	71	550	70	547	6.88e-45	166
NZ_FWWR01000012.1_11	iSSON_1240.SSON_0887	25.7	487	346	7	71	550	70	547	6.88e-45	166
NZ_FWWR01000012.1_11	iAF987.Gmet_2349	35.5	262	163	2	292	549	286	545	4.47e-44	164
NZ_FWWR01000012.1_11	iML1515.b0886	25.7	487	346	7	71	550	70	547	6.30e-44	164
NZ_FWWR01000012.1_11	iSF_1195.SF0845	25.7	487	346	7	71	550	70	547	6.30e-44	164
NZ_FWWR01000012.1_11	iNF517.LLMG_RS09320	26.4	526	366	10	26	542	25	538	9.67e-42	157
NZ_FWWR01000012.1_11	iMM1415.18670	40.6	207	120	1	339	542	391	597	1.73e-40	157
NZ_FWWR01000012.1_11	iCHOv1.100682535	39.1	207	123	1	339	542	394	600	4.43e-39	152
NZ_FWWR01000012.1_11	iPC815.YPO1913	25.0	476	350	5	72	542	75	548	7.51e-40	152
NZ_FWWR01000012.1_12	iML1515.b0914	32.6	405	261	8	168	563	180	581	3.88e-48	176
NZ_FWWR01000012.1_12	iSbBS512_1146.SbBS512_E2410	32.6	405	261	8	168	563	180	581	3.88e-48	176
NZ_FWWR01000012.1_12	iSDY_1059.SDY_2344	32.6	405	261	8	168	563	180	581	3.88e-48	176
NZ_FWWR01000012.1_12	STM_v1_0.STM0984	33.0	406	258	9	168	563	180	581	5.33e-48	176
NZ_FWWR01000012.1_12	iSF_1195.SF0910	32.3	405	262	8	168	563	180	581	1.01e-47	175
NZ_FWWR01000012.1_12	iSSON_1240.SSON_0916	32.3	405	262	8	168	563	180	581	1.01e-47	175
NZ_FWWR01000012.1_12	iAF987.Gmet_2634	27.1	446	318	4	83	522	93	537	2.88e-46	171
NZ_FWWR01000012.1_12	iSSON_1240.SSON_0888	25.9	487	348	4	84	557	94	580	3.60e-46	171
NZ_FWWR01000012.1_12	iSDY_1059.SDY_2374	25.9	487	348	4	84	557	94	580	4.94e-46	170
NZ_FWWR01000012.1_12	iML1515.b0887	25.7	487	349	4	84	557	94	580	1.28e-45	169
NZ_FWWR01000012.1_12	iYL1228.KPN_00919	25.0	512	371	4	59	557	69	580	1.75e-45	169
NZ_FWWR01000012.1_12	iSF_1195.SF0846	25.7	487	349	4	84	557	94	580	1.16e-44	166
NZ_FWWR01000012.1_12	STM_v1_0.STM0957	24.2	487	356	4	84	557	94	580	2.18e-44	166
NZ_FWWR01000012.1_12	iYL1228.KPN_00941	30.8	406	267	8	168	563	180	581	2.76e-44	165
NZ_FWWR01000012.1_12	iSbBS512_1146.SbBS512_E2442	25.3	487	351	4	84	557	94	580	4.08e-44	165
NZ_FWWR01000012.1_12	iPC815.YPO1395	30.9	404	269	7	168	563	180	581	4.65e-43	162
NZ_FWWR01000012.1_15	iSynCJ816.SGL_RS10930	39.4	681	401	7	7	679	8	684	4.72e-170	503
NZ_FWWR01000012.1_15	iEK1008.Rv0684	37.1	688	419	5	8	682	12	698	2.03e-162	483
NZ_FWWR01000012.1_18	iCHOv1.100752285	26.0	231	160	6	148	373	252	476	2.17e-12	68.2
NZ_FWWR01000012.1_18	iLB1027_lipid.PHATRDRAFT_50149	29.2	161	107	3	225	381	335	492	1.16e-11	65.9
NZ_FWWR01000012.1_23	iYS854.USA300HOU_RS03105	47.1	102	54	0	9	110	339	440	1.03e-28	107
NZ_FWWR01000012.1_24	iLJ478.TM0201	44.6	569	310	3	2	569	30	594	1.87e-158	466
NZ_FWWR01000012.1_24	iHN637.CLJU_RS07205	42.8	577	315	7	1	569	1	570	1.04e-155	458
NZ_FWWR01000012.1_24	iCN900.CD630_34070	43.3	578	310	9	1	569	3	571	4.83e-152	449
NZ_FWWR01000012.1_25	iAF987.Gmet_3023	32.8	594	344	15	52	593	74	664	1.18e-84	278
NZ_FWWR01000012.1_33	iPC815.YPO2295	29.9	197	131	4	16	211	3	193	5.49e-22	90.1
NZ_FWWR01000011.1_4	iYO844.BSU39360	44.7	528	283	5	32	552	16	541	8.01e-163	475
NZ_FWWR01000011.1_4	iYS854.USA300HOU_RS12615	41.9	551	305	6	31	574	11	553	4.87e-159	466
NZ_FWWR01000011.1_4	iYL1228.KPN_00795	42.5	534	298	5	31	557	18	549	2.03e-146	434
NZ_FWWR01000011.1_5	iCN900.CD630_16550	23.5	183	129	4	252	429	361	537	1.34e-04	43.9
NZ_FWWR01000011.1_6	iHN637.CLJU_RS10540	40.2	388	222	6	25	405	28	412	7.47e-82	256
NZ_FWWR01000011.1_7	iHN637.CLJU_RS18535	33.7	181	118	2	5	184	10	189	1.86e-23	92.0
NZ_FWWR01000011.1_7	iCN900.CD630_07190	29.3	181	126	2	5	184	10	189	8.23e-21	85.1
NZ_FWWR01000011.1_8	iHN637.CLJU_RS10535	57.0	505	214	2	3	507	2	503	4.83e-198	560
NZ_FWWR01000011.1_9	iLJ478.TM0843	44.3	280	155	1	3	281	2	281	2.64e-78	239
NZ_FWWR01000011.1_9	iMM1415.14317	43.4	297	160	3	1	290	1	296	7.10e-70	225
NZ_FWWR01000011.1_9	iCHOv1.100754097	42.1	297	164	3	1	290	1	296	6.35e-67	217
NZ_FWWR01000011.1_10	iLJ478.TM0843	52.5	297	139	2	1	296	1	296	4.78e-108	315
NZ_FWWR01000011.1_11	iNF517.LLMG_RS08030	62.2	553	209	0	6	558	3	555	7.03e-251	698
NZ_FWWR01000011.1_11	iCN900.CD630_07180	62.1	560	203	4	4	558	3	558	3.46e-247	689
NZ_FWWR01000011.1_11	iHN637.CLJU_RS18540	59.4	557	223	3	4	558	3	558	1.35e-239	670
NZ_FWWR01000011.1_11	iYS854.USA300HOU_RS09195	57.9	554	231	1	5	558	4	555	6.70e-232	650
NZ_FWWR01000011.1_12	iCN900.CD630_07190	39.7	189	114	0	2	190	3	191	1.35e-31	114
NZ_FWWR01000011.1_12	iHN637.CLJU_RS18535	35.5	200	118	1	2	201	3	191	3.51e-28	105
NZ_FWWR01000011.1_16	iHN637.CLJU_RS10535	63.6	511	182	2	1	511	1	507	7.67e-217	608
NZ_FWWR01000011.1_19	iLJ478.TM0881	48.5	303	156	0	1	303	1	303	3.70e-102	311
NZ_FWWR01000011.1_19	iHN637.CLJU_RS11970	50.2	305	151	1	1	304	1	305	7.61e-102	310
NZ_FWWR01000011.1_20	iAF692.Mbar_A3252	29.0	441	282	11	1	436	1	415	3.21e-50	176
NZ_FWWR01000011.1_34	iCN900.CD630_16550	27.3	187	125	5	200	381	355	535	1.34e-07	53.1
NZ_FWWR01000011.1_36	iEK1008.Rv3704c	23.6	242	171	4	83	314	85	322	4.65e-09	57.8
NZ_FWWR01000011.1_37	iML1515.b1821	38.8	178	105	1	9	182	8	185	7.94e-32	113
NZ_FWWR01000011.1_40	iYL1228.KPN_03954	31.4	70	47	1	1	70	1	69	4.33e-08	45.4
NZ_FWWR01000011.1_41	iJN1463.PP_5054	28.3	60	42	1	1	60	1	59	5.02e-04	35.0
NZ_FWWR01000011.1_44	iJN1463.PP_5004	26.9	242	160	5	22	251	30	266	4.53e-16	75.5
NZ_FWWR01000011.1_45	iIT341.HP0740	33.2	373	220	10	145	515	147	492	6.62e-50	178
NZ_FWWR01000011.1_45	iAF987.Gmet_0408	30.9	343	228	7	168	508	107	442	7.52e-46	166
NZ_FWWR01000011.1_46	iYS854.USA300HOU_RS11245	40.0	380	186	13	2	371	4	351	9.20e-75	236
NZ_FWWR01000011.1_46	iYO844.BSU04560	37.5	381	183	14	8	368	2	347	1.39e-66	214
NZ_FWWR01000011.1_50	iCN900.CD630_25370	29.3	505	309	16	211	695	22	498	2.10e-51	188
NZ_FWWR01000011.1_77	iHN637.CLJU_RS12040	36.9	168	98	3	12	177	12	173	6.42e-27	100
NZ_FWWR01000011.1_77	iCN900.CD630_29710	31.4	172	109	3	10	178	13	178	3.35e-23	90.5
NZ_FWWR01000011.1_78	iCN900.CD630_35550	47.7	258	133	1	1	258	1	256	2.34e-83	249
NZ_FWWR01000011.1_78	iHN637.CLJU_RS20455	50.6	259	127	1	1	258	1	259	6.82e-81	243
NZ_FWWR01000011.1_78	iAF987.Gmet_1986	46.1	258	136	1	1	258	1	255	5.17e-77	233
NZ_FWWR01000011.1_79	iYO844.BSU15540	24.7	190	115	6	62	230	94	276	2.96e-07	50.8
NZ_FWWR01000011.1_81	iAF987.Gmet_2853	59.1	330	135	0	19	348	23	352	1.60e-138	397
NZ_FWWR01000011.1_81	iYS854.USA300HOU_RS02910	56.1	351	151	3	4	352	6	355	3.32e-138	396
NZ_FWWR01000011.1_81	iYO844.BSU38550	52.3	350	166	1	4	352	7	356	1.30e-136	392
NZ_FWWR01000011.1_81	iYO844.BSU02390	53.9	349	159	2	6	352	8	356	4.46e-133	383
NZ_FWWR01000011.1_82	STM_v1_0.STM4108	31.0	348	219	9	29	365	30	367	3.45e-37	137
NZ_FWWR01000011.1_82	iLJ478.TM0423	31.3	310	192	7	63	361	62	361	6.31e-37	136
NZ_FWWR01000011.1_82	iML1515.b3945	30.7	345	218	9	32	365	33	367	2.50e-35	132
NZ_FWWR01000011.1_82	iSDY_1059.SDY_3780	30.7	345	218	9	32	365	46	380	4.40e-35	132
NZ_FWWR01000011.1_82	iSbBS512_1146.SbBS512_E4432	30.4	345	219	9	32	365	33	367	9.30e-35	130
NZ_FWWR01000011.1_82	iHN637.CLJU_RS13095	29.0	338	223	7	33	361	34	363	1.20e-34	130
NZ_FWWR01000011.1_82	STM_v1_0.STM3529	30.6	310	195	6	63	361	63	363	2.58e-34	129
NZ_FWWR01000011.1_82	iSSON_1240.SSON_4119	30.4	345	219	9	32	365	46	380	3.14e-34	129
NZ_FWWR01000011.1_82	iYL1228.KPN_04241	30.1	345	220	9	32	365	33	367	1.28e-33	127
NZ_FWWR01000011.1_88	iAT_PLT_636.4905	37.3	212	111	5	205	399	242	448	7.39e-28	119
NZ_FWWR01000011.1_88	iMM1415.18195	37.3	212	111	5	205	399	242	448	7.39e-28	119
NZ_FWWR01000011.1_100	iML1515.b0808	30.3	241	151	4	46	273	486	722	2.70e-23	99.0
NZ_FWWR01000011.1_102	iPC815.YPO1441	54.1	135	62	0	8	142	8	142	5.66e-49	154
NZ_FWWR01000011.1_102	iLJ478.TM1185	49.3	144	73	0	8	151	12	155	1.08e-46	149
NZ_FWWR01000011.1_102	iYL1228.KPN_00992	51.4	142	69	0	10	151	15	156	3.33e-46	147
NZ_FWWR01000011.1_102	iML1515.b0963	50.0	142	71	0	10	151	10	151	1.89e-44	143
NZ_FWWR01000011.1_102	iSbBS512_1146.SbBS512_E2352	50.0	142	71	0	10	151	10	151	1.89e-44	143
NZ_FWWR01000011.1_102	iSDY_1059.SDY_0938	50.0	142	71	0	10	151	13	154	2.07e-44	143
NZ_FWWR01000011.1_102	iSF_1195.SF0965	50.0	142	71	0	10	151	13	154	2.07e-44	143
NZ_FWWR01000011.1_102	iSSON_1240.SSON_0967	50.0	142	71	0	10	151	13	154	2.07e-44	143
NZ_FWWR01000011.1_102	STM_v1_0.STM1076	49.6	141	71	0	11	151	11	151	7.62e-44	141
NZ_FWWR01000011.1_111	iAF692.Mbar_A3252	35.7	414	253	4	10	416	20	427	1.16e-88	275
NZ_FWWR01000011.1_112	iCN900.CD630_26100	63.2	329	120	1	2	329	3	331	3.63e-154	435
NZ_FWWR01000011.1_113	iCN900.CD630_32560	55.2	884	388	4	4	881	6	887	0.0	1012
NZ_FWWR01000011.1_113	iHN637.CLJU_RS17105	54.7	880	394	3	2	878	5	882	0.0	1007
NZ_FWWR01000011.1_115	iHN637.CLJU_RS15670	35.3	255	165	0	1	255	1	255	8.63e-48	159
NZ_FWWR01000011.1_115	iYS854.USA300HOU_RS08300	33.7	273	171	3	1	264	5	276	2.49e-46	156
NZ_FWWR01000011.1_115	iAF987.Gmet_0493	34.7	265	169	2	3	263	8	272	5.69e-44	149
NZ_FWWR01000011.1_115	iNF517.LLMG_RS12025	34.2	260	169	1	3	260	6	265	2.92e-43	147
NZ_FWWR01000011.1_116	iYS854.USA300HOU_RS08305	37.9	211	131	0	3	213	10	220	1.34e-41	141
NZ_FWWR01000011.1_116	iYO844.BSU30760	35.3	201	127	2	4	204	4	201	6.88e-39	134
NZ_FWWR01000011.1_117	iYO844.BSU02850	21.7	428	208	5	8	429	9	315	3.47e-29	115
NZ_FWWR01000011.1_117	iHN637.CLJU_RS10895	21.1	436	203	5	2	430	9	310	6.69e-27	109
NZ_FWWR01000011.1_117	iNF517.LLMG_RS12035	21.3	428	188	4	3	430	2	280	1.86e-26	107
NZ_FWWR01000011.1_117	iHN637.CLJU_RS18655	23.3	442	194	9	1	430	1	309	6.05e-26	106
NZ_FWWR01000011.1_118	iYS854.USA300HOU_RS13005	27.4	164	108	5	58	215	355	513	4.82e-07	49.3
NZ_FWWR01000011.1_119	iAF987.Gmet_3243	24.6	142	99	4	2	138	256	394	3.78e-06	44.7
NZ_FWWR01000011.1_123	iYO844.BSU29060	37.0	200	116	5	3	197	1	195	1.57e-30	110
NZ_FWWR01000011.1_123	iIT341.HP0831	31.8	201	128	4	1	198	1	195	1.53e-30	110
NZ_FWWR01000011.1_123	iNF517.LLMG_RS03290	32.9	213	110	5	5	191	3	208	4.96e-27	102
NZ_FWWR01000011.1_126	iYO844.BSU32510	23.7	321	209	6	26	322	19	327	1.37e-16	79.0
NZ_FWWR01000011.1_128	iYS854.USA300HOU_RS12315	50.6	160	76	1	1	157	1	160	2.53e-47	150
NZ_FWWR01000011.1_128	iEK1008.Rv3111	51.0	155	75	1	4	158	8	161	3.48e-46	148
NZ_FWWR01000011.1_128	iJN1463.PP_1292	49.0	153	77	1	4	156	2	153	1.22e-43	141
NZ_FWWR01000011.1_129	iAF987.Gmet_2095	37.8	325	191	7	13	329	5	326	4.49e-69	218
NZ_FWWR01000011.1_129	iAF987.Gmet_0301	36.2	326	199	6	11	329	3	326	3.43e-62	200
NZ_FWWR01000011.1_130	iAF987.Gmet_1036	44.9	156	83	1	6	158	5	160	4.42e-41	135
NZ_FWWR01000011.1_132	iYO844.BSU33380	40.8	255	133	6	9	249	7	257	9.07e-56	179
NZ_FWWR01000011.1_132	iHN637.CLJU_RS10880	42.3	227	114	7	41	251	46	271	1.16e-50	166
NZ_FWWR01000011.1_133	iCN900.CD630_08700	42.2	199	112	1	14	209	18	216	1.19e-48	159
NZ_FWWR01000011.1_133	iSynCJ816.SGL_RS16430	47.9	190	96	1	11	197	15	204	2.51e-45	159
NZ_FWWR01000011.1_133	iHN637.CLJU_RS10875	43.0	193	107	1	14	203	18	210	1.74e-48	158
NZ_FWWR01000011.1_133	iAF692.Mbar_A2559	47.7	174	90	1	32	204	43	216	1.08e-43	146
NZ_FWWR01000011.1_135	iHN637.CLJU_RS10870	42.3	213	116	1	1	206	1	213	2.13e-44	154
NZ_FWWR01000011.1_135	iSynCJ816.SGL_RS16430	37.9	211	124	1	3	206	258	468	2.46e-41	150
NZ_FWWR01000011.1_135	iAF692.Mbar_A1556	39.6	197	112	1	14	203	35	231	2.57e-40	144
NZ_FWWR01000011.1_135	iYS854.USA300HOU_RS12330	40.2	199	117	2	3	199	2	200	8.10e-42	143
NZ_FWWR01000011.1_136	iCN900.CD630_31770	58.3	853	350	6	6	854	3	853	0.0	974
NZ_FWWR01000011.1_136	iHN637.CLJU_RS11760	55.2	854	379	4	5	855	2	854	0.0	902
NZ_FWWR01000011.1_142	iJN1463.PP_0762	36.7	316	191	4	2	314	6	315	9.18e-68	214
NZ_FWWR01000011.1_147	iHN637.CLJU_RS00920	44.8	1022	540	11	16	1021	15	1028	0.0	962
NZ_FWWR01000011.1_154	iYS854.USA300HOU_RS06050	48.5	227	114	2	6	232	6	229	1.07e-70	215
NZ_FWWR01000011.1_154	iYO844.BSU15550	49.6	232	111	2	6	233	7	236	4.65e-69	211
NZ_FWWR01000011.1_154	iNF517.LLMG_RS05620	50.2	233	105	5	6	231	7	235	2.01e-67	207
NZ_FWWR01000011.1_155	iYS854.USA300HOU_RS06055	61.8	199	75	1	2	199	3	201	1.50e-79	236
NZ_FWWR01000011.1_155	iYO844.BSU15560	58.5	205	84	1	4	207	11	215	3.27e-79	235
NZ_FWWR01000011.1_155	iNF517.LLMG_RS07605	56.1	205	87	2	2	205	5	207	5.70e-76	227
NZ_FWWR01000011.1_156	iCN900.CD630_16150	36.5	85	50	1	142	222	544	628	7.48e-08	52.8
NZ_FWWR01000011.1_158	iCN900.CD630_35520	64.2	483	172	1	9	490	17	499	2.77e-226	633
NZ_FWWR01000011.1_159	iHN637.CLJU_RS00840	44.7	114	60	2	4	117	531	641	4.07e-22	89.7
NZ_FWWR01000011.1_159	iAF692.Mbar_A0543	40.0	110	63	1	10	119	603	709	4.94e-21	86.7
NZ_FWWR01000011.1_159	iLJ478.TM1085	40.2	112	62	2	8	119	522	628	4.87e-21	86.7
NZ_FWWR01000011.1_159	iNF517.LLMG_RS08860	46.8	109	52	4	11	117	555	659	2.78e-19	81.6
NZ_FWWR01000011.1_169	iYS854.USA300HOU_RS13870	44.1	59	33	0	112	170	125	183	1.03e-12	63.9
NZ_FWWR01000011.1_169	iYL1228.KPN_00440	58.5	53	22	0	118	170	130	182	3.19e-12	62.4
NZ_FWWR01000011.1_169	iYO844.BSU40850	54.7	53	24	0	118	170	131	183	2.10e-11	60.1
NZ_FWWR01000011.1_201	iCN900.CD630_19470	37.7	220	133	2	5	224	10	225	9.69e-46	151
NZ_FWWR01000011.1_201	iYS854.USA300HOU_RS09925	39.9	218	119	6	4	220	3	209	2.46e-40	138
NZ_FWWR01000011.1_209	iJN1463.PP_4893	45.5	165	82	5	10	171	10	169	4.67e-35	126
NZ_FWWR01000011.1_209	iML1515.b4173	48.3	147	71	2	30	173	27	171	4.33e-34	124
NZ_FWWR01000011.1_210	iML1515.b4173	35.3	224	130	5	2	217	197	413	1.09e-29	114
NZ_FWWR01000011.1_210	iJN1463.PP_4893	36.1	208	127	2	2	206	198	402	8.28e-29	111
NZ_FWWR01000011.1_212	iCN900.CD630_07940	42.9	240	125	2	1	228	4	243	3.66e-61	192
NZ_FWWR01000011.1_213	iYS854.USA300HOU_RS00270	28.7	136	79	4	29	163	40	158	4.58e-08	49.7
NZ_FWWR01000011.1_213	iCN900.CD630_12120	30.7	101	60	4	60	158	52	144	2.45e-07	47.4
NZ_FWWR01000011.1_213	STM_v1_0.STM1502	28.0	107	72	3	57	161	61	164	5.53e-07	47.0
NZ_FWWR01000011.1_213	iYO844.BSU26600	39.4	71	41	2	88	157	83	152	5.11e-07	46.6
NZ_FWWR01000011.1_216	iSynCJ816.SGL_RS11390	25.7	284	175	10	12	277	10	275	7.38e-08	52.4
NZ_FWWR01000011.1_217	iCN900.CD630_10240	32.8	229	133	5	1	227	5	214	6.30e-29	111
NZ_FWWR01000011.1_217	iLJ478.TM1376	33.0	227	135	5	2	228	6	215	1.67e-28	110
NZ_FWWR01000011.1_217	iYL1228.KPN_01132	34.2	222	134	5	21	242	32	241	1.37e-27	108
NZ_FWWR01000011.1_217	iJN1463.PP_1722	33.6	229	131	8	2	228	4	213	2.48e-27	107
NZ_FWWR01000011.1_217	STM_v1_0.STM0878	32.9	246	142	5	1	243	19	244	1.32e-26	105
NZ_FWWR01000011.1_217	STM_v1_0.STM1226	31.4	242	149	4	1	242	17	241	1.85e-26	105
NZ_FWWR01000011.1_217	iNF517.LLMG_RS01625	31.2	250	159	6	1	245	1	242	2.74e-27	105
NZ_FWWR01000011.1_217	iYL1228.KPN_00886	32.5	243	147	4	1	243	35	260	4.22e-26	104
NZ_FWWR01000011.1_217	iSbBS512_1146.SbBS512_E1304	32.4	225	136	4	20	242	31	241	6.77e-26	103
NZ_FWWR01000011.1_217	iSF_1195.SF0809	32.5	246	143	5	1	243	46	271	9.04e-26	103
NZ_FWWR01000011.1_217	iSSON_1240.SSON_1144	32.4	225	136	4	20	242	31	241	6.77e-26	103
NZ_FWWR01000011.1_217	iSDY_1059.SDY_2026	32.4	225	136	4	20	242	31	241	9.36e-26	103
NZ_FWWR01000011.1_217	iCN900.CD630_34170	30.8	227	141	4	2	228	4	214	9.81e-26	103
NZ_FWWR01000011.1_217	iML1515.b1126	32.4	225	136	4	20	242	31	241	1.29e-25	103
NZ_FWWR01000011.1_217	iSF_1195.SF1128	32.4	225	136	4	20	242	31	241	1.29e-25	103
NZ_FWWR01000011.1_217	iML1515.b0855	32.5	246	143	5	1	243	19	244	1.77e-25	102
NZ_FWWR01000011.1_217	iSDY_1059.SDY_0740	32.1	246	144	5	1	243	19	244	2.44e-25	102
NZ_FWWR01000011.1_217	iCN900.CD630_35270	30.8	227	140	5	2	228	4	213	1.84e-25	102
NZ_FWWR01000011.1_217	iCN900.CD630_35300	31.5	232	132	7	2	228	4	213	4.91e-25	100
NZ_FWWR01000011.1_217	iSbBS512_1146.SbBS512_E2476	32.1	246	144	5	1	243	19	244	8.90e-25	100
NZ_FWWR01000011.1_217	iSSON_1240.SSON_0840	32.1	246	144	5	1	243	46	271	1.18e-24	100
NZ_FWWR01000011.1_218	iCN900.CD630_20910	44.4	450	236	3	6	455	7	442	1.21e-127	377
NZ_FWWR01000011.1_221	iYO844.BSU11250	29.2	356	194	11	17	371	8	306	5.92e-25	103
NZ_FWWR01000011.1_222	iCN900.CD630_20840	31.0	432	242	12	18	438	9	395	2.52e-41	150
NZ_FWWR01000011.1_223	iHN637.CLJU_RS07500	62.0	308	116	1	2	308	4	311	8.18e-129	369
NZ_FWWR01000011.1_223	iSSON_1240.SSON_3025	61.9	307	115	2	2	307	3	308	1.02e-126	363
NZ_FWWR01000011.1_223	iHN637.CLJU_RS11590	57.7	317	127	3	1	310	1	317	2.89e-118	342
NZ_FWWR01000011.1_223	iHN637.CLJU_RS13830	57.6	314	126	3	1	307	1	314	4.57e-117	339
NZ_FWWR01000011.1_224	iCN900.CD630_31840	61.0	387	148	3	12	396	15	400	2.61e-163	464
NZ_FWWR01000011.1_224	iCN900.CD630_20850	60.3	385	150	3	18	400	21	404	2.45e-161	459
NZ_FWWR01000011.1_225	iAF987.Gmet_3023	33.3	438	249	11	437	834	147	581	4.43e-56	206
NZ_FWWR01000011.1_225	iLJ478.TM1640	32.5	416	250	12	447	834	40	452	4.88e-54	195
NZ_FWWR01000011.1_225	iAF692.Mbar_A0227	33.1	411	250	11	447	834	51	459	2.29e-51	187
NZ_FWWR01000011.1_226	iAF692.Mbar_A3252	30.0	444	283	9	1	437	4	426	9.55e-52	179
NZ_FWWR01000011.1_228	iAF987.Gmet_0069	26.7	135	85	5	2	123	3	136	9.21e-10	57.0
NZ_FWWR01000011.1_228	iAF987.Gmet_2999	33.3	114	70	3	3	110	9	122	1.15e-08	53.9
NZ_FWWR01000011.1_228	iAF987.Gmet_1919	29.6	125	84	3	3	123	4	128	2.06e-08	53.1
NZ_FWWR01000011.1_229	iAF987.Gmet_0043	32.3	93	57	2	192	278	162	254	4.97e-07	50.4
NZ_FWWR01000011.1_230	iCN900.CD630_19470	51.6	217	103	1	4	218	12	228	4.09e-76	228
NZ_FWWR01000011.1_231	iYO844.BSU30410	19.8	378	229	10	9	337	7	359	2.16e-04	44.3
NZ_FWWR01000011.1_236	iHN637.CLJU_RS07525	29.5	464	307	6	31	482	16	471	4.94e-67	223
NZ_FWWR01000011.1_236	iYO844.BSU36470	26.7	465	319	8	31	482	15	470	5.25e-61	207
NZ_FWWR01000011.1_237	iCN900.CD630_20830	44.3	458	246	8	1	454	1	453	6.21e-126	373
NZ_FWWR01000011.1_237	iCN900.CD630_31780	43.2	456	250	7	4	454	4	455	3.11e-125	371
NZ_FWWR01000011.1_237	iML1515.b2873	41.2	461	257	8	1	454	1	454	7.00e-118	352
NZ_FWWR01000011.1_244	iCN900.CD630_02970	43.0	321	177	1	3	317	5	325	4.87e-88	266
NZ_FWWR01000011.1_245	iCN900.CD630_27450	60.0	170	67	1	1	169	1	170	4.25e-69	206
NZ_FWWR01000011.1_245	iHN637.CLJU_RS16620	59.4	170	68	1	1	169	1	170	2.02e-65	197
NZ_FWWR01000011.1_245	iYO844.BSU27610	54.1	170	77	1	1	169	1	170	4.17e-62	189
NZ_FWWR01000011.1_245	iYS854.USA300HOU_RS08700	55.3	170	75	1	1	169	1	170	8.95e-62	188
NZ_FWWR01000011.1_245	iLJ478.TM1384	55.3	170	75	1	1	169	4	173	1.86e-61	187
NZ_FWWR01000011.1_247	iHN637.CLJU_RS04615	36.4	217	121	9	1	203	1	214	5.52e-26	99.4
NZ_FWWR01000011.1_248	iSbBS512_1146.SbBS512_E2257	25.5	432	316	4	7	432	3	434	2.59e-35	138
NZ_FWWR01000011.1_248	iSF_1195.SF1075	25.5	432	316	4	7	432	3	434	2.59e-35	138
NZ_FWWR01000011.1_248	iSSON_1240.SSON_1089	25.5	432	316	4	7	432	3	434	2.59e-35	138
NZ_FWWR01000011.1_248	iML1515.b1069	25.5	432	316	4	7	432	3	434	3.54e-35	137
NZ_FWWR01000011.1_248	iSDY_1059.SDY_2083	25.5	432	316	4	7	432	3	434	6.57e-35	137
NZ_FWWR01000011.1_248	iJN1463.PP_0601	26.0	416	299	4	7	415	3	416	5.78e-34	134
NZ_FWWR01000011.1_249	iPC815.YPO1395	34.9	571	358	5	8	573	14	575	5.44e-99	312
NZ_FWWR01000011.1_249	iYL1228.KPN_00941	36.6	522	304	7	66	574	69	576	4.55e-97	307
NZ_FWWR01000011.1_249	iML1515.b0914	35.8	530	311	7	59	574	62	576	8.98e-97	306
NZ_FWWR01000011.1_249	iSbBS512_1146.SbBS512_E2410	35.8	530	311	7	59	574	62	576	8.98e-97	306
NZ_FWWR01000011.1_249	iSDY_1059.SDY_2344	35.8	530	311	7	59	574	62	576	8.98e-97	306
NZ_FWWR01000011.1_249	iSF_1195.SF0910	35.8	530	311	7	59	574	62	576	8.98e-97	306
NZ_FWWR01000011.1_249	iSSON_1240.SSON_0916	35.8	530	311	7	59	574	62	576	8.98e-97	306
NZ_FWWR01000011.1_249	iAF987.Gmet_2349	35.9	513	323	2	62	574	60	566	7.26e-96	303
NZ_FWWR01000011.1_249	STM_v1_0.STM0984	36.1	523	305	7	66	574	69	576	2.69e-95	302
NZ_FWWR01000011.1_249	iJN1463.PP_4935	36.1	509	298	7	83	577	97	592	4.59e-90	289
NZ_FWWR01000011.1_250	iCN900.CD630_01000	59.7	273	109	1	1	272	4	276	3.35e-117	337
NZ_FWWR01000011.1_251	iCN900.CD630_01010	58.4	286	117	2	1	285	1	285	3.02e-117	338
NZ_FWWR01000011.1_252	iCN900.CD630_01020	66.4	247	83	0	1	247	1	247	1.97e-113	327
NZ_FWWR01000011.1_253	iCN900.CD630_01030	43.4	242	136	1	2	243	3	243	1.18e-67	208
NZ_FWWR01000011.1_255	iCN900.CD630_24640	21.9	155	117	2	87	240	82	233	1.29e-08	55.1
NZ_FWWR01000011.1_256	iSynCJ816.SGL_RS14865	50.4	246	121	1	2	246	5	250	2.96e-80	241
NZ_FWWR01000011.1_256	iSynCJ816.SGL_RS16015	45.4	251	131	3	2	246	22	272	1.30e-73	225
NZ_FWWR01000011.1_261	iYO844.BSU15720	36.2	116	65	4	25	135	30	141	5.35e-12	59.3
NZ_FWWR01000011.1_264	iCN900.CD630_25960	25.3	320	215	8	1	317	4	302	5.12e-28	110
NZ_FWWR01000011.1_268	iHN637.CLJU_RS18300	64.3	507	178	3	1	505	5	510	2.05e-237	660
NZ_FWWR01000011.1_268	iCN900.CD630_01980	60.0	508	199	3	1	505	5	511	7.91e-228	636
NZ_FWWR01000011.1_268	iYS854.USA300HOU_RS02070	56.9	506	216	2	1	505	9	513	4.84e-215	603
NZ_FWWR01000011.1_268	iYO844.BSU06360	58.8	507	206	3	1	505	8	513	9.75e-215	603
NZ_FWWR01000011.1_270	iYO844.BSU17890	52.3	654	295	9	3	639	4	657	3.32e-223	636
NZ_FWWR01000011.1_270	iYS854.USA300HOU_RS06830	52.2	649	292	9	7	639	9	655	2.05e-215	616
NZ_FWWR01000011.1_270	iNF517.LLMG_RS04440	50.1	659	296	10	7	644	9	655	1.30e-207	596
NZ_FWWR01000011.1_271	iYS854.USA300HOU_RS03445	39.8	249	139	3	3	249	11	250	2.31e-52	170
NZ_FWWR01000011.1_278	iCN900.CD630_34660	37.8	119	50	3	2	102	6	118	2.56e-20	79.0
NZ_FWWR01000011.1_278	iHN637.CLJU_RS01470	36.1	119	62	3	2	107	5	122	7.97e-18	72.8
NZ_FWWR01000011.1_279	iNF517.LLMG_RS12135	41.7	333	191	3	1	331	1	332	2.45e-88	268
NZ_FWWR01000011.1_280	iYL1228.KPN_01975	37.8	431	240	7	1	412	1	422	1.17e-90	280
NZ_FWWR01000011.1_280	STM_v1_0.STM1449	37.3	424	241	6	5	412	4	418	2.07e-90	279
NZ_FWWR01000011.1_280	iSDY_1059.SDY_1860	37.3	424	241	6	5	412	4	418	4.12e-90	278
NZ_FWWR01000011.1_280	iYS854.USA300HOU_RS09175	38.8	417	235	6	11	415	9	417	5.17e-90	278
NZ_FWWR01000011.1_280	iSbBS512_1146.SbBS512_E1829	37.3	424	241	6	5	412	4	418	8.22e-90	278
NZ_FWWR01000011.1_280	iSSON_1240.SSON_1519	37.3	424	241	6	5	412	4	418	8.22e-90	278
NZ_FWWR01000011.1_280	iNF517.LLMG_RS02055	37.1	415	247	3	6	410	2	412	8.84e-88	272
NZ_FWWR01000011.1_280	iPC815.YPO2369	37.2	419	248	5	5	412	4	418	2.27e-86	269
NZ_FWWR01000011.1_280	iSF_1195.SF1662	35.6	424	248	6	5	412	4	418	5.96e-80	252
NZ_FWWR01000011.1_281	iYL1228.KPN_01020	36.7	199	116	6	57	248	25	220	3.57e-28	108
NZ_FWWR01000011.1_284	iCN900.CD630_07080	43.5	478	264	3	1	474	5	480	3.82e-133	393
NZ_FWWR01000011.1_289	iCN900.CD630_31950	34.5	952	451	14	6	933	4	806	1.35e-166	506
NZ_FWWR01000011.1_291	iAF987.Gmet_1354	32.3	99	64	2	28	125	261	357	9.68e-07	47.0
NZ_FWWR01000011.1_294	iCN900.CD630_19470	49.1	216	108	1	4	217	10	225	2.29e-67	206
NZ_FWWR01000011.1_297	iAF987.Gmet_1914	31.3	160	102	4	1	156	1	156	1.76e-11	62.4
NZ_FWWR01000011.1_297	iAF987.Gmet_1919	30.4	138	89	3	4	138	5	138	7.54e-10	57.4
NZ_FWWR01000011.1_298	iYO844.BSU33400	41.1	265	151	3	6	267	11	273	1.05e-66	208
NZ_FWWR01000011.1_300	iCN900.CD630_14470	33.5	227	142	4	8	230	13	234	2.45e-29	110
NZ_FWWR01000011.1_300	iHN637.CLJU_RS17710	30.8	234	148	5	6	237	18	239	5.74e-27	103
NZ_FWWR01000011.1_301	iCN900.CD630_14460	39.4	454	247	4	5	442	6	447	9.40e-103	313
NZ_FWWR01000011.1_301	iHN637.CLJU_RS17715	38.5	447	262	4	5	441	6	449	1.70e-96	296
NZ_FWWR01000011.1_302	iYO844.BSU00750	52.1	192	88	1	1	192	4	191	4.52e-66	201
NZ_FWWR01000011.1_302	iHN637.CLJU_RS17720	48.9	190	93	1	1	190	4	189	1.74e-62	192
NZ_FWWR01000011.1_302	iCN900.CD630_14450	50.5	190	90	2	1	190	4	189	7.99e-62	190
NZ_FWWR01000011.1_302	iAF987.Gmet_2496	50.5	186	88	1	1	186	4	185	1.82e-59	184
NZ_FWWR01000011.1_302	iYL1228.KPN_03746	49.5	186	90	2	1	186	4	185	1.96e-58	181
NZ_FWWR01000011.1_303	iCN900.CD630_32530	37.5	429	258	6	11	429	3	431	3.86e-87	271
NZ_FWWR01000011.1_303	iHN637.CLJU_RS17100	36.4	437	254	7	11	424	3	438	2.55e-82	259
NZ_FWWR01000011.1_303	iYO844.BSU28080	36.9	425	254	9	11	424	5	426	5.80e-79	250
NZ_FWWR01000011.1_308	iYS854.USA300HOU_RS07285	28.6	252	167	5	5	254	6	246	2.72e-23	95.9
NZ_FWWR01000011.1_309	iCN900.CD630_01190	52.5	448	212	1	1	447	1	448	2.54e-159	457
NZ_FWWR01000011.1_309	iHN637.CLJU_RS19915	50.8	449	219	2	1	447	1	449	7.44e-154	443
NZ_FWWR01000011.1_309	iYO844.BSU01770	49.0	443	223	2	1	442	1	441	3.48e-144	419
NZ_FWWR01000011.1_309	iAF987.Gmet_1886	48.9	450	224	4	1	446	1	448	1.77e-142	414
NZ_FWWR01000011.1_313	iCN900.CD630_19780	46.6	236	118	1	6	241	18	245	2.46e-70	215
NZ_FWWR01000011.1_314	iCN900.CD630_19790	43.5	331	179	4	4	327	8	337	3.13e-99	295
NZ_FWWR01000011.1_315	iCN900.CD630_19800	38.6	236	145	0	9	244	12	247	1.81e-60	191
NZ_FWWR01000003.1_3	iJN1463.PP_5054	41.8	67	38	1	1	66	1	67	4.88e-12	55.5
NZ_FWWR01000003.1_3	iML1515.b3610	37.3	67	41	1	1	66	1	67	7.74e-11	52.4
NZ_FWWR01000003.1_3	iJN1463.PP_2958	42.5	73	40	2	1	71	1	73	7.92e-11	52.4
NZ_FWWR01000003.1_3	iSbBS512_1146.SbBS512_E4038	37.3	67	41	1	1	66	1	67	7.74e-11	52.4
NZ_FWWR01000003.1_3	iSDY_1059.SDY_4043	37.3	67	41	1	1	66	1	67	7.74e-11	52.4
NZ_FWWR01000003.1_3	iSF_1195.SF3649	37.3	67	41	1	1	66	1	67	7.74e-11	52.4
NZ_FWWR01000003.1_3	iSSON_1240.SSON_3795	37.3	67	41	1	1	66	1	67	7.74e-11	52.4
NZ_FWWR01000003.1_3	iYS854.USA300HOU_RS05405	35.1	74	47	1	1	74	1	73	6.73e-11	52.4
NZ_FWWR01000003.1_3	iYL1228.KPN_03954	38.8	67	40	1	1	66	1	67	1.10e-10	52.0
NZ_FWWR01000003.1_3	STM_v1_0.STM3702	38.8	67	40	1	1	66	1	67	1.55e-10	51.6
NZ_FWWR01000003.1_5	iAM_Pb448.PBANKA_146280	28.2	323	163	7	13	278	138	448	2.76e-27	109
NZ_FWWR01000003.1_5	iAM_Pc455.PCYB_147430	27.0	311	167	5	19	274	11	316	2.29e-26	105
NZ_FWWR01000003.1_5	iAM_Pv461.PVX_101390	30.0	230	154	4	46	274	272	495	3.01e-25	104
NZ_FWWR01000008.1_9	iAF987.Gmet_3012	48.1	106	53	2	1128	1232	31	135	1.92e-22	96.3
NZ_FWWR01000008.1_9	iAF987.Gmet_1350	46.3	123	65	1	1108	1230	72	193	2.33e-21	94.4
NZ_FWWR01000008.1_31	iHN637.CLJU_RS18545	43.6	55	30	1	1	55	3	56	3.25e-05	43.9
NZ_FWWR01000008.1_31	iCN900.CD630_07170	41.1	56	32	1	1	56	1	55	1.05e-04	42.4
NZ_FWWR01000008.1_50	iAM_Pv461.PVX_100900	38.8	121	60	4	4	110	328	448	1.00e-18	79.7
NZ_FWWR01000008.1_50	iAM_Pc455.PCYB_146470	38.0	121	61	4	4	110	323	443	4.73e-18	77.8
NZ_FWWR01000008.1_50	iAM_Pb448.PBANKA_145350	38.9	113	55	4	12	110	322	434	2.69e-16	72.8
NZ_FWWR01000002.1_1	iCN900.CD630_35620	42.6	244	134	3	1	243	1	239	1.07e-62	197
NZ_FWWR01000002.1_2	iYS854.USA300HOU_RS12685	40.0	402	235	4	7	406	2	399	1.02e-91	281
NZ_FWWR01000002.1_2	iJN1463.PP_0996	41.1	397	225	4	14	409	9	397	1.96e-88	273
NZ_FWWR01000002.1_2	iML1515.b3653	41.0	395	225	3	14	407	9	396	9.74e-86	266
NZ_FWWR01000002.1_2	iSbBS512_1146.SbBS512_E4104	41.0	395	225	3	14	407	9	396	9.74e-86	266
NZ_FWWR01000002.1_2	iSDY_1059.SDY_4085	41.0	395	225	3	14	407	9	396	9.74e-86	266
NZ_FWWR01000002.1_2	iSF_1195.SF3693	41.0	395	225	3	14	407	9	396	9.74e-86	266
NZ_FWWR01000002.1_2	iSSON_1240.SSON_3752	41.0	395	225	3	14	407	9	396	9.74e-86	266
NZ_FWWR01000002.1_2	STM_v1_0.STM3746	40.0	403	230	5	8	407	3	396	2.74e-85	265
NZ_FWWR01000002.1_2	iYL1228.KPN_04012	40.0	400	214	6	12	401	7	390	4.67e-83	259
NZ_FWWR01000002.1_2	iPC815.YPO0035	40.7	391	220	5	14	401	9	390	7.40e-83	259
NZ_FWWR01000002.1_2	iCN718.ABAYE_RS06975	39.4	406	224	5	10	401	6	403	1.80e-82	258
NZ_FWWR01000002.1_2	iCN900.CD630_17460	35.7	420	249	3	4	407	1	415	1.32e-80	253
NZ_FWWR01000007.1_8	iAF987.Gmet_1991	23.2	95	72	1	172	265	188	282	9.09e-04	41.2
NZ_FWWR01000007.1_9	iAF987.Gmet_0069	39.2	125	67	5	1	118	1	123	2.15e-16	76.3
NZ_FWWR01000016.1_1	iAF987.Gmet_1593	37.9	29	18	0	1	29	37	65	9.94e-04	33.1
NZ_FWWR01000016.1_2	iCN718.ABAYE_RS14895	33.8	133	86	2	2	133	85	216	4.34e-17	73.9
NZ_FWWR01000016.1_4	iYS854.USA300HOU_RS07285	27.3	278	190	5	5	278	6	275	6.18e-29	111
NZ_FWWR01000016.1_5	iCN900.CD630_22300	42.0	243	138	2	1	240	1	243	1.45e-60	191
NZ_FWWR01000016.1_6	iCN900.CD630_01790	64.7	417	146	1	5	421	6	421	3.04e-205	572
NZ_FWWR01000013.1_2	iCN900.CD630_00490	52.5	568	264	5	1	564	1	566	2.01e-199	568
NZ_FWWR01000013.1_2	iLJ478.TM0514	51.6	554	262	4	1	550	1	552	2.04e-185	533
NZ_FWWR01000013.1_2	iAF987.Gmet_1354	49.5	546	269	5	1	541	1	544	2.76e-181	522
NZ_FWWR01000013.1_6	iCN900.CD630_20200	25.2	361	192	13	43	384	534	835	1.66e-06	50.1
NZ_FWWR01000013.1_13	iYO844.BSU37660	60.0	320	128	0	3	322	4	323	1.46e-130	374
NZ_FWWR01000013.1_13	iNF517.LLMG_RS03945	56.6	325	138	1	1	322	1	325	6.27e-123	355
NZ_FWWR01000013.1_13	iYS854.USA300HOU_RS03075	57.1	324	135	1	3	322	4	327	6.29e-121	350
NZ_FWWR01000013.1_16	iCN900.CD630_21150	52.1	752	333	11	7	739	84	827	1.23e-239	688
NZ_FWWR01000013.1_17	iYS854.USA300HOU_RS13885	41.3	63	35	1	5	65	6	68	1.34e-09	48.5
NZ_FWWR01000013.1_19	iCN900.CD630_03960	36.8	253	156	4	1	250	1	252	2.41e-49	162
NZ_FWWR01000013.1_21	iCN900.CD630_03980	25.2	373	241	13	66	424	25	373	1.63e-23	100
NZ_FWWR01000013.1_28	iCN900.CD630_35400	56.9	641	256	5	1	636	1	626	4.87e-260	729
NZ_FWWR01000013.1_28	iHN637.CLJU_RS00840	53.0	658	291	7	1	655	1	643	2.72e-254	714
NZ_FWWR01000013.1_31	iMM1415.232333	24.2	488	295	18	1	428	41	513	5.82e-16	79.7
NZ_FWWR01000013.1_31	iCHOv1.100760370	24.2	488	295	18	1	428	41	513	7.74e-16	79.3
NZ_FWWR01000004.1_5	iAF692.Mbar_A0742	23.9	188	121	5	1	178	2	177	3.82e-09	54.3
NZ_FWWR01000004.1_5	iYO844.BSU09240	30.6	124	81	3	85	208	88	206	1.41e-08	52.8
NZ_FWWR01000004.1_7	iYO844.BSU18120	54.3	35	16	0	19	53	191	225	2.40e-04	36.6
NZ_FWWR01000004.1_7	iCN900.CD630_22760	52.5	40	19	0	18	57	194	233	2.39e-04	36.6
NZ_FWWR01000004.1_7	iAF692.Mbar_A2656	41.0	39	23	0	14	52	160	198	3.27e-04	36.2
NZ_FWWR01000004.1_7	iYO844.BSU27810	45.5	33	18	0	21	53	190	222	6.18e-04	35.4
NZ_FWWR01000005.1_6	iYO844.BSU30550	66.1	387	125	3	6	386	8	394	3.10e-182	511
NZ_FWWR01000005.1_6	iCN900.CD630_01300	62.9	391	140	1	1	386	1	391	2.78e-182	511
NZ_FWWR01000005.1_6	iYS854.USA300HOU_RS09495	67.6	389	121	2	3	386	5	393	1.31e-180	507
NZ_FWWR01000005.1_6	iHN637.CLJU_RS01260	63.8	387	137	1	6	389	5	391	3.02e-180	506
NZ_FWWR01000005.1_6	iLJ478.TM1658	61.7	386	143	1	6	386	5	390	3.11e-164	465
NZ_FWWR01000005.1_7	iCN900.CD630_31690	28.9	315	217	4	9	319	1	312	1.52e-40	143
NZ_FWWR01000006.1_4	iCN900.CD630_23390	37.7	438	263	7	1	437	1	429	3.33e-84	265
NZ_FWWR01000006.1_4	iAF987.Gmet_3294	36.8	435	263	7	3	437	11	433	6.66e-81	256
NZ_FWWR01000006.1_4	iAF987.Gmet_2054	36.1	440	265	8	2	437	10	437	2.93e-80	254
NZ_FWWR01000006.1_4	iAF987.Gmet_3304	37.0	435	262	7	3	437	11	433	1.45e-79	253
NZ_FWWR01000006.1_5	iCN900.CD630_20910	33.0	454	289	5	14	466	10	449	4.36e-91	283
NZ_FWWR01000006.1_5	iCN900.CD630_20900	33.1	435	279	5	15	447	9	433	1.81e-80	256
NZ_FWWR01000006.1_5	iCN900.CD630_20750	32.5	446	285	5	15	454	9	444	2.48e-80	256
NZ_FWWR01000006.1_7	iCN900.CD630_06990	61.8	340	129	1	1	340	1	339	1.59e-152	431
NZ_FWWR01000006.1_7	iHN637.CLJU_RS16970	56.0	341	145	3	1	340	1	337	6.58e-137	392
NZ_FWWR01000006.1_8	iYS854.USA300HOU_RS05695	39.1	803	465	10	1	787	1	795	1.16e-184	548
NZ_FWWR01000006.1_8	iLJ478.TM0822	36.7	802	484	7	1	793	1	787	4.80e-174	520
NZ_FWWR01000006.1_8	iAF987.Gmet_1416	38.0	808	479	8	1	793	1	801	9.73e-171	512
NZ_FWWR01000006.1_8	iNF517.LLMG_RS11025	38.2	815	464	13	1	793	1	797	2.60e-166	500
NZ_FWWR01000006.1_12	iNF517.LLMG_RS11600	51.1	552	262	5	19	568	19	564	8.01e-183	526
NZ_FWWR01000009.1_9	iCN718.ABAYE_RS00975	30.8	377	218	12	4	360	2	355	1.62e-46	161
NZ_FWWR01000009.1_9	iCN900.CD630_31470	25.3	541	208	13	3	359	2	530	6.71e-41	150
NZ_FWWR01000009.1_18	iAM_Pb448.PBANKA_082310	25.9	278	132	11	36	239	16	293	5.62e-08	53.1
NZ_FWWR01000009.1_18	iAM_Pc455.PCYB_072980	26.8	280	127	13	36	239	16	293	2.39e-07	51.2
NZ_FWWR01000009.1_18	iAM_Pv461.PVX_099525	26.8	280	127	13	36	239	16	293	2.39e-07	51.2
NZ_FWWR01000009.1_18	iAM_Pf480.PF3D7_0922200	26.4	284	135	14	36	245	16	299	5.68e-07	50.1
NZ_FWWR01000009.1_18	iIT341.HP0197	24.0	275	144	11	36	245	10	284	7.37e-07	49.7
NZ_FWWR01000009.1_18	iMM904.YLR180W	26.1	272	128	13	36	235	10	280	7.33e-07	49.7
NZ_FWWR01000009.1_53	iAM_Pc455.PCYB_094280	31.5	273	151	9	182	444	706	952	1.89e-20	99.0
NZ_FWWR01000009.1_53	iAM_Pv461.PVX_092460	31.5	273	151	9	182	444	861	1107	2.65e-20	98.6
NZ_FWWR01000009.1_53	iAM_Pf480.PF3D7_0507500	26.2	313	190	9	178	463	340	638	2.47e-20	97.8
NZ_FWWR01000009.1_53	iAM_Pf480.PF3D7_1136900	29.6	291	168	10	182	461	727	991	1.72e-19	95.9
NZ_FWWR01000009.1_53	iAM_Pb448.PBANKA_091170	29.7	273	156	9	182	444	678	924	4.86e-19	94.4
NZ_FWWR01000009.1_53	iAM_Pb448.PBANKA_110710	24.2	360	214	10	169	495	245	578	2.12e-18	91.3
NZ_FWWR01000009.1_54	iNF517.LLMG_RS03890	31.3	176	96	7	69	219	49	224	3.46e-11	60.8
NZ_FWWR01000009.1_54	iML1515.b3833	35.2	105	61	2	71	168	67	171	3.19e-10	58.2
NZ_FWWR01000009.1_54	iSbBS512_1146.SbBS512_E4305	35.2	105	61	2	71	168	67	171	3.19e-10	58.2
NZ_FWWR01000009.1_54	iSDY_1059.SDY_3910	35.2	105	61	2	71	168	67	171	3.19e-10	58.2
NZ_FWWR01000009.1_54	iSF_1195.SF3911	35.2	105	61	2	71	168	67	171	3.19e-10	58.2
NZ_FWWR01000009.1_54	iSSON_1240.SSON_4008	35.2	105	61	2	71	168	67	171	3.19e-10	58.2
NZ_FWWR01000009.1_62	iYS854.USA300HOU_RS05660	42.7	288	159	3	3	287	4	288	2.06e-74	229
NZ_FWWR01000009.1_63	iYS854.USA300HOU_RS05665	39.9	326	189	1	1	326	2	320	1.78e-67	214
NZ_FWWR01000009.1_64	iYS854.USA300HOU_RS03500	49.1	226	115	0	10	235	13	238	9.73e-72	220
NZ_FWWR01000009.1_64	iCN900.CD630_28750	46.1	232	125	0	4	235	7	238	1.67e-71	219
NZ_FWWR01000009.1_64	iYO844.BSU07490	47.1	221	117	0	6	226	9	229	1.85e-69	214
NZ_FWWR01000009.1_64	iYO844.BSU33290	40.2	241	144	0	1	241	4	244	3.86e-64	201
NZ_FWWR01000009.1_64	iML1515.b0588	40.6	239	142	0	4	242	11	249	8.21e-64	200
NZ_FWWR01000009.1_64	iSDY_1059.SDY_0519	40.6	239	142	0	4	242	11	249	8.21e-64	200
NZ_FWWR01000009.1_64	iSF_1195.SF0502	40.6	239	142	0	4	242	11	249	8.21e-64	200
NZ_FWWR01000009.1_64	iSynCJ816.SGL_RS01940	42.0	238	138	0	4	241	13	250	7.50e-64	200
NZ_FWWR01000009.1_64	iSbBS512_1146.SbBS512_E0489	40.6	239	142	0	4	242	11	249	2.32e-63	199
NZ_FWWR01000009.1_73	iCN900.CD630_04300	69.8	222	67	0	2	223	7	228	7.21e-105	301
NZ_FWWR01000009.1_74	iCN900.CD630_04310	59.7	491	193	2	6	496	1	486	8.19e-209	587
NZ_FWWR01000009.1_75	iPC815.YPO1913	33.7	513	332	4	57	561	67	579	3.59e-88	284
NZ_FWWR01000009.1_76	iYL1228.KPN_00941	36.3	394	236	8	182	565	184	572	1.09e-62	216
NZ_FWWR01000009.1_76	iAF987.Gmet_2349	38.2	304	179	1	267	570	273	567	1.22e-62	216
NZ_FWWR01000009.1_76	iML1515.b0914	34.2	395	243	5	182	565	184	572	2.91e-61	212
NZ_FWWR01000009.1_76	iSbBS512_1146.SbBS512_E2410	34.2	395	243	5	182	565	184	572	2.91e-61	212
NZ_FWWR01000009.1_76	iSDY_1059.SDY_2344	34.2	395	243	5	182	565	184	572	2.91e-61	212
NZ_FWWR01000009.1_76	iSF_1195.SF0910	34.2	395	243	5	182	565	184	572	2.91e-61	212
NZ_FWWR01000009.1_76	iSSON_1240.SSON_0916	34.2	395	243	5	182	565	184	572	4.05e-61	212
NZ_FWWR01000009.1_76	STM_v1_0.STM0984	35.8	394	238	8	182	565	184	572	2.08e-60	210
NZ_FWWR01000009.1_76	iPC815.YPO1395	35.0	394	241	8	182	565	184	572	7.09e-56	197
NZ_FWWR01000009.1_76	iCHOv1.100682535	38.8	289	173	2	285	569	340	628	7.17e-53	194
NZ_FWWR01000009.1_85	iYS854.USA300HOU_RS01730	38.0	158	83	6	9	152	93	249	5.08e-25	96.3
NZ_FWWR01000009.1_86	iCHOv1.100765125	29.6	159	98	9	124	277	197	346	2.84e-06	48.1
NZ_FWWR01000009.1_89	iSF_1195.SF3387	21.5	191	145	3	1	189	1	188	8.35e-07	50.1
NZ_FWWR01000009.1_89	iSSON_1240.SSON_3499	21.5	191	145	3	1	189	1	188	8.35e-07	50.1
NZ_FWWR01000009.1_89	iML1515.b3368	21.5	191	145	3	1	189	1	188	1.11e-06	49.7
NZ_FWWR01000009.1_89	iSbBS512_1146.SbBS512_E3744	21.9	192	143	4	1	189	1	188	1.11e-06	49.7
NZ_FWWR01000009.1_89	iSDY_1059.SDY_3530	21.5	191	145	3	1	189	1	188	1.11e-06	49.7
NZ_FWWR01000009.1_89	iCN900.CD630_34180	23.1	195	130	3	5	198	4	179	6.26e-07	48.9
NZ_FWWR01000009.1_89	iAF692.Mbar_A1461	24.3	169	123	3	3	168	7	173	3.84e-06	47.0
NZ_FWWR01000009.1_89	iCN718.ABAYE_RS04340	20.8	178	138	2	1	178	1	175	1.08e-05	46.6
NZ_FWWR01000009.1_89	STM_v1_0.STM3477	20.9	153	118	2	1	153	1	150	1.43e-05	46.2
NZ_FWWR01000009.1_91	iAF987.Gmet_1790	35.0	123	79	1	1	122	20	142	1.63e-18	75.9
NZ_FWWR01000009.1_91	iPC815.YPO0565	35.2	128	81	2	1	126	1	128	8.78e-19	75.9
NZ_FWWR01000009.1_92	iYS854.USA300HOU_RS07595	23.1	350	235	10	20	355	11	340	1.36e-13	72.4
NZ_FWWR01000009.1_93	iJN1463.PP_1924	33.8	154	95	1	4	157	21	167	2.95e-26	97.8
NZ_FWWR01000009.1_95	iPC815.YPO0122	32.4	74	45	2	21	89	23	96	1.58e-07	45.1
NZ_FWWR01000009.1_95	iEK1008.Rv3206c	32.9	76	44	2	21	89	306	381	2.32e-06	43.5
NZ_FWWR01000009.1_95	STM_v1_0.STM3525	32.0	75	46	2	20	89	22	96	6.07e-07	43.5
NZ_FWWR01000009.1_95	iML1515.b3425	30.0	80	51	2	16	90	18	97	1.20e-06	42.7
NZ_FWWR01000009.1_95	iEK1008.Rv3116	31.4	86	52	2	11	89	293	378	4.33e-06	42.7
NZ_FWWR01000009.1_95	iSbBS512_1146.SbBS512_E3807	30.0	80	51	2	16	90	18	97	1.20e-06	42.7
NZ_FWWR01000009.1_95	iSF_1195.SF3447	30.0	80	51	2	16	90	18	97	1.20e-06	42.7
NZ_FWWR01000009.1_95	iSSON_1240.SSON_3662	30.0	80	51	2	16	90	18	97	1.20e-06	42.7
NZ_FWWR01000009.1_95	iSDY_1059.SDY_3650	28.8	80	52	2	16	90	18	97	4.68e-06	41.2
NZ_FWWR01000009.1_96	iAF987.Gmet_2999	31.0	116	77	1	6	118	10	125	1.20e-14	71.6
NZ_FWWR01000009.1_97	iAF987.Gmet_0043	32.0	103	60	4	359	451	161	263	9.68e-07	50.8
NZ_FWWR01000009.1_98	iCN900.CD630_21660	47.5	322	149	5	1	308	1	316	9.87e-92	275
NZ_FWWR01000009.1_100	iML1515.b1985	30.2	96	62	1	155	245	184	279	1.33e-04	43.9
NZ_FWWR01000009.1_101	iSynCJ816.SGL_RS10925	69.8	401	113	4	1	396	1	398	3.80e-199	554
NZ_FWWR01000009.1_102	iLJ478.TM0911	33.1	338	199	11	12	331	3	331	2.30e-39	142
NZ_FWWR01000009.1_102	iAF987.Gmet_0072	31.4	344	196	12	12	328	1	331	5.19e-36	133
NZ_FWWR01000009.1_102	iSynCJ816.SGL_RS12395	31.9	339	205	10	17	334	13	346	2.15e-35	131
NZ_FWWR01000009.1_103	iHN637.CLJU_RS10190	42.6	263	150	1	12	273	15	277	1.93e-75	231
NZ_FWWR01000009.1_103	iYO844.BSU23490	40.9	264	155	1	13	275	8	271	3.54e-74	227
NZ_FWWR01000009.1_103	iLJ478.TM1737	41.4	263	150	2	13	271	34	296	6.31e-68	212
NZ_FWWR01000009.1_103	iCN900.CD630_12240	39.4	269	162	1	6	273	1	269	7.45e-68	211
NZ_FWWR01000009.1_104	iCN900.CD630_00450	38.9	193	116	2	4	195	7	198	5.56e-38	130
NZ_FWWR01000009.1_113	iYO844.BSU25710	39.0	123	73	1	20	142	23	143	3.83e-23	91.3
NZ_FWWR01000009.1_114	iMM1415.17117	31.7	382	240	5	5	383	3	366	3.45e-56	188
NZ_FWWR01000009.1_114	iCHOv1.100758278	30.6	386	240	5	5	383	3	367	1.93e-55	186
NZ_FWWR01000009.1_114	iEK1008.Rv1143	31.4	338	216	3	1	335	1	325	3.52e-53	180
NZ_FWWR01000009.1_118	iJN1463.PP_4653	41.1	460	231	7	10	466	3	425	5.32e-99	303
NZ_FWWR01000009.1_118	iJN1463.PP_4284	40.3	462	242	5	7	468	20	447	4.50e-96	296
NZ_FWWR01000009.1_118	iCN900.CD630_21070	41.7	465	234	7	15	469	16	453	8.27e-96	296
NZ_FWWR01000009.1_118	iML1515.b3714	37.5	469	253	5	6	471	12	443	2.18e-92	287
NZ_FWWR01000009.1_118	iSSON_1240.SSON_3558	37.5	469	253	5	6	471	12	443	2.18e-92	287
NZ_FWWR01000009.1_118	iSDY_1059.SDY_4199	37.5	469	253	5	6	471	12	443	1.21e-91	285
NZ_FWWR01000009.1_118	iSF_1195.SF3746	37.1	469	255	5	6	471	12	443	1.06e-89	280
NZ_FWWR01000009.1_118	iSbBS512_1146.SbBS512_E4208	36.9	469	256	5	6	471	12	443	5.88e-89	278
NZ_FWWR01000009.1_119	iHN637.CLJU_RS11785	48.7	423	214	3	1	422	1	421	3.14e-141	409
NZ_FWWR01000009.1_119	iCN900.CD630_16630	47.5	421	211	3	6	422	4	418	4.45e-140	406
NZ_FWWR01000009.1_123	iML1515.b2868	51.3	152	67	4	26	172	9	158	9.56e-44	142
NZ_FWWR01000009.1_123	iSSON_1240.SSON_3019	51.3	152	67	4	26	172	9	158	9.56e-44	142
NZ_FWWR01000009.1_123	iAF987.Gmet_2135	44.8	145	79	1	25	169	15	158	2.75e-43	141
NZ_FWWR01000009.1_123	iSF_1195.SF2870	50.7	150	67	4	28	172	11	158	1.55e-42	139
NZ_FWWR01000009.1_124	iML1515.b2867	39.7	290	174	1	1	290	1	289	4.05e-72	223
NZ_FWWR01000009.1_124	iSF_1195.SF2869	39.3	290	175	1	1	290	1	289	6.49e-71	220
NZ_FWWR01000009.1_124	iSSON_1240.SSON_3018	39.0	290	176	1	1	290	1	289	4.15e-69	216
NZ_FWWR01000009.1_125	iSSON_1240.SSON_3017	46.8	754	396	4	9	760	2	752	4.97e-237	679
NZ_FWWR01000009.1_125	iML1515.b2866	46.8	754	396	4	9	760	2	752	2.00e-236	677
NZ_FWWR01000009.1_125	iSF_1195.SF2868	46.5	761	402	4	2	760	8	765	8.76e-236	676
NZ_FWWR01000009.1_128	iYO844.BSU30450	30.4	230	154	5	4	228	2	230	5.23e-28	108
NZ_FWWR01000009.1_134	iCN900.CD630_20200	57.2	866	359	4	1	857	1	863	0.0	937
NZ_FWWR01000009.1_136	iCN900.CD630_10540	69.3	368	113	0	7	374	6	373	1.16e-181	508
NZ_FWWR01000009.1_137	iCN900.CD630_10550	61.1	265	97	4	1	264	1	260	2.09e-107	311
NZ_FWWR01000009.1_138	iCN900.CD630_10560	57.6	328	136	2	4	328	3	330	4.45e-126	364
NZ_FWWR01000009.1_139	iAM_Pv461.PVX_091405	25.1	247	130	11	104	341	265	465	5.99e-05	47.4
NZ_FWWR01000009.1_141	iCN900.CD630_34020	48.4	281	145	0	13	293	22	302	3.79e-89	267
NZ_FWWR01000009.1_141	iYS854.USA300HOU_RS03995	48.0	281	145	1	13	293	22	301	3.10e-86	260
NZ_FWWR01000009.1_141	iHN637.CLJU_RS01560	45.2	281	153	1	13	293	23	302	9.58e-82	248
NZ_FWWR01000009.1_143	iYS854.USA300HOU_RS12690	38.9	321	194	2	2	322	6	324	3.74e-73	229
NZ_FWWR01000009.1_143	iYO844.BSU22870	39.9	328	193	4	5	331	6	330	2.35e-71	225
NZ_FWWR01000009.1_145	iCN900.CD630_23560	51.8	311	145	3	1	306	4	314	7.61e-109	318
NZ_FWWR01000009.1_145	iHN637.CLJU_RS13735	52.4	307	141	3	1	302	4	310	6.18e-108	316
NZ_FWWR01000009.1_145	iYO844.BSU34790	50.6	312	145	6	1	308	6	312	2.08e-101	300
NZ_FWWR01000009.1_145	iNF517.LLMG_RS08000	48.9	305	149	4	2	303	6	306	3.42e-98	291
NZ_FWWR01000009.1_145	iCN900.CD630_21170	47.9	303	154	2	1	302	1	300	4.57e-97	288
NZ_FWWR01000009.1_147	iCN718.ABAYE_RS04335	35.0	423	267	5	1	420	1	418	1.99e-80	254
NZ_FWWR01000009.1_147	iJN1463.PP_4000	38.0	395	237	5	36	424	33	425	7.36e-78	247
NZ_FWWR01000009.1_147	iLJ478.TM1379	35.5	422	267	3	1	419	1	420	1.01e-77	247
NZ_FWWR01000009.1_147	iAF692.Mbar_A0541	34.5	429	264	5	1	424	28	444	6.08e-76	243
NZ_FWWR01000009.1_147	iAF987.Gmet_3528	36.3	427	263	4	1	424	1	421	1.62e-75	241
NZ_FWWR01000009.1_147	iYS854.USA300HOU_RS00045	35.6	432	270	6	1	428	1	428	7.30e-75	239
NZ_FWWR01000009.1_147	iPC815.YPO1379	35.1	385	238	4	50	424	47	429	3.31e-73	235
NZ_FWWR01000009.1_147	iYL1228.KPN_00925	33.3	435	273	6	1	424	1	429	1.82e-72	233
NZ_FWWR01000009.1_147	STM_v1_0.STM0963	32.9	435	275	6	1	424	1	429	1.41e-71	231
NZ_FWWR01000009.1_147	iSbBS512_1146.SbBS512_E2435	33.1	435	274	6	1	424	1	429	5.53e-71	229
NZ_FWWR01000009.1_147	iSF_1195.SF0852	33.1	435	274	6	1	424	1	429	1.09e-70	229
NZ_FWWR01000009.1_147	iSSON_1240.SSON_0894	33.1	435	274	6	1	424	1	429	1.09e-70	229
NZ_FWWR01000009.1_148	iCN900.CD630_18240	42.2	308	178	0	1	308	7	314	2.36e-75	247
NZ_FWWR01000009.1_148	iAF987.Gmet_1614	41.4	309	179	2	1	308	1	308	3.53e-67	224
NZ_FWWR01000009.1_148	iAF692.Mbar_A0500	41.8	306	177	1	3	308	2	306	1.01e-66	224
NZ_FWWR01000009.1_149	iYO844.BSU15650	44.9	574	308	6	3	574	313	880	3.33e-152	459
NZ_FWWR01000009.1_149	iAF692.Mbar_A0500	43.6	594	311	9	3	579	310	896	2.20e-137	422
NZ_FWWR01000009.1_149	iCN900.CD630_18240	44.2	586	303	8	3	585	318	882	1.51e-137	421
NZ_FWWR01000009.1_149	iCN900.CD630_25030	45.2	586	290	10	3	585	320	877	1.10e-135	416
NZ_FWWR01000009.1_149	iSynCJ816.SGL_RS16270	42.2	561	312	5	3	551	347	907	2.99e-134	414
NZ_FWWR01000009.1_151	iCN900.CD630_03960	32.5	268	161	8	320	580	4	258	3.46e-28	115
NZ_FWWR01000009.1_154	iJN1463.PP_4210	36.4	214	129	2	4	210	5	218	3.76e-38	139
NZ_FWWR01000009.1_154	iCN900.CD630_07520	40.1	212	121	3	4	211	1	210	5.06e-40	136
NZ_FWWR01000009.1_154	iYS854.USA300HOU_RS09925	38.8	209	122	4	4	208	3	209	1.31e-37	130
NZ_FWWR01000009.1_154	iJN1463.PP_0283	38.9	211	115	4	5	202	8	217	2.68e-37	130
NZ_FWWR01000009.1_154	iCN900.CD630_19470	38.9	211	122	4	5	208	10	220	1.81e-37	129
NZ_FWWR01000009.1_154	iNF517.LLMG_RS09720	38.4	211	124	3	5	211	7	215	4.15e-37	129
NZ_FWWR01000009.1_154	iNF517.LLMG_RS09915	39.3	211	122	3	2	208	3	211	3.85e-37	129
NZ_FWWR01000009.1_154	iYO844.BSU23960	38.7	212	124	4	4	211	1	210	5.42e-36	126
NZ_FWWR01000009.1_156	iCN900.CD630_35660	39.2	278	161	3	1	270	6	283	2.62e-59	190
NZ_FWWR01000009.1_156	iHN637.CLJU_RS01030	38.0	279	165	5	1	272	3	280	9.20e-53	172
NZ_FWWR01000009.1_162	iML1515.b4167	36.0	272	166	4	12	281	236	501	2.24e-44	157
NZ_FWWR01000009.1_163	iHN637.CLJU_RS17045	64.8	54	19	0	1	54	277	330	7.17e-19	76.6
NZ_FWWR01000009.1_165	iCN900.CD630_32240	50.8	252	124	0	2	253	4	255	7.60e-89	266
NZ_FWWR01000009.1_165	iHN637.CLJU_RS17045	50.0	254	127	0	3	256	4	257	7.91e-88	263
NZ_FWWR01000009.1_166	iHN637.CLJU_RS04950	41.1	319	186	1	12	328	1	319	2.97e-70	227
NZ_FWWR01000009.1_166	iYS854.USA300HOU_RS06750	37.5	317	196	1	12	326	1	317	3.02e-68	221
NZ_FWWR01000009.1_166	iHN637.CLJU_RS03520	40.0	315	187	2	14	327	1	314	6.69e-67	218
NZ_FWWR01000009.1_166	iAF987.Gmet_1629	36.2	356	208	3	15	353	4	357	1.65e-66	217
NZ_FWWR01000009.1_166	iCN900.CD630_15800	40.7	317	174	3	15	327	5	311	1.14e-65	214
NZ_FWWR01000009.1_166	iCN900.CD630_11660	36.0	394	212	6	15	402	1	360	3.36e-63	207
NZ_FWWR01000009.1_166	iNF517.LLMG_RS06750	38.1	320	194	1	15	330	3	322	1.31e-62	207
NZ_FWWR01000009.1_168	iYS854.USA300HOU_RS12475	47.7	304	152	6	7	308	3	301	1.03e-86	263
NZ_FWWR01000009.1_169	iNF517.LLMG_RS04880	59.0	144	59	0	1	144	1	144	2.52e-57	175
NZ_FWWR01000009.1_169	iHN637.CLJU_RS01130	55.2	145	65	0	1	145	1	145	2.27e-53	165
NZ_FWWR01000009.1_169	iML1515.b4090	55.2	143	64	0	2	144	3	145	4.56e-53	164
NZ_FWWR01000009.1_169	iLJ478.TM1080	54.5	143	65	0	1	143	1	143	7.61e-53	163
NZ_FWWR01000009.1_169	iCN900.CD630_34800	51.7	145	69	1	1	144	1	145	1.27e-50	158
NZ_FWWR01000009.1_171	iCN900.CD630_20540	46.7	381	192	6	1	370	1	381	1.07e-103	311
NZ_FWWR01000009.1_171	iLJ478.TM1518	44.6	401	207	4	1	386	1	401	8.80e-101	304
NZ_FWWR01000009.1_171	iHN637.CLJU_RS18875	43.3	402	210	7	1	386	1	400	7.72e-99	299
NZ_FWWR01000009.1_172	iCN900.CD630_32250	56.4	289	126	0	3	291	2	290	9.10e-115	332
NZ_FWWR01000009.1_172	iHN637.CLJU_RS17040	50.9	293	143	1	1	293	1	292	1.31e-111	324
NZ_FWWR01000009.1_172	iCN900.CD630_32230	54.0	289	133	0	3	291	2	290	1.51e-110	321
NZ_FWWR01000009.1_173	iCN900.CD630_32260	42.8	250	131	2	1	241	2	248	5.00e-60	189
NZ_FWWR01000009.1_173	iHN637.CLJU_RS17035	41.9	248	139	2	1	243	2	249	7.50e-57	181
NZ_FWWR01000009.1_173	iCN900.CD630_32290	41.0	249	139	2	1	241	2	250	1.55e-56	180
NZ_FWWR01000009.1_175	iYS854.USA300HOU_RS12685	33.2	211	137	1	5	215	1	207	6.53e-33	122
NZ_FWWR01000009.1_175	iML1515.b3653	41.6	178	102	2	13	189	9	185	9.13e-31	116
NZ_FWWR01000009.1_175	STM_v1_0.STM3746	39.7	184	109	2	7	189	3	185	9.13e-31	116
NZ_FWWR01000009.1_175	iSbBS512_1146.SbBS512_E4104	41.6	178	102	2	13	189	9	185	9.13e-31	116
NZ_FWWR01000009.1_175	iSDY_1059.SDY_4085	41.6	178	102	2	13	189	9	185	9.13e-31	116
NZ_FWWR01000009.1_175	iSF_1195.SF3693	41.6	178	102	2	13	189	9	185	9.13e-31	116
NZ_FWWR01000009.1_175	iSSON_1240.SSON_3752	41.6	178	102	2	13	189	9	185	9.13e-31	116
NZ_FWWR01000009.1_175	iYL1228.KPN_04012	37.9	206	119	4	12	216	8	205	1.74e-29	112
NZ_FWWR01000009.1_175	iCN718.ABAYE_RS06975	37.0	189	109	3	8	191	5	188	7.36e-29	111
NZ_FWWR01000009.1_178	STM_v1_0.STM3746	34.1	179	113	2	2	178	219	394	3.70e-33	121
NZ_FWWR01000009.1_178	iCN718.ABAYE_RS06975	42.0	150	86	1	29	178	259	407	8.27e-33	120
NZ_FWWR01000009.1_178	iPC815.YPO0035	40.1	152	86	2	29	178	246	394	7.50e-33	120
NZ_FWWR01000009.1_178	iYL1228.KPN_04012	34.1	179	113	2	2	178	219	394	2.67e-32	119
NZ_FWWR01000009.1_178	iML1515.b3653	33.0	179	115	2	2	178	219	394	1.42e-31	117
NZ_FWWR01000009.1_178	iSbBS512_1146.SbBS512_E4104	33.0	179	115	2	2	178	219	394	1.42e-31	117
NZ_FWWR01000009.1_178	iSDY_1059.SDY_4085	33.0	179	115	2	2	178	219	394	1.42e-31	117
NZ_FWWR01000009.1_178	iSF_1195.SF3693	33.0	179	115	2	2	178	219	394	1.42e-31	117
NZ_FWWR01000009.1_178	iSSON_1240.SSON_3752	33.0	179	115	2	2	178	219	394	1.42e-31	117
NZ_FWWR01000009.1_178	iIT341.HP1506	40.8	152	85	2	29	178	253	401	3.04e-30	114
NZ_FWWR01000009.1_178	iJN1463.PP_0996	39.4	160	92	2	21	178	237	393	3.87e-30	113
NZ_FWWR01000009.1_179	iYO844.BSU21810	34.9	169	101	6	4	169	5	167	4.54e-28	102
NZ_FWWR01000009.1_179	iHN637.CLJU_RS12050	41.8	134	70	4	4	134	5	133	1.42e-27	100
NZ_FWWR01000009.1_181	iSynCJ816.SGL_RS11925	41.1	688	383	8	9	678	37	720	8.55e-172	508
NZ_FWWR01000009.1_182	iYO844.BSU37150	60.6	530	208	1	1	529	1	530	1.82e-231	647
NZ_FWWR01000009.1_182	iYS854.USA300HOU_RS11480	58.2	531	220	1	1	529	1	531	4.13e-228	639
NZ_FWWR01000009.1_182	iHN637.CLJU_RS01075	58.7	528	217	1	2	528	3	530	7.28e-226	633
NZ_FWWR01000009.1_182	iNF517.LLMG_RS02375	54.2	530	241	2	2	529	3	532	5.60e-211	595
NZ_FWWR01000009.1_182	iSynCJ816.SGL_RS10805	55.3	530	236	1	1	529	1	530	3.59e-206	583
NZ_FWWR01000009.1_183	iCN900.CD630_23770	41.4	145	84	1	3	147	2	145	2.79e-35	120
NZ_FWWR01000009.1_184	iCN900.CD630_00520	54.2	465	210	2	1	463	1	464	7.61e-187	528
NZ_FWWR01000009.1_186	iCN900.CD630_00540	58.7	252	95	2	1	243	1	252	4.51e-104	301
NZ_FWWR01000009.1_196	iCN900.CD630_14890	36.1	227	136	4	1	225	1	220	3.06e-38	134
NZ_FWWR01000009.1_196	iCN900.CD630_19470	37.8	201	121	3	2	200	10	208	2.53e-38	132
NZ_FWWR01000009.1_196	iNF517.LLMG_RS01755	32.6	242	144	6	1	225	4	243	6.81e-34	124
NZ_FWWR01000009.1_196	iML1515.b0199	30.8	227	152	4	1	225	1	224	8.53e-34	123
NZ_FWWR01000009.1_196	iSbBS512_1146.SbBS512_E0193	31.3	230	147	5	1	225	1	224	1.19e-33	123
NZ_FWWR01000009.1_196	iSSON_1240.SSON_0213	31.3	230	147	5	1	225	1	224	1.19e-33	123
NZ_FWWR01000009.1_196	iSDY_1059.SDY_0218	31.3	230	147	5	1	225	1	224	1.67e-33	122
NZ_FWWR01000009.1_196	iYL1228.KPN_00213	30.8	227	152	4	1	225	1	224	3.26e-33	122
NZ_FWWR01000009.1_196	iJN1463.PP_4210	33.9	227	143	4	1	224	5	227	8.29e-32	121
NZ_FWWR01000009.1_196	STM_v1_0.STM0247	30.9	230	148	5	1	225	1	224	4.56e-33	121
NZ_FWWR01000009.1_197	iHN637.CLJU_RS04380	28.6	388	259	6	19	393	28	410	1.83e-33	130
NZ_FWWR01000009.1_197	STM_v1_0.STM1556	25.5	400	273	5	48	423	63	461	8.44e-32	126
NZ_FWWR01000009.1_197	iYS854.USA300HOU_RS12450	26.4	439	302	7	17	435	27	464	4.56e-31	124
NZ_FWWR01000009.1_197	iCN900.CD630_04490	27.3	388	251	8	40	406	54	431	2.06e-29	119
NZ_FWWR01000009.1_199	iCN900.CD630_10540	61.7	373	143	0	6	378	5	377	1.16e-153	447
NZ_FWWR01000009.1_199	iYO844.BSU37170	57.3	377	161	0	1	377	1	377	3.98e-138	408
NZ_FWWR01000009.1_199	iYO844.BSU24150	55.9	374	165	0	6	379	4	377	1.27e-136	404
NZ_FWWR01000009.1_200	iYL1228.KPN_03045	30.6	363	242	8	7	364	5	362	9.22e-54	185
NZ_FWWR01000009.1_200	iSDY_1059.SDY_2907	29.8	363	245	8	7	364	5	362	1.25e-52	182
NZ_FWWR01000009.1_200	iML1515.b2710	29.8	363	245	8	7	364	5	362	2.43e-52	181
NZ_FWWR01000009.1_200	iSF_1195.SF2733	29.8	363	245	8	7	364	5	362	2.43e-52	181
NZ_FWWR01000009.1_200	iSSON_1240.SSON_2854	29.8	363	245	8	7	364	5	362	2.43e-52	181
NZ_FWWR01000009.1_200	STM_v1_0.STM2840	29.5	363	246	8	7	364	5	362	4.73e-52	181
NZ_FWWR01000009.1_200	iSbBS512_1146.SbBS512_E3167	29.5	363	246	8	7	364	5	362	2.50e-51	179
NZ_FWWR01000009.1_200	iAF692.Mbar_A2179	31.2	324	212	8	1	323	3	316	2.29e-49	171
NZ_FWWR01000009.1_200	iAF692.Mbar_A3353	31.5	343	218	9	4	340	10	341	8.09e-48	167
NZ_FWWR01000009.1_204	iCN900.CD630_34560	31.7	186	125	2	3	187	2	186	1.78e-28	104
NZ_FWWR01000009.1_205	iIT341.HP1576	41.5	217	126	1	25	240	2	218	2.40e-52	172
NZ_FWWR01000009.1_205	iSbBS512_1146.SbBS512_E0193	40.5	220	127	2	25	240	1	220	5.23e-48	161
NZ_FWWR01000009.1_205	iSSON_1240.SSON_0213	40.5	220	127	2	25	240	1	220	5.23e-48	161
NZ_FWWR01000009.1_205	iML1515.b0199	40.0	220	128	2	25	240	1	220	7.36e-48	161
NZ_FWWR01000009.1_205	iSDY_1059.SDY_0218	40.0	220	128	2	25	240	1	220	1.04e-47	160
NZ_FWWR01000009.1_205	STM_v1_0.STM0247	40.0	220	128	2	25	240	1	220	1.46e-47	160
NZ_FWWR01000009.1_205	iSF_1195.SF0190	40.5	220	127	2	25	240	1	220	1.46e-47	160
NZ_FWWR01000009.1_205	iYL1228.KPN_00213	39.5	220	129	2	25	240	1	220	1.13e-46	158
NZ_FWWR01000009.1_205	iPC815.YPO1073	37.4	219	136	1	23	240	2	220	3.14e-46	157
NZ_FWWR01000009.1_205	iYO844.BSU32750	37.0	230	144	1	23	251	2	231	1.17e-45	155
NZ_FWWR01000009.1_205	iCN900.CD630_19470	41.8	220	122	4	26	240	10	228	6.19e-47	155
NZ_FWWR01000009.1_206	iYO844.BSU30410	41.8	67	36	1	189	252	305	371	6.42e-05	43.9
NZ_FWWR01000009.1_207	iAF987.Gmet_3012	47.1	119	60	3	279	395	18	135	4.29e-27	106
NZ_FWWR01000009.1_207	iML1515.b1856	45.2	124	66	2	283	404	285	408	2.12e-22	98.2
NZ_FWWR01000009.1_207	iAF987.Gmet_1350	46.7	120	63	1	279	397	78	197	1.85e-23	97.8
NZ_FWWR01000009.1_209	iCN900.CD630_35150	51.1	452	216	2	4	455	5	451	3.83e-152	440
NZ_FWWR01000009.1_210	iHN637.CLJU_RS20580	65.0	311	107	1	7	315	8	318	7.21e-140	397
NZ_FWWR01000009.1_210	iCN900.CD630_35140	65.0	317	107	3	1	314	1	316	3.53e-137	390
NZ_FWWR01000009.1_210	iYO844.BSU00510	59.7	308	123	1	7	314	10	316	2.90e-129	370
NZ_FWWR01000009.1_210	iYS854.USA300HOU_RS02560	58.3	314	129	1	4	315	8	321	1.91e-128	369
NZ_FWWR01000009.1_210	iAF987.Gmet_2848	58.8	313	128	1	3	314	1	313	3.02e-128	368
NZ_FWWR01000009.1_210	iNF517.LLMG_RS08760	58.5	311	127	1	7	315	6	316	2.44e-127	366
NZ_FWWR01000009.1_214	iHN637.CLJU_RS20535	33.2	286	175	7	1	270	1	286	1.49e-41	148
NZ_FWWR01000009.1_218	iHN637.CLJU_RS10465	44.4	72	38	1	5	74	562	633	1.19e-08	51.6
NZ_FWWR01000009.1_220	iCN900.CD630_26910	51.8	168	79	2	8	173	8	175	2.28e-57	177
NZ_FWWR01000009.1_220	iYO844.BSU00680	50.6	168	81	2	3	168	5	172	5.03e-55	171
NZ_FWWR01000009.1_220	iHN637.CLJU_RS20465	50.0	168	82	2	3	168	7	174	2.10e-54	170
NZ_FWWR01000009.1_220	iYS854.USA300HOU_RS02615	50.6	168	81	2	2	167	3	170	5.62e-54	169
NZ_FWWR01000009.1_220	iCN718.ABAYE_RS19265	49.1	165	80	2	7	167	7	171	2.31e-52	164
NZ_FWWR01000009.1_220	iPC815.YPO3408	48.5	171	84	2	1	167	1	171	2.05e-51	162
NZ_FWWR01000009.1_220	iNF517.LLMG_RS05050	46.5	170	89	2	3	170	4	173	4.38e-51	161
NZ_FWWR01000009.1_221	iAT_PLT_636.4905	35.2	244	129	7	184	405	242	478	1.34e-32	133
NZ_FWWR01000009.1_221	iMM1415.18195	35.2	244	129	7	184	405	242	478	1.34e-32	133
NZ_FWWR01000009.1_246	iML1515.b1655	37.8	119	68	4	342	456	142	258	2.61e-16	78.6
NZ_FWWR01000009.1_257	iAF987.Gmet_1657	34.5	116	62	4	1	110	1	108	5.84e-19	75.5
NZ_FWWR01000009.1_257	iAF692.Mbar_A2626	38.5	96	51	3	1	89	1	95	5.16e-18	72.8
NZ_FWWR01000009.1_258	iJN1463.PP_1225	38.8	206	118	6	5	204	7	210	2.50e-40	136
NZ_FWWR01000009.1_259	STM_v1_0.STM1435	46.0	126	64	2	1	122	1	126	4.83e-34	114
NZ_FWWR01000009.1_259	iYL1228.KPN_01990	46.8	126	61	3	1	121	1	125	2.77e-33	112
NZ_FWWR01000009.1_259	iML1515.b1651	44.8	125	65	2	1	121	1	125	2.25e-32	110
NZ_FWWR01000009.1_259	iSDY_1059.SDY_1877	44.8	125	65	2	1	121	1	125	2.25e-32	110
NZ_FWWR01000009.1_259	iSF_1195.SF1678	44.8	125	65	2	1	121	1	125	2.25e-32	110
NZ_FWWR01000009.1_259	iSSON_1240.SSON_1505	44.8	125	65	2	1	121	1	125	2.25e-32	110
NZ_FWWR01000009.1_259	iSbBS512_1146.SbBS512_E1843	44.0	125	66	2	1	121	1	125	6.39e-32	109
NZ_FWWR01000009.1_259	iSynCJ816.SGL_RS12955	45.9	122	62	2	4	121	4	125	8.09e-32	108
NZ_FWWR01000009.1_259	iCN718.ABAYE_RS05715	45.7	129	58	5	1	121	1	125	7.97e-30	103
NZ_FWWR01000009.1_261	iLJ478.TM0274	60.3	403	153	4	1	400	1	399	4.95e-168	476
NZ_FWWR01000009.1_261	iCN900.CD630_11750	58.9	401	161	2	1	400	1	398	6.81e-167	473
NZ_FWWR01000009.1_261	iHN637.CLJU_RS06265	58.3	400	163	2	1	400	1	396	2.29e-160	456
NZ_FWWR01000009.1_265	iNF517.LLMG_RS05390	65.1	212	73	1	1	211	1	212	6.54e-95	276
NZ_FWWR01000009.1_265	iHN637.CLJU_RS08910	64.5	214	74	2	1	212	1	214	1.12e-89	262
NZ_FWWR01000009.1_265	iYS854.USA300HOU_RS00730	63.4	216	78	1	1	215	1	216	1.37e-89	262
NZ_FWWR01000009.1_265	iYS854.USA300HOU_RS11540	63.4	216	78	1	1	215	1	216	2.25e-88	259
NZ_FWWR01000009.1_265	iYO844.BSU39420	61.8	217	81	2	1	215	1	217	1.56e-84	249
NZ_FWWR01000009.1_266	STM_v1_0.STM3002	26.8	276	163	9	4	243	12	284	2.11e-22	92.8
NZ_FWWR01000009.1_268	iCN900.CD630_36160	41.0	439	253	3	14	447	26	463	3.40e-113	343
NZ_FWWR01000009.1_269	iHN637.CLJU_RS18530	38.9	244	145	1	27	266	33	276	1.91e-60	192
NZ_FWWR01000009.1_269	iCN900.CD630_07200	38.6	246	147	1	25	266	34	279	8.32e-60	191
NZ_FWWR01000009.1_273	iYS854.USA300HOU_RS11545	60.0	230	92	0	2	231	5	234	9.33e-97	281
NZ_FWWR01000009.1_273	iYS854.USA300HOU_RS00720	55.8	231	101	1	2	231	4	234	1.77e-89	263
NZ_FWWR01000009.1_276	iCN900.CD630_07530	44.6	381	209	2	2	381	3	382	1.32e-102	308
NZ_FWWR01000009.1_277	iCN900.CD630_07540	49.2	386	193	2	4	386	5	390	5.05e-130	378
NZ_FWWR01000009.1_282	iCN900.CD630_10240	60.9	345	133	1	1	343	1	345	2.04e-153	434
NZ_FWWR01000009.1_282	iYS854.USA300HOU_RS05485	56.6	341	145	2	3	340	2	342	1.14e-137	395
NZ_FWWR01000009.1_283	iCN900.CD630_10250	52.0	279	126	3	1	274	1	276	4.88e-96	283
NZ_FWWR01000009.1_284	iCN900.CD630_10260	55.9	236	104	0	17	252	1	236	1.35e-90	267
NZ_FWWR01000009.1_285	iCN900.CD630_10270	46.9	341	178	2	5	343	10	349	1.26e-109	323
NZ_FWWR01000009.1_289	iCN900.CD630_20200	44.1	862	393	12	6	791	5	853	6.63e-216	631
NZ_FWWR01000009.1_291	iHN637.CLJU_RS03130	41.2	272	159	1	1	271	1	272	1.07e-70	218
NZ_FWWR01000009.1_293	iHN637.CLJU_RS03120	64.1	184	66	0	1	184	2	185	3.55e-87	253
NZ_FWWR01000009.1_294	iYS854.USA300HOU_RS11440	36.6	183	106	4	4	180	6	184	4.02e-32	114
NZ_FWWR01000009.1_294	iYO844.BSU37060	36.3	182	106	3	6	181	8	185	4.03e-31	111
NZ_FWWR01000009.1_296	iML1515.b2166	32.2	307	206	2	55	359	2	308	2.40e-45	157
NZ_FWWR01000009.1_297	iML1515.b2165	61.2	294	113	1	13	305	13	306	1.08e-121	351
NZ_FWWR01000009.1_298	iCHOv1.100755154	29.7	111	76	1	15	123	165	275	3.33e-07	48.5
NZ_FWWR01000009.1_303	iCN900.CD630_16550	35.2	532	299	11	2	491	39	566	7.53e-79	256
NZ_FWWR01000009.1_304	iCN900.CD630_23700	55.1	265	118	1	16	280	5	268	1.63e-99	292
NZ_FWWR01000009.1_306	iCN900.CD630_26270	52.8	89	42	0	1	89	1	89	3.23e-24	87.0
NZ_FWWR01000009.1_312	iCN900.CD630_16150	27.6	246	167	6	29	266	440	682	2.64e-18	85.1
NZ_FWWR01000009.1_313	STM_v1_0.STM1221	35.2	196	97	8	16	197	42	221	7.83e-20	85.5
NZ_FWWR01000009.1_318	iYS854.USA300HOU_RS06160	42.0	555	305	5	3	548	2	548	3.37e-134	400
NZ_FWWR01000009.1_320	iCN718.ABAYE_RS13845	27.5	178	126	3	1	177	5	180	1.85e-17	75.5
NZ_FWWR01000009.1_321	iLJ478.TM0741	48.7	156	80	0	1	156	1	156	1.46e-48	154
NZ_FWWR01000009.1_321	iAF987.Gmet_1759	46.7	152	81	0	4	155	7	158	2.93e-46	148
NZ_FWWR01000009.1_321	iYO844.BSU15020	48.3	149	77	0	7	155	9	157	1.04e-43	141
NZ_FWWR01000009.1_321	iYS854.USA300HOU_RS05615	44.1	152	85	0	4	155	7	158	2.02e-43	140
NZ_FWWR01000009.1_330	iAF692.Mbar_A2263	23.7	337	215	10	45	360	39	354	8.20e-21	92.0
NZ_FWWR01000009.1_330	iAF692.Mbar_A1870	26.5	370	214	20	6	330	9	365	1.88e-19	88.6
NZ_FWWR01000009.1_330	iAF692.Mbar_A1868	26.5	373	215	20	2	330	6	363	1.54e-18	85.9
NZ_FWWR01000009.1_330	iAF692.Mbar_A1869	25.9	371	220	20	2	330	6	363	3.79e-18	84.7
NZ_FWWR01000009.1_331	iAF692.Mbar_A2262	37.5	253	156	2	3	254	5	256	8.61e-60	190
NZ_FWWR01000009.1_331	iAF692.Mbar_A1172	40.8	233	138	0	3	235	2	234	2.89e-58	186
NZ_FWWR01000009.1_331	iAF692.Mbar_A2394	36.4	253	157	3	3	254	2	251	5.00e-55	178
NZ_FWWR01000009.1_332	iAF692.Mbar_A2261	45.4	306	167	0	27	332	30	335	4.50e-90	273
NZ_FWWR01000009.1_335	iAF987.Gmet_0302	56.7	141	59	1	2	140	3	143	5.98e-50	156
NZ_FWWR01000009.1_335	iAF987.Gmet_2094	54.9	142	62	1	1	140	1	142	2.06e-49	155
NZ_FWWR01000009.1_339	iHN637.CLJU_RS05570	44.8	382	201	4	11	388	7	382	1.00e-106	323
NZ_FWWR01000009.1_340	iHN637.CLJU_RS05575	39.8	327	174	4	16	330	13	328	5.22e-67	213
NZ_FWWR01000009.1_341	iHN637.CLJU_RS05580	26.3	171	111	4	15	185	21	176	1.17e-11	60.5
NZ_FWWR01000009.1_342	iHN637.CLJU_RS05585	42.9	189	108	0	3	191	4	192	9.53e-48	155
NZ_FWWR01000009.1_343	iHN637.CLJU_RS05590	45.0	191	105	0	2	192	1	191	4.12e-56	175
NZ_FWWR01000009.1_344	iHN637.CLJU_RS05595	38.8	242	146	2	1	240	1	242	1.82e-40	142
NZ_FWWR01000009.1_347	iJN1463.PP_0936	38.3	183	108	4	5	184	4	184	3.21e-26	99.4
NZ_FWWR01000009.1_347	iML1515.b3248	37.4	182	109	4	5	183	4	183	1.09e-25	97.8
NZ_FWWR01000009.1_362	iHN637.CLJU_RS05465	40.4	285	150	5	13	284	14	291	1.20e-63	201
NZ_FWWR01000009.1_362	iCN900.CD630_12050	39.7	287	155	6	13	286	14	295	3.18e-58	187
NZ_FWWR01000009.1_362	iYO844.BSU24280	39.2	291	154	6	11	286	14	296	4.08e-56	182
NZ_FWWR01000009.1_365	iCN900.CD630_12200	48.2	170	88	0	5	174	5	174	3.74e-53	167
NZ_FWWR01000009.1_365	iYO844.BSU23610	49.7	169	83	1	5	171	6	174	1.52e-51	163
NZ_FWWR01000009.1_366	iCN900.CD630_12240	58.5	258	106	1	3	259	7	264	5.14e-113	325
NZ_FWWR01000009.1_366	iHN637.CLJU_RS10190	58.6	268	106	2	1	263	9	276	2.82e-107	311
NZ_FWWR01000009.1_366	iYO844.BSU23490	55.1	263	117	1	1	262	5	267	5.98e-105	305
NZ_FWWR01000009.1_367	iHN637.CLJU_RS08925	56.2	411	179	1	1	410	1	411	4.25e-151	435
NZ_FWWR01000009.1_367	iYO844.BSU39400	54.9	432	189	2	1	431	1	427	4.88e-150	432
NZ_FWWR01000009.1_367	iCN900.CD630_12250	51.9	439	205	4	1	435	6	442	7.47e-145	420
NZ_FWWR01000009.1_367	iYS854.USA300HOU_RS11530	53.8	407	187	1	1	406	1	407	7.85e-144	417
NZ_FWWR01000009.1_367	iLJ478.TM1653	51.9	437	202	4	1	432	1	434	7.52e-142	412
NZ_FWWR01000009.1_371	iCN900.CD630_20500	43.9	237	129	3	1	233	1	237	2.02e-68	210
NZ_FWWR01000009.1_371	iNF517.LLMG_RS06045	46.4	233	121	3	1	230	1	232	3.56e-64	199
NZ_FWWR01000009.1_375	iCN900.CD630_18160	44.0	209	111	1	4	206	6	214	1.19e-54	173
NZ_FWWR01000009.1_375	iYO844.BSU22890	43.0	214	112	1	3	206	6	219	7.19e-50	161
NZ_FWWR01000009.1_375	iAF987.Gmet_0865	43.0	214	112	2	4	207	8	221	1.81e-49	160
NZ_FWWR01000009.1_375	iLJ478.TM1443	42.3	213	116	1	2	207	3	215	1.81e-49	160
NZ_FWWR01000009.1_376	iCN900.CD630_18170	40.7	150	88	1	13	161	14	163	4.73e-36	124
NZ_FWWR01000009.1_377	iHN637.CLJU_RS10465	42.3	634	347	9	7	624	2	632	2.76e-156	466
NZ_FWWR01000009.1_379	iAF692.Mbar_A1238	33.8	142	93	1	6	147	11	151	7.39e-21	87.4
NZ_FWWR01000009.1_379	iAF987.Gmet_1568	26.1	222	137	4	11	231	19	214	1.41e-17	79.0
NZ_FWWR01000009.1_381	iYS854.USA300HOU_RS10340	40.7	656	370	10	3	644	7	657	3.15e-142	429
NZ_FWWR01000009.1_381	iSSON_1240.SSON_2500	37.1	666	399	11	3	650	7	670	1.20e-129	397
NZ_FWWR01000009.1_381	iSF_1195.SF2466	37.1	666	399	11	3	650	7	670	4.72e-129	395
NZ_FWWR01000009.1_381	iML1515.b2411	36.9	666	400	11	3	650	7	670	6.65e-129	395
NZ_FWWR01000009.1_381	iSDY_1059.SDY_2608	36.8	666	401	11	3	650	7	670	1.32e-128	394
NZ_FWWR01000009.1_381	STM_v1_0.STM2427	37.4	666	397	11	3	650	7	670	5.20e-128	392
NZ_FWWR01000009.1_383	iAF987.Gmet_0075	42.1	482	267	6	1	476	1	476	4.30e-122	365
NZ_FWWR01000009.1_383	iCN718.ABAYE_RS04050	42.5	468	256	6	2	462	3	464	3.40e-120	360
NZ_FWWR01000009.1_383	iAF692.Mbar_A0883	43.2	465	243	9	18	476	15	464	1.28e-118	355
NZ_FWWR01000009.1_383	iSynCJ816.SGL_RS07160	41.1	479	272	5	1	476	1	472	1.32e-114	345
NZ_FWWR01000009.1_383	iYS854.USA300HOU_RS10320	41.4	435	245	5	33	462	33	462	5.60e-114	344
NZ_FWWR01000009.1_383	iLJ478.TM1272	40.1	476	262	7	1	474	4	458	2.32e-113	342
NZ_FWWR01000009.1_384	iLJ478.TM1273	51.3	480	226	3	1	472	1	480	5.37e-171	489
NZ_FWWR01000009.1_386	iYS854.USA300HOU_RS01625	30.7	287	185	7	1	277	147	429	2.19e-33	125
NZ_FWWR01000009.1_386	iHN637.CLJU_RS08715	29.1	278	183	2	1	264	154	431	1.37e-32	124
NZ_FWWR01000009.1_386	iYO844.BSU29600	29.0	286	187	7	1	274	153	434	3.15e-30	117
NZ_FWWR01000009.1_386	iYO844.BSU26690	29.0	293	184	11	1	277	154	438	2.06e-29	115
NZ_FWWR01000009.1_389	iHN637.CLJU_RS08715	61.7	47	18	0	13	59	17	63	5.52e-13	60.8
NZ_FWWR01000009.1_389	iYO844.BSU26690	56.6	53	23	0	6	58	10	62	1.03e-12	60.1
NZ_FWWR01000009.1_389	iYO844.BSU29600	56.5	46	20	0	13	58	17	62	1.26e-11	57.0
NZ_FWWR01000009.1_389	iYS854.USA300HOU_RS01625	49.1	57	28	1	1	57	1	56	6.03e-11	55.1
NZ_FWWR01000009.1_391	iCN900.CD630_17850	56.0	398	173	2	12	408	3	399	6.74e-158	450
NZ_FWWR01000009.1_391	iHN637.CLJU_RS03295	51.0	398	194	1	13	410	4	400	1.95e-150	431
NZ_FWWR01000009.1_392	iCN900.CD630_25000	53.9	432	198	1	1	432	1	431	5.98e-154	444
NZ_FWWR01000009.1_392	iHN637.CLJU_RS03300	51.7	431	207	1	1	431	1	430	4.50e-151	436
NZ_FWWR01000009.1_392	iAF987.Gmet_0209	48.7	450	231	0	3	452	6	455	2.46e-145	422
NZ_FWWR01000009.1_392	iCN718.ABAYE_RS17470	47.7	457	238	1	3	458	19	475	6.00e-143	417
NZ_FWWR01000009.1_392	iYO844.BSU29440	47.3	450	237	0	3	452	4	453	2.63e-140	410
NZ_FWWR01000009.1_392	iNF517.LLMG_RS00755	47.4	454	239	0	3	456	5	458	6.44e-138	404
NZ_FWWR01000009.1_393	iAF692.Mbar_A1586	51.9	441	208	2	5	443	3	441	5.10e-159	461
NZ_FWWR01000009.1_393	iJN1463.PP_5346	51.5	445	213	1	1	445	1	442	2.94e-157	457
NZ_FWWR01000009.1_393	iYL1228.KPN_00031	50.2	454	212	3	4	447	2	451	1.45e-151	442
NZ_FWWR01000009.1_393	STM_v1_0.STM0055	50.2	454	212	3	4	447	2	451	9.05e-151	441
NZ_FWWR01000009.1_393	STM_v1_0.STM3352	50.2	454	212	3	4	447	2	451	9.05e-151	441
NZ_FWWR01000009.1_393	iLJ478.TM0128	50.1	441	215	3	7	447	2	437	7.70e-147	426
NZ_FWWR01000009.1_395	iNF517.LLMG_RS04060	38.9	499	296	3	9	506	1	491	3.63e-108	330
NZ_FWWR01000009.1_395	iHN637.CLJU_RS00620	37.3	498	300	5	13	506	8	497	5.54e-106	325
NZ_FWWR01000009.1_395	iYO844.BSU35940	36.7	501	305	4	9	506	1	492	1.61e-103	318
NZ_FWWR01000009.1_395	iPC815.YPO1508	35.6	491	308	3	11	499	14	498	2.51e-99	308
NZ_FWWR01000009.1_395	iML1515.b4087	35.9	504	307	6	8	499	3	502	7.88e-99	307
NZ_FWWR01000009.1_395	iYL1228.KPN_02587	35.5	487	310	2	13	499	1	483	6.44e-99	306
NZ_FWWR01000009.1_395	iLJ478.TM0115	35.7	496	305	5	14	502	18	506	1.62e-97	304
NZ_FWWR01000009.1_395	iCN900.CD630_03010	34.1	504	323	4	9	510	4	500	2.81e-97	303
NZ_FWWR01000009.1_395	STM_v1_0.STM2189	34.4	489	317	2	11	499	14	498	1.33e-95	298
NZ_FWWR01000009.1_396	iML1515.b4086	30.7	153	88	7	210	352	180	324	1.33e-08	55.5
NZ_FWWR01000009.1_397	iJN1463.PP_4842	29.6	152	90	4	152	300	343	480	3.25e-07	51.2
NZ_FWWR01000009.1_397	iML1515.b3750	35.3	85	54	1	169	253	187	270	5.59e-07	50.1
NZ_FWWR01000009.1_397	iSynCJ816.SGL_RS11390	23.6	250	154	6	58	300	58	277	4.87e-07	50.1
NZ_FWWR01000009.1_397	iYL1228.KPN_04155	32.9	85	56	1	169	253	187	270	2.37e-06	48.1
NZ_FWWR01000009.1_397	STM_v1_0.STM3883	32.3	93	61	2	161	253	180	270	1.00e-05	46.2
NZ_FWWR01000009.1_401	iAF692.Mbar_A1776	24.5	184	108	5	189	345	11	190	2.56e-08	56.2
NZ_FWWR01000009.1_404	iYS854.USA300HOU_RS04515	48.4	244	124	1	6	247	5	248	2.95e-82	246
NZ_FWWR01000009.1_405	iYS854.USA300HOU_RS04535	51.4	469	224	3	1	469	1	465	1.65e-167	479
NZ_FWWR01000009.1_406	iYS854.USA300HOU_RS04520	32.1	162	106	2	174	331	274	435	6.99e-19	86.7
NZ_FWWR01000009.1_407	iSynCJ816.SGL_RS15265	48.2	396	199	3	10	400	13	407	5.91e-126	370
NZ_FWWR01000009.1_407	iCN718.ABAYE_RS11400	45.9	401	212	3	7	404	250	648	3.84e-109	334
NZ_FWWR01000009.1_408	iYS854.USA300HOU_RS04530	36.8	136	84	1	9	144	5	138	1.22e-26	97.8
NZ_FWWR01000009.1_410	iCN900.CD630_12790	47.6	361	183	3	3	357	6	366	2.76e-116	343
NZ_FWWR01000009.1_411	iSynCJ816.SGL_RS13900	27.7	311	191	9	92	391	64	351	7.09e-14	72.4
NZ_FWWR01000009.1_412	iCN900.CD630_12820	52.7	874	412	1	1	873	1	874	0.0	921
NZ_FWWR01000009.1_417	iCN900.CD630_27420	24.4	123	78	3	36	150	26	141	1.16e-05	46.2
NZ_FWWR01000009.1_418	iCN718.ABAYE_RS12870	28.1	178	109	3	42	216	34	195	2.14e-18	79.3
NZ_FWWR01000009.1_420	iYO844.BSU27330	59.0	205	84	0	2	206	3	207	1.90e-84	248
NZ_FWWR01000009.1_420	iYS854.USA300HOU_RS08580	56.0	207	91	0	1	207	1	207	3.66e-81	240
NZ_FWWR01000009.1_420	iNF517.LLMG_RS03940	55.3	206	92	0	1	206	1	206	6.34e-77	229
NZ_FWWR01000009.1_424	iCN900.CD630_06960	47.3	444	223	4	7	440	16	458	1.73e-118	353
NZ_FWWR01000009.1_425	iCN900.CD630_06970	49.5	212	107	0	1	212	1	212	2.38e-68	208
NZ_FWWR01000009.1_429	iIT341.HP0381	39.4	249	137	5	25	266	24	265	3.63e-40	140
NZ_FWWR01000009.1_437	iHN637.CLJU_RS04570	65.0	400	136	3	13	410	1	398	9.64e-184	516
NZ_FWWR01000009.1_439	iAF987.Gmet_0069	35.0	123	75	2	1	118	1	123	1.70e-14	70.9
NZ_FWWR01000009.1_439	iAF987.Gmet_1706	35.0	117	67	3	4	115	2	114	8.62e-14	68.9
NZ_FWWR01000009.1_439	iAF987.Gmet_1919	32.3	133	75	3	5	126	5	133	2.12e-12	65.1
NZ_FWWR01000009.1_441	iYS854.USA300HOU_RS03935	79.6	162	33	0	2	163	5	166	1.70e-98	280
NZ_FWWR01000009.1_442	iJN1463.PP_1226	37.6	226	120	9	3	216	7	223	6.56e-32	115
NZ_FWWR01000009.1_442	iAF987.Gmet_3075	35.3	224	131	6	3	217	6	224	6.21e-28	105
NZ_FWWR01000009.1_444	iCN900.CD630_01200	52.2	611	287	4	1	607	1	610	8.66e-227	641
NZ_FWWR01000009.1_444	iHN637.CLJU_RS19905	49.8	610	301	4	1	607	1	608	9.13e-211	600
NZ_FWWR01000009.1_448	iCN900.CD630_03450	22.3	220	137	9	10	220	4	198	1.42e-06	49.3
NZ_FWWR01000009.1_449	iCN900.CD630_07080	44.7	477	263	1	21	497	5	480	1.56e-138	407
NZ_FWWR01000009.1_457	iCN900.CD630_35180	48.8	449	227	3	13	459	2	449	2.23e-138	404
NZ_FWWR01000009.1_457	iHN637.CLJU_RS20600	45.4	452	243	3	10	459	7	456	2.06e-127	377
NZ_FWWR01000009.1_460	iAM_Pf480.PF3D7_1454400	32.2	618	354	12	6	562	139	752	5.40e-87	285
NZ_FWWR01000009.1_460	iAM_Pc455.PCYB_126090	30.4	622	356	11	6	552	12	631	4.45e-83	272
NZ_FWWR01000009.1_460	iAM_Pv461.PVX_117760	29.4	622	362	9	6	552	164	783	6.36e-81	270
NZ_FWWR01000009.1_460	iAM_Pb448.PBANKA_131810	30.3	631	370	13	6	569	133	760	8.46e-81	269
NZ_FWWR01000009.1_462	iYS854.USA300HOU_RS04115	42.3	272	156	1	29	299	26	297	3.95e-74	229
NZ_FWWR01000009.1_463	iCN900.CD630_26820	64.3	1175	413	4	1	1170	1	1174	0.0	1540
NZ_FWWR01000009.1_463	iHN637.CLJU_RS04605	63.0	1169	424	5	3	1170	2	1163	0.0	1506
NZ_FWWR01000009.1_463	iHN637.CLJU_RS14475	61.2	1170	450	3	1	1170	1	1166	0.0	1454
NZ_FWWR01000009.1_466	iCN900.CD630_15170	23.5	204	143	5	173	375	23	214	2.63e-08	55.8
NZ_FWWR01000009.1_466	iHN637.CLJU_RS10635	28.2	202	120	10	176	367	2	188	6.90e-07	51.2
NZ_FWWR01000009.1_467	iYS854.USA300HOU_RS06885	39.0	200	103	6	4	191	7	199	5.49e-29	106
NZ_FWWR01000009.1_467	iJN1463.PP_0391	37.8	193	108	6	1	188	1	186	7.39e-26	98.2
NZ_FWWR01000009.1_468	iCN900.CD630_26300	52.3	331	156	2	2	330	7	337	2.13e-110	324
NZ_FWWR01000009.1_468	iHN637.CLJU_RS06125	50.8	327	159	2	3	327	5	331	1.03e-105	312
NZ_FWWR01000009.1_468	iYO844.BSU22830	50.6	334	160	3	2	330	3	336	1.18e-102	305
NZ_FWWR01000009.1_470	iCN900.CD630_26230	47.6	227	115	4	2	224	6	232	4.00e-60	188
NZ_FWWR01000009.1_473	STM_v1_0.STM0047	34.2	149	90	4	11	154	20	165	4.69e-15	68.2
NZ_FWWR01000009.1_474	iCN900.CD630_25960	45.1	286	150	6	14	293	17	301	1.61e-77	238
NZ_FWWR01000009.1_474	iYS854.USA300HOU_RS06015	43.5	271	149	3	24	291	28	297	7.80e-76	233
NZ_FWWR01000009.1_474	iNF517.LLMG_RS07670	42.3	284	159	4	14	293	14	296	5.03e-73	226
NZ_FWWR01000009.1_474	iSF_1195.SF2653	44.3	289	140	6	13	284	18	302	4.30e-69	217
NZ_FWWR01000009.1_474	iSSON_1240.SSON_2720	44.3	289	140	6	13	284	18	302	4.30e-69	217
NZ_FWWR01000009.1_474	iSbBS512_1146.SbBS512_E2975	44.3	289	140	6	13	284	18	302	8.59e-69	216
NZ_FWWR01000009.1_474	iSDY_1059.SDY_2837	43.9	289	141	6	13	284	18	302	3.42e-68	214
NZ_FWWR01000009.1_475	iCN900.CD630_25950	57.3	171	63	2	5	167	7	175	9.31e-58	178
NZ_FWWR01000009.1_475	iYS854.USA300HOU_RS06020	54.1	172	73	1	2	167	3	174	1.34e-54	170
NZ_FWWR01000009.1_475	iHN637.CLJU_RS05275	52.3	172	77	1	1	167	3	174	6.66e-53	166
NZ_FWWR01000009.1_478	iYL1228.KPN_04156	58.6	162	66	1	3	163	103	264	2.73e-60	188
NZ_FWWR01000009.1_478	STM_v1_0.STM3884	59.4	160	64	1	3	161	103	262	1.24e-58	184
NZ_FWWR01000009.1_478	iML1515.b3751	59.4	160	64	1	3	161	103	262	2.49e-58	183
NZ_FWWR01000009.1_478	iYO844.BSU35960	58.4	161	66	1	2	162	113	272	9.03e-58	182
NZ_FWWR01000009.1_479	iPC815.YPO0008	39.5	301	181	1	4	304	5	304	1.48e-59	192
NZ_FWWR01000009.1_479	iSF_1195.SF3835	38.3	300	184	1	5	304	12	310	6.04e-57	186
NZ_FWWR01000009.1_479	iML1515.b3752	38.3	300	184	1	5	304	7	305	7.43e-57	185
NZ_FWWR01000009.1_479	iSSON_1240.SSON_3922	38.3	300	184	1	5	304	7	305	7.43e-57	185
NZ_FWWR01000009.1_479	iSbBS512_1146.SbBS512_E4167	38.3	300	184	1	5	304	7	305	1.05e-56	185
NZ_FWWR01000009.1_479	iYL1228.KPN_04157	38.1	302	184	3	4	304	7	306	3.34e-55	181
NZ_FWWR01000009.1_479	iSDY_1059.SDY_3995	37.7	300	186	1	5	304	7	305	1.81e-54	179
NZ_FWWR01000009.1_479	iLJ478.TM0960	38.9	303	175	6	5	306	5	298	2.14e-53	176
NZ_FWWR01000009.1_479	STM_v1_0.STM3885	36.7	300	189	1	5	304	7	305	1.56e-52	174
NZ_FWWR01000009.1_483	iHN637.CLJU_RS03910	27.0	200	136	7	178	375	15	206	8.53e-10	60.1
NZ_FWWR01000009.1_489	iJN1463.PP_1308	30.8	172	91	7	93	259	86	234	1.21e-06	50.1
NZ_FWWR01000009.1_499	iML1515.b2700	33.8	151	98	1	253	401	7	157	2.37e-19	84.3
NZ_FWWR01000009.1_500	iHN637.CLJU_RS06515	49.7	191	77	2	1	172	1	191	2.20e-52	165
NZ_FWWR01000009.1_503	iAF987.Gmet_1593	49.3	142	72	0	1	142	6	147	3.58e-47	149
NZ_FWWR01000009.1_504	iHN637.CLJU_RS10465	34.8	112	66	1	584	688	521	632	1.17e-12	70.9
NZ_FWWR01000009.1_506	iHN637.CLJU_RS06475	41.1	299	169	5	3	296	1	297	4.89e-71	222
NZ_FWWR01000009.1_506	iCN900.CD630_13150	37.7	308	192	0	1	308	1	308	5.04e-70	219
NZ_FWWR01000009.1_507	iYS854.USA300HOU_RS06405	43.6	257	132	7	2	246	3	258	9.42e-59	189
NZ_FWWR01000009.1_508	iHN637.CLJU_RS06465	33.0	321	208	5	1	316	1	319	8.80e-56	183
NZ_FWWR01000009.1_510	iCN900.CD630_24930	31.5	216	131	8	280	485	5	213	6.82e-18	87.8
NZ_FWWR01000009.1_510	iML1515.b3590	31.9	226	139	9	280	496	2	221	2.66e-17	85.9
NZ_FWWR01000009.1_515	iHN637.CLJU_RS06430	56.2	349	153	0	6	354	1	349	1.42e-142	407
NZ_FWWR01000009.1_515	iCN900.CD630_21280	54.5	347	158	0	8	354	5	351	3.84e-138	396
NZ_FWWR01000009.1_515	iYO844.BSU25070	54.2	349	160	0	4	352	5	353	3.54e-135	389
NZ_FWWR01000009.1_515	iAF987.Gmet_1353	52.0	346	166	0	9	354	3	348	4.83e-130	375
NZ_FWWR01000009.1_517	iCN900.CD630_21350	37.3	252	149	6	10	254	3	252	2.17e-38	134
NZ_FWWR01000009.1_518	iHN637.CLJU_RS06410	54.0	235	108	0	3	237	20	254	3.01e-92	271
NZ_FWWR01000009.1_518	iYO844.BSU16530	52.1	236	113	0	2	237	25	260	1.93e-84	251
NZ_FWWR01000009.1_520	iCN900.CD630_21380	65.4	234	79	2	2	235	3	234	4.66e-107	308
NZ_FWWR01000009.1_520	iHN637.CLJU_RS06400	65.4	231	79	1	4	234	5	234	1.04e-106	307
NZ_FWWR01000009.1_520	iYO844.BSU16510	65.7	236	79	1	2	235	3	238	1.64e-106	306
NZ_FWWR01000009.1_520	iNF517.LLMG_RS11470	61.7	235	88	1	2	234	3	237	1.59e-101	294
NZ_FWWR01000009.1_520	iYS854.USA300HOU_RS06340	60.5	233	90	1	4	234	6	238	1.07e-97	284
NZ_FWWR01000009.1_524	iML1515.b4087	28.2	238	153	6	4	226	6	240	1.08e-19	90.1
NZ_FWWR01000009.1_524	iYS854.USA300HOU_RS08305	28.3	187	119	5	16	190	23	206	3.59e-19	85.9
NZ_FWWR01000009.1_524	iLJ478.TM0115	30.2	235	144	8	9	226	20	251	5.09e-18	85.1
NZ_FWWR01000009.1_524	iCN900.CD630_03010	26.4	239	161	6	1	226	1	237	6.55e-18	84.7
NZ_FWWR01000009.1_524	iCN900.CD630_15870	27.8	212	141	4	6	206	7	217	1.16e-17	84.0
NZ_FWWR01000009.1_524	iJN1463.PP_3817	28.2	206	140	3	9	208	20	223	6.85e-18	84.0
NZ_FWWR01000009.1_524	iHN637.CLJU_RS10680	24.2	227	164	3	2	222	8	232	1.60e-17	82.8
NZ_FWWR01000009.1_524	iJN1463.PP_4863	28.6	210	143	6	6	209	8	216	2.98e-18	82.8
NZ_FWWR01000009.1_524	iPC815.YPO3804	25.5	208	148	5	7	208	5	211	3.73e-18	82.4
NZ_FWWR01000009.1_524	iJN1463.PP_1484	22.8	215	160	2	3	212	4	217	3.04e-17	81.6
NZ_FWWR01000009.1_525	iSynCJ816.SGL_RS05125	33.3	114	56	3	2	113	20	115	8.59e-07	50.4
NZ_FWWR01000009.1_525	iAF987.Gmet_2444	41.2	51	30	0	2	52	23	73	1.11e-05	47.0
NZ_FWWR01000009.1_529	iCN900.CD630_27390	60.4	588	231	2	3	588	2	589	2.18e-258	720
NZ_FWWR01000009.1_529	iAF987.Gmet_1357	55.0	591	262	3	1	588	1	590	1.40e-234	660
NZ_FWWR01000009.1_530	iHN637.CLJU_RS05190	31.4	462	282	10	16	470	19	452	2.10e-65	219
NZ_FWWR01000009.1_531	iCN900.CD630_27410	34.7	452	272	10	14	442	59	510	4.74e-81	259
NZ_FWWR01000009.1_531	iYO844.BSU09840	36.3	430	252	10	36	446	64	490	1.88e-74	241
NZ_FWWR01000009.1_532	iEK1008.Rv2581c	36.9	217	113	6	13	208	9	222	5.87e-37	128
NZ_FWWR01000009.1_532	iCN900.CD630_27420	32.2	202	134	2	7	205	3	204	4.85e-37	127
NZ_FWWR01000009.1_534	iCN900.CD630_27440	52.7	728	325	6	2	710	6	733	1.66e-275	774
NZ_FWWR01000009.1_534	iHN637.CLJU_RS16615	53.0	724	327	4	1	711	1	724	9.48e-275	772
NZ_FWWR01000009.1_534	iYO844.BSU27600	49.2	724	351	7	3	710	10	732	8.43e-258	729
NZ_FWWR01000009.1_536	iJN1463.PP_3461	25.9	455	323	7	2	450	10	456	1.71e-46	167
NZ_FWWR01000009.1_539	iYS854.USA300HOU_RS08720	69.2	367	112	1	4	369	6	372	1.01e-189	528
NZ_FWWR01000009.1_540	iYS854.USA300HOU_RS08725	55.6	340	148	3	1	337	1	340	3.85e-129	372
NZ_FWWR01000009.1_546	iCN900.CD630_26950	59.3	324	130	2	9	332	12	333	2.16e-132	380
NZ_FWWR01000009.1_561	iCN900.CD630_34630	38.0	384	228	6	5	384	7	384	3.96e-83	258
NZ_FWWR01000009.1_561	iHN637.CLJU_RS15830	37.7	377	233	2	4	378	6	382	3.42e-82	256
NZ_FWWR01000009.1_561	iHN637.CLJU_RS05895	36.9	377	235	3	4	378	6	381	2.56e-81	253
NZ_FWWR01000009.1_561	iHN637.CLJU_RS19890	37.6	378	230	5	4	378	6	380	8.69e-79	247
NZ_FWWR01000009.1_564	iCN900.CD630_27410	28.9	201	134	5	4	196	191	390	1.61e-16	80.1
NZ_FWWR01000009.1_567	iHN637.CLJU_RS06285	46.3	67	36	0	3	69	4	70	1.20e-16	67.0
NZ_FWWR01000009.1_567	iJN1463.PP_1915	42.3	71	41	0	1	71	4	74	8.15e-15	62.4
NZ_FWWR01000009.1_567	iYS854.USA300HOU_RS06195	39.4	71	43	0	3	73	5	75	1.60e-14	61.6
NZ_FWWR01000009.1_567	iPC815.YPO1600	43.5	69	39	0	1	69	4	72	1.64e-14	61.6
NZ_FWWR01000009.1_567	iML1515.b1094	43.5	69	39	0	1	69	4	72	3.30e-14	60.8
NZ_FWWR01000009.1_567	iYL1228.KPN_01092	43.5	69	39	0	1	69	4	72	3.30e-14	60.8
NZ_FWWR01000009.1_567	STM_v1_0.STM1196	43.5	69	39	0	1	69	4	72	3.30e-14	60.8
NZ_FWWR01000009.1_567	iSbBS512_1146.SbBS512_E2230	43.5	69	39	0	1	69	4	72	3.30e-14	60.8
NZ_FWWR01000009.1_567	iSDY_1059.SDY_2056	43.5	69	39	0	1	69	4	72	3.30e-14	60.8
NZ_FWWR01000009.1_567	iSF_1195.SF1098	43.5	69	39	0	1	69	4	72	3.30e-14	60.8
NZ_FWWR01000009.1_567	iSSON_1240.SSON_1114	43.5	69	39	0	1	69	4	72	3.30e-14	60.8
NZ_FWWR01000009.1_568	iCN900.CD630_11780	45.6	329	174	3	1	324	1	329	7.15e-90	271
NZ_FWWR01000009.1_568	iHN637.CLJU_RS06280	45.2	323	173	2	1	319	1	323	1.79e-81	250
NZ_FWWR01000009.1_569	iCN900.CD630_33080	49.9	433	204	3	4	424	6	437	2.51e-136	398
NZ_FWWR01000009.1_570	iAF987.Gmet_1425	32.6	221	111	6	239	422	197	416	3.32e-26	109
NZ_FWWR01000009.1_570	iHN637.CLJU_RS00915	35.5	186	107	4	240	418	137	316	8.72e-24	103
NZ_FWWR01000009.1_570	iYO844.BSU35620	32.2	180	116	3	242	421	321	494	1.14e-22	99.8
NZ_FWWR01000009.1_571	iAF692.Mbar_A1035	28.4	268	160	12	35	284	43	296	3.60e-16	77.8
NZ_FWWR01000009.1_571	iAF987.Gmet_0116	22.5	253	182	4	35	279	39	285	4.45e-14	71.6
NZ_FWWR01000009.1_578	iML1515.b1655	42.6	136	70	4	188	315	130	265	3.23e-22	93.6
NZ_FWWR01000009.1_578	iML1515.b2175	44.3	106	57	2	210	315	82	185	5.84e-22	90.9
NZ_FWWR01000009.1_583	iAF987.Gmet_1762	38.1	370	166	8	19	332	19	381	5.57e-67	215
NZ_FWWR01000009.1_585	iCN900.CD630_23350	31.8	88	52	3	106	189	129	212	2.59e-05	43.9
NZ_FWWR01000009.1_585	iCN718.ABAYE_RS01355	27.8	126	78	4	70	192	87	202	6.25e-05	42.7
NZ_FWWR01000009.1_586	iCN900.CD630_24320	45.5	692	368	7	1	689	1	686	5.90e-199	577
NZ_FWWR01000009.1_587	iCN900.CD630_24330	68.4	291	92	0	1	291	1	291	4.65e-159	444
NZ_FWWR01000009.1_589	iHN637.CLJU_RS10635	29.6	159	103	5	9	167	6	155	2.97e-07	51.2
NZ_FWWR01000009.1_589	iCN900.CD630_32740	28.4	162	105	6	7	167	4	155	7.26e-07	50.1
NZ_FWWR01000009.1_589	iML1515.b3409	25.7	167	114	4	7	169	6	166	1.35e-06	49.3
NZ_FWWR01000009.1_589	iSbBS512_1146.SbBS512_E3790	25.7	167	114	4	7	169	6	166	1.80e-06	48.9
NZ_FWWR01000009.1_589	iSDY_1059.SDY_3667	25.7	167	114	4	7	169	6	166	1.80e-06	48.9
NZ_FWWR01000009.1_589	iSF_1195.SF3428	25.7	167	114	4	7	169	6	166	1.80e-06	48.9
NZ_FWWR01000009.1_589	iSSON_1240.SSON_3540	25.1	167	115	4	7	169	6	166	9.94e-06	46.6
NZ_FWWR01000009.1_590	iHN637.CLJU_RS08905	59.1	132	51	3	1	130	1	131	6.65e-44	140
NZ_FWWR01000009.1_590	iCN900.CD630_24380	51.9	133	59	2	1	129	1	132	2.46e-39	128
NZ_FWWR01000009.1_591	iCN900.CD630_24390	45.2	228	122	1	5	232	9	233	6.98e-61	191
NZ_FWWR01000009.1_599	iML1515.b1103	48.6	105	53	1	4	107	6	110	1.38e-32	110
NZ_FWWR01000009.1_603	iMM904.YBR034C	37.7	77	45	2	161	235	56	131	2.39e-06	48.1
NZ_FWWR01000009.1_605	STM_v1_0.STM0659	34.4	488	298	8	5	485	8	480	2.80e-85	276
NZ_FWWR01000009.1_605	iML1515.b0650	34.4	488	298	7	5	485	8	480	3.63e-85	276
NZ_FWWR01000009.1_605	iSSON_1240.SSON_0604	34.4	488	298	7	5	485	8	480	3.63e-85	276
NZ_FWWR01000009.1_605	iSbBS512_1146.SbBS512_E0599	34.2	488	299	7	5	485	8	480	1.00e-84	275
NZ_FWWR01000009.1_609	iSynCJ816.SGL_RS17200	26.2	492	221	16	8	376	9	481	1.56e-25	111
NZ_FWWR01000009.1_609	iEK1008.Rv0684	22.0	695	300	19	7	481	13	685	4.91e-25	109
NZ_FWWR01000009.1_610	iCN900.CD630_24640	40.2	388	210	3	23	388	2	389	8.96e-86	265
NZ_FWWR01000009.1_610	iHN637.CLJU_RS03910	39.6	381	216	5	16	388	5	379	1.53e-84	262
NZ_FWWR01000009.1_619	iCN900.CD630_21190	40.8	292	146	8	3	270	4	292	1.37e-57	186
NZ_FWWR01000009.1_620	iCN900.CD630_21180	43.8	489	256	8	1	472	1	487	3.01e-130	386
NZ_FWWR01000009.1_620	iHN637.CLJU_RS16355	44.8	446	231	7	3	435	6	449	6.79e-127	377
NZ_FWWR01000009.1_620	iNF517.LLMG_RS11965	43.2	456	243	7	3	444	5	458	1.01e-117	354
NZ_FWWR01000009.1_621	iHN637.CLJU_RS02950	51.1	411	198	1	12	419	7	417	8.39e-141	408
NZ_FWWR01000009.1_621	iLJ478.TM0293	50.1	413	206	0	7	419	2	414	4.33e-140	406
NZ_FWWR01000009.1_622	iHN637.CLJU_RS02945	48.4	252	130	0	9	260	12	263	3.89e-76	231
NZ_FWWR01000009.1_625	iHN637.CLJU_RS18335	63.1	778	260	4	1	776	5	757	0.0	973
NZ_FWWR01000009.1_626	iNF517.LLMG_RS01445	54.1	170	72	3	2	169	3	168	2.84e-55	171
NZ_FWWR01000009.1_633	iSF_1195.SF4252	38.7	715	414	14	4	707	5	706	1.70e-153	461
NZ_FWWR01000009.1_633	iYL1228.KPN_04646	38.7	715	414	15	4	707	5	706	2.40e-153	461
NZ_FWWR01000009.1_633	iSbBS512_1146.SbBS512_E4846	38.8	719	408	15	4	707	5	706	2.40e-153	461
NZ_FWWR01000009.1_633	iSSON_1240.SSON_4419	38.7	719	409	15	4	707	5	706	2.40e-153	461
NZ_FWWR01000009.1_633	iML1515.b4238	38.7	719	409	15	4	707	5	706	4.79e-153	460
NZ_FWWR01000009.1_633	iSDY_1059.SDY_4257	38.5	719	410	15	4	707	5	706	1.34e-152	459
NZ_FWWR01000009.1_633	STM_v1_0.STM4452	38.2	719	412	15	4	707	5	706	4.19e-151	455
NZ_FWWR01000009.1_633	iNF517.LLMG_RS01465	37.3	714	430	11	2	707	15	718	3.14e-147	446
NZ_FWWR01000009.1_633	iPC815.YPO3454	37.4	716	422	16	4	707	5	706	5.50e-145	439
NZ_FWWR01000009.1_633	iYS854.USA300HOU_RS14200	39.2	605	347	12	113	707	18	611	6.15e-146	439
NZ_FWWR01000009.1_634	iYS854.USA300HOU_RS14195	39.5	162	93	4	5	162	15	175	2.81e-35	120
NZ_FWWR01000009.1_634	STM_v1_0.STM4451	39.3	150	84	4	1	145	1	148	8.10e-35	119
NZ_FWWR01000009.1_634	iSF_1195.SF4253	39.3	150	84	4	1	145	1	148	8.10e-35	119
NZ_FWWR01000009.1_634	iSSON_1240.SSON_4418	39.3	150	84	4	1	145	1	148	8.10e-35	119
NZ_FWWR01000009.1_634	iML1515.b4237	38.7	150	85	4	1	145	1	148	3.25e-34	117
NZ_FWWR01000009.1_634	iSbBS512_1146.SbBS512_E4847	38.7	150	85	4	1	145	1	148	3.25e-34	117
NZ_FWWR01000009.1_634	iSDY_1059.SDY_4256	38.7	150	85	4	1	145	1	148	3.25e-34	117
NZ_FWWR01000009.1_634	iYL1228.KPN_04645	38.0	150	86	4	1	145	1	148	2.61e-33	115
NZ_FWWR01000009.1_635	iAF987.Gmet_1627	73.4	79	21	0	3	81	75	153	1.99e-39	127
NZ_FWWR01000009.1_635	iCN900.CD630_16970	72.5	80	22	0	3	82	73	152	2.67e-39	127
NZ_FWWR01000009.1_635	iHN637.CLJU_RS10825	69.6	79	24	0	3	81	74	152	1.44e-36	120
NZ_FWWR01000009.1_635	iNF517.LLMG_RS07695	66.3	80	27	0	3	82	74	153	8.52e-36	118
NZ_FWWR01000009.1_635	iYS854.USA300HOU_RS09385	67.9	81	26	0	3	83	73	153	3.44e-35	116
NZ_FWWR01000009.1_636	iNF517.LLMG_RS07695	53.3	75	35	0	1	75	1	75	1.85e-24	89.4
NZ_FWWR01000009.1_636	iCN900.CD630_16970	57.5	73	31	0	3	75	2	74	3.62e-24	88.6
NZ_FWWR01000009.1_636	iHN637.CLJU_RS10825	52.0	75	36	0	1	75	1	75	4.12e-23	85.9
NZ_FWWR01000009.1_636	iYO844.BSU23250	52.0	75	36	0	1	75	1	75	3.38e-22	83.6
NZ_FWWR01000009.1_636	iYS854.USA300HOU_RS09385	57.7	71	30	0	5	75	4	74	1.35e-21	82.0
NZ_FWWR01000009.1_637	iCN900.CD630_17290	34.2	532	345	3	15	545	7	534	7.68e-90	286
NZ_FWWR01000009.1_644	iML1515.b1010	33.3	114	76	0	11	124	13	126	4.28e-21	81.6
NZ_FWWR01000009.1_644	iSDY_1059.SDY_0985	33.3	114	76	0	11	124	13	126	4.28e-21	81.6
NZ_FWWR01000009.1_644	iSF_1195.SF1013	32.5	114	77	0	11	124	13	126	1.93e-19	77.4
NZ_FWWR01000009.1_646	iYS854.USA300HOU_RS06935	32.1	209	132	4	70	276	99	299	3.74e-27	107
NZ_FWWR01000009.1_646	iYS854.USA300HOU_RS12505	30.1	302	179	12	14	294	14	304	2.65e-27	107
NZ_FWWR01000009.1_648	iCN900.CD630_25240	41.9	198	111	3	3	197	29	225	1.14e-49	160
NZ_FWWR01000009.1_648	iHN637.CLJU_RS03645	39.4	203	117	3	1	197	1	203	1.11e-46	152
NZ_FWWR01000009.1_650	iML1515.b4173	30.8	159	99	5	118	265	147	305	2.27e-07	52.4
NZ_FWWR01000009.1_656	iCN900.CD630_21560	51.9	455	216	3	15	468	4	456	2.16e-156	451
NZ_FWWR01000009.1_656	iLJ478.TM1267	49.9	473	225	8	4	470	7	473	6.17e-152	440
NZ_FWWR01000009.1_657	iCN900.CD630_21550	44.6	352	187	1	7	350	3	354	4.92e-98	294
NZ_FWWR01000009.1_660	iCN900.CD630_05740	60.8	627	245	1	3	628	4	630	5.38e-284	789
NZ_FWWR01000009.1_661	iAF692.Mbar_A1559	50.7	69	34	0	1	69	1	69	7.91e-14	59.3
NZ_FWWR01000009.1_663	iSynCJ816.SGL_RS17805	34.0	347	223	3	38	381	21	364	7.26e-69	223
NZ_FWWR01000009.1_663	iCN900.CD630_21730	38.6	342	202	7	43	382	16	351	1.69e-66	216
NZ_FWWR01000009.1_663	iSynCJ816.SGL_RS15740	33.3	366	238	5	43	405	13	375	6.98e-66	215
NZ_FWWR01000009.1_663	iYS854.USA300HOU_RS02885	34.3	361	231	4	35	394	6	361	3.64e-65	213
NZ_FWWR01000009.1_663	iYO844.BSU14190	31.6	370	242	4	43	410	5	365	4.95e-64	209
NZ_FWWR01000009.1_667	iCN900.CD630_02510	26.7	292	170	8	283	553	126	394	1.60e-12	69.3
NZ_FWWR01000009.1_668	STM_v1_0.STM4085	49.1	330	152	4	1	317	1	327	5.95e-103	305
NZ_FWWR01000009.1_668	iML1515.b3925	48.5	330	154	4	1	317	1	327	1.69e-102	303
NZ_FWWR01000009.1_668	iSbBS512_1146.SbBS512_E4407	48.5	330	154	4	1	317	1	327	1.69e-102	303
NZ_FWWR01000009.1_668	iSDY_1059.SDY_3819	48.5	330	154	4	1	317	1	327	1.69e-102	303
NZ_FWWR01000009.1_668	iSF_1195.SF4003	48.5	330	154	4	1	317	1	327	1.69e-102	303
NZ_FWWR01000009.1_668	iSSON_1240.SSON_4094	48.5	330	154	4	1	317	1	327	1.69e-102	303
NZ_FWWR01000009.1_668	iYL1228.KPN_04001	47.6	330	157	3	1	317	1	327	1.94e-101	301
NZ_FWWR01000009.1_668	iEK1008.Rv1099c	50.3	324	151	6	2	321	30	347	3.60e-100	298
NZ_FWWR01000009.1_669	iHN637.CLJU_RS19520	67.4	215	70	0	1	215	1	215	1.45e-99	287
NZ_FWWR01000009.1_669	iCN900.CD630_23290	66.0	215	73	0	1	215	1	215	1.17e-96	280
NZ_FWWR01000009.1_669	iAF987.Gmet_0497	67.0	212	70	0	1	212	1	212	3.43e-93	271
NZ_FWWR01000009.1_670	iCN900.CD630_00480	62.3	154	58	0	1	154	1	154	8.29e-67	200
NZ_FWWR01000009.1_670	iAF987.Gmet_0059	60.9	156	61	0	1	156	1	156	6.56e-63	190
NZ_FWWR01000009.1_670	iHN637.CLJU_RS00770	62.3	154	58	0	1	154	1	154	5.72e-62	187
NZ_FWWR01000009.1_670	iYO844.BSU00910	58.3	156	65	0	2	157	3	158	2.25e-61	186
NZ_FWWR01000009.1_671	iCN900.CD630_00470	43.3	224	126	1	8	231	3	225	1.09e-58	185
NZ_FWWR01000009.1_671	iYO844.BSU00900	42.2	223	126	3	10	231	6	226	7.78e-55	175
NZ_FWWR01000009.1_672	iAF987.Gmet_0406	30.3	423	253	13	79	474	149	556	2.35e-41	156
NZ_FWWR01000009.1_672	iAF987.Gmet_0928	30.3	422	239	13	91	471	191	598	1.96e-36	142
NZ_FWWR01000009.1_673	iML1515.b0089	31.8	283	180	8	127	402	118	394	8.19e-28	113
NZ_FWWR01000009.1_674	iSynCJ816.SGL_RS05320	31.7	82	52	2	63	141	54	134	8.73e-06	43.9
NZ_FWWR01000009.1_679	iAF987.Gmet_1991	26.1	234	158	4	237	464	189	413	2.93e-16	81.3
NZ_FWWR01000009.1_680	iAF987.Gmet_1706	37.4	123	73	3	3	123	2	122	4.50e-17	78.2
NZ_FWWR01000009.1_680	iAF987.Gmet_0069	33.9	115	72	3	4	114	5	119	6.49e-15	72.0
NZ_FWWR01000009.1_682	iAF987.Gmet_1888	34.3	242	157	1	13	254	11	250	8.87e-48	159
NZ_FWWR01000009.1_684	iYS854.USA300HOU_RS06145	29.9	184	124	4	30	209	29	211	1.33e-17	77.4
NZ_FWWR01000009.1_684	iCN900.CD630_25740	27.5	222	138	5	1	208	1	213	3.59e-17	76.3
NZ_FWWR01000009.1_685	iAF987.Gmet_0067	55.1	214	96	0	2	215	4	217	7.21e-84	248
NZ_FWWR01000009.1_685	iHN637.CLJU_RS06205	56.9	197	85	0	2	198	4	200	6.27e-79	235
NZ_FWWR01000009.1_686	iYS854.USA300HOU_RS06135	37.6	290	164	9	3	281	4	287	2.98e-57	185
NZ_FWWR01000009.1_687	iYS854.USA300HOU_RS06130	31.4	605	365	13	1	577	1	583	1.47e-80	268
NZ_FWWR01000009.1_688	iEK1008.Rv0018c	38.7	238	137	5	1	236	8	238	5.33e-42	149
NZ_FWWR01000009.1_690	iAM_Pb448.PBANKA_050460	31.7	126	83	2	284	407	312	436	1.09e-06	50.4
NZ_FWWR01000009.1_692	iAF987.Gmet_3339	41.3	305	170	5	1	299	9	310	1.78e-68	215
NZ_FWWR01000009.1_692	iCN900.CD630_25840	39.9	306	175	6	1	299	6	309	6.74e-65	206
NZ_FWWR01000009.1_692	iSSON_1240.SSON_3428	40.5	306	165	6	2	292	11	314	2.26e-64	204
NZ_FWWR01000009.1_692	iSDY_1059.SDY_3464	40.2	306	166	6	2	292	11	314	6.36e-64	203
NZ_FWWR01000009.1_692	iSF_1195.SF3319	40.2	306	166	6	2	292	11	314	8.99e-64	203
NZ_FWWR01000009.1_692	iLJ478.TM0528	39.5	301	174	5	1	295	6	304	8.49e-64	203
NZ_FWWR01000009.1_692	iSbBS512_1146.SbBS512_E3672	39.5	306	168	6	2	292	11	314	3.99e-62	199
NZ_FWWR01000009.1_692	STM_v1_0.STM3407	38.9	306	170	6	2	292	11	314	4.46e-61	196
NZ_FWWR01000009.1_693	iYO844.BSU15720	40.6	160	90	2	1	157	1	158	2.38e-34	117
NZ_FWWR01000009.1_695	iCN900.CD630_25870	48.4	397	202	3	3	397	2	397	4.41e-123	361
NZ_FWWR01000009.1_695	iHN637.CLJU_RS06155	47.5	387	201	2	6	391	6	391	2.12e-112	334
NZ_FWWR01000009.1_697	iHN637.CLJU_RS06145	55.8	190	83	1	4	193	5	193	6.36e-67	204
NZ_FWWR01000009.1_697	iCN900.CD630_25880	52.0	198	95	0	4	201	6	203	1.47e-65	200
NZ_FWWR01000009.1_699	iYS854.USA300HOU_RS09335	54.2	813	348	8	4	803	3	804	0.0	904
NZ_FWWR01000009.1_699	iNF517.LLMG_RS08750	51.1	836	364	10	4	803	3	829	1.75e-302	850
NZ_FWWR01000009.1_700	iCN900.CD630_22450	65.0	460	160	1	13	471	6	465	4.13e-229	636
NZ_FWWR01000009.1_705	iCN900.CD630_26510	42.3	366	200	5	1	357	2	365	8.17e-93	283
NZ_FWWR01000009.1_705	iYO844.BSU15220	38.3	355	213	3	1	350	1	354	1.51e-84	260
NZ_FWWR01000009.1_706	iML1515.b0089	32.0	350	229	5	22	366	55	400	3.72e-52	178
NZ_FWWR01000009.1_707	iCN900.CD630_26530	42.9	443	233	8	5	427	8	450	3.18e-97	298
NZ_FWWR01000009.1_707	iYS854.USA300HOU_RS05945	40.1	436	234	10	4	420	11	438	7.97e-88	274
NZ_FWWR01000009.1_708	iHN637.CLJU_RS05200	44.8	306	167	2	27	331	10	314	1.41e-87	265
NZ_FWWR01000009.1_708	iYO844.BSU15190	47.1	308	155	4	31	333	16	320	2.91e-83	254
NZ_FWWR01000009.1_708	iCN900.CD630_26540	45.5	310	167	2	27	335	14	322	3.87e-83	254
NZ_FWWR01000009.1_708	iYS854.USA300HOU_RS05940	45.1	315	163	5	23	330	4	315	3.08e-79	244
NZ_FWWR01000009.1_709	iAF987.Gmet_0406	31.0	672	387	14	30	671	25	649	2.81e-75	257
NZ_FWWR01000009.1_711	iNF517.LLMG_RS08455	50.0	310	151	3	4	311	3	310	3.81e-93	278
NZ_FWWR01000009.1_713	iAF987.Gmet_0043	21.4	243	180	5	210	442	20	261	8.77e-10	60.5
NZ_FWWR01000009.1_713	iAF987.Gmet_1991	23.1	212	150	3	230	434	195	400	2.15e-08	56.2
NZ_FWWR01000009.1_714	iAF987.Gmet_0069	33.1	121	72	3	4	117	5	123	3.62e-13	67.0
NZ_FWWR01000009.1_714	iAF987.Gmet_2999	30.1	133	88	2	4	131	10	142	1.29e-11	62.8
NZ_FWWR01000009.1_714	iAF987.Gmet_1919	30.9	123	84	1	4	125	5	127	4.20e-11	61.2
NZ_FWWR01000009.1_716	iHN637.CLJU_RS16855	54.4	285	125	2	1	280	1	285	1.37e-106	311
NZ_FWWR01000009.1_716	iCN900.CD630_27150	52.8	282	128	2	1	277	3	284	8.69e-102	298
NZ_FWWR01000009.1_716	iHN637.CLJU_RS02205	52.3	285	131	1	1	280	1	285	1.64e-96	285
NZ_FWWR01000009.1_716	iCN900.CD630_34880	49.0	288	142	1	1	283	3	290	6.60e-96	285
NZ_FWWR01000009.1_716	iAF987.Gmet_1159	51.4	286	134	2	1	281	1	286	1.42e-95	283
NZ_FWWR01000009.1_720	iYS854.USA300HOU_RS11335	52.6	137	63	1	4	138	6	142	1.97e-47	149
NZ_FWWR01000009.1_720	iYO844.BSU36370	54.3	138	61	1	3	138	2	139	3.39e-47	149
NZ_FWWR01000009.1_720	iCN900.CD630_01280	52.2	138	64	1	3	138	2	139	3.11e-43	139
NZ_FWWR01000009.1_720	iHN637.CLJU_RS20750	47.9	140	71	1	1	138	8	147	6.66e-42	135
NZ_FWWR01000009.1_721	iHN637.CLJU_RS20760	53.2	408	189	2	2	407	3	410	1.14e-148	427
NZ_FWWR01000009.1_721	iYO844.BSU11340	52.0	408	194	2	2	407	4	411	1.02e-139	404
NZ_FWWR01000009.1_722	iHN637.CLJU_RS20765	52.3	241	112	1	4	241	6	246	4.34e-79	238
NZ_FWWR01000009.1_722	iYO844.BSU15910	48.8	244	122	1	1	241	1	244	2.86e-74	225
NZ_FWWR01000009.1_722	iCN900.CD630_11820	49.2	240	119	1	5	241	7	246	6.31e-74	224
NZ_FWWR01000009.1_723	iCN900.CD630_11810	43.0	286	154	5	1	279	1	284	1.51e-62	200
NZ_FWWR01000009.1_723	iNF517.LLMG_RS08955	38.6	285	168	4	1	279	1	284	1.39e-57	187
NZ_FWWR01000009.1_724	iAF987.Gmet_1293	35.7	353	208	9	3	341	4	351	8.95e-56	185
NZ_FWWR01000009.1_725	iCN900.CD630_11800	43.5	299	169	0	3	301	4	302	8.42e-85	257
NZ_FWWR01000009.1_725	iHN637.CLJU_RS20775	44.0	298	166	1	4	301	7	303	1.24e-79	244
NZ_FWWR01000009.1_725	iLJ478.TM0800	42.0	300	172	2	3	302	7	304	7.71e-76	234
NZ_FWWR01000009.1_726	iNF517.LLMG_RS08965	39.1	304	156	8	14	289	15	317	8.42e-60	193
NZ_FWWR01000009.1_726	iCN900.CD630_11790	36.5	312	169	7	14	297	16	326	4.92e-56	183
NZ_FWWR01000009.1_726	iYO844.BSU11330	35.4	305	168	8	14	297	14	310	2.78e-54	178
NZ_FWWR01000009.1_727	iNF517.LLMG_RS08920	53.4	251	114	1	2	252	16	263	3.67e-92	272
NZ_FWWR01000009.1_727	iHN637.CLJU_RS20735	49.6	260	125	2	2	255	19	278	3.92e-83	249
NZ_FWWR01000009.1_727	iCN900.CD630_19360	50.6	261	123	1	1	255	52	312	3.15e-82	248
NZ_FWWR01000009.1_727	iAF987.Gmet_1216	47.9	261	130	1	1	255	55	315	4.07e-81	246
NZ_FWWR01000009.1_727	iYS854.USA300HOU_RS09015	49.4	257	124	1	4	254	54	310	5.09e-81	245
NZ_FWWR01000009.1_728	iCN900.CD630_19370	53.0	251	115	2	37	285	35	284	9.53e-82	248
NZ_FWWR01000009.1_728	iHN637.CLJU_RS20740	49.4	251	126	1	37	286	40	290	4.57e-76	233
NZ_FWWR01000009.1_728	iYS854.USA300HOU_RS09020	46.5	260	137	2	29	286	24	283	4.91e-74	228
NZ_FWWR01000009.1_728	iNF517.LLMG_RS08925	47.3	260	134	3	29	286	27	285	7.62e-74	228
NZ_FWWR01000009.1_729	iNF517.LLMG_RS08930	53.7	443	203	2	1	441	1	443	1.33e-166	476
NZ_FWWR01000009.1_729	iYO844.BSU24340	52.6	443	209	1	1	442	1	443	7.35e-165	472
NZ_FWWR01000009.1_729	iAF987.Gmet_0984	50.8	443	217	1	1	443	1	442	2.77e-161	462
NZ_FWWR01000009.1_729	iHN637.CLJU_RS20745	49.1	442	225	0	1	442	1	442	4.68e-160	459
NZ_FWWR01000009.1_729	iAF692.Mbar_A1587	49.5	459	229	2	1	459	1	456	3.08e-154	446
NZ_FWWR01000009.1_729	iYS854.USA300HOU_RS08155	50.3	443	219	1	2	443	1	443	1.51e-154	446
NZ_FWWR01000009.1_729	iML1515.b3256	50.2	448	214	5	1	444	1	443	5.71e-154	444
NZ_FWWR01000009.1_729	iSbBS512_1146.SbBS512_E3288	50.2	448	214	5	1	444	1	443	5.71e-154	444
NZ_FWWR01000009.1_729	iSDY_1059.SDY_3433	50.2	448	214	5	1	444	1	443	5.71e-154	444
NZ_FWWR01000009.1_729	iSSON_1240.SSON_3397	50.2	448	214	5	1	444	1	443	8.09e-154	444
NZ_FWWR01000009.1_729	iPC815.YPO3658	50.4	448	213	5	1	444	1	443	8.09e-154	444
NZ_FWWR01000009.1_729	iJN1463.PP_0558	50.0	444	219	3	2	444	5	446	1.74e-153	443
NZ_FWWR01000009.1_729	STM_v1_0.STM3380	50.2	448	214	5	1	444	1	443	6.54e-153	441
NZ_FWWR01000009.1_729	iSynCJ816.SGL_RS13980	49.7	439	221	0	4	442	5	443	6.33e-153	441
NZ_FWWR01000009.1_729	iSF_1195.SF3294	50.0	448	215	5	1	444	1	443	1.31e-152	441
NZ_FWWR01000009.1_729	iYL1228.KPN_03665	49.8	448	216	5	1	444	1	443	7.50e-152	439
NZ_FWWR01000009.1_729	iCN900.CD630_19380	47.5	442	232	0	1	442	1	442	1.98e-150	435
NZ_FWWR01000009.1_730	iHN637.CLJU_RS20755	36.1	158	78	3	9	143	7	164	1.54e-28	102
NZ_FWWR01000009.1_731	iYS854.USA300HOU_RS06195	47.1	70	37	0	3	72	4	73	1.92e-17	68.9
NZ_FWWR01000009.1_731	iCN900.CD630_10620	50.0	72	35	1	3	73	2	73	5.22e-17	67.8
NZ_FWWR01000009.1_731	iHN637.CLJU_RS06285	49.3	71	36	0	1	71	1	71	1.82e-15	63.9
NZ_FWWR01000009.1_731	iML1515.b1094	49.3	69	35	0	4	72	6	74	3.76e-15	63.2
NZ_FWWR01000009.1_731	iYL1228.KPN_01092	49.3	69	35	0	4	72	6	74	3.76e-15	63.2
NZ_FWWR01000009.1_731	STM_v1_0.STM1196	49.3	69	35	0	4	72	6	74	3.76e-15	63.2
NZ_FWWR01000009.1_731	iSbBS512_1146.SbBS512_E2230	49.3	69	35	0	4	72	6	74	3.76e-15	63.2
NZ_FWWR01000009.1_731	iSDY_1059.SDY_2056	49.3	69	35	0	4	72	6	74	3.76e-15	63.2
NZ_FWWR01000009.1_731	iSF_1195.SF1098	49.3	69	35	0	4	72	6	74	3.76e-15	63.2
NZ_FWWR01000009.1_731	iSSON_1240.SSON_1114	49.3	69	35	0	4	72	6	74	3.76e-15	63.2
NZ_FWWR01000009.1_733	iML1515.b0624	36.6	93	55	2	5	95	6	96	3.33e-09	50.8
NZ_FWWR01000009.1_734	iCN718.ABAYE_RS00870	38.6	145	79	2	3	137	2	146	8.50e-31	108
NZ_FWWR01000009.1_740	iSynCJ816.SGL_RS10380	24.3	387	247	10	35	380	57	438	1.33e-29	119
NZ_FWWR01000009.1_740	iYO844.BSU25500	26.6	364	242	8	38	380	5	364	2.69e-28	114
NZ_FWWR01000009.1_740	iNF517.LLMG_RS07160	26.2	363	238	10	38	380	9	361	9.53e-28	112
NZ_FWWR01000009.1_740	iHN637.CLJU_RS03910	29.2	295	179	10	34	309	11	294	1.87e-27	112
NZ_FWWR01000009.1_740	iCN900.CD630_24640	26.6	297	188	8	35	301	2	298	4.84e-26	108
NZ_FWWR01000009.1_743	iCN900.CD630_13000	44.0	461	250	4	14	468	22	480	8.80e-112	338
NZ_FWWR01000009.1_744	iJN1463.PP_0059	36.8	136	84	2	1	136	1	134	6.88e-23	89.0
NZ_FWWR01000009.1_744	iIT341.HP0860	36.4	143	85	4	2	142	5	143	1.02e-21	85.9
NZ_FWWR01000009.1_744	iYL1228.KPN_00214	34.9	149	85	4	1	141	22	166	2.89e-21	85.5
NZ_FWWR01000009.1_744	iPC815.YPO1074	33.6	149	87	4	1	141	5	149	1.10e-20	83.6
NZ_FWWR01000009.1_744	iML1515.b0200	34.2	149	86	4	1	141	5	149	4.58e-20	82.0
NZ_FWWR01000009.1_744	STM_v1_0.STM0248	33.8	148	88	3	1	141	5	149	4.30e-20	82.0
NZ_FWWR01000009.1_744	iSbBS512_1146.SbBS512_E0194	34.2	149	86	4	1	141	5	149	4.49e-20	82.0
NZ_FWWR01000009.1_744	iSF_1195.SF0191	34.2	149	86	4	1	141	5	149	4.58e-20	82.0
NZ_FWWR01000009.1_744	iSSON_1240.SSON_0214	34.2	149	86	4	1	141	5	149	4.58e-20	82.0
NZ_FWWR01000009.1_744	iSDY_1059.SDY_0219	33.6	149	87	4	1	141	5	149	1.74e-19	80.5
NZ_FWWR01000009.1_744	iPC815.YPO1546	29.0	155	106	3	1	154	3	154	2.28e-18	80.1
NZ_FWWR01000009.1_746	iHN637.CLJU_RS15095	50.5	388	188	3	4	388	2	388	9.41e-127	370
NZ_FWWR01000009.1_747	iNF517.LLMG_RS02940	49.2	366	176	6	4	361	2	365	4.98e-119	348
NZ_FWWR01000009.1_747	iYO844.BSU10020	48.2	361	183	3	1	360	1	358	3.06e-116	341
NZ_FWWR01000009.1_747	iJN1463.PP_1768	49.3	357	176	2	3	357	4	357	1.40e-112	332
NZ_FWWR01000009.1_747	iCN718.ABAYE_RS04905	47.2	360	185	3	3	360	2	358	6.90e-110	325
NZ_FWWR01000009.1_747	iPC815.YPO1389	45.8	358	192	2	1	357	1	357	1.36e-107	319
NZ_FWWR01000009.1_749	iNF517.LLMG_RS12140	30.9	388	254	6	1	379	1	383	1.98e-51	178
NZ_FWWR01000009.1_750	iHN637.CLJU_RS19400	38.7	326	196	4	2	323	5	330	8.94e-74	230
NZ_FWWR01000009.1_750	iCN900.CD630_10560	39.1	322	193	3	5	323	3	324	1.58e-68	217
NZ_FWWR01000009.1_750	iAF987.Gmet_2066	35.4	328	207	5	3	326	108	434	9.71e-66	213
NZ_FWWR01000009.1_750	iAF987.Gmet_0684	34.9	327	209	4	3	326	111	436	9.37e-65	210
NZ_FWWR01000009.1_751	iHN637.CLJU_RS19405	39.5	258	150	2	1	252	1	258	4.47e-58	185
NZ_FWWR01000009.1_751	iCN900.CD630_10550	38.3	261	159	2	1	260	1	260	3.02e-52	170
NZ_FWWR01000009.1_758	iAM_Pb448.PBANKA_110680	25.5	200	123	7	145	344	243	416	8.43e-07	53.9
NZ_FWWR01000009.1_762	iHN637.CLJU_RS13445	63.1	561	181	4	5	540	3	562	7.63e-242	678
NZ_FWWR01000009.1_764	iHN637.CLJU_RS16730	31.3	713	386	15	34	725	33	662	3.11e-96	317
NZ_FWWR01000009.1_766	iML1515.b3664	47.9	192	100	0	15	206	251	442	7.71e-53	175
NZ_FWWR01000009.1_766	iML1515.b3714	47.4	192	101	0	14	205	249	440	1.19e-51	172
NZ_FWWR01000009.1_766	iSDY_1059.SDY_4199	47.4	192	101	0	14	205	249	440	1.19e-51	172
NZ_FWWR01000009.1_766	iSSON_1240.SSON_3558	47.4	192	101	0	14	205	249	440	1.19e-51	172
NZ_FWWR01000009.1_766	iSF_1195.SF3746	46.9	192	102	0	14	205	249	440	1.28e-50	169
NZ_FWWR01000009.1_766	iCN900.CD630_21070	49.5	192	89	1	21	204	264	455	8.98e-50	167
NZ_FWWR01000009.1_766	iJN1463.PP_4653	46.0	200	108	0	1	200	223	422	5.27e-50	167
NZ_FWWR01000009.1_766	iSbBS512_1146.SbBS512_E4208	46.4	192	103	0	14	205	249	440	1.93e-49	166
NZ_FWWR01000009.1_766	iAF987.Gmet_2715	44.9	198	109	0	2	199	228	425	3.18e-49	165
NZ_FWWR01000009.1_766	iYO844.BSU06370	47.6	189	98	1	12	200	245	432	5.50e-47	159
NZ_FWWR01000009.1_766	iJN1463.PP_4284	42.9	205	117	0	1	205	243	447	1.28e-46	159
NZ_FWWR01000009.1_767	iJN1463.PP_4653	52.3	195	93	0	6	200	2	196	3.73e-58	189
NZ_FWWR01000009.1_767	iJN1463.PP_4284	47.0	200	106	0	1	200	17	216	2.19e-57	187
NZ_FWWR01000009.1_767	iCN900.CD630_21070	51.1	186	90	1	12	197	16	200	5.09e-53	176
NZ_FWWR01000009.1_768	iCN900.CD630_13340	66.4	461	155	0	5	465	8	468	5.00e-216	603
NZ_FWWR01000009.1_768	iHN637.CLJU_RS06565	62.8	454	169	0	3	456	2	455	6.85e-203	570
NZ_FWWR01000009.1_769	iCN900.CD630_02250	47.7	1268	604	24	5	1223	11	1268	0.0	1043
NZ_FWWR01000009.1_769	iHN637.CLJU_RS05660	47.5	1272	596	22	5	1223	3	1255	0.0	1038
NZ_FWWR01000009.1_770	iCN900.CD630_02200	58.7	450	180	4	1	447	1	447	2.11e-192	541
NZ_FWWR01000009.1_771	iCN900.CD630_02190	64.0	228	82	0	4	231	3	230	1.43e-109	314
NZ_FWWR01000009.1_774	iYS854.USA300HOU_RS07240	36.5	137	72	5	38	165	63	193	1.70e-11	60.1
NZ_FWWR01000009.1_774	iCN718.ABAYE_RS16270	34.5	119	74	2	52	166	55	173	3.36e-11	58.9
NZ_FWWR01000009.1_776	iYO844.BSU25710	40.7	118	68	1	22	139	25	140	1.21e-19	87.0
NZ_FWWR01000009.1_804	iCN900.CD630_24030	39.3	140	79	2	1	134	4	143	1.30e-28	101
NZ_FWWR01000009.1_804	iHN637.CLJU_RS04975	37.2	137	80	2	3	133	5	141	3.83e-25	92.8
NZ_FWWR01000009.1_809	iAF987.Gmet_0378	24.9	229	153	7	6	223	1	221	1.41e-11	61.6
NZ_FWWR01000009.1_824	iAM_Pc455.PCYB_113330	29.0	124	78	3	268	381	1216	1339	1.01e-06	50.8
NZ_FWWR01000009.1_825	iCN900.CD630_08680	46.7	45	24	0	5	49	8	52	7.21e-07	43.5
NZ_FWWR01000009.1_825	iYO844.BSU33370	40.0	45	27	0	4	48	7	51	1.68e-05	39.7
NZ_FWWR01000009.1_830	iAF692.Mbar_A2315	29.5	132	68	6	64	178	118	241	1.88e-04	40.8
NZ_FWWR01000009.1_830	iIT341.HP0577	26.1	176	104	8	18	172	72	242	3.44e-04	40.0
NZ_FWWR01000009.1_842	iYS854.USA300HOU_RS05000	31.6	424	284	3	34	453	40	461	9.67e-65	215
NZ_FWWR01000009.1_842	iJN1463.PP_4471	30.9	433	287	3	29	449	47	479	5.11e-60	203
NZ_FWWR01000009.1_842	iYO844.BSU13300	29.8	443	311	0	10	452	9	451	2.77e-59	200
NZ_FWWR01000009.1_844	iCN900.CD630_03130	46.3	706	354	9	4	684	90	795	1.90e-195	571
NZ_FWWR01000009.1_844	iYO844.BSU33490	45.4	694	354	10	11	684	10	698	1.74e-183	537
NZ_FWWR01000009.1_848	iHN637.CLJU_RS05135	47.5	543	284	1	1	543	1	542	1.03e-174	504
NZ_FWWR01000009.1_849	iEK1008.Rv0125	27.9	297	183	9	70	355	53	329	6.95e-18	84.0
NZ_FWWR01000009.1_850	iCN900.CD630_21240	22.8	294	208	5	1	288	23	303	2.83e-15	74.3
NZ_FWWR01000009.1_854	iCN900.CD630_22760	54.0	461	187	7	7	465	5	442	1.76e-153	444
NZ_FWWR01000009.1_868	iYO844.BSU07840	22.1	538	319	20	2	445	45	576	1.16e-27	117
NZ_FWWR01000009.1_868	iML1515.b4213	21.8	533	309	21	2	437	24	545	8.82e-26	110
NZ_FWWR01000009.1_868	iSSON_1240.SSON_4398	21.8	533	309	21	2	437	24	545	8.82e-26	110
NZ_FWWR01000009.1_868	iPC815.YPO3530	21.6	524	321	19	2	437	32	553	5.13e-25	108
NZ_FWWR01000009.1_868	iSF_1195.SF4273	21.8	533	309	21	2	437	24	545	6.71e-25	108
NZ_FWWR01000009.1_868	iSDY_1059.SDY_4383	22.4	535	303	22	2	437	26	547	2.14e-24	106
NZ_FWWR01000009.1_873	iYO844.BSU30450	28.6	262	182	4	1	260	1	259	5.33e-34	124
NZ_FWWR01000009.1_877	iHN637.CLJU_RS19350	59.2	157	63	1	16	172	16	171	2.45e-63	193
NZ_FWWR01000009.1_877	iCN900.CD630_15950	55.0	160	71	1	13	172	10	168	6.87e-58	179
NZ_FWWR01000009.1_877	iIT341.HP1210	55.1	158	70	1	15	172	11	167	2.55e-57	177
NZ_FWWR01000009.1_878	iCN900.CD630_15940	52.3	298	135	5	3	293	5	302	3.06e-98	290
NZ_FWWR01000009.1_878	iNF517.LLMG_RS02585	50.7	302	142	5	2	296	6	307	2.61e-96	286
NZ_FWWR01000009.1_878	iAF987.Gmet_2988	51.7	300	135	5	4	294	9	307	6.73e-96	285
NZ_FWWR01000009.1_878	iHN637.CLJU_RS19355	49.5	299	144	5	3	294	5	303	1.10e-93	279
NZ_FWWR01000009.1_878	iYO844.BSU00730	46.8	301	152	5	4	296	8	308	4.83e-91	272
NZ_FWWR01000009.1_878	iLJ478.TM0665	52.8	288	126	7	8	289	6	289	2.79e-91	272
NZ_FWWR01000009.1_878	iNF517.LLMG_RS08910	47.7	302	151	4	1	295	5	306	2.58e-90	270
NZ_FWWR01000009.1_878	iYS854.USA300HOU_RS02630	46.7	302	153	5	3	296	8	309	9.53e-89	266
NZ_FWWR01000009.1_878	iAF987.Gmet_1558	48.2	301	147	5	2	293	6	306	2.62e-88	265
NZ_FWWR01000009.1_878	iML1515.b2414	50.2	303	134	7	7	293	11	312	5.79e-88	265
NZ_FWWR01000009.1_878	iSbBS512_1146.SbBS512_E2766	50.2	303	134	7	7	293	11	312	5.79e-88	265
NZ_FWWR01000009.1_878	iSSON_1240.SSON_2503	50.2	303	134	7	7	293	11	312	5.79e-88	265
NZ_FWWR01000009.1_878	iSF_1195.SF2469	50.2	303	134	7	7	293	11	312	8.19e-88	265
NZ_FWWR01000009.1_878	iSDY_1059.SDY_2611	50.2	303	134	7	7	293	11	312	2.33e-87	263
NZ_FWWR01000009.1_878	iYL1228.KPN_02761	49.5	303	136	7	7	293	11	312	4.66e-87	263
NZ_FWWR01000009.1_878	STM_v1_0.STM2430	50.2	303	134	7	7	293	11	312	4.66e-87	263
NZ_FWWR01000009.1_882	iLJ478.TM1750	54.7	316	141	2	9	324	10	323	1.74e-118	344
NZ_FWWR01000009.1_882	iLJ478.TM1063	54.5	332	128	7	12	324	3	330	4.72e-114	333
NZ_FWWR01000009.1_882	iLJ478.TM0057	51.7	327	141	6	12	324	3	326	1.61e-111	327
NZ_FWWR01000009.1_883	iYO844.BSU12950	55.7	323	142	1	1	323	1	322	2.35e-127	367
NZ_FWWR01000009.1_883	iYS854.USA300HOU_RS04900	53.6	319	148	0	2	320	3	321	3.37e-113	332
NZ_FWWR01000009.1_884	iYO844.BSU12940	49.5	293	143	2	20	312	33	320	1.12e-96	288
NZ_FWWR01000009.1_885	iYO844.BSU12930	51.3	308	149	1	1	307	1	308	6.00e-103	303
NZ_FWWR01000009.1_886	iYO844.BSU12960	36.9	575	294	9	23	594	39	547	1.67e-117	359
NZ_FWWR01000009.1_887	iMM904.YLR043C	26.7	86	62	1	468	553	5	89	3.57e-05	42.7
NZ_FWWR01000009.1_887	iAF692.Mbar_A2310	28.9	76	54	0	493	568	13	88	3.46e-05	42.4
NZ_FWWR01000009.1_887	iAM_Pb448.PBANKA_132090	31.0	100	63	3	470	567	7	102	9.29e-05	41.6
NZ_FWWR01000009.1_887	iAM_Pb448.PBANKA_082630	25.6	78	57	1	476	553	35	111	6.88e-04	39.7
NZ_FWWR01000009.1_888	iYO844.BSU34790	41.0	307	168	6	1	301	6	305	1.12e-69	218
NZ_FWWR01000009.1_888	iLJ478.TM0869	38.7	305	174	5	2	300	18	315	2.59e-68	215
NZ_FWWR01000009.1_888	iCN900.CD630_23560	38.6	311	176	6	1	301	4	309	1.55e-66	210
NZ_FWWR01000009.1_888	iYS854.USA300HOU_RS04135	40.3	303	174	5	2	301	6	304	1.38e-66	210
NZ_FWWR01000009.1_888	iHN637.CLJU_RS13735	38.3	316	178	6	1	305	4	313	4.36e-66	209
NZ_FWWR01000009.1_888	iAF692.Mbar_A2898	40.5	311	165	7	1	301	1	301	3.66e-66	209
NZ_FWWR01000009.1_888	iCN900.CD630_21170	38.6	306	182	4	1	304	1	302	1.88e-64	204
NZ_FWWR01000009.1_888	iNF517.LLMG_RS08000	37.4	305	180	6	2	301	6	304	7.90e-62	198
NZ_FWWR01000009.1_890	iCN900.CD630_18140	32.2	180	115	5	1	176	18	194	6.96e-20	82.8
NZ_FWWR01000009.1_892	iAF987.Gmet_2378	35.8	316	189	3	1	312	1	306	2.24e-62	206
NZ_FWWR01000009.1_892	iLJ478.TM1401	39.9	286	161	3	22	307	26	300	1.86e-61	197
NZ_FWWR01000009.1_892	iAF692.Mbar_A1431	34.7	308	184	2	9	309	1	298	1.06e-57	193
NZ_FWWR01000009.1_916	iCN900.CD630_05820	29.4	885	513	26	7	821	9	851	3.79e-83	283
NZ_FWWR01000009.1_916	iYO844.BSU18830	27.1	897	547	25	1	824	4	866	3.68e-74	259
NZ_FWWR01000009.1_1003	iAF987.Gmet_0069	36.5	126	71	3	5	123	5	128	7.00e-16	74.7
NZ_FWWR01000009.1_1003	iAF987.Gmet_2999	34.6	133	84	1	5	134	10	142	9.64e-16	74.7
NZ_FWWR01000009.1_1003	iAF987.Gmet_1914	31.7	120	81	1	4	122	3	122	1.10e-14	72.0
NZ_FWWR01000009.1_1003	iAF987.Gmet_1706	33.6	119	72	3	4	118	2	117	2.87e-13	67.4
NZ_FWWR01000009.1_1004	iAF987.Gmet_0700	25.0	124	93	0	169	292	182	305	6.60e-06	48.9
NZ_FWWR01000009.1_1004	iAF987.Gmet_1991	22.0	173	121	4	334	503	174	335	5.79e-05	45.8
NZ_FWWR01000009.1_1012	iCN900.CD630_10870	26.0	250	146	10	10	236	12	245	3.33e-11	61.6
NZ_FWWR01000009.1_1012	iSDY_1059.SDY_3200	26.5	275	156	11	11	259	3	257	7.68e-11	60.5
NZ_FWWR01000009.1_1012	STM_v1_0.STM3190	25.7	268	160	9	11	258	3	251	1.42e-10	59.7
NZ_FWWR01000009.1_1012	iML1515.b3040	25.5	274	160	11	11	259	3	257	1.93e-10	59.3
NZ_FWWR01000009.1_1012	iSbBS512_1146.SbBS512_E3472	25.6	273	157	11	11	259	3	253	1.86e-10	59.3
NZ_FWWR01000009.1_1012	iSSON_1240.SSON_3177	25.5	274	160	11	11	259	3	257	1.93e-10	59.3
NZ_FWWR01000009.1_1012	iSF_1195.SF3080	25.5	274	160	11	11	259	3	257	3.55e-10	58.5
NZ_FWWR01000009.1_1012	iLB1027_lipid.PHATRDRAFT_52343	27.6	254	160	8	16	253	13	258	6.95e-10	57.8
NZ_FWWR01000009.1_1020	iCN900.CD630_32310	57.5	179	76	0	1	179	1	179	1.62e-73	218
NZ_FWWR01000009.1_1022	iAF987.Gmet_1919	32.5	160	105	3	3	159	5	164	1.72e-12	65.1
NZ_FWWR01000009.1_1024	iCN900.CD630_19470	43.1	216	107	4	4	204	10	224	5.21e-42	141
NZ_FWWR01000009.1_1026	iML1515.b2204	26.8	164	92	7	101	260	97	236	1.08e-04	42.7
NZ_FWWR01000009.1_1026	iSF_1195.SF2288	26.8	164	92	7	101	260	97	236	1.08e-04	42.7
NZ_FWWR01000009.1_1026	STM_v1_0.STM2257	27.4	164	91	7	101	260	97	236	1.45e-04	42.4
NZ_FWWR01000009.1_1026	iSbBS512_1146.SbBS512_E0737	26.8	164	92	7	101	260	97	236	1.44e-04	42.4
NZ_FWWR01000009.1_1026	iSSON_1240.SSON_2262	26.8	164	92	7	101	260	97	236	1.44e-04	42.4
NZ_FWWR01000009.1_1026	iSDY_1059.SDY_0874	25.8	159	91	6	105	260	102	236	1.92e-04	42.0
NZ_FWWR01000009.1_1034	iAF692.Mbar_A2262	35.1	259	164	2	6	264	5	259	1.03e-53	174
NZ_FWWR01000009.1_1035	iAF692.Mbar_A2261	44.3	325	179	1	20	342	19	343	1.51e-86	264
NZ_FWWR01000009.1_1036	iAF692.Mbar_A2263	24.6	338	214	11	58	382	38	347	3.85e-25	104
NZ_FWWR01000009.1_1037	iAM_Pc455.PCYB_122070	27.0	152	101	4	24	169	30	177	1.27e-08	53.9
NZ_FWWR01000009.1_1049	STM_v1_0.STM1259	37.5	184	115	0	15	198	13	196	8.60e-50	160
NZ_FWWR01000009.1_1050	iCN900.CD630_03010	26.9	104	75	1	8	111	153	255	4.59e-11	57.8
NZ_FWWR01000009.1_1050	iPC815.YPO4036	31.9	94	57	1	8	94	154	247	8.56e-11	57.0
NZ_FWWR01000009.1_1050	iCN900.CD630_15870	31.1	74	51	0	3	76	406	479	1.17e-10	56.6
NZ_FWWR01000009.1_1050	iHN637.CLJU_RS00620	31.4	70	48	0	8	77	155	224	1.17e-10	56.6
NZ_FWWR01000009.1_1050	iYO844.BSU35940	29.8	114	71	3	5	111	148	259	2.61e-09	52.8
NZ_FWWR01000009.1_1050	iLJ478.TM0027	38.7	75	45	1	3	76	161	235	2.07e-09	52.8
NZ_FWWR01000009.1_1051	iML1515.b2180	38.5	104	54	3	1	99	1	99	1.04e-13	67.0
NZ_FWWR01000009.1_1051	iJN1463.PP_4150	35.9	145	74	8	1	134	1	137	2.27e-12	63.2
NZ_FWWR01000009.1_1051	STM_v1_0.STM1258	27.3	110	80	0	5	114	1	110	1.70e-12	62.8
NZ_FWWR01000009.1_1051	iYO844.BSU12950	30.6	147	87	5	3	143	2	139	1.18e-11	60.8
NZ_FWWR01000009.1_1052	STM_v1_0.STM1257	39.3	224	135	1	42	265	41	263	2.28e-54	176
NZ_FWWR01000009.1_1053	STM_v1_0.STM1256	38.8	317	193	1	41	356	4	320	5.04e-75	234
NZ_FWWR01000009.1_1054	STM_v1_0.STM1255	34.3	498	320	7	45	540	49	541	1.58e-100	313
NZ_FWWR01000009.1_1088	iCN900.CD630_04300	29.8	124	87	0	93	216	93	216	1.59e-17	78.2
NZ_FWWR01000009.1_1089	iCN900.CD630_04310	38.9	491	288	5	11	501	5	483	4.80e-112	340
NZ_FWWR01000009.1_1090	iPC815.YPO1914	33.9	489	302	6	89	566	102	580	8.86e-77	254
NZ_FWWR01000009.1_1090	iAF987.Gmet_2349	32.0	516	339	5	59	567	60	570	1.30e-75	250
NZ_FWWR01000009.1_1090	iPC815.YPO1913	31.6	512	330	6	65	564	74	577	3.06e-68	231
NZ_FWWR01000009.1_1091	iPC815.YPO1914	32.4	488	322	6	87	569	102	586	5.44e-67	228
NZ_FWWR01000009.1_1091	iSF_1195.SF0910	29.0	510	346	7	64	563	76	579	1.99e-65	223
NZ_FWWR01000009.1_1091	iSSON_1240.SSON_0916	29.0	510	346	7	64	563	76	579	2.77e-65	223
NZ_FWWR01000009.1_1091	iML1515.b0914	28.8	510	347	7	64	563	76	579	1.04e-64	221
NZ_FWWR01000009.1_1091	iSbBS512_1146.SbBS512_E2410	28.8	510	347	7	64	563	76	579	1.04e-64	221
NZ_FWWR01000009.1_1091	iSDY_1059.SDY_2344	28.8	510	347	7	64	563	76	579	1.04e-64	221
NZ_FWWR01000009.1_1091	iAF987.Gmet_2349	28.5	537	370	6	37	563	37	569	1.60e-64	221
NZ_FWWR01000009.1_1091	iYL1228.KPN_00941	28.8	507	351	4	64	563	76	579	3.88e-64	220
NZ_FWWR01000009.1_1091	STM_v1_0.STM0984	28.2	510	350	7	64	563	76	579	1.45e-63	218
NZ_FWWR01000009.1_1091	iPC815.YPO1395	28.6	525	359	8	45	559	57	575	3.85e-60	209
NZ_FWWR01000009.1_1091	iPC815.YPO1913	27.7	531	372	5	58	578	69	597	5.38e-60	209
NZ_FWWR01000009.1_1099	iPC815.YPO2830	35.2	54	35	0	81	134	88	141	1.25e-06	45.8
NZ_FWWR01000009.1_1099	iYO844.BSU26600	41.2	51	30	0	83	133	84	134	1.23e-06	45.4
NZ_FWWR01000009.1_1103	iML1515.b1985	23.3	275	198	7	21	284	45	317	8.74e-07	50.8
NZ_FWWR01000009.1_1112	iYS854.USA300HOU_RS14490	34.0	197	112	5	48	239	75	258	1.07e-20	89.0
NZ_FWWR01000009.1_1115	iYS854.USA300HOU_RS12590	43.7	437	235	5	24	459	4	430	1.68e-118	353
NZ_FWWR01000009.1_1118	iYS854.USA300HOU_RS14370	37.5	160	89	5	36	185	314	472	1.38e-17	79.3
NZ_FWWR01000009.1_1120	iCN718.ABAYE_RS03670	34.1	123	73	3	22	143	19	134	2.13e-14	65.5
NZ_FWWR01000009.1_1121	iCN900.CD630_15260	58.9	418	168	1	1	414	2	419	4.44e-170	482
NZ_FWWR01000009.1_1121	iHN637.CLJU_RS18360	54.5	420	187	2	1	416	2	421	1.41e-154	443
NZ_FWWR01000009.1_1121	iNF517.LLMG_RS07600	53.2	419	192	2	1	415	3	421	5.32e-152	436
NZ_FWWR01000009.1_1122	iCN900.CD630_28350	45.5	499	266	4	14	512	4	496	2.18e-133	395
NZ_FWWR01000009.1_1123	iHN637.CLJU_RS16395	43.5	209	116	2	1	208	1	208	3.82e-54	172
NZ_FWWR01000009.1_1124	iHN637.CLJU_RS16390	51.0	288	141	0	1	288	1	288	2.17e-89	267
NZ_FWWR01000009.1_1125	iCHOv1.100689464	24.5	278	186	9	133	399	241	505	3.18e-14	73.9
NZ_FWWR01000009.1_1125	iMM1415.20512	24.5	278	186	9	133	399	241	505	4.24e-14	73.6
NZ_FWWR01000009.1_1125	iCHOv1.100752285	25.1	283	189	7	111	382	207	477	7.75e-14	72.8
NZ_FWWR01000009.1_1125	iMM1415.55963	24.1	253	180	7	134	381	222	467	7.26e-13	69.7
NZ_FWWR01000009.1_1125	iCHOv1.100689351	25.2	254	176	8	134	381	222	467	2.27e-12	68.2
NZ_FWWR01000009.1_1125	iJN1463.PP_2443	22.1	389	273	9	10	381	12	387	2.23e-12	67.8
NZ_FWWR01000009.1_1125	iCHOv1.100770833	26.6	267	174	11	133	389	264	518	4.19e-12	67.4
NZ_FWWR01000009.1_1125	iAT_PLT_636.6505	24.8	266	181	6	133	390	233	487	4.10e-12	67.4
NZ_FWWR01000009.1_1125	iMM1415.20510	25.5	267	178	8	133	390	209	463	5.27e-12	67.0
NZ_FWWR01000009.1_1125	iCHOv1.100760895	26.2	275	166	9	133	390	221	475	7.13e-12	66.6
NZ_FWWR01000009.1_1125	iAT_PLT_636.6510	23.9	259	178	10	96	342	187	438	6.34e-12	66.6
NZ_FWWR01000009.1_1126	iYS854.USA300HOU_RS12685	43.3	400	221	5	12	405	2	401	7.39e-95	290
NZ_FWWR01000009.1_1128	iCN900.CD630_00150	42.5	146	81	1	3	145	6	151	5.09e-36	121
NZ_FWWR01000009.1_1128	iYO844.BSU00180	41.4	145	82	2	3	144	7	151	3.54e-33	114
NZ_FWWR01000009.1_1128	iAF987.Gmet_3524	40.5	148	85	2	3	147	15	162	1.87e-32	112
NZ_FWWR01000009.1_1129	iYS854.USA300HOU_RS07240	31.5	130	74	4	41	161	74	197	1.58e-10	57.0
NZ_FWWR01000009.1_1129	iCN718.ABAYE_RS16270	36.8	106	61	3	55	155	65	169	4.44e-10	55.5
NZ_FWWR01000009.1_1129	STM_v1_0.STM0865	29.3	116	72	4	49	161	63	171	7.42e-09	52.4
NZ_FWWR01000009.1_1129	iPC815.YPO1324	36.5	74	46	1	93	165	98	171	7.12e-09	52.4
NZ_FWWR01000009.1_1129	iYL1228.KPN_00873	30.3	122	79	2	45	165	54	170	1.34e-08	51.6
NZ_FWWR01000009.1_1131	iAF987.Gmet_2349	33.2	383	248	4	191	570	193	570	2.94e-61	212
NZ_FWWR01000009.1_1131	iYL1228.KPN_00941	27.9	537	384	3	36	571	47	581	3.64e-61	212
NZ_FWWR01000009.1_1131	iMM1415.18670	30.4	480	302	7	110	572	167	631	1.48e-56	205
NZ_FWWR01000009.1_1131	iPC815.YPO1395	27.7	567	401	6	9	571	20	581	9.52e-59	205
NZ_FWWR01000009.1_1131	iJN1463.PP_4935	30.9	495	337	4	69	562	95	585	1.90e-58	205
NZ_FWWR01000009.1_1131	iCHOv1.100682535	31.1	424	268	5	166	572	218	634	9.00e-56	203
NZ_FWWR01000009.1_1131	iML1515.b0914	27.0	537	389	3	36	571	47	581	3.44e-57	201
NZ_FWWR01000009.1_1131	STM_v1_0.STM0984	26.6	564	411	3	9	571	20	581	3.44e-57	201
NZ_FWWR01000009.1_1131	iSbBS512_1146.SbBS512_E2410	27.0	537	389	3	36	571	47	581	3.44e-57	201
NZ_FWWR01000009.1_1131	iSDY_1059.SDY_2344	27.0	537	389	3	36	571	47	581	3.44e-57	201
NZ_FWWR01000009.1_1131	iSF_1195.SF0910	27.0	537	389	3	36	571	47	581	4.77e-57	201
NZ_FWWR01000009.1_1131	iSSON_1240.SSON_0916	27.0	537	389	3	36	571	47	581	6.60e-57	200
NZ_FWWR01000009.1_1132	iPC815.YPO1395	32.2	518	313	6	106	619	92	575	2.42e-77	256
NZ_FWWR01000009.1_1132	iYL1228.KPN_00941	32.2	519	314	7	106	620	92	576	4.89e-76	253
NZ_FWWR01000009.1_1132	iSF_1195.SF0910	32.2	519	314	7	106	620	92	576	1.37e-74	249
NZ_FWWR01000009.1_1132	iSSON_1240.SSON_0916	32.2	519	314	7	106	620	92	576	1.37e-74	249
NZ_FWWR01000009.1_1132	iML1515.b0914	32.0	519	315	7	106	620	92	576	7.22e-74	247
NZ_FWWR01000009.1_1132	iSbBS512_1146.SbBS512_E2410	32.0	519	315	7	106	620	92	576	7.22e-74	247
NZ_FWWR01000009.1_1132	iSDY_1059.SDY_2344	32.0	519	315	7	106	620	92	576	7.22e-74	247
NZ_FWWR01000009.1_1132	STM_v1_0.STM0984	32.0	519	315	7	106	620	92	576	1.40e-73	246
NZ_FWWR01000009.1_1132	iJN1463.PP_4935	33.0	536	303	11	106	629	107	598	1.63e-71	241
NZ_FWWR01000009.1_1132	iAF987.Gmet_2349	30.9	511	320	5	111	620	88	566	3.22e-69	234
NZ_FWWR01000009.1_1141	iSDY_1059.SDY_2943	38.1	252	143	8	1	247	1	244	1.27e-41	142
NZ_FWWR01000009.1_1141	STM_v1_0.STM2927	37.7	252	144	8	1	247	1	244	3.56e-41	141
NZ_FWWR01000009.1_1141	iML1515.b2744	38.5	252	142	8	1	247	1	244	5.02e-41	140
NZ_FWWR01000009.1_1141	iSbBS512_1146.SbBS512_E3130	38.5	252	142	8	1	247	1	244	5.02e-41	140
NZ_FWWR01000009.1_1141	iSSON_1240.SSON_2892	38.5	252	142	8	1	247	1	244	5.02e-41	140
NZ_FWWR01000009.1_1141	iPC815.YPO3358	39.2	240	133	8	1	235	2	233	4.43e-39	135
NZ_FWWR01000009.1_1141	iSF_1195.SF2767	37.7	252	144	8	1	247	1	244	1.70e-38	134
NZ_FWWR01000009.1_1141	iSynCJ816.SGL_RS18120	34.1	261	154	7	1	245	7	265	4.11e-38	134
NZ_FWWR01000009.1_1142	iMM1415.23945	25.0	180	105	6	25	195	57	215	1.85e-08	54.3
NZ_FWWR01000009.1_1143	iJN1463.PP_4524	29.7	434	286	9	6	436	5	422	4.34e-50	177
NZ_FWWR01000009.1_1147	iCN900.CD630_05910	45.1	550	301	1	1	550	142	690	9.07e-163	479
NZ_FWWR01000009.1_1148	iAF692.Mbar_A2262	39.6	255	151	3	3	255	5	258	5.32e-62	195
NZ_FWWR01000009.1_1149	iAF692.Mbar_A2261	42.6	319	182	1	9	326	19	337	5.04e-85	259
NZ_FWWR01000009.1_1150	iLJ478.TM0189	26.4	345	208	15	45	371	20	336	2.46e-17	82.0
NZ_FWWR01000009.1_1151	iHN637.CLJU_RS12895	41.0	327	190	2	1	324	1	327	4.26e-81	249
NZ_FWWR01000009.1_1151	iYS854.USA300HOU_RS06690	37.9	338	203	3	4	334	4	341	2.91e-72	227
NZ_FWWR01000009.1_1152	iCN900.CD630_26920	45.8	358	192	2	1	356	1	358	1.43e-108	321
NZ_FWWR01000009.1_1153	iAF987.Gmet_0043	26.0	154	107	4	234	381	115	267	3.34e-08	55.1
NZ_FWWR01000009.1_1154	iAF987.Gmet_1914	37.0	108	68	0	16	123	3	110	1.09e-16	78.2
NZ_FWWR01000009.1_1157	iCN900.CD630_16150	30.2	139	84	5	61	188	456	592	7.48e-06	46.6
NZ_FWWR01000009.1_1161	iCN718.ABAYE_RS14020	23.1	294	184	8	1	280	57	322	5.26e-11	62.0
NZ_FWWR01000009.1_1161	iEK1008.Rv3569c	22.3	292	181	12	6	279	18	281	2.67e-09	56.6
NZ_FWWR01000009.1_1164	iCN900.CD630_25320	41.6	368	206	4	7	367	10	375	5.43e-91	278
NZ_FWWR01000009.1_1165	iHN637.CLJU_RS04230	49.8	500	235	6	2	489	4	499	1.39e-159	461
NZ_FWWR01000009.1_1165	iYO844.BSU06520	48.0	508	244	7	2	489	5	512	3.65e-155	451
NZ_FWWR01000009.1_1165	iCN900.CD630_02230	47.5	507	247	6	2	489	4	510	6.86e-155	450
NZ_FWWR01000009.1_1165	iNF517.LLMG_RS05055	47.2	515	245	7	2	489	4	518	3.93e-148	433
NZ_FWWR01000009.1_1165	iYS854.USA300HOU_RS05345	47.5	499	242	8	2	489	3	492	1.42e-144	423
NZ_FWWR01000009.1_1166	iCN900.CD630_02240	44.8	415	222	6	1	408	1	415	6.28e-119	352
NZ_FWWR01000009.1_1167	iCN900.CD630_02220	50.3	175	82	2	7	176	4	178	2.29e-54	171
NZ_FWWR01000009.1_1168	iAF987.Gmet_1844	55.3	329	141	4	3	326	8	335	2.06e-117	342
NZ_FWWR01000009.1_1168	iHN637.CLJU_RS04220	52.1	328	145	5	3	327	4	322	1.44e-113	332
NZ_FWWR01000009.1_1168	iYL1228.KPN_02824	51.0	335	159	4	1	332	7	339	9.24e-113	330
NZ_FWWR01000009.1_1168	iSbBS512_1146.SbBS512_E2873	51.3	335	158	4	1	332	7	339	9.24e-113	330
NZ_FWWR01000009.1_1168	iSF_1195.SF2543	51.3	335	158	4	1	332	12	344	1.09e-112	330
NZ_FWWR01000009.1_1168	iSSON_1240.SSON_2581	51.3	335	158	4	1	332	7	339	9.24e-113	330
NZ_FWWR01000009.1_1168	iML1515.b2499	51.3	335	158	4	1	332	7	339	1.31e-112	330
NZ_FWWR01000009.1_1168	iSDY_1059.SDY_2688	51.0	335	159	4	1	332	7	339	3.73e-112	329
NZ_FWWR01000009.1_1168	iCN718.ABAYE_RS04960	51.6	337	157	5	1	334	12	345	1.07e-111	328
NZ_FWWR01000009.1_1168	iCN900.CD630_02210	48.7	343	166	4	1	333	2	344	1.86e-110	325
NZ_FWWR01000009.1_1168	iPC815.YPO2828	48.8	332	165	4	1	329	7	336	4.24e-109	321
NZ_FWWR01000009.1_1168	iYS854.USA300HOU_RS05335	46.6	337	172	5	3	333	5	339	6.20e-105	310
NZ_FWWR01000009.1_1168	iJN1463.PP_1665	50.9	318	152	4	1	316	7	322	1.22e-104	310
NZ_FWWR01000009.1_1169	iLJ478.TM0446	50.0	142	68	1	2	140	3	144	2.83e-40	132
NZ_FWWR01000009.1_1169	iCN900.CD630_02180	52.1	144	67	1	1	142	1	144	2.22e-39	130
NZ_FWWR01000009.1_1169	iMM904.YOR128C	45.6	147	77	1	3	146	405	551	3.60e-33	122
NZ_FWWR01000009.1_1170	iHN637.CLJU_RS18305	65.7	478	163	1	4	481	5	481	3.20e-229	637
NZ_FWWR01000009.1_1170	iYO844.BSU00090	63.7	479	172	1	5	481	8	486	3.74e-217	607
NZ_FWWR01000009.1_1170	iNF517.LLMG_RS01210	60.5	483	186	2	4	481	9	491	5.00e-209	587
NZ_FWWR01000009.1_1170	iLJ478.TM1347	60.9	478	186	1	4	480	1	478	1.12e-207	583
NZ_FWWR01000009.1_1173	iSynCJ816.SGL_RS15740	39.8	372	219	3	14	382	11	380	1.64e-86	267
NZ_FWWR01000009.1_1175	iMM1415.11757	28.4	134	85	4	19	142	66	198	1.14e-08	52.4
NZ_FWWR01000009.1_1175	iAT_PLT_636.10935	27.6	134	86	4	19	142	65	197	5.41e-08	50.4
NZ_FWWR01000009.1_1187	iSynCJ816.SGL_RS18145	41.5	65	38	0	163	227	80	144	6.93e-12	61.6
NZ_FWWR01000009.1_1194	iSynCJ816.SGL_RS10890	27.7	260	170	7	28	277	40	291	2.18e-11	62.8
NZ_FWWR01000009.1_1194	iYL1228.KPN_02306	23.7	245	168	7	34	263	30	270	1.35e-10	60.5
NZ_FWWR01000009.1_1198	iCN900.CD630_19470	47.7	220	112	2	4	222	10	227	9.83e-60	188
NZ_FWWR01000009.1_1199	iYL1228.KPN_01622	20.1	283	217	3	13	293	9	284	5.06e-04	40.8
NZ_FWWR01000009.1_1201	iAF987.Gmet_0069	26.4	140	96	3	3	136	5	143	1.33e-09	56.6
NZ_FWWR01000009.1_1201	iAF987.Gmet_1919	28.4	116	82	1	3	117	5	120	1.47e-09	56.6
NZ_FWWR01000009.1_1201	iAF987.Gmet_2999	29.4	85	57	1	45	126	52	136	5.00e-09	55.1
NZ_FWWR01000009.1_1201	iAF987.Gmet_1706	29.5	139	86	3	1	136	1	130	1.53e-08	53.5
NZ_FWWR01000009.1_1203	iCN900.CD630_13390	46.2	394	211	1	1	394	1	393	6.94e-132	384
NZ_FWWR01000009.1_1203	iHN637.CLJU_RS10450	46.4	394	210	1	1	394	1	393	9.45e-122	358
NZ_FWWR01000009.1_1206	iNF517.LLMG_RS04495	25.0	100	75	0	42	141	45	144	3.67e-05	42.4
NZ_FWWR01000009.1_1206	iPC815.YPO2830	31.5	73	50	0	69	141	69	141	3.71e-05	42.4
NZ_FWWR01000009.1_1206	STM_v1_0.STM1502	29.5	78	55	0	70	147	70	147	2.42e-04	40.0
NZ_FWWR01000009.1_1206	iML1515.b1584	31.0	71	49	0	70	140	70	140	3.28e-04	39.7
NZ_FWWR01000009.1_1206	iYL1228.KPN_01583	29.6	71	50	0	70	140	70	140	8.17e-04	38.5
NZ_FWWR01000009.1_1206	iYS854.USA300HOU_RS00270	28.8	73	52	0	69	141	63	135	6.93e-04	38.5
NZ_FWWR01000009.1_1207	iML1515.b0155	32.8	442	273	13	3	424	18	455	4.33e-59	199
NZ_FWWR01000009.1_1207	iSSON_1240.SSON_0167	32.8	442	273	13	3	424	18	455	4.33e-59	199
NZ_FWWR01000009.1_1207	iSDY_1059.SDY_0171	32.6	442	274	13	3	424	18	455	6.06e-59	199
NZ_FWWR01000009.1_1207	iSF_1195.SF0147	32.6	442	274	13	3	424	18	455	1.66e-58	198
NZ_FWWR01000009.1_1207	iSbBS512_1146.SbBS512_E0147	32.8	442	273	13	3	424	18	455	3.25e-58	197
NZ_FWWR01000009.1_1207	STM_v1_0.STM0203	32.0	416	265	10	25	424	42	455	1.30e-56	193
NZ_FWWR01000009.1_1207	iYL1228.KPN_00170	33.7	359	225	7	77	424	99	455	1.85e-55	190
NZ_FWWR01000009.1_1207	iPC815.YPO3388	34.0	359	224	8	77	424	99	455	2.93e-55	189
NZ_FWWR01000009.1_1208	iML1515.b1985	23.8	395	271	12	26	401	46	429	7.08e-14	73.2
NZ_FWWR01000009.1_1212	iCN900.CD630_35550	34.0	256	155	6	1	242	1	256	8.98e-35	124
NZ_FWWR01000009.1_1212	iHN637.CLJU_RS20455	32.1	262	155	8	1	242	1	259	7.98e-33	119
NZ_FWWR01000009.1_1212	iAF987.Gmet_1986	30.7	257	161	8	1	242	1	255	4.24e-31	115
NZ_FWWR01000009.1_1215	iAM_Pv461.PVX_114480	30.7	176	117	3	2	175	5	177	5.00e-20	82.8
NZ_FWWR01000009.1_1215	iAM_Pb448.PBANKA_112620	30.1	173	116	3	2	172	5	174	7.42e-19	79.7
NZ_FWWR01000009.1_1215	iCN900.CD630_33570	27.0	185	123	4	4	176	3	187	2.25e-18	78.6
NZ_FWWR01000009.1_1216	STM_v1_0.STM0386	51.1	266	120	4	2	258	4	268	9.14e-75	228
NZ_FWWR01000009.1_1216	iML1515.b0386	50.4	266	122	4	2	258	4	268	5.95e-73	223
NZ_FWWR01000009.1_1216	iSF_1195.SF0322	50.4	266	122	4	2	258	4	268	5.95e-73	223
NZ_FWWR01000009.1_1216	iCN900.CD630_14950	46.6	264	131	4	2	256	3	265	1.12e-72	223
NZ_FWWR01000009.1_1216	iSSON_1240.SSON_0362	50.4	266	122	4	2	258	4	268	1.19e-72	223
NZ_FWWR01000009.1_1216	iSDY_1059.SDY_0356	50.0	266	123	4	2	258	4	268	1.69e-72	222
NZ_FWWR01000009.1_1216	iSbBS512_1146.SbBS512_E0303	50.0	266	123	4	2	258	4	268	4.79e-72	221
NZ_FWWR01000009.1_1216	iCN900.CD630_32810	46.8	265	131	4	3	258	4	267	5.14e-71	218
NZ_FWWR01000009.1_1216	iYL1228.KPN_00329	48.1	266	128	4	2	258	6	270	3.31e-70	216
NZ_FWWR01000009.1_1217	iYO844.BSU36120	28.1	167	111	5	20	182	21	182	4.13e-16	72.4
NZ_FWWR01000009.1_1217	iYO844.BSU36130	26.5	162	118	1	8	168	6	167	5.84e-15	68.9
NZ_FWWR01000009.1_1217	iAF987.Gmet_2731	30.6	124	85	1	12	135	11	133	4.00e-14	66.6
NZ_FWWR01000009.1_1218	iAF987.Gmet_2731	38.3	115	69	2	9	123	10	122	5.57e-20	82.0
NZ_FWWR01000009.1_1223	iHN637.CLJU_RS11775	42.6	559	310	4	6	561	15	565	4.00e-151	445
NZ_FWWR01000009.1_1223	iYO844.BSU14520	40.5	561	328	5	7	562	18	577	1.32e-148	439
NZ_FWWR01000009.1_1223	iCN900.CD630_18200	42.7	557	294	8	7	559	16	551	1.85e-147	435
NZ_FWWR01000009.1_1239	iHN637.CLJU_RS18765	38.9	229	138	2	45	271	37	265	2.28e-49	163
NZ_FWWR01000009.1_1240	iAF692.Mbar_A1306	33.3	162	108	0	80	241	91	252	3.74e-28	108
NZ_FWWR01000009.1_1240	iHN637.CLJU_RS18760	35.4	164	106	0	80	243	87	250	2.92e-26	103
NZ_FWWR01000009.1_1241	iHN637.CLJU_RS18755	40.7	209	122	2	1	207	1	209	2.26e-42	143
NZ_FWWR01000009.1_1241	iNF517.LLMG_RS06730	37.1	194	121	1	24	216	32	225	3.48e-36	131
NZ_FWWR01000009.1_1257	iYS854.USA300HOU_RS11845	30.8	503	332	7	1	501	1	489	1.49e-65	220
NZ_FWWR01000009.1_1257	iCN718.ABAYE_RS01470	30.3	469	300	9	9	469	16	465	3.04e-62	214
NZ_FWWR01000009.1_1257	iYO844.BSU30070	30.4	451	293	9	24	469	23	457	7.37e-62	210
NZ_FWWR01000009.1_1257	iJN1463.PP_3957	29.2	473	305	11	2	464	8	460	1.55e-58	204
NZ_FWWR01000009.1_1257	iYS854.USA300HOU_RS06865	29.0	503	328	11	8	501	16	498	8.58e-58	200
NZ_FWWR01000009.1_1257	iJN1463.PP_5061	25.9	505	362	4	2	501	13	510	1.70e-56	199
NZ_FWWR01000009.1_1258	iYS854.USA300HOU_RS00040	30.4	490	337	3	6	491	5	494	1.21e-75	246
NZ_FWWR01000009.1_1258	iHN637.CLJU_RS10535	28.7	498	353	2	1	497	1	497	5.07e-75	244
NZ_FWWR01000009.1_1258	iYO844.BSU39350	29.7	492	345	1	6	496	4	495	2.15e-73	240
NZ_FWWR01000009.1_1259	iCN900.CD630_20870	34.0	735	478	6	4	734	3	734	8.17e-141	431
NZ_FWWR01000009.1_1260	iHN637.CLJU_RS14760	31.8	277	174	7	3	275	4	269	2.71e-39	138
NZ_FWWR01000009.1_1261	iHN637.CLJU_RS11605	53.3	150	70	0	2	151	4	153	1.01e-55	171
NZ_FWWR01000009.1_1261	iHN637.CLJU_RS14765	49.4	154	78	0	1	154	1	154	5.37e-52	162
NZ_FWWR01000009.1_1261	iHN637.CLJU_RS11750	47.0	149	79	0	3	151	2	150	7.31e-51	159
NZ_FWWR01000009.1_1261	iAF987.Gmet_2135	49.6	139	70	0	7	145	20	158	1.20e-50	159
NZ_FWWR01000009.1_1275	iHN637.CLJU_RS02400	25.6	246	168	7	11	248	9	247	6.05e-08	52.0
NZ_FWWR01000009.1_1275	iHN637.CLJU_RS11570	25.2	250	166	9	11	249	9	248	1.50e-07	50.8
NZ_FWWR01000009.1_1275	iAF692.Mbar_A0171	43.6	55	30	1	11	65	9	62	6.60e-07	48.9
NZ_FWWR01000009.1_1285	iCN900.CD630_31000	36.8	402	236	4	172	570	82	468	4.11e-81	261
NZ_FWWR01000009.1_1291	iAF987.Gmet_3241	53.3	30	14	0	160	189	4	33	4.06e-07	44.7
NZ_FWWR01000009.1_1296	iYO844.BSU30450	25.9	290	200	6	1	282	1	283	5.80e-25	100
NZ_FWWR01000009.1_1299	iAF987.Gmet_3494	30.0	223	138	2	7	212	17	238	1.05e-26	102
NZ_FWWR01000009.1_1300	iJN1463.PP_2428	26.7	120	88	0	237	356	61	180	2.83e-04	42.4
NZ_FWWR01000009.1_1302	iYS854.USA300HOU_RS14125	60.6	297	116	1	1	297	1	296	1.16e-116	337
NZ_FWWR01000009.1_1302	iSynCJ816.SGL_RS11345	57.7	293	124	0	2	294	7	299	4.18e-108	315
NZ_FWWR01000009.1_1304	iCN900.CD630_18990	71.4	133	38	0	2	134	8	140	3.52e-72	212
NZ_FWWR01000009.1_1305	iML1515.b3291	47.9	121	54	2	3	123	2	113	1.20e-26	97.1
NZ_FWWR01000009.1_1306	iMM904.YML059C	24.6	272	175	9	2	264	1371	1621	3.89e-04	42.4
NZ_FWWR01000009.1_1307	iML1515.b1813	30.2	172	89	7	25	191	33	178	1.66e-11	60.5
NZ_FWWR01000009.1_1308	iJN1463.PP_4971	32.2	121	67	5	219	324	244	364	1.79e-06	48.9
NZ_FWWR01000009.1_1310	iCN900.CD630_14500	36.5	293	149	5	12	304	9	264	2.41e-63	201
NZ_FWWR01000009.1_1310	iYO844.BSU00770	38.6	298	139	7	15	312	25	278	2.28e-59	191
NZ_FWWR01000009.1_1310	iLJ478.TM0040	39.7	282	138	7	13	294	14	263	4.14e-58	188
NZ_FWWR01000009.1_1311	iSynCJ816.SGL_RS17805	32.8	64	41	2	4	65	333	396	1.18e-06	43.5
NZ_FWWR01000009.1_1315	iAM_Pb448.PBANKA_083310	26.6	470	291	12	5	420	10	479	7.86e-45	162
NZ_FWWR01000009.1_1315	iAM_Pc455.PCYB_073980	26.7	495	272	13	8	420	13	498	7.09e-42	154
NZ_FWWR01000009.1_1315	iAM_Pv461.PVX_087090	25.2	528	280	11	8	420	13	540	6.21e-41	152
NZ_FWWR01000009.1_1320	iHN637.CLJU_RS05805	55.2	859	354	5	10	856	14	853	0.0	939
NZ_FWWR01000009.1_1321	iHN637.CLJU_RS05810	50.2	303	150	1	4	305	6	308	4.82e-104	306
NZ_FWWR01000009.1_1327	STM_v1_0.STM2051	43.3	436	244	3	4	438	31	464	1.32e-107	325
NZ_FWWR01000009.1_1327	iYL1228.KPN_03216	43.4	438	243	3	3	438	28	462	1.98e-103	315
NZ_FWWR01000009.1_1327	iSSON_1240.SSON_2071	46.2	392	206	4	49	438	6	394	8.92e-99	300
NZ_FWWR01000009.1_1328	iCN900.CD630_19070	46.4	371	188	4	16	377	7	375	1.79e-97	294
NZ_FWWR01000009.1_1328	iHN637.CLJU_RS05830	42.6	373	197	6	19	378	10	378	1.93e-86	266
NZ_FWWR01000009.1_1331	iCN900.CD630_01300	52.4	391	170	2	1	375	1	391	3.75e-141	406
NZ_FWWR01000009.1_1331	iYO844.BSU30550	52.9	391	167	3	2	375	4	394	1.80e-137	397
NZ_FWWR01000009.1_1331	iYS854.USA300HOU_RS09495	51.0	394	177	3	2	379	4	397	5.70e-133	385
NZ_FWWR01000009.1_1331	iAF987.Gmet_1290	50.7	377	179	2	1	370	3	379	9.36e-130	377
NZ_FWWR01000009.1_1331	iHN637.CLJU_RS01260	49.0	388	184	2	5	378	4	391	1.42e-129	377
NZ_FWWR01000009.1_1331	iIT341.HP0197	48.4	382	193	2	2	379	3	384	1.24e-126	369
NZ_FWWR01000009.1_1331	iLJ478.TM1658	50.5	390	177	2	5	378	4	393	1.73e-126	369
NZ_FWWR01000009.1_1333	STM_v1_0.STM2047	50.5	200	92	3	11	204	1	199	1.23e-62	193
NZ_FWWR01000009.1_1334	iSSON_1240.SSON_0604	22.0	245	131	7	74	263	98	337	1.36e-04	42.7
NZ_FWWR01000009.1_1334	iML1515.b0650	21.9	242	135	7	74	263	98	337	4.26e-04	41.2
NZ_FWWR01000009.1_1334	iSbBS512_1146.SbBS512_E0599	21.6	245	132	7	74	263	98	337	4.26e-04	41.2
NZ_FWWR01000009.1_1335	STM_v1_0.STM2051	50.1	437	213	4	35	470	32	464	1.40e-132	390
NZ_FWWR01000009.1_1335	iYL1228.KPN_03216	49.2	441	219	4	31	470	26	462	6.82e-130	384
NZ_FWWR01000009.1_1335	iSSON_1240.SSON_2071	52.8	390	181	2	82	470	7	394	1.53e-127	375
NZ_FWWR01000009.1_1335	STM_v1_0.STM2463	44.5	479	243	7	1	469	1	466	7.72e-122	363
NZ_FWWR01000009.1_1336	iCN900.CD630_21190	38.9	293	156	3	31	302	4	294	1.17e-66	210
NZ_FWWR01000009.1_1336	iHN637.CLJU_RS03525	39.1	297	155	5	30	303	5	298	5.55e-65	206
NZ_FWWR01000009.1_1337	iNF517.LLMG_RS11965	43.5	92	46	3	18	103	369	460	1.17e-15	70.9
NZ_FWWR01000009.1_1337	iCN900.CD630_21180	41.8	98	47	3	4	91	349	446	4.89e-14	66.2
NZ_FWWR01000009.1_1338	iHN637.CLJU_RS16355	56.3	144	63	0	1	144	125	268	2.97e-45	153
NZ_FWWR01000009.1_1338	iNF517.LLMG_RS11965	52.1	144	69	0	1	144	123	266	1.21e-42	146
NZ_FWWR01000009.1_1338	iCN900.CD630_21180	55.4	139	62	0	6	144	126	264	4.39e-42	145
NZ_FWWR01000009.1_1340	iCN900.CD630_15800	38.8	219	133	1	2	219	96	314	8.85e-46	159
NZ_FWWR01000009.1_1340	iLB1027_lipid.PHATRDRAFT_26813	32.8	311	182	6	2	285	143	453	9.00e-45	157
NZ_FWWR01000009.1_1340	iSynCJ816.SGL_RS14120	41.9	217	121	2	2	213	100	316	3.14e-44	155
NZ_FWWR01000009.1_1340	iHN637.CLJU_RS04950	36.4	253	153	3	2	246	103	355	4.31e-44	155
NZ_FWWR01000009.1_1340	iYO844.BSU32260	36.9	241	147	3	2	239	103	341	4.70e-42	149
NZ_FWWR01000009.1_1340	iHN637.CLJU_RS03520	34.6	246	158	2	2	244	99	344	1.77e-41	147
NZ_FWWR01000009.1_1340	iYS854.USA300HOU_RS06750	40.4	213	126	1	2	213	103	315	8.53e-40	143
NZ_FWWR01000009.1_1343	iHN637.CLJU_RS04950	34.4	61	39	1	1	60	9	69	1.49e-06	42.7
NZ_FWWR01000009.1_1343	iYS854.USA300HOU_RS06750	42.1	57	32	1	4	59	12	68	2.80e-06	42.0
NZ_FWWR01000009.1_1344	iHN637.CLJU_RS17045	65.0	120	42	0	1	120	209	328	3.94e-49	159
NZ_FWWR01000009.1_1345	iCN900.CD630_32240	74.4	43	11	0	2	44	3	45	5.80e-15	65.5
NZ_FWWR01000009.1_1346	iYS854.USA300HOU_RS06745	49.4	170	86	0	1	170	201	370	2.59e-49	165
NZ_FWWR01000009.1_1350	iCN900.CD630_13860	53.3	225	103	2	4	226	2	226	1.77e-80	241
NZ_FWWR01000009.1_1351	iCN900.CD630_13870	45.4	306	164	3	5	308	4	308	2.18e-85	259
NZ_FWWR01000009.1_1352	iML1515.b1832	46.7	137	72	1	4	139	7	143	1.92e-41	135
NZ_FWWR01000009.1_1352	iJN1463.PP_1877	45.7	140	75	1	4	142	14	153	2.70e-40	132
NZ_FWWR01000009.1_1355	iLJ478.TM0587	37.9	95	54	3	421	515	324	413	1.89e-07	53.9
NZ_FWWR01000009.1_1358	iCN900.CD630_13320	53.6	280	111	3	1	279	7	268	3.76e-87	261
NZ_FWWR01000009.1_1360	iAF692.Mbar_A0186	53.5	660	299	5	10	662	11	669	1.33e-218	625
NZ_FWWR01000009.1_1360	iAF987.Gmet_3239	50.1	686	302	8	7	662	9	684	3.39e-201	581
NZ_FWWR01000009.1_1362	iML1515.b3943	19.5	297	211	6	12	297	15	294	6.16e-07	49.7
NZ_FWWR01000009.1_1363	iYS854.USA300HOU_RS12865	32.8	290	184	4	22	305	26	310	6.92e-44	152
NZ_FWWR01000009.1_1363	iCN900.CD630_21220	30.0	313	212	4	1	308	1	311	8.95e-39	138
NZ_FWWR01000009.1_1364	iCN900.CD630_18160	25.5	98	68	2	16	109	3	99	8.07e-04	38.9
NZ_FWWR01000009.1_1368	iYS854.USA300HOU_RS12505	31.7	218	134	5	55	271	55	258	1.76e-25	104
NZ_FWWR01000009.1_1371	iAF692.Mbar_A0762	38.3	253	147	6	4	249	2	252	8.81e-44	148
NZ_FWWR01000009.1_1374	iNF517.LLMG_RS03890	28.8	170	109	5	5	165	11	177	7.70e-13	64.7
NZ_FWWR01000009.1_1374	iYS854.USA300HOU_RS07520	28.7	122	85	2	26	146	39	159	1.20e-10	58.5
NZ_FWWR01000009.1_1375	STM_v1_0.STM1255	35.0	503	313	8	39	537	49	541	1.31e-104	324
NZ_FWWR01000009.1_1376	STM_v1_0.STM1256	35.4	302	195	0	22	323	22	323	1.61e-67	214
NZ_FWWR01000009.1_1377	STM_v1_0.STM1257	34.7	239	155	1	41	279	26	263	2.01e-56	182
NZ_FWWR01000009.1_1378	STM_v1_0.STM1258	34.3	230	142	2	25	248	25	251	3.93e-36	129
NZ_FWWR01000009.1_1379	STM_v1_0.STM1259	37.7	175	108	1	19	193	18	191	1.48e-38	131
NZ_FWWR01000009.1_1381	iHN637.CLJU_RS13835	64.1	329	114	3	4	329	3	330	2.66e-149	422
NZ_FWWR01000009.1_1381	iHN637.CLJU_RS04575	62.3	332	121	3	1	329	1	331	4.96e-145	412
NZ_FWWR01000009.1_1381	iCN900.CD630_20300	60.7	328	125	4	4	329	5	330	4.08e-136	389
NZ_FWWR01000009.1_1381	iHN637.CLJU_RS12430	58.5	328	134	2	4	329	3	330	1.84e-135	387
NZ_FWWR01000009.1_1381	iYS854.USA300HOU_RS05860	59.0	332	128	3	3	329	2	330	1.50e-134	385
NZ_FWWR01000009.1_1381	STM_v1_0.STM4465	57.8	332	137	2	1	329	1	332	3.12e-134	384
NZ_FWWR01000009.1_1382	iCN900.CD630_22760	35.3	445	282	2	3	445	2	442	3.58e-77	247
NZ_FWWR01000009.1_1385	iCN900.CD630_20200	40.0	838	475	6	1	810	1	838	1.90e-198	587
NZ_FWWR01000009.1_1386	iSynCJ816.SGL_RS17085	30.5	341	213	9	19	350	360	685	7.82e-34	132
NZ_FWWR01000009.1_1387	iSynCJ816.SGL_RS17085	28.9	346	223	6	23	362	364	692	1.26e-38	145
NZ_FWWR01000009.1_1388	iHN637.CLJU_RS07500	57.8	256	107	1	1	255	55	310	2.42e-97	287
NZ_FWWR01000009.1_1388	iSSON_1240.SSON_3025	56.0	257	113	0	1	257	54	310	1.29e-91	272
NZ_FWWR01000009.1_1388	iHN637.CLJU_RS13830	56.1	253	109	2	5	255	62	314	2.06e-89	267
NZ_FWWR01000009.1_1393	iCN900.CD630_29600	29.1	659	436	12	1	649	1	638	7.96e-73	246
NZ_FWWR01000009.1_1394	iCN900.CD630_29590	51.7	151	68	1	10	155	10	160	9.06e-39	129
NZ_FWWR01000009.1_1395	iCN900.CD630_29580	28.0	118	81	2	70	183	70	187	7.31e-04	38.5
NZ_FWWR01000009.1_1396	iCN900.CD630_29570	33.4	323	196	5	14	329	15	325	5.78e-44	153
NZ_FWWR01000009.1_1397	iCN900.CD630_29561	41.2	102	60	0	1	102	1	102	6.52e-28	97.4
NZ_FWWR01000009.1_1398	iCN900.CD630_29560	65.9	583	197	2	1	581	1	583	1.16e-272	756
NZ_FWWR01000009.1_1399	iCN900.CD630_29550	72.8	456	124	0	1	456	1	456	1.04e-244	677
NZ_FWWR01000009.1_1400	iCN900.CD630_29540	52.1	219	103	1	1	219	1	217	7.68e-68	207
NZ_FWWR01000009.1_1412	iHN637.CLJU_RS10515	55.8	330	142	2	4	330	5	333	8.55e-136	389
NZ_FWWR01000009.1_1413	iMM904.YPR033C	31.9	458	256	15	5	415	53	501	9.45e-59	201
NZ_FWWR01000009.1_1415	iYL1228.KPN_01468	25.2	147	101	3	2	141	530	674	3.97e-05	42.0
NZ_FWWR01000009.1_1416	iHN637.CLJU_RS16285	55.1	254	112	2	5	257	2	254	3.83e-82	247
NZ_FWWR01000009.1_1416	iCN900.CD630_15990	50.0	254	124	2	8	259	9	261	6.88e-77	233
NZ_FWWR01000009.1_1419	iYO844.BSU02860	25.7	249	138	7	1	236	1	215	9.30e-21	90.9
NZ_FWWR01000009.1_1419	iYS854.USA300HOU_RS08305	25.7	265	147	8	3	253	10	238	1.04e-19	88.6
NZ_FWWR01000009.1_1420	iPC815.YPO3064	38.5	143	86	1	2	142	5	147	2.07e-29	104
NZ_FWWR01000009.1_1420	iML1515.b2480	40.3	129	77	0	2	130	4	132	2.84e-29	104
NZ_FWWR01000009.1_1420	iSbBS512_1146.SbBS512_E2852	40.3	129	77	0	2	130	4	132	2.84e-29	104
NZ_FWWR01000009.1_1420	iSDY_1059.SDY_2669	40.3	129	77	0	2	130	4	132	2.84e-29	104
NZ_FWWR01000009.1_1420	iSF_1195.SF2523	40.3	129	77	0	2	130	4	132	2.84e-29	104
NZ_FWWR01000009.1_1420	iSSON_1240.SSON_2561	40.3	129	77	0	2	130	4	132	2.84e-29	104
NZ_FWWR01000009.1_1420	iJN1463.PP_1235	35.5	121	78	0	10	130	11	131	8.26e-29	103
NZ_FWWR01000009.1_1420	iYL1228.KPN_02814	39.5	129	78	0	2	130	4	132	1.14e-28	102
NZ_FWWR01000009.1_1424	iAF987.Gmet_3243	31.0	368	245	6	8	369	5	369	1.71e-61	203
NZ_FWWR01000009.1_1424	iSF_1195.SF2733	29.2	394	270	8	9	396	5	395	8.55e-58	196
NZ_FWWR01000009.1_1424	iSDY_1059.SDY_2907	29.2	394	270	8	9	396	5	395	3.27e-57	194
NZ_FWWR01000009.1_1424	iSSON_1240.SSON_2854	28.9	394	271	8	9	396	5	395	3.27e-57	194
NZ_FWWR01000009.1_1424	iML1515.b2710	31.2	353	235	7	9	355	5	355	4.58e-57	194
NZ_FWWR01000009.1_1424	STM_v1_0.STM2840	30.8	354	235	8	9	355	5	355	4.58e-57	194
NZ_FWWR01000009.1_1424	iAF692.Mbar_A3353	31.6	396	252	11	8	394	12	397	3.09e-57	192
NZ_FWWR01000009.1_1424	iYL1228.KPN_03045	31.4	353	234	7	9	355	5	355	3.65e-56	191
NZ_FWWR01000009.1_1424	iSbBS512_1146.SbBS512_E3167	28.9	394	271	8	9	396	5	395	3.42e-56	191
NZ_FWWR01000009.1_1424	iAF692.Mbar_A2179	28.8	392	269	9	8	397	8	391	2.58e-56	189
NZ_FWWR01000009.1_1425	iAF987.Gmet_3529	32.0	225	142	5	71	287	38	259	9.62e-27	108
NZ_FWWR01000009.1_1426	iAM_Pb448.PBANKA_113700	26.1	1079	641	28	2	941	69	1130	1.64e-93	320
NZ_FWWR01000009.1_1426	iAM_Pc455.PCYB_111980	25.9	1079	648	30	2	941	69	1134	2.60e-85	297
NZ_FWWR01000009.1_1426	iAM_Pv461.PVX_115000	25.3	1081	652	28	2	941	69	1134	4.85e-85	296
NZ_FWWR01000009.1_1427	iLB1027_lipid.PHATRDRAFT_49505	33.1	526	254	15	20	539	17	450	3.26e-75	245
NZ_FWWR01000009.1_1427	iML1515.b3708	31.0	522	285	12	21	538	19	469	2.37e-70	233
NZ_FWWR01000009.1_1427	iSF_1195.SF3754	31.0	522	285	12	21	538	19	469	2.37e-70	233
NZ_FWWR01000009.1_1427	iSbBS512_1146.SbBS512_E4214	31.0	522	285	12	21	538	19	469	4.64e-70	232
NZ_FWWR01000009.1_1430	iHN637.CLJU_RS12255	51.0	394	175	6	1	382	1	388	2.16e-126	369
NZ_FWWR01000009.1_1430	iHN637.CLJU_RS19680	49.1	393	184	5	1	382	1	388	1.85e-122	358
NZ_FWWR01000009.1_1432	iHN637.CLJU_RS16295	54.1	194	82	2	7	196	3	193	8.31e-65	199
NZ_FWWR01000009.1_1433	iCN900.CD630_16000	39.8	256	152	2	9	263	5	259	4.43e-56	180
NZ_FWWR01000009.1_1433	iHN637.CLJU_RS17275	40.2	264	143	5	10	263	5	263	9.50e-50	164
NZ_FWWR01000009.1_1436	iYS854.USA300HOU_RS06925	28.1	861	536	15	3	815	1	826	1.48e-88	298
NZ_FWWR01000009.1_1438	iSynCJ816.SGL_RS16080	33.8	65	42	1	11	74	18	82	6.73e-05	43.5
NZ_FWWR01000009.1_1443	iYS854.USA300HOU_RS06535	38.7	173	106	0	15	187	8	180	4.84e-35	121
NZ_FWWR01000009.1_1444	iNF517.LLMG_RS00415	33.6	244	153	5	2	238	38	279	1.06e-38	135
NZ_FWWR01000009.1_1445	iCN900.CD630_22760	37.9	454	266	8	3	449	2	446	4.72e-88	275
NZ_FWWR01000009.1_1446	iLJ478.TM1432	42.5	475	265	5	5	473	4	476	1.82e-119	358
NZ_FWWR01000009.1_1447	iLJ478.TM1433	44.5	409	215	6	6	414	5	401	2.68e-105	317
NZ_FWWR01000009.1_1449	iCN900.CD630_32700	38.0	150	90	1	8	154	8	157	5.72e-28	105
NZ_FWWR01000009.1_1450	iYO844.BSU30410	26.5	461	298	12	1	446	1	435	7.36e-32	125
NZ_FWWR01000009.1_1452	iCN900.CD630_19470	48.4	219	113	0	5	223	10	228	9.02e-69	210
NZ_FWWR01000009.1_1452	iYO844.BSU30420	44.8	203	112	0	18	220	19	221	1.80e-61	192
NZ_FWWR01000010.1_3	iHN637.CLJU_RS18870	45.7	418	215	5	5	413	11	425	2.06e-123	364
NZ_FWWR01000010.1_3	iYO844.BSU23380	45.1	421	220	4	5	416	12	430	3.46e-121	358
NZ_FWWR01000010.1_3	iCN900.CD630_20530	42.8	416	231	4	5	413	11	426	1.59e-114	341
NZ_FWWR01000010.1_3	iYS854.USA300HOU_RS07130	41.8	421	227	7	5	416	8	419	1.12e-109	328
