NZ_LN831024.1_5	iJN1463.PP_0058	64.3	252	90	0	1	252	6	257	6.59e-119	340
NZ_LN831024.1_6	iJN1463.PP_0059	80.3	173	34	0	5	177	3	175	7.63e-101	287
NZ_LN831024.1_8	iJN1463.PP_0060	79.1	684	143	0	2	685	1	684	0.0	1041
NZ_LN831024.1_9	iJN1463.PP_0061	95.2	315	15	0	1	315	1	315	1.76e-227	619
NZ_LN831024.1_9	iCN718.ABAYE_RS02360	87.2	312	40	0	1	312	1	312	7.87e-206	565
NZ_LN831024.1_11	iJN1463.PP_0063	73.9	295	77	0	1	295	1	295	1.59e-165	461
NZ_LN831024.1_16	iJN1463.PP_0065	82.7	457	79	0	1	457	1	457	7.67e-273	746
NZ_LN831024.1_18	iJN1463.PP_0067	81.0	310	59	0	5	314	1	310	6.92e-180	498
NZ_LN831024.1_19	iAM_Pb448.PBANKA_080930	41.3	160	91	1	4	160	60	219	2.08e-34	120
NZ_LN831024.1_19	iAM_Pv461.PVX_098840	42.5	160	89	1	4	160	10	169	1.13e-34	119
NZ_LN831024.1_19	iAM_Pc455.PCYB_071570	42.5	160	89	1	4	160	65	224	6.59e-34	119
NZ_LN831024.1_19	iAM_Pf480.PF3D7_0907900	39.4	160	94	2	4	160	65	224	5.72e-32	114
NZ_LN831024.1_19	iYO844.BSU15720	40.0	150	86	3	1	149	1	147	1.60e-31	110
NZ_LN831024.1_23	iJN1463.PP_0072	71.7	325	92	0	1	325	1	325	2.90e-169	473
NZ_LN831024.1_24	iJN1463.PP_0073	87.0	301	39	0	1	301	1	301	4.41e-211	577
NZ_LN831024.1_25	iJN1463.PP_0074	70.6	272	80	0	1	272	1	272	7.48e-135	381
NZ_LN831024.1_29	iJN1463.PP_0075	58.9	514	209	2	5	516	7	520	1.50e-184	527
NZ_LN831024.1_30	iJN1463.PP_0076	58.9	304	125	0	1	304	1	304	6.29e-136	387
NZ_LN831024.1_31	iJN1463.PP_0077	79.4	501	102	1	3	503	2	501	1.34e-306	835
NZ_LN831024.1_35	iAF987.Gmet_1919	26.6	192	124	4	1	186	2	182	1.41e-12	65.1
NZ_LN831024.1_36	iJN1463.PP_0082	75.4	268	66	0	1	268	1	268	3.49e-142	399
NZ_LN831024.1_37	iJN1463.PP_0083	84.0	401	64	0	1	401	3	403	4.27e-259	706
NZ_LN831024.1_59	iYO844.BSU10790	39.9	551	318	7	1	547	1	542	3.02e-140	421
NZ_LN831024.1_59	iHN637.CLJU_RS13170	38.7	573	342	7	1	571	1	566	5.84e-140	420
NZ_LN831024.1_74	iCN718.ABAYE_RS14895	43.6	211	118	1	10	219	5	215	7.39e-56	177
NZ_LN831024.1_75	iJN1463.PP_3285	32.9	167	95	3	8	169	8	162	2.77e-22	88.6
NZ_LN831024.1_75	iML1515.b1400	44.9	158	74	2	1	155	1	148	1.42e-21	86.7
NZ_LN831024.1_76	iCHOv1.100774083	28.7	670	447	10	18	676	52	701	4.96e-85	281
NZ_LN831024.1_82	iJN1463.PP_4210	40.7	194	102	6	21	211	26	209	8.56e-27	107
NZ_LN831024.1_82	iEK1008.Rv0073	39.2	189	100	5	26	210	28	205	6.41e-27	105
NZ_LN831024.1_82	iEK1008.Rv2564	38.4	190	102	6	25	210	27	205	8.92e-27	105
NZ_LN831024.1_82	iYL1228.KPN_00897	35.0	220	119	5	26	235	23	228	1.36e-25	100
NZ_LN831024.1_82	STM_v1_0.STM0106	35.4	212	114	4	26	229	20	216	1.64e-25	99.8
NZ_LN831024.1_82	iJN1463.PP_0240	39.3	196	98	4	26	221	37	211	6.45e-25	99.0
NZ_LN831024.1_82	iPC815.YPO1352	39.1	197	96	5	26	212	23	205	5.20e-25	98.6
NZ_LN831024.1_82	iYO844.BSU30420	36.3	190	109	4	25	211	29	209	5.77e-25	98.2
NZ_LN831024.1_82	iYL1228.KPN_00969	40.5	200	98	5	26	225	32	210	9.81e-25	98.2
NZ_LN831024.1_82	iYL1228.KPN_00213	38.2	186	102	4	25	207	25	200	3.94e-24	98.2
NZ_LN831024.1_82	iJN1463.PP_0114	38.0	200	106	5	14	207	14	201	4.91e-24	97.8
NZ_LN831024.1_83	iYS854.USA300HOU_RS06130	35.5	251	154	3	8	251	10	259	1.04e-41	163
NZ_LN831024.1_84	iEK1008.Rv0018c	36.5	233	138	4	10	238	9	235	1.09e-34	129
NZ_LN831024.1_87	iYL1228.KPN_00986	32.5	123	67	4	333	443	226	344	6.20e-05	44.7
NZ_LN831024.1_87	iAF987.Gmet_2727	36.1	108	58	4	340	443	295	395	1.18e-04	43.9
NZ_LN831024.1_87	iAF987.Gmet_1832	32.6	138	78	5	315	441	382	515	1.36e-04	43.9
NZ_LN831024.1_93	iJN1463.PP_3099	52.7	476	222	2	18	493	23	495	2.05e-169	487
NZ_LN831024.1_99	iCN900.CD630_20200	39.6	702	387	6	187	873	161	840	8.61e-152	468
NZ_LN831024.1_111	iJN1463.PP_0100	71.3	115	33	0	1	115	125	239	1.98e-56	174
NZ_LN831024.1_112	iEK1008.Rv3273	36.1	488	291	6	14	492	31	506	5.01e-75	251
NZ_LN831024.1_114	iJN1463.PP_0103	80.8	365	70	0	1	365	9	373	1.45e-231	634
NZ_LN831024.1_115	iJN1463.PP_0104	94.2	531	28	2	1	530	1	529	0.0	1010
NZ_LN831024.1_116	iJN1463.PP_0105	74.1	174	44	1	6	179	4	176	2.42e-90	261
NZ_LN831024.1_117	iJN1463.PP_0106	78.6	295	63	0	1	295	1	295	2.93e-184	508
NZ_LN831024.1_121	iSynCJ816.SGL_RS10200	30.0	190	105	6	22	205	58	225	3.11e-08	54.3
NZ_LN831024.1_122	iJN1463.PP_0110	79.5	302	57	2	1	302	1	297	9.89e-165	459
NZ_LN831024.1_123	iIS312.TCDM_05651	32.4	145	90	5	48	184	91	235	2.50e-20	85.9
NZ_LN831024.1_126	iCN718.ABAYE_RS09790	26.6	199	145	1	5	203	8	205	1.04e-15	73.9
NZ_LN831024.1_126	iYL1228.KPN_02061	30.5	177	120	2	4	178	2	177	9.73e-16	73.9
NZ_LN831024.1_126	iML1515.b1619	27.7	231	159	5	5	230	12	239	1.82e-15	73.2
NZ_LN831024.1_126	iNF517.LLMG_RS08260	28.4	204	139	4	5	206	3	201	4.64e-15	72.0
NZ_LN831024.1_126	iYO844.BSU08650	29.2	195	134	3	1	193	1	193	2.80e-13	67.0
NZ_LN831024.1_127	iCHOv1.100750691	27.7	206	133	5	3	193	60	264	5.14e-19	82.0
NZ_LN831024.1_128	iJN1463.PP_2255	77.5	417	94	0	3	419	2	418	1.02e-222	617
NZ_LN831024.1_137	iJN1463.PP_0686	85.0	113	17	0	1	113	1	113	2.79e-68	200
NZ_LN831024.1_138	iJN1463.PP_0284	71.3	449	128	1	18	466	9	456	4.64e-214	598
NZ_LN831024.1_138	iJN1463.PP_4756	67.0	445	147	0	15	459	7	451	1.04e-208	584
NZ_LN831024.1_138	iJN1463.PP_2911	63.5	449	163	1	17	465	7	454	9.67e-195	549
NZ_LN831024.1_138	iYL1228.KPN_00254	65.6	448	153	1	14	461	7	453	2.24e-194	548
NZ_LN831024.1_138	iML1515.b2663	66.9	444	146	1	18	461	10	452	3.07e-194	548
NZ_LN831024.1_138	iSDY_1059.SDY_2853	66.7	444	147	1	18	461	10	452	8.75e-194	546
NZ_LN831024.1_138	iSbBS512_1146.SbBS512_E3218	67.0	442	145	1	18	459	10	450	1.24e-193	546
NZ_LN831024.1_138	STM_v1_0.STM2793	67.2	430	140	1	17	446	9	437	4.72e-191	540
NZ_LN831024.1_139	iJN1463.PP_0597	88.5	497	57	0	1	497	1	497	0.0	894
NZ_LN831024.1_141	iJN1463.PP_0596	76.5	447	105	0	1	447	1	447	3.71e-264	723
NZ_LN831024.1_141	iCN718.ABAYE_RS06905	76.5	430	101	0	15	444	25	454	5.15e-255	700
NZ_LN831024.1_143	iJN1463.PP_4281	58.3	432	179	1	1	431	3	434	7.27e-186	523
NZ_LN831024.1_145	iPC815.YPO3964	36.0	484	290	6	10	486	5	475	7.14e-84	268
NZ_LN831024.1_145	iLJ478.TM0115	35.1	485	295	5	12	486	15	489	7.71e-83	266
NZ_LN831024.1_145	iJN1463.PP_2455	38.8	482	276	10	12	486	17	486	1.55e-73	242
NZ_LN831024.1_146	iYL1228.KPN_04155	28.6	203	131	7	95	297	82	270	2.26e-04	42.4
NZ_LN831024.1_146	iML1515.b3750	26.5	204	134	7	95	297	82	270	4.00e-04	41.6
NZ_LN831024.1_147	iJN1463.PP_4842	29.7	212	132	7	11	208	204	412	5.01e-04	41.2
NZ_LN831024.1_148	iJN1463.PP_2439	65.2	187	65	0	1	187	1	187	6.79e-93	268
NZ_LN831024.1_148	STM_v1_0.STM0608	59.9	187	75	0	1	187	1	187	6.48e-84	245
NZ_LN831024.1_148	iML1515.b0605	58.8	187	77	0	1	187	1	187	1.85e-83	244
NZ_LN831024.1_149	iJN1463.PP_2440	81.9	520	93	1	1	520	1	519	1.17e-306	837
NZ_LN831024.1_150	iAF987.Gmet_1092	34.1	217	117	3	80	275	72	283	3.03e-32	121
NZ_LN831024.1_151	iAF692.Mbar_A3252	28.1	342	224	6	1	340	106	427	5.48e-28	112
NZ_LN831024.1_151	iJN1463.PP_4281	33.3	282	164	9	3	278	123	386	1.45e-27	111
NZ_LN831024.1_152	iJN1463.PP_2460	69.4	320	98	0	30	349	2	321	1.24e-164	462
NZ_LN831024.1_156	iLB1027_lipid.PHATRDRAFT_45605	26.8	347	198	12	4	310	3	333	4.96e-30	116
NZ_LN831024.1_157	iJN1463.PP_0591	88.9	315	35	0	1	315	1	315	4.36e-210	575
NZ_LN831024.1_160	iJN1463.PP_0160	28.1	814	514	27	22	795	46	828	5.11e-62	223
NZ_LN831024.1_160	iJN1463.PP_0350	27.3	805	496	30	41	795	45	810	1.29e-56	207
NZ_LN831024.1_162	iJN1463.PP_4656	81.2	234	44	0	5	238	5	238	3.73e-150	417
NZ_LN831024.1_163	iJN1463.PP_4655	81.1	201	38	0	1	201	1	201	1.33e-122	344
NZ_LN831024.1_165	iML1515.b3265	25.6	360	247	7	6	345	15	373	5.02e-20	90.1
NZ_LN831024.1_165	iSbBS512_1146.SbBS512_E3648	25.6	360	247	7	6	345	15	373	5.02e-20	90.1
NZ_LN831024.1_165	STM_v1_0.STM3390	24.2	359	253	5	6	345	15	373	1.92e-18	85.5
NZ_LN831024.1_165	iPC815.YPO3132	24.9	370	258	5	11	360	21	390	1.25e-17	83.2
NZ_LN831024.1_165	iYL1228.KPN_03672	25.0	356	250	5	6	345	14	368	1.52e-17	82.8
NZ_LN831024.1_166	iML1515.b0574	25.9	174	128	1	167	340	210	382	6.89e-10	59.7
NZ_LN831024.1_166	iSSON_1240.SSON_0525	25.9	174	128	1	167	340	210	382	6.89e-10	59.7
NZ_LN831024.1_166	iPC815.YPO3132	21.7	364	256	5	14	353	20	378	5.00e-09	57.0
NZ_LN831024.1_166	iSF_1195.SF0408	21.8	377	261	7	3	353	9	377	6.70e-09	56.6
NZ_LN831024.1_166	iSSON_1240.SSON_0450	21.5	377	262	7	3	353	9	377	8.92e-09	56.2
NZ_LN831024.1_166	iML1515.b0463	21.5	377	262	7	3	353	9	377	1.19e-08	55.8
NZ_LN831024.1_166	iSDY_1059.SDY_0456	21.2	377	263	7	3	353	9	377	2.80e-08	54.7
NZ_LN831024.1_166	iJN1463.PP_4209	30.9	369	174	12	29	336	35	383	4.92e-08	53.9
NZ_LN831024.1_167	iAF987.Gmet_3509	23.4	1046	736	20	6	1009	4	1026	5.04e-62	229
NZ_LN831024.1_167	iJN1463.PP_2410	25.2	1067	712	23	6	1012	4	1044	4.38e-60	223
NZ_LN831024.1_167	iJN1463.PP_0043	24.5	1059	724	22	11	1014	9	1046	2.60e-58	218
NZ_LN831024.1_170	iJN1463.PP_0799	61.3	447	165	5	1	443	1	443	3.59e-194	545
NZ_LN831024.1_172	iCN900.CD630_15340	48.6	541	270	6	2	538	1	537	7.80e-184	526
NZ_LN831024.1_173	iJN1463.PP_4293	65.7	277	76	3	3	278	2	260	2.92e-132	374
NZ_LN831024.1_174	iYL1228.KPN_01664	57.0	444	190	1	5	448	3	445	4.87e-170	486
NZ_LN831024.1_177	iAF987.Gmet_0069	44.0	159	87	1	100	256	142	300	3.71e-34	125
NZ_LN831024.1_177	iJN1463.PP_0129	41.3	160	94	0	97	256	482	641	3.96e-30	118
NZ_LN831024.1_177	iAF987.Gmet_2425	40.5	168	96	2	97	262	184	349	1.64e-29	114
NZ_LN831024.1_181	iAF987.Gmet_2999	33.9	109	65	4	2	107	7	111	1.38e-08	55.5
NZ_LN831024.1_181	iAF987.Gmet_0069	34.2	111	60	5	4	107	4	108	6.64e-07	50.1
NZ_LN831024.1_187	iAF987.Gmet_1706	37.0	108	66	1	5	112	3	108	1.36e-13	65.1
NZ_LN831024.1_190	iCN900.CD630_11820	33.3	243	158	3	8	247	4	245	2.38e-29	110
NZ_LN831024.1_190	iAF987.Gmet_1601	35.2	244	153	4	7	247	2	243	3.30e-28	107
NZ_LN831024.1_190	iNF517.LLMG_RS08950	42.0	174	95	4	79	249	72	242	6.38e-27	103
NZ_LN831024.1_190	iML1515.b1093	35.8	243	144	6	10	247	5	240	9.11e-27	103
NZ_LN831024.1_190	iSbBS512_1146.SbBS512_E2231	35.8	243	144	6	10	247	5	240	9.11e-27	103
NZ_LN831024.1_190	iSDY_1059.SDY_2057	35.8	243	144	6	10	247	5	240	9.11e-27	103
NZ_LN831024.1_190	iSF_1195.SF1097	35.8	243	144	6	10	247	5	240	9.11e-27	103
NZ_LN831024.1_190	iSSON_1240.SSON_1113	35.8	243	144	6	10	247	5	240	9.11e-27	103
NZ_LN831024.1_190	STM_v1_0.STM1195	35.8	246	146	6	7	247	2	240	1.27e-26	103
NZ_LN831024.1_190	iSynCJ816.SGL_RS07245	33.3	243	156	4	8	247	4	243	1.36e-26	103
NZ_LN831024.1_190	iYL1228.KPN_01091	35.9	245	147	5	7	247	2	240	2.49e-26	102
NZ_LN831024.1_190	iHN637.CLJU_RS20765	29.5	244	160	4	11	247	7	245	2.02e-25	100
NZ_LN831024.1_191	iMM1415.11881	26.4	573	259	21	2	520	43	506	6.08e-36	140
NZ_LN831024.1_192	iYO844.BSU08830	47.7	243	122	2	21	261	10	249	1.28e-76	233
NZ_LN831024.1_192	iAF987.Gmet_1899	46.1	243	130	1	14	255	7	249	2.54e-73	225
NZ_LN831024.1_193	iCN718.ABAYE_RS19055	38.5	244	149	1	292	535	17	259	9.31e-45	158
NZ_LN831024.1_193	iPC815.YPO3626	36.6	246	155	1	293	538	12	256	4.72e-40	145
NZ_LN831024.1_193	iYO844.BSU08850	38.7	243	148	1	39	280	34	276	1.20e-39	145
NZ_LN831024.1_193	iYL1228.KPN_00970	35.4	246	158	1	293	538	11	255	1.65e-39	144
NZ_LN831024.1_194	iJN1463.PP_0237	25.2	210	147	6	53	258	39	242	6.64e-10	59.3
NZ_LN831024.1_194	iCN718.ABAYE_RS19045	27.8	212	139	7	61	267	60	262	1.25e-08	55.5
NZ_LN831024.1_194	iSynCJ816.SGL_RS05575	27.7	213	142	6	68	276	74	278	3.26e-08	54.3
NZ_LN831024.1_195	iCHOv1.100757720	28.5	165	104	5	90	240	245	409	3.55e-08	53.5
NZ_LN831024.1_196	iCN900.CD630_21240	24.9	201	143	3	97	290	106	305	4.83e-11	62.0
NZ_LN831024.1_197	iJN1463.PP_3630	38.6	446	253	6	13	451	15	446	8.69e-79	251
NZ_LN831024.1_197	iJN1463.PP_5250	36.9	409	231	7	39	447	33	414	3.52e-77	246
NZ_LN831024.1_197	iJN1463.PP_0799	36.7	436	242	10	29	452	31	444	2.04e-71	232
NZ_LN831024.1_198	iCN718.ABAYE_RS16270	35.2	91	58	1	125	215	83	172	1.01e-04	41.6
NZ_LN831024.1_200	iYL1228.KPN_01250	24.1	765	448	39	81	790	75	761	6.52e-15	78.6
NZ_LN831024.1_201	iML1515.b0368	38.6	277	165	4	13	286	4	278	3.15e-59	190
NZ_LN831024.1_201	iSF_1195.SF0250	38.6	277	165	4	13	286	4	278	6.29e-59	189
NZ_LN831024.1_201	iSDY_1059.SDY_0502	38.3	277	166	4	13	286	4	278	8.88e-59	189
NZ_LN831024.1_201	iSSON_1240.SSON_0346	38.3	277	166	4	13	286	4	278	3.53e-58	187
NZ_LN831024.1_201	iJN1463.PP_0230	38.4	276	165	4	14	286	3	276	5.91e-58	187
NZ_LN831024.1_201	iCN718.ABAYE_RS11215	37.7	276	166	6	14	286	8	280	1.58e-52	173
NZ_LN831024.1_201	iPC815.YPO0185	36.3	278	172	4	13	287	4	279	2.32e-52	172
NZ_LN831024.1_201	iYL1228.KPN_00314	36.1	277	172	4	13	286	4	278	4.73e-52	172
NZ_LN831024.1_202	iJN1463.PP_0169	32.3	223	134	5	18	232	19	232	3.51e-30	113
NZ_LN831024.1_203	iJN1463.PP_0156	83.4	373	61	1	1	372	1	373	2.16e-211	583
NZ_LN831024.1_204	iCN718.ABAYE_RS15920	54.5	101	34	1	10	98	4	104	3.64e-27	95.5
NZ_LN831024.1_205	iJN1463.PP_0155	88.5	478	55	0	1	478	1	478	2.48e-298	812
NZ_LN831024.1_207	STM_v1_0.STM3159	37.5	192	98	3	23	204	34	213	1.53e-23	94.7
NZ_LN831024.1_207	iPC815.YPO0682	34.0	200	117	4	11	204	132	322	2.85e-21	90.5
NZ_LN831024.1_207	iYL1228.KPN_03426	35.6	188	107	2	23	204	29	208	7.40e-22	90.1
NZ_LN831024.1_207	iML1515.b3006	35.7	182	115	1	23	204	34	213	2.24e-21	89.0
NZ_LN831024.1_207	iSDY_1059.SDY_3067	35.7	182	115	1	23	204	34	213	2.24e-21	89.0
NZ_LN831024.1_207	iSF_1195.SF3051	35.7	182	115	1	23	204	34	213	2.24e-21	89.0
NZ_LN831024.1_207	iSSON_1240.SSON_3149	35.7	182	115	1	23	204	34	213	2.24e-21	89.0
NZ_LN831024.1_207	iJN1463.PP_5306	35.4	181	111	3	23	202	116	291	9.88e-21	88.6
NZ_LN831024.1_207	iSbBS512_1146.SbBS512_E3434	35.7	182	115	1	23	204	34	213	3.12e-21	88.6
NZ_LN831024.1_208	iJN1463.PP_5307	39.0	118	71	1	14	130	17	134	9.21e-20	79.0
NZ_LN831024.1_208	iML1515.b3005	31.5	124	85	0	7	130	10	133	2.22e-17	72.8
NZ_LN831024.1_208	STM_v1_0.STM3158	31.5	124	85	0	7	130	10	133	2.22e-17	72.8
NZ_LN831024.1_208	iSbBS512_1146.SbBS512_E3433	31.5	124	85	0	7	130	10	133	2.22e-17	72.8
NZ_LN831024.1_208	iSF_1195.SF3050	31.5	124	85	0	7	130	10	133	2.22e-17	72.8
NZ_LN831024.1_208	iSSON_1240.SSON_3148	31.5	124	85	0	7	130	10	133	2.22e-17	72.8
NZ_LN831024.1_208	iSDY_1059.SDY_3068	31.5	124	85	0	7	130	10	133	4.40e-17	72.0
NZ_LN831024.1_211	iYL1228.KPN_01563	77.2	544	121	2	11	554	11	551	1.83e-310	849
NZ_LN831024.1_212	iSbBS512_1146.SbBS512_E0527	36.1	274	149	5	26	282	28	292	1.06e-32	121
NZ_LN831024.1_212	iML1515.b0613	36.1	274	149	5	26	282	28	292	2.89e-32	120
NZ_LN831024.1_212	iSSON_1240.SSON_0565	35.8	274	150	5	26	282	28	292	1.10e-31	119
NZ_LN831024.1_212	iYL1228.KPN_00038	36.9	268	160	4	26	284	29	296	2.64e-31	118
NZ_LN831024.1_212	STM_v1_0.STM0619	35.8	293	144	6	20	286	23	297	2.43e-31	118
NZ_LN831024.1_214	iYL1228.KPN_01561	70.9	268	78	0	11	278	5	272	5.29e-132	375
NZ_LN831024.1_215	iYL1228.KPN_01560	58.6	268	109	2	1	268	1	266	5.87e-95	280
NZ_LN831024.1_217	iCN718.ABAYE_RS11295	46.4	306	162	2	1	305	1	305	6.25e-80	244
NZ_LN831024.1_222	iJN1463.PP_2589	79.0	496	104	0	1	496	1	496	5.73e-281	769
NZ_LN831024.1_223	iJN1463.PP_5031	26.0	431	276	17	56	456	47	464	2.41e-16	80.9
NZ_LN831024.1_223	iEK1008.Rv2320c	23.7	431	280	11	12	411	31	443	5.89e-16	79.7
NZ_LN831024.1_223	iJN1463.PP_1259	26.8	351	216	12	67	390	60	396	9.26e-16	79.3
NZ_LN831024.1_223	iHN637.CLJU_RS10530	22.4	446	309	11	6	430	15	444	7.48e-15	76.3
NZ_LN831024.1_223	iYS854.USA300HOU_RS07350	23.9	418	284	12	12	411	7	408	2.84e-14	74.3
NZ_LN831024.1_223	iJN1463.PP_0927	24.4	442	300	14	24	447	22	447	3.96e-14	73.9
NZ_LN831024.1_223	iML1515.b0576	23.9	427	290	11	3	406	10	424	7.12e-14	73.2
NZ_LN831024.1_224	iJN1463.PP_5182	52.1	453	211	5	6	457	5	452	6.30e-177	503
NZ_LN831024.1_224	iJN1463.PP_2180	51.5	443	212	3	11	453	8	447	3.06e-172	491
NZ_LN831024.1_225	iJN1463.PP_0412	60.8	339	132	1	14	352	6	343	5.21e-153	433
NZ_LN831024.1_226	iCN718.ABAYE_RS18220	52.9	289	134	2	5	292	3	290	1.58e-107	313
NZ_LN831024.1_227	iCN718.ABAYE_RS18215	61.7	256	98	0	4	259	3	258	3.14e-117	335
NZ_LN831024.1_230	iCN900.CD630_26780	26.8	235	124	8	1	218	1	204	5.15e-14	68.9
NZ_LN831024.1_230	iIT341.HP0692	30.0	220	122	8	8	218	3	199	2.82e-13	66.6
NZ_LN831024.1_230	iYL1228.KPN_02054	26.3	236	139	8	6	230	3	214	1.62e-12	64.7
NZ_LN831024.1_230	iJN1463.PP_3123	28.8	222	127	9	6	218	4	203	1.62e-12	64.7
NZ_LN831024.1_230	iEK1008.Rv3552	24.4	238	170	4	8	243	6	235	1.56e-11	62.4
NZ_LN831024.1_231	iJN1463.PP_1377	83.9	398	64	0	4	401	3	400	1.36e-242	664
NZ_LN831024.1_232	iJN1463.PP_1378	77.4	425	93	2	8	431	6	428	2.86e-229	633
NZ_LN831024.1_232	iYL1228.KPN_02910	72.8	408	111	0	12	419	16	423	2.55e-207	578
NZ_LN831024.1_232	STM_v1_0.STM2654	73.3	408	109	0	12	419	17	424	1.07e-206	576
NZ_LN831024.1_233	iJN1463.PP_1379	80.0	444	89	0	6	449	2	445	9.73e-247	679
NZ_LN831024.1_234	iJN1463.PP_1380	74.0	262	68	0	1	262	1	262	8.98e-140	393
NZ_LN831024.1_235	iJN1463.PP_1381	90.0	130	13	0	1	130	1	130	7.51e-84	241
NZ_LN831024.1_237	iJN1463.PP_4291	25.5	263	161	10	23	277	26	261	2.39e-19	84.7
NZ_LN831024.1_237	iJN1463.PP_4293	24.0	258	161	9	23	273	25	254	2.26e-18	82.0
NZ_LN831024.1_238	iJN1463.PP_1376	83.7	447	73	0	1	447	1	447	5.52e-266	728
NZ_LN831024.1_240	iAF692.Mbar_A1138	29.8	215	136	6	5	215	2	205	4.80e-25	102
NZ_LN831024.1_241	iCN900.CD630_27100	27.8	216	132	7	15	220	21	222	9.28e-14	69.3
NZ_LN831024.1_243	iJN1463.PP_1383	72.2	406	108	4	14	416	15	418	3.40e-214	594
NZ_LN831024.1_243	iJN1463.PP_2517	69.1	408	119	2	10	416	9	410	4.38e-208	578
NZ_LN831024.1_243	iJN1463.PP_1173	70.6	401	110	6	18	416	18	412	8.09e-202	562
NZ_LN831024.1_244	STM_v1_0.STM3134	28.9	395	251	6	31	406	5	388	1.39e-51	179
NZ_LN831024.1_244	iSbBS512_1146.SbBS512_E3529	28.9	380	256	4	33	403	8	382	1.47e-47	168
NZ_LN831024.1_244	iML1515.b3093	29.2	380	255	4	33	403	8	382	2.84e-47	167
NZ_LN831024.1_244	iSF_1195.SF3133	29.2	380	255	4	33	403	8	382	2.84e-47	167
NZ_LN831024.1_245	iJN1463.PP_2554	79.1	631	132	0	1	631	1	631	0.0	1011
NZ_LN831024.1_247	iJN1463.PP_2406	76.5	277	65	0	5	281	4	280	6.27e-143	402
NZ_LN831024.1_248	iJN1463.PP_2407	66.9	148	49	0	1	148	1	148	4.89e-72	212
NZ_LN831024.1_249	iYO844.BSU03070	34.6	419	269	5	1	417	1	416	3.50e-73	240
NZ_LN831024.1_250	iJN1463.PP_3537	75.4	394	96	1	1	393	1	394	5.93e-220	607
NZ_LN831024.1_253	iAF692.Mbar_A0964	24.5	94	71	0	30	123	52	145	1.52e-11	59.3
NZ_LN831024.1_257	iAF987.Gmet_2102	27.8	500	322	10	7	496	26	496	1.54e-46	169
NZ_LN831024.1_263	iJN1463.PP_0213	88.3	480	54	1	1	480	1	478	5.82e-308	837
NZ_LN831024.1_263	iYL1228.KPN_00256	83.0	481	82	0	1	481	1	481	2.62e-293	800
NZ_LN831024.1_263	iML1515.b2661	81.3	481	90	0	1	481	1	481	9.24e-287	783
NZ_LN831024.1_263	iSSON_1240.SSON_2805	81.5	481	89	0	1	481	1	481	7.57e-286	781
NZ_LN831024.1_263	STM_v1_0.STM2791	80.2	481	95	0	1	481	1	481	1.25e-284	778
NZ_LN831024.1_264	iJN1463.PP_0214	80.3	426	83	1	1	426	1	425	2.38e-244	671
NZ_LN831024.1_264	iML1515.b2662	73.6	421	111	0	4	424	3	423	2.48e-230	635
NZ_LN831024.1_264	iSSON_1240.SSON_2806	73.4	421	112	0	4	424	3	423	4.76e-228	630
NZ_LN831024.1_264	iYL1228.KPN_00255	73.2	421	113	0	4	424	3	423	5.73e-227	627
NZ_LN831024.1_264	STM_v1_0.STM2792	72.7	421	115	0	4	424	3	423	1.91e-225	623
NZ_LN831024.1_265	iAF987.Gmet_0069	28.6	126	88	2	6	130	2	126	2.66e-08	54.7
NZ_LN831024.1_266	iCN900.CD630_36640	28.6	318	208	2	114	412	27	344	1.48e-34	133
NZ_LN831024.1_271	iYL1228.KPN_02734	42.7	393	220	3	5	393	2	393	3.41e-87	270
NZ_LN831024.1_271	iML1515.b0341	41.7	384	218	4	13	392	1	382	1.40e-82	257
NZ_LN831024.1_271	iJN1463.PP_3751	40.9	386	226	2	17	400	10	395	4.53e-78	246
NZ_LN831024.1_274	iJN1463.PP_1382	64.3	171	58	1	1	168	1	171	2.24e-70	210
NZ_LN831024.1_275	iAF987.Gmet_1238	28.8	191	122	5	65	248	59	242	6.36e-12	63.5
NZ_LN831024.1_278	iJN1463.PP_5168	87.2	329	42	0	1	329	1	329	7.10e-209	573
NZ_LN831024.1_279	iJN1463.PP_5169	84.8	290	43	1	1	289	1	290	1.10e-167	466
NZ_LN831024.1_280	iJN1463.PP_5170	92.3	272	21	0	1	272	1	272	6.42e-172	475
NZ_LN831024.1_281	iJN1463.PP_5171	77.9	335	71	3	1	332	8	342	1.56e-186	517
NZ_LN831024.1_283	iAF987.Gmet_3085	37.6	712	423	7	59	755	189	894	3.81e-146	450
NZ_LN831024.1_283	iAF987.Gmet_0700	42.5	544	308	4	211	752	277	817	6.90e-132	410
NZ_LN831024.1_284	iJN1463.PP_0217	83.9	391	63	0	1	391	1	391	3.50e-255	696
NZ_LN831024.1_285	iJN1463.PP_4524	57.0	451	193	1	1	451	1	450	8.73e-164	469
NZ_LN831024.1_286	iJN1463.PP_4523	49.5	305	152	2	7	310	11	314	9.36e-105	308
NZ_LN831024.1_288	iAF987.Gmet_0987	29.5	298	203	5	22	318	226	517	4.40e-35	134
NZ_LN831024.1_288	iAF987.Gmet_2629	32.6	301	187	8	22	316	250	540	9.56e-34	130
NZ_LN831024.1_288	iAF987.Gmet_3085	30.3	307	195	9	23	318	319	617	1.46e-30	121
NZ_LN831024.1_289	iJN1463.PP_0234	49.0	469	196	12	8	460	3	444	1.04e-132	390
NZ_LN831024.1_290	iJN1463.PP_0266	78.5	367	79	0	1	367	1	367	1.35e-228	626
NZ_LN831024.1_291	iLB1027_lipid.PHATRDRAFT_38930	50.2	303	136	5	3	290	5	307	1.79e-102	301
NZ_LN831024.1_293	iPC815.YPO1331	37.5	347	208	4	8	345	16	362	5.50e-82	253
NZ_LN831024.1_293	iML1515.b0854	38.3	339	200	4	16	345	25	363	3.58e-80	249
NZ_LN831024.1_293	STM_v1_0.STM0877	38.1	339	201	4	16	345	25	363	3.58e-80	249
NZ_LN831024.1_293	iSbBS512_1146.SbBS512_E2477	38.3	339	200	4	16	345	25	363	3.58e-80	249
NZ_LN831024.1_293	iSSON_1240.SSON_0839	38.3	339	200	4	16	345	25	363	3.58e-80	249
NZ_LN831024.1_293	iSF_1195.SF0808	38.3	339	200	4	16	345	25	363	5.06e-80	248
NZ_LN831024.1_293	iJN1463.PP_5181	36.1	355	219	4	4	350	9	363	1.74e-79	247
NZ_LN831024.1_293	iYL1228.KPN_00885	38.1	339	201	4	16	345	25	363	2.84e-79	246
NZ_LN831024.1_293	iSDY_1059.SDY_0741	38.1	339	201	4	16	345	25	363	2.84e-79	246
NZ_LN831024.1_293	iJN1463.PP_3147	37.0	349	213	2	9	350	12	360	1.26e-78	244
NZ_LN831024.1_293	iJN1463.PP_5341	37.1	345	208	4	17	352	23	367	1.16e-77	242
NZ_LN831024.1_293	iJN1463.PP_5180	36.4	335	206	2	18	345	23	357	1.66e-73	231
NZ_LN831024.1_294	iJN1463.PP_5184	89.5	458	48	0	1	458	1	458	1.33e-308	836
NZ_LN831024.1_294	iJN1463.PP_5299	81.7	458	83	1	2	458	3	460	7.59e-281	766
NZ_LN831024.1_295	iJN1463.PP_2179	70.0	247	74	0	1	247	1	247	5.64e-129	365
NZ_LN831024.1_296	iJN1463.PP_5183	87.8	452	55	0	1	452	1	452	5.73e-300	814
NZ_LN831024.1_296	iJN1463.PP_3148	82.1	452	81	0	1	452	1	452	2.30e-283	772
NZ_LN831024.1_297	iJN1463.PP_5182	76.9	450	104	0	5	454	3	452	9.03e-273	745
NZ_LN831024.1_297	iJN1463.PP_2180	75.2	448	110	1	7	454	5	451	1.61e-261	717
NZ_LN831024.1_298	iJN1463.PP_5181	69.8	367	108	3	2	367	1	365	3.28e-184	514
NZ_LN831024.1_299	iJN1463.PP_5180	67.9	365	116	1	1	365	1	364	2.39e-183	511
NZ_LN831024.1_299	iJN1463.PP_3147	63.6	365	130	2	1	365	1	362	2.67e-170	478
NZ_LN831024.1_300	iJN1463.PP_5179	80.7	384	70	1	1	384	1	380	4.40e-225	619
NZ_LN831024.1_301	iJN1463.PP_5178	79.1	301	63	0	2	302	5	305	2.76e-173	481
NZ_LN831024.1_302	iJN1463.PP_5177	88.8	278	31	0	1	278	1	278	8.96e-171	474
NZ_LN831024.1_303	iSSON_1240.SSON_4482	29.4	228	156	3	269	496	5	227	7.39e-20	89.7
NZ_LN831024.1_307	iCHOv1.100767455	27.9	258	160	11	54	295	36	283	4.11e-12	65.5
NZ_LN831024.1_307	iMM1415.23945	29.2	257	152	12	54	292	42	286	6.22e-11	62.0
NZ_LN831024.1_311	iCN718.ABAYE_RS00870	40.7	150	84	2	4	151	2	148	3.23e-32	112
NZ_LN831024.1_312	iJN1463.PP_0226	47.2	214	113	0	11	224	2	215	7.97e-60	187
NZ_LN831024.1_312	iML1515.b1918	45.7	210	114	0	15	224	5	214	4.74e-56	177
NZ_LN831024.1_313	iJN1463.PP_0227	45.6	237	124	4	21	253	29	264	2.09e-63	199
NZ_LN831024.1_313	iML1515.b1920	42.7	234	132	2	22	253	33	266	1.03e-58	187
NZ_LN831024.1_313	STM_v1_0.STM1954	41.3	242	140	2	14	253	25	266	1.16e-57	184
NZ_LN831024.1_315	iJN1463.PP_5155	91.0	409	37	0	1	409	1	409	3.49e-270	735
NZ_LN831024.1_316	iMM904.YDL178W	34.2	456	273	8	22	460	83	528	1.10e-85	272
NZ_LN831024.1_317	iCHOv1.100766004	40.3	201	119	1	20	220	17	216	2.26e-51	165
NZ_LN831024.1_320	iJN1463.PP_5340	68.5	340	107	0	1	340	1	340	7.00e-178	496
NZ_LN831024.1_321	iJN1463.PP_2586	51.9	439	202	6	28	462	27	460	2.69e-127	377
NZ_LN831024.1_323	iJN1463.PP_5180	38.6	352	202	4	9	346	10	361	1.53e-72	229
NZ_LN831024.1_324	iHN637.CLJU_RS10670	41.2	221	130	0	32	252	29	249	3.50e-60	191
NZ_LN831024.1_324	iML1515.b1124	38.5	239	147	0	21	259	15	253	3.78e-57	183
NZ_LN831024.1_324	iSbBS512_1146.SbBS512_E2201	38.5	239	147	0	21	259	15	253	3.78e-57	183
NZ_LN831024.1_324	iSF_1195.SF1126	38.5	239	147	0	21	259	15	253	3.78e-57	183
NZ_LN831024.1_324	iSSON_1240.SSON_1142	38.5	239	147	0	21	259	15	253	3.78e-57	183
NZ_LN831024.1_324	iSDY_1059.SDY_2028	38.5	239	147	0	21	259	15	253	5.34e-57	182
NZ_LN831024.1_324	iYL1228.KPN_01130	38.5	239	147	0	21	259	15	253	1.38e-56	181
NZ_LN831024.1_324	STM_v1_0.STM1223	38.1	239	148	0	21	259	15	253	1.04e-55	179
NZ_LN831024.1_324	iYL1228.KPN_00888	40.9	247	139	2	21	260	20	266	3.08e-54	176
NZ_LN831024.1_324	iPC815.YPO1334	42.1	233	128	2	21	246	20	252	6.15e-54	175
NZ_LN831024.1_324	iJN1463.PP_5177	36.7	259	156	3	10	261	4	261	5.35e-53	173
NZ_LN831024.1_324	STM_v1_0.STM0880	40.9	247	139	2	21	260	20	266	3.45e-53	173
NZ_LN831024.1_324	iSF_1195.SF0811	41.1	231	129	2	21	244	20	250	1.37e-52	172
NZ_LN831024.1_325	iYL1228.KPN_01131	44.9	265	134	3	32	296	19	271	1.78e-64	204
NZ_LN831024.1_325	STM_v1_0.STM1225	44.5	265	135	3	32	296	19	271	1.89e-64	204
NZ_LN831024.1_325	iML1515.b1125	43.4	265	138	3	32	296	9	261	2.10e-63	201
NZ_LN831024.1_325	iSbBS512_1146.SbBS512_E1303	47.9	211	110	0	86	296	61	271	2.99e-63	201
NZ_LN831024.1_325	iSDY_1059.SDY_2027	43.4	265	138	3	32	296	9	261	2.10e-63	201
NZ_LN831024.1_325	iSF_1195.SF1127	43.4	265	138	3	32	296	9	261	2.10e-63	201
NZ_LN831024.1_325	iSSON_1240.SSON_1143	43.4	265	138	3	32	296	9	261	2.10e-63	201
NZ_LN831024.1_325	iHN637.CLJU_RS10675	40.8	267	146	2	27	293	19	273	3.93e-58	188
NZ_LN831024.1_325	iPC815.YPO1333	38.0	295	171	5	20	308	33	321	9.61e-58	188
NZ_LN831024.1_325	iYL1228.KPN_00887	38.0	292	169	5	20	305	29	314	2.41e-57	187
NZ_LN831024.1_325	iSbBS512_1146.SbBS512_E2475	38.0	292	169	5	20	305	29	314	9.54e-57	185
NZ_LN831024.1_325	iSDY_1059.SDY_0739	38.0	292	169	5	20	305	29	314	1.34e-56	185
NZ_LN831024.1_325	STM_v1_0.STM0879	37.7	292	170	5	20	305	29	314	1.90e-56	184
NZ_LN831024.1_325	iML1515.b0856	37.7	292	170	5	20	305	29	314	2.67e-56	184
NZ_LN831024.1_325	iSF_1195.SF0810	37.7	292	170	5	20	305	29	314	2.67e-56	184
NZ_LN831024.1_326	iJN1463.PP_1484	49.5	327	141	4	1	321	1	309	1.58e-93	282
NZ_LN831024.1_326	iCN900.CD630_10240	52.2	297	137	2	21	312	18	314	2.53e-93	281
NZ_LN831024.1_326	iYS854.USA300HOU_RS05485	52.6	285	130	2	21	300	17	301	6.09e-93	281
NZ_LN831024.1_326	iML1515.b1441	45.5	341	164	5	1	337	1	323	7.67e-90	272
NZ_LN831024.1_326	iSSON_1240.SSON_1696	45.5	341	164	5	1	337	1	323	7.67e-90	272
NZ_LN831024.1_326	iYL1228.KPN_00886	45.9	342	155	6	1	321	32	364	1.21e-88	271
NZ_LN831024.1_326	iYL1228.KPN_01927	45.9	333	160	4	1	331	1	315	6.15e-89	270
NZ_LN831024.1_326	STM_v1_0.STM0878	45.9	338	161	6	1	321	16	348	2.98e-88	270
NZ_LN831024.1_326	iJN1463.PP_5179	45.7	322	154	4	5	309	23	340	6.52e-88	269
NZ_LN831024.1_326	iSF_1195.SF0809	47.0	319	151	4	20	321	58	375	1.33e-87	269
NZ_LN831024.1_326	iML1515.b0855	47.0	319	151	4	20	321	31	348	1.19e-87	268
NZ_LN831024.1_326	iSDY_1059.SDY_0740	46.5	318	154	3	20	321	31	348	2.38e-87	267
NZ_LN831024.1_326	iSSON_1240.SSON_0840	47.0	319	151	4	20	321	58	375	5.32e-87	267
NZ_LN831024.1_326	iSDY_1059.SDY_1733	44.6	341	167	5	1	337	1	323	1.40e-87	266
NZ_LN831024.1_326	iSbBS512_1146.SbBS512_E2476	46.5	318	154	3	20	321	31	348	9.51e-87	266
NZ_LN831024.1_326	iPC815.YPO1332	45.9	318	156	2	20	321	31	348	1.90e-86	265
NZ_LN831024.1_326	iYL1228.KPN_01132	57.4	249	102	1	20	268	29	273	1.56e-85	263
NZ_LN831024.1_326	iHN637.CLJU_RS10680	50.0	292	135	4	22	302	23	314	4.03e-85	261
NZ_LN831024.1_326	iLJ478.TM1376	44.5	310	145	4	22	309	19	323	1.84e-84	259
NZ_LN831024.1_326	STM_v1_0.STM1226	56.6	249	104	1	20	268	29	273	9.92e-84	258
NZ_LN831024.1_326	iSbBS512_1146.SbBS512_E1304	56.2	249	105	1	20	268	29	273	9.92e-84	258
NZ_LN831024.1_326	iSSON_1240.SSON_1144	56.2	249	105	1	20	268	29	273	9.92e-84	258
NZ_LN831024.1_326	iSDY_1059.SDY_2026	56.2	249	105	1	20	268	29	273	1.40e-83	258
NZ_LN831024.1_326	iML1515.b1126	56.2	249	105	1	20	268	29	273	1.98e-83	257
NZ_LN831024.1_326	iSF_1195.SF1128	56.2	249	105	1	20	268	29	273	1.98e-83	257
NZ_LN831024.1_326	iJN1463.PP_0411	45.8	308	153	4	26	319	33	340	1.40e-82	255
NZ_LN831024.1_328	iJN1463.PP_0418	26.4	296	190	14	373	658	352	629	1.77e-06	50.8
NZ_LN831024.1_329	iYO844.BSU40850	36.0	150	63	6	34	175	58	182	5.46e-14	67.8
NZ_LN831024.1_329	iYL1228.KPN_00440	35.1	111	55	3	67	175	86	181	1.40e-11	61.2
NZ_LN831024.1_331	iJN1463.PP_5150	87.4	223	28	0	1	223	1	223	2.31e-134	376
NZ_LN831024.1_332	iJN1463.PP_5149	86.7	504	67	0	1	504	1	504	0.0	882
NZ_LN831024.1_334	iJN1463.PP_3129	40.8	49	26	1	1	49	1	46	2.14e-04	42.7
NZ_LN831024.1_334	iEK1008.Rv0112	48.6	37	19	0	1	37	1	37	3.74e-04	42.0
NZ_LN831024.1_336	iCHOv1.100755842	34.8	132	85	1	49	179	135	266	1.14e-09	59.7
NZ_LN831024.1_336	iMM1415.110877	32.6	132	88	1	49	179	84	215	6.04e-09	57.4
NZ_LN831024.1_337	iEK1008.Rv0505c	32.6	224	134	3	4	217	124	340	1.66e-24	99.0
NZ_LN831024.1_338	iIT341.HP1228	39.9	148	76	6	7	148	6	146	1.33e-23	90.1
NZ_LN831024.1_339	STM_v1_0.STM2432	38.1	556	329	9	180	726	4	553	1.80e-115	360
NZ_LN831024.1_339	iYL1228.KPN_02763	37.9	556	330	9	180	726	4	553	1.95e-114	357
NZ_LN831024.1_339	iSbBS512_1146.SbBS512_E2764	37.8	556	331	9	180	726	4	553	5.42e-114	356
NZ_LN831024.1_339	iSDY_1059.SDY_2613	37.8	556	331	9	180	726	4	553	7.62e-114	356
NZ_LN831024.1_339	iSF_1195.SF2471	37.8	556	331	9	180	726	4	553	7.62e-114	356
NZ_LN831024.1_339	iSSON_1240.SSON_2505	37.8	556	331	9	180	726	4	553	7.62e-114	356
NZ_LN831024.1_339	iML1515.b2416	37.8	556	331	9	180	726	4	553	1.07e-113	355
NZ_LN831024.1_339	iCN900.CD630_27550	35.9	563	354	7	178	736	3	562	1.46e-107	339
NZ_LN831024.1_339	iYS854.USA300HOU_RS05400	35.6	550	340	8	180	721	7	550	2.16e-102	326
NZ_LN831024.1_340	iJN1463.PP_4405	46.5	318	161	3	20	336	14	323	7.38e-88	267
NZ_LN831024.1_343	STM_v1_0.STM3002	53.4	279	108	2	2	258	6	284	2.25e-107	312
NZ_LN831024.1_344	iYL1228.KPN_03236	72.7	264	72	0	1	264	1	264	1.28e-151	423
NZ_LN831024.1_344	iSDY_1059.SDY_3044	69.7	264	80	0	1	264	1	264	2.03e-148	415
NZ_LN831024.1_344	iML1515.b2827	69.7	264	80	0	1	264	1	264	4.09e-148	414
NZ_LN831024.1_344	iSSON_1240.SSON_2984	69.7	264	80	0	1	264	1	264	4.09e-148	414
NZ_LN831024.1_344	STM_v1_0.STM3001	70.1	264	79	0	1	264	1	264	5.81e-148	414
NZ_LN831024.1_344	iSF_1195.SF2837	69.3	264	81	0	1	264	1	264	5.81e-148	414
NZ_LN831024.1_344	iSbBS512_1146.SbBS512_E3035	69.3	264	81	0	1	264	1	264	6.76e-147	411
NZ_LN831024.1_344	iPC815.YPO0783	68.9	264	82	0	1	264	1	264	6.45e-145	406
NZ_LN831024.1_344	iYO844.BSU21820	67.4	264	86	0	1	264	1	264	6.49e-138	388
NZ_LN831024.1_344	iEK1008.Rv2764c	66.7	264	87	1	1	264	1	263	8.47e-136	383
NZ_LN831024.1_344	iCN718.ABAYE_RS16485	66.1	280	79	3	1	264	1	280	4.41e-135	382
NZ_LN831024.1_349	iCN718.ABAYE_RS04670	50.9	330	148	5	56	373	38	365	3.36e-108	322
NZ_LN831024.1_352	iJN1463.PP_5132	67.5	166	51	2	4	167	6	170	4.68e-73	216
NZ_LN831024.1_354	iJN1463.PP_3992	90.5	452	43	0	6	457	7	458	2.53e-261	717
NZ_LN831024.1_355	iJN1463.PP_5128	92.0	612	49	0	1	612	1	612	0.0	1116
NZ_LN831024.1_357	iCN900.CD630_33570	27.8	126	83	3	61	179	55	179	1.24e-05	43.5
NZ_LN831024.1_357	iLJ478.TM1245	35.3	68	39	2	67	129	36	103	8.83e-05	41.2
NZ_LN831024.1_357	iYS854.USA300HOU_RS05320	35.9	78	43	2	57	129	27	102	4.21e-04	39.3
NZ_LN831024.1_360	iCN718.ABAYE_RS10950	37.5	144	82	3	15	153	5	145	4.72e-23	90.5
NZ_LN831024.1_363	iJN1463.PP_4659	38.7	538	305	15	40	566	30	553	2.74e-88	283
NZ_LN831024.1_363	iIT341.HP1118	37.9	494	296	9	45	530	44	534	1.45e-87	281
NZ_LN831024.1_363	iYL1228.KPN_03807	37.5	534	314	12	37	559	39	563	4.84e-86	278
NZ_LN831024.1_363	STM_v1_0.STM3551	37.4	535	315	12	38	561	48	573	2.28e-85	276
NZ_LN831024.1_363	iSF_1195.SF3464	36.6	536	320	12	37	561	47	573	3.60e-83	270
NZ_LN831024.1_363	iML1515.b3447	36.6	536	320	12	37	561	47	573	9.91e-83	269
NZ_LN831024.1_363	iSDY_1059.SDY_3595	36.4	536	321	12	37	561	48	574	3.91e-82	268
NZ_LN831024.1_365	iJN1463.PP_5123	91.8	159	13	0	1	159	1	159	7.98e-104	293
NZ_LN831024.1_366	iJN1463.PP_5064	23.9	561	304	24	27	508	1	517	1.54e-13	72.8
NZ_LN831024.1_366	iCN718.ABAYE_RS14300	25.0	573	316	29	30	527	5	538	4.35e-12	68.2
NZ_LN831024.1_368	iJN1463.PP_5120	69.6	461	138	1	18	476	16	476	5.62e-238	659
NZ_LN831024.1_373	iCN718.ABAYE_RS13845	42.8	180	100	2	17	196	4	180	2.73e-40	135
NZ_LN831024.1_374	iAF987.Gmet_2529	28.4	408	272	9	73	470	53	450	6.08e-36	139
NZ_LN831024.1_375	iAF987.Gmet_2530	29.4	494	274	10	1	434	3	481	4.47e-57	196
NZ_LN831024.1_377	iJN1463.PP_0220	41.6	221	127	2	2	220	33	253	2.98e-54	177
NZ_LN831024.1_377	iPC815.YPO1073	42.3	220	123	2	1	216	1	220	5.94e-51	168
NZ_LN831024.1_377	STM_v1_0.STM0247	41.4	220	125	2	1	216	1	220	8.38e-51	167
NZ_LN831024.1_377	iSDY_1059.SDY_0218	41.8	220	124	2	1	216	1	220	8.38e-51	167
NZ_LN831024.1_377	iSbBS512_1146.SbBS512_E0193	41.8	220	124	2	1	216	1	220	1.18e-50	167
NZ_LN831024.1_377	iSSON_1240.SSON_0213	41.8	220	124	2	1	216	1	220	1.18e-50	167
NZ_LN831024.1_377	iML1515.b0199	41.4	220	125	2	1	216	1	220	1.66e-50	167
NZ_LN831024.1_377	iSF_1195.SF0190	41.8	220	124	2	1	216	1	220	3.30e-50	166
NZ_LN831024.1_377	iJN1463.PP_0114	39.8	221	128	3	1	216	1	221	1.07e-49	164
NZ_LN831024.1_377	iYO844.BSU32750	38.4	224	134	2	1	220	1	224	2.46e-49	164
NZ_LN831024.1_377	iYL1228.KPN_00213	40.5	220	127	2	1	216	1	220	2.58e-49	164
NZ_LN831024.1_377	iCN900.CD630_14890	41.0	217	126	2	1	216	1	216	4.21e-49	162
NZ_LN831024.1_381	iJN1463.PP_5107	76.6	231	54	0	12	242	1	231	8.72e-131	368
NZ_LN831024.1_383	iJN1463.PP_5105	80.3	66	13	0	1	66	27	92	2.39e-32	106
NZ_LN831024.1_384	iJN1463.PP_5104	84.8	263	34	1	8	264	7	269	1.90e-157	438
NZ_LN831024.1_389	iYL1228.KPN_03389	57.6	375	157	1	9	383	4	376	2.65e-150	429
NZ_LN831024.1_389	iPC815.YPO0946	54.0	376	171	1	8	383	3	376	6.76e-138	397
NZ_LN831024.1_389	iCN718.ABAYE_RS16805	54.2	378	165	4	11	383	10	384	7.73e-134	387
NZ_LN831024.1_390	iJN1463.PP_5100	86.3	197	27	0	1	197	1	197	2.79e-120	338
NZ_LN831024.1_392	iJN1463.PP_5098	80.1	206	41	0	1	206	7	212	6.42e-127	356
NZ_LN831024.1_393	iJN1463.PP_5097	81.8	379	69	0	1	379	1	379	3.23e-237	649
NZ_LN831024.1_397	iJN1463.PP_5095	76.5	272	63	1	1	272	1	271	1.64e-128	365
NZ_LN831024.1_398	iCN900.CD630_26230	34.9	232	143	3	1	225	4	234	5.80e-37	129
NZ_LN831024.1_401	iJN1463.PP_0026	56.5	292	123	2	1	289	1	291	6.60e-108	315
NZ_LN831024.1_403	iYL1228.KPN_03409	59.5	449	182	0	8	456	6	454	1.20e-191	540
NZ_LN831024.1_404	iYL1228.KPN_03410	61.8	377	143	1	17	393	6	381	6.40e-162	459
NZ_LN831024.1_405	iJN1463.PP_4999	80.6	422	82	0	1	422	1	422	3.59e-240	660
NZ_LN831024.1_406	iJN1463.PP_4998	89.8	333	33	1	2	334	3	334	2.56e-209	575
NZ_LN831024.1_407	iJN1463.PP_4997	78.8	170	36	0	1	170	1	170	8.83e-95	271
NZ_LN831024.1_411	iJN1463.PP_4993	83.0	317	54	0	1	317	1	317	1.27e-189	523
NZ_LN831024.1_412	iAF987.Gmet_2999	35.3	116	75	0	10	125	10	125	6.81e-18	77.8
NZ_LN831024.1_413	iAF987.Gmet_2999	36.8	106	67	0	4	109	10	115	1.54e-17	76.3
NZ_LN831024.1_417	iAF987.Gmet_0069	36.5	115	71	1	2355	2467	5	119	5.62e-15	78.2
NZ_LN831024.1_421	iML1515.b3824	32.0	125	84	1	7	130	8	132	1.83e-07	49.3
NZ_LN831024.1_421	iSbBS512_1146.SbBS512_E4291	32.0	125	84	1	7	130	8	132	1.83e-07	49.3
NZ_LN831024.1_421	STM_v1_0.STM3959	29.1	151	97	4	17	161	17	163	1.17e-06	47.0
NZ_LN831024.1_424	iJN1463.PP_4984	86.1	468	64	1	1	467	1	468	1.61e-307	834
NZ_LN831024.1_425	iJN1463.PP_4983	71.3	460	132	0	1	460	1	460	2.93e-242	676
NZ_LN831024.1_429	iJN1463.PP_1386	66.8	382	118	2	1	374	1	381	1.09e-167	473
NZ_LN831024.1_430	iJN1463.PP_1385	78.4	1043	224	1	1	1043	1	1042	0.0	1595
NZ_LN831024.1_431	iJN1463.PP_1384	63.6	483	175	1	1	483	1	482	3.13e-196	554
NZ_LN831024.1_432	iYS854.USA300HOU_RS07595	20.7	372	257	10	20	381	11	354	1.77e-09	60.1
NZ_LN831024.1_434	iJN1463.PP_4977	81.8	286	51	1	5	290	11	295	7.01e-177	489
NZ_LN831024.1_435	iML1515.b3650	31.3	131	75	5	8	131	22	144	2.34e-08	52.4
NZ_LN831024.1_435	iYL1228.KPN_03998	31.3	131	75	5	8	131	22	144	2.34e-08	52.4
NZ_LN831024.1_435	STM_v1_0.STM3742	31.3	131	75	5	8	131	22	144	2.34e-08	52.4
NZ_LN831024.1_435	iSbBS512_1146.SbBS512_E4101	31.3	131	75	5	8	131	22	144	2.34e-08	52.4
NZ_LN831024.1_435	iSDY_1059.SDY_4082	31.3	131	75	5	8	131	22	144	2.34e-08	52.4
NZ_LN831024.1_435	iSF_1195.SF3690	31.3	131	75	5	8	131	22	144	2.34e-08	52.4
NZ_LN831024.1_435	iSSON_1240.SSON_3755	31.3	131	75	5	8	131	22	144	2.34e-08	52.4
NZ_LN831024.1_435	iPC815.YPO0038	32.8	134	69	4	8	131	22	144	2.34e-08	52.4
NZ_LN831024.1_435	iJN1463.PP_5302	32.3	127	73	4	11	131	25	144	3.17e-08	52.0
NZ_LN831024.1_435	iAF987.Gmet_2325	34.5	142	71	7	7	135	21	153	5.83e-08	51.2
NZ_LN831024.1_435	iCHOv1.100764720	34.0	144	76	8	15	148	30	164	3.18e-08	50.8
NZ_LN831024.1_435	iCN900.CD630_27440	29.5	129	74	5	11	131	27	146	6.56e-07	48.1
NZ_LN831024.1_435	iLB1027_lipid.PHATRDRAFT_11099	30.5	141	80	4	1	131	7	139	6.09e-07	48.1
NZ_LN831024.1_435	iYO844.BSU27600	28.0	157	95	6	11	159	30	176	1.20e-06	47.4
NZ_LN831024.1_436	iJN1463.PP_4976	90.7	463	43	0	7	469	2	464	1.32e-317	860
NZ_LN831024.1_438	iJN1463.PP_0160	23.5	695	471	22	63	730	168	828	1.86e-33	137
NZ_LN831024.1_438	STM_v1_0.STM0191	23.9	689	463	21	68	730	76	729	3.08e-31	130
NZ_LN831024.1_438	iYL1228.KPN_00165	25.1	698	449	26	68	730	77	735	4.17e-31	129
NZ_LN831024.1_438	iSSON_1240.SSON_0162	23.7	760	508	23	3	730	10	729	4.09e-31	129
NZ_LN831024.1_438	iSbBS512_1146.SbBS512_E0142	23.7	760	508	24	3	730	10	729	9.57e-31	128
NZ_LN831024.1_438	iJN1463.PP_4755	23.4	680	457	21	61	725	164	794	1.53e-30	128
NZ_LN831024.1_441	iML1515.b0337	76.8	419	97	0	3	421	9	427	3.39e-246	676
NZ_LN831024.1_441	STM_v1_0.STM3334	76.1	419	100	0	3	421	8	426	2.55e-243	668
NZ_LN831024.1_441	iYL1228.KPN_03751	76.1	423	100	1	2	423	8	430	6.72e-240	660
NZ_LN831024.1_441	iPC815.YPO0162	73.5	419	111	0	3	421	18	436	3.35e-232	640
NZ_LN831024.1_442	STM_v1_0.STM3333	76.0	416	100	0	1	416	1	416	3.82e-220	609
NZ_LN831024.1_442	iML1515.b0336	76.5	404	95	0	1	404	1	404	3.20e-217	602
NZ_LN831024.1_443	iJN1463.PP_4038	89.4	424	45	0	1	424	1	424	6.20e-283	768
NZ_LN831024.1_444	iJN1463.PP_4037	82.2	455	81	0	1	455	1	455	1.62e-273	747
NZ_LN831024.1_445	iJN1463.PP_4036	91.9	479	39	0	1	479	1	479	0.0	911
NZ_LN831024.1_446	iJN1463.PP_4035	87.7	496	61	0	1	496	1	496	0.0	874
NZ_LN831024.1_447	iJN1463.PP_4034	87.4	427	54	0	1	427	1	427	4.82e-277	754
NZ_LN831024.1_448	iML1515.b2371	34.3	385	235	4	3	386	8	375	5.30e-76	240
NZ_LN831024.1_449	iJN1463.PP_0158	93.1	393	27	0	1	393	1	393	3.15e-274	744
NZ_LN831024.1_452	iJN1463.PP_4103	79.7	521	106	0	20	540	18	538	1.78e-294	807
NZ_LN831024.1_455	iYO844.BSU03610	21.5	200	149	4	41	240	70	261	6.01e-07	48.9
NZ_LN831024.1_460	iHN637.CLJU_RS03010	43.5	46	26	0	41	86	220	265	9.64e-05	40.0
NZ_LN831024.1_461	iYO844.BSU03070	23.7	413	299	7	21	427	20	422	1.98e-29	120
NZ_LN831024.1_462	iCN900.CD630_20200	45.1	854	388	14	97	880	14	856	7.47e-218	640
NZ_LN831024.1_464	iAT_PLT_636.55326	24.7	223	130	8	86	288	88	292	1.65e-08	54.7
NZ_LN831024.1_464	iAT_PLT_636.56894	23.9	184	110	4	112	285	149	312	7.69e-08	52.8
NZ_LN831024.1_466	iAF987.Gmet_2999	35.7	115	71	1	2	113	8	122	8.98e-15	72.0
NZ_LN831024.1_471	iCHOv1.100758427	24.7	97	68	2	14	109	33	125	1.89e-04	40.8
NZ_LN831024.1_471	iJN1463.PP_4619	36.4	55	35	0	50	104	45	99	3.00e-04	40.0
NZ_LN831024.1_474	iJN1463.PP_0350	66.5	802	255	5	7	796	10	809	0.0	1099
NZ_LN831024.1_477	iCHOv1.100764455	29.4	194	118	7	18	204	66	247	5.15e-13	67.4
NZ_LN831024.1_477	iJN1463.PP_4619	29.8	198	126	6	11	203	7	196	2.52e-13	66.6
NZ_LN831024.1_477	iMM1415.14874	28.9	194	119	7	18	204	19	200	1.86e-12	64.3
NZ_LN831024.1_480	iJN1463.PP_4309	72.1	480	134	0	96	575	31	510	4.05e-248	690
NZ_LN831024.1_482	iCHOv1.100757665	37.0	165	92	3	5	158	6	169	1.14e-33	116
NZ_LN831024.1_482	iMM1415.69215	33.7	187	89	5	5	157	6	191	2.47e-32	113
NZ_LN831024.1_485	iJN1463.PP_1380	47.1	261	135	2	4	262	1	260	1.35e-79	240
NZ_LN831024.1_487	iJN1463.PP_0356	85.5	725	105	0	1	725	1	725	0.0	1271
NZ_LN831024.1_492	iAF692.Mbar_A1559	42.6	61	35	0	113	173	1	61	3.45e-06	43.5
NZ_LN831024.1_498	iYL1228.KPN_03664	41.0	78	46	0	1	78	77	154	1.46e-17	71.6
NZ_LN831024.1_498	STM_v1_0.STM3379	42.3	78	45	0	1	78	78	155	5.92e-17	70.1
NZ_LN831024.1_498	iML1515.b3255	41.0	78	46	0	1	78	78	155	1.66e-16	68.9
NZ_LN831024.1_498	iSbBS512_1146.SbBS512_E3287	41.0	78	46	0	1	78	78	155	1.66e-16	68.9
NZ_LN831024.1_498	iSF_1195.SF3293	41.0	78	46	0	1	78	78	155	1.66e-16	68.9
NZ_LN831024.1_498	iSSON_1240.SSON_3396	41.0	78	46	0	1	78	78	155	1.66e-16	68.9
NZ_LN831024.1_498	iSDY_1059.SDY_3432	41.0	78	46	0	1	78	78	155	3.31e-16	68.2
NZ_LN831024.1_498	iSynCJ816.SGL_RS13735	47.1	70	37	0	6	75	80	149	3.18e-16	68.2
NZ_LN831024.1_498	iPC815.YPO3659	39.7	78	47	0	1	78	76	153	1.78e-15	66.2
NZ_LN831024.1_499	iJN1463.PP_0558	56.4	433	184	4	1	431	1	430	2.57e-160	460
NZ_LN831024.1_499	iYO844.BSU24340	51.1	444	216	1	5	447	2	445	4.65e-158	454
NZ_LN831024.1_499	iCN718.ABAYE_RS08035	54.5	426	189	4	5	429	2	423	1.51e-155	448
NZ_LN831024.1_499	iYS854.USA300HOU_RS08155	50.9	442	216	1	5	445	1	442	4.77e-153	442
NZ_LN831024.1_499	iNF517.LLMG_RS08930	52.4	441	208	2	6	444	3	443	1.26e-151	438
NZ_LN831024.1_499	iYL1228.KPN_03665	52.4	433	201	4	5	435	2	431	9.51e-150	433
NZ_LN831024.1_499	iML1515.b3256	52.2	433	202	4	5	435	2	431	1.35e-149	433
NZ_LN831024.1_499	iSbBS512_1146.SbBS512_E3288	52.2	433	202	4	5	435	2	431	1.35e-149	433
NZ_LN831024.1_499	iSDY_1059.SDY_3433	52.2	433	202	4	5	435	2	431	1.35e-149	433
NZ_LN831024.1_499	iSSON_1240.SSON_3397	52.2	433	202	4	5	435	2	431	2.71e-149	432
NZ_LN831024.1_499	iHN637.CLJU_RS20745	50.6	441	216	2	6	445	3	442	5.08e-149	431
NZ_LN831024.1_499	STM_v1_0.STM3380	52.2	433	202	4	5	435	2	431	1.54e-148	430
NZ_LN831024.1_499	iSF_1195.SF3294	51.7	433	204	4	5	435	2	431	1.25e-147	428
NZ_LN831024.1_499	iPC815.YPO3658	51.5	433	205	4	5	435	2	431	4.06e-146	424
NZ_LN831024.1_499	iAF692.Mbar_A1587	48.9	440	222	2	7	445	4	441	2.81e-144	421
NZ_LN831024.1_499	iAF987.Gmet_0984	48.3	441	225	3	6	445	3	441	4.81e-144	419
NZ_LN831024.1_499	iSynCJ816.SGL_RS13980	51.9	424	202	2	7	429	5	427	2.07e-143	417
NZ_LN831024.1_500	iYS854.USA300HOU_RS03870	22.6	159	97	4	91	249	94	226	1.08e-05	45.4
NZ_LN831024.1_501	iCN900.CD630_13870	34.4	317	197	2	1	317	1	306	1.18e-51	173
NZ_LN831024.1_501	iMM904.YBR208C	34.2	313	193	7	2	305	1079	1387	2.04e-43	159
NZ_LN831024.1_506	iJN1463.PP_0362	89.2	352	38	0	1	352	1	352	6.11e-233	636
NZ_LN831024.1_507	iJN1463.PP_0363	82.0	388	70	0	1	388	1	388	5.04e-224	617
NZ_LN831024.1_508	iJN1463.PP_0364	53.5	243	109	3	1	239	1	243	6.65e-79	237
NZ_LN831024.1_509	iJN1463.PP_0365	70.9	258	74	1	16	272	12	269	3.09e-124	354
NZ_LN831024.1_510	iJN1463.PP_0366	70.8	219	64	0	3	221	4	222	3.80e-100	290
NZ_LN831024.1_512	iJN1463.PP_0368	90.8	601	55	0	1	601	1	601	0.0	1113
NZ_LN831024.1_513	iJN1463.PP_0368	68.3	599	189	1	1	598	1	599	2.58e-301	830
NZ_LN831024.1_514	iJN1463.PP_0368	53.7	602	264	4	1	592	1	597	4.22e-221	626
NZ_LN831024.1_514	iJN1463.PP_2048	53.6	597	261	6	3	592	2	589	1.70e-210	598
NZ_LN831024.1_516	iJN1463.PP_3999	61.9	236	89	1	18	253	216	450	4.38e-91	277
NZ_LN831024.1_516	iYL1228.KPN_03754	59.3	236	92	2	18	253	207	438	8.19e-88	268
NZ_LN831024.1_516	iML1515.b3368	57.2	236	97	2	18	253	216	447	6.67e-86	263
NZ_LN831024.1_516	STM_v1_0.STM3477	58.1	236	95	2	18	253	216	447	6.67e-86	263
NZ_LN831024.1_516	iSbBS512_1146.SbBS512_E3744	57.2	236	97	2	18	253	216	447	6.67e-86	263
NZ_LN831024.1_516	iSF_1195.SF3387	57.2	236	97	2	18	253	216	447	6.67e-86	263
NZ_LN831024.1_516	iSSON_1240.SSON_3499	57.2	236	97	2	18	253	216	447	6.67e-86	263
NZ_LN831024.1_516	iSDY_1059.SDY_3530	56.8	236	98	2	18	253	216	447	7.48e-85	261
NZ_LN831024.1_516	iPC815.YPO0158	57.2	236	97	2	18	253	213	444	4.24e-84	259
NZ_LN831024.1_516	iCN718.ABAYE_RS04340	55.5	238	105	1	16	253	214	450	7.45e-82	253
NZ_LN831024.1_517	iAF987.Gmet_2823	26.8	168	117	4	28	193	29	192	6.79e-15	74.7
NZ_LN831024.1_527	iJN1463.PP_0106	35.8	151	93	3	42	189	146	295	1.05e-18	81.3
NZ_LN831024.1_527	iYS854.USA300HOU_RS05270	28.7	178	127	0	12	189	18	195	4.59e-19	80.5
NZ_LN831024.1_527	iYO844.BSU38150	28.6	182	117	2	14	189	25	199	3.64e-18	78.2
NZ_LN831024.1_527	iAF987.Gmet_0250	30.7	199	124	2	1	187	1	197	9.20e-18	77.0
NZ_LN831024.1_529	iAF987.Gmet_2122	21.6	97	66	3	42	129	168	263	9.75e-04	37.7
NZ_LN831024.1_530	iAF987.Gmet_3493	26.5	476	294	16	12	460	280	726	1.31e-30	125
NZ_LN831024.1_530	iSynCJ816.SGL_RS17955	26.1	376	253	9	12	368	286	655	3.58e-28	117
NZ_LN831024.1_537	iAF987.Gmet_0204	42.5	388	207	8	10	385	14	397	6.95e-87	268
NZ_LN831024.1_537	iCN718.ABAYE_RS02280	42.9	380	198	7	22	386	28	403	6.30e-83	258
NZ_LN831024.1_537	iLJ478.TM1785	39.8	382	219	4	10	382	3	382	3.62e-83	258
NZ_LN831024.1_537	iJN1463.PP_4481	41.7	374	205	6	22	383	29	401	1.30e-79	250
NZ_LN831024.1_537	iYL1228.KPN_01221	43.1	378	196	8	22	384	26	399	2.59e-79	249
NZ_LN831024.1_538	iAF692.Mbar_A1837	36.1	238	141	3	1	230	1	235	1.91e-45	151
NZ_LN831024.1_538	iAF692.Mbar_A2989	48.6	148	76	0	40	187	40	187	3.63e-45	150
NZ_LN831024.1_540	iAF987.Gmet_3085	24.3	230	166	5	164	387	105	332	1.44e-07	53.9
NZ_LN831024.1_541	iJN1463.PP_4020	67.0	427	141	0	1	427	1	427	4.19e-221	612
NZ_LN831024.1_545	iPC815.YPO2141	31.0	158	103	3	14	167	15	170	5.10e-21	84.3
NZ_LN831024.1_545	iSF_1195.SF1174	32.2	149	99	2	9	157	10	156	1.99e-20	82.8
NZ_LN831024.1_545	iML1515.b1185	32.2	149	99	2	9	157	10	156	3.94e-20	82.0
NZ_LN831024.1_545	iSbBS512_1146.SbBS512_E1343	32.2	149	99	2	9	157	10	156	3.94e-20	82.0
NZ_LN831024.1_545	iSDY_1059.SDY_1222	32.2	149	99	2	9	157	10	156	3.94e-20	82.0
NZ_LN831024.1_545	iSSON_1240.SSON_1177	32.2	149	99	2	9	157	10	156	3.94e-20	82.0
NZ_LN831024.1_545	STM_v1_0.STM1807	34.0	153	87	3	14	160	15	159	2.16e-19	80.1
NZ_LN831024.1_545	iYL1228.KPN_02313	34.9	129	82	2	29	157	13	139	2.24e-18	77.0
NZ_LN831024.1_546	iYL1228.KPN_01622	31.9	91	49	3	107	189	109	194	1.74e-04	42.0
NZ_LN831024.1_552	iJN1463.PP_0316	23.8	206	142	6	239	431	51	254	5.30e-11	63.5
NZ_LN831024.1_552	iJN1463.PP_3737	28.9	152	99	4	280	431	76	218	5.29e-11	63.2
NZ_LN831024.1_553	iJN1463.PP_4967	89.6	396	41	0	1	396	1	396	2.93e-260	709
NZ_LN831024.1_554	iYL1228.KPN_04329	26.3	156	106	5	121	269	20	173	1.99e-05	45.1
NZ_LN831024.1_554	iLB1027_lipid.PHATRDRAFT_9984	27.2	158	102	5	166	315	58	210	1.96e-05	45.1
NZ_LN831024.1_554	STM_v1_0.STM3970	25.6	156	107	5	121	269	20	173	2.66e-05	44.7
NZ_LN831024.1_554	iML1515.b3833	25.6	156	107	5	121	269	20	173	3.56e-05	44.3
NZ_LN831024.1_554	iSbBS512_1146.SbBS512_E4305	25.6	156	107	5	121	269	20	173	3.56e-05	44.3
NZ_LN831024.1_554	iSDY_1059.SDY_3910	25.6	156	107	5	121	269	20	173	3.56e-05	44.3
NZ_LN831024.1_554	iSF_1195.SF3911	25.6	156	107	5	121	269	20	173	3.56e-05	44.3
NZ_LN831024.1_554	iSSON_1240.SSON_4008	25.6	156	107	5	121	269	20	173	3.56e-05	44.3
NZ_LN831024.1_554	iJN1463.PP_5011	24.4	160	114	4	116	269	20	178	6.54e-05	43.5
NZ_LN831024.1_554	iSDY_1059.SDY_0829	29.7	138	88	2	130	267	13	141	2.04e-04	42.0
NZ_LN831024.1_554	iSF_1195.SF0727	30.4	138	87	2	130	267	13	141	2.04e-04	42.0
NZ_LN831024.1_554	iPC815.YPO3781	23.9	155	111	4	121	269	20	173	2.73e-04	41.6
NZ_LN831024.1_554	iJN1463.PP_2545	31.6	133	73	4	135	264	28	145	3.98e-04	41.2
NZ_LN831024.1_554	iAF692.Mbar_A3635	33.0	97	62	2	170	263	36	132	5.13e-04	40.8
NZ_LN831024.1_555	iJN1463.PP_4965	85.7	665	95	0	1	665	1	665	0.0	1165
NZ_LN831024.1_557	iJN1463.PP_4298	52.7	256	120	1	1	256	1	255	3.03e-95	280
NZ_LN831024.1_557	iSbBS512_1146.SbBS512_E3135	49.4	259	130	1	1	259	1	258	3.80e-88	262
NZ_LN831024.1_557	STM_v1_0.STM0518	46.7	259	137	1	1	259	1	258	5.79e-85	254
NZ_LN831024.1_558	iJN1463.PP_4964	85.4	342	50	0	5	346	5	346	9.37e-219	600
NZ_LN831024.1_559	iJN1463.PP_4963	90.2	387	38	0	1	387	1	387	2.19e-239	655
NZ_LN831024.1_562	iJN1463.PP_4960	91.2	354	31	0	1	354	1	354	3.61e-242	659
NZ_LN831024.1_569	iML1515.b3715	27.1	214	146	3	5	215	4	210	3.44e-17	77.0
NZ_LN831024.1_572	iCN900.CD630_19930	30.5	82	56	1	30	110	27	108	1.96e-08	48.1
NZ_LN831024.1_583	iAF987.Gmet_3085	39.6	792	459	11	446	1224	92	877	8.01e-163	508
NZ_LN831024.1_589	iJN1463.PP_0391	76.2	189	45	0	1	189	1	189	1.74e-96	277
NZ_LN831024.1_590	iJN1463.PP_0392	76.1	117	27	1	22	137	1	117	1.85e-60	181
NZ_LN831024.1_591	iJN1463.PP_0393	70.2	168	50	0	1	168	1	168	8.54e-81	236
NZ_LN831024.1_597	iJN1463.PP_0398	74.8	107	26	1	5	110	4	110	3.54e-56	169
NZ_LN831024.1_598	iJN1463.PP_0399	72.2	281	75	1	1	278	1	281	2.24e-151	424
NZ_LN831024.1_600	iAM_Pv461.PVX_085660	34.7	190	106	3	11	193	82	260	4.63e-29	113
NZ_LN831024.1_601	iJN1463.PP_0402	84.9	325	49	0	3	327	4	328	7.27e-204	560
NZ_LN831024.1_603	iSSON_1240.SSON_0062	29.1	769	472	16	173	922	67	781	9.38e-100	329
NZ_LN831024.1_603	iML1515.b0054	29.1	769	472	16	173	922	67	781	1.30e-99	329
NZ_LN831024.1_603	iSbBS512_1146.SbBS512_E0048	29.0	769	473	16	173	922	67	781	6.77e-99	327
NZ_LN831024.1_603	iSDY_1059.SDY_0079	28.7	769	475	16	173	922	67	781	6.77e-98	324
NZ_LN831024.1_603	iSF_1195.SF0051	28.9	769	474	16	173	922	67	781	1.82e-97	323
NZ_LN831024.1_605	iMM1415.331026	32.0	225	131	9	1	208	1	220	5.88e-22	92.0
NZ_LN831024.1_605	iCHOv1.100760573	31.1	222	137	7	1	208	1	220	5.57e-21	89.4
NZ_LN831024.1_605	iEK1008.Rv3264c	37.2	137	79	2	3	133	8	143	1.86e-19	85.1
NZ_LN831024.1_605	iSynCJ816.SGL_RS11220	33.0	209	117	4	1	194	1	201	3.14e-19	84.7
NZ_LN831024.1_608	iSynCJ816.SGL_RS07090	25.0	224	157	8	48	264	51	270	5.31e-07	52.8
NZ_LN831024.1_608	iAF987.Gmet_3085	25.3	273	177	6	314	575	75	331	3.43e-06	50.4
NZ_LN831024.1_609	iAF987.Gmet_1914	27.5	102	72	1	4	105	3	102	8.08e-06	45.4
NZ_LN831024.1_610	iJN1463.PP_0412	60.9	325	126	1	20	344	20	343	1.61e-147	419
NZ_LN831024.1_611	iJN1463.PP_0411	89.0	363	40	0	7	369	11	373	2.20e-238	651
NZ_LN831024.1_612	iJN1463.PP_0412	82.9	339	58	0	10	348	5	343	1.12e-209	577
NZ_LN831024.1_613	iJN1463.PP_0413	82.7	415	72	0	1	415	1	415	5.28e-245	672
NZ_LN831024.1_614	iJN1463.PP_0414	90.1	274	27	0	1	274	1	274	1.89e-168	466
NZ_LN831024.1_615	iJN1463.PP_0415	92.8	222	16	0	1	222	1	222	4.64e-148	410
NZ_LN831024.1_616	iJN1463.PP_0416	71.5	274	74	3	1	272	1	272	3.37e-137	387
NZ_LN831024.1_617	iJN1463.PP_0417	86.5	490	66	0	1	490	1	490	5.78e-309	840
NZ_LN831024.1_642	iJN1463.PP_0420	82.2	197	35	0	1	197	1	197	4.70e-122	343
NZ_LN831024.1_643	iJN1463.PP_0421	79.5	347	71	0	1	347	1	347	5.01e-189	525
NZ_LN831024.1_644	iJN1463.PP_0422	83.6	268	44	0	1	268	1	268	9.18e-154	429
NZ_LN831024.1_647	iPC815.YPO3412	70.9	261	76	0	3	263	2	262	2.16e-136	384
NZ_LN831024.1_647	iYL1228.KPN_00126	69.5	259	79	0	5	263	1	259	3.54e-132	374
NZ_LN831024.1_647	iML1515.b0120	69.2	260	80	0	4	263	3	262	7.94e-132	373
NZ_LN831024.1_647	iSbBS512_1146.SbBS512_E0113	69.2	260	80	0	4	263	3	262	7.94e-132	373
NZ_LN831024.1_647	iSF_1195.SF0117	69.2	260	80	0	4	263	3	262	7.94e-132	373
NZ_LN831024.1_647	iSSON_1240.SSON_0128	69.2	260	80	0	4	263	3	262	7.94e-132	373
NZ_LN831024.1_647	iSDY_1059.SDY_0027	68.8	260	81	0	4	263	3	262	9.22e-131	370
NZ_LN831024.1_647	STM_v1_0.STM0165	67.6	259	84	0	4	262	3	261	2.16e-129	367
NZ_LN831024.1_648	iJN1463.PP_0427	82.3	215	38	0	1	215	1	215	3.06e-128	360
NZ_LN831024.1_649	iML1515.b1103	42.1	107	61	1	2	107	4	110	9.90e-28	97.8
NZ_LN831024.1_651	iSynCJ816.SGL_RS12965	34.5	249	156	4	3	249	6	249	4.66e-34	123
NZ_LN831024.1_653	iLJ478.TM0800	27.3	245	173	3	71	313	67	308	4.82e-21	91.3
NZ_LN831024.1_654	iSynCJ816.SGL_RS03055	44.1	143	74	1	2	138	3	145	1.28e-35	121
NZ_LN831024.1_655	iJN1463.PP_0432	90.4	344	33	0	1	344	1	344	3.51e-228	623
NZ_LN831024.1_658	iYS854.USA300HOU_RS04660	39.3	107	64	1	8	114	2	107	5.17e-21	80.9
NZ_LN831024.1_658	iJN1463.PP_0844	41.9	105	56	4	14	116	6	107	7.56e-21	80.1
NZ_LN831024.1_658	iLB1027_lipid.PHATRDRAFT_7780	41.4	116	58	5	11	116	6	121	2.54e-19	76.6
NZ_LN831024.1_659	iJN1463.PP_0434	67.7	356	115	0	1	356	8	363	2.18e-174	488
NZ_LN831024.1_660	iML1515.b1856	35.0	349	214	7	119	465	100	437	3.29e-56	192
NZ_LN831024.1_661	iJN1463.PP_0436	87.2	399	51	0	1	399	1	399	9.23e-254	692
NZ_LN831024.1_662	iJN1463.PP_0437	61.7	316	116	1	1	311	1	316	4.28e-138	393
NZ_LN831024.1_663	iJN1463.PP_0438	63.5	249	90	1	1	248	1	249	6.38e-107	308
NZ_LN831024.1_665	iSynCJ816.SGL_RS10925	70.1	402	112	2	1	397	1	399	8.96e-205	568
NZ_LN831024.1_676	iEK1008.Rv0684	57.3	701	287	5	5	704	8	697	1.98e-281	788
NZ_LN831024.1_676	iSynCJ816.SGL_RS10930	57.7	704	280	7	1	704	1	686	7.47e-279	781
NZ_LN831024.1_677	iSynCJ816.SGL_RS10925	70.1	402	112	2	1	397	1	399	8.96e-205	568
NZ_LN831024.1_706	iPC815.YPO1207	80.4	479	93	1	1	479	2	479	3.28e-300	817
NZ_LN831024.1_707	iJN1463.PP_1082	48.4	155	78	2	1	154	1	154	9.76e-42	136
NZ_LN831024.1_707	iML1515.b3336	45.2	155	83	2	1	154	1	154	4.93e-37	124
NZ_LN831024.1_708	iCN900.CD630_31950	33.3	962	460	15	1	936	1	806	1.44e-164	501
NZ_LN831024.1_709	iYS854.USA300HOU_RS03755	24.0	359	230	12	29	367	17	352	1.15e-10	62.8
NZ_LN831024.1_709	iYO844.BSU26590	25.8	364	240	15	20	367	16	365	1.60e-10	62.4
NZ_LN831024.1_711	iYO844.BSU30830	33.6	459	285	6	21	465	16	468	9.61e-73	237
NZ_LN831024.1_713	iEK1008.Rv2383c	35.0	234	141	5	5	232	1177	1405	8.09e-29	114
NZ_LN831024.1_713	iEK1008.Rv2928	34.0	212	136	3	19	227	31	241	4.67e-28	107
NZ_LN831024.1_714	iYO844.BSU31980	54.5	532	235	3	17	545	8	535	3.13e-196	558
NZ_LN831024.1_716	iEK1008.Rv2383c	41.3	996	542	17	9	980	5	981	4.21e-196	617
NZ_LN831024.1_717	iEK1008.Rv2383c	37.0	915	499	22	69	942	100	978	8.20e-132	448
NZ_LN831024.1_719	iEK1008.Rv1348	34.5	580	350	12	7	569	284	850	7.52e-67	232
NZ_LN831024.1_720	iPC815.YPO1914	38.8	304	184	2	254	556	271	573	2.54e-51	185
NZ_LN831024.1_720	iPC815.YPO1913	38.3	287	175	1	272	556	286	572	1.26e-50	183
NZ_LN831024.1_720	iEK1008.Rv1349	31.3	559	372	7	10	559	9	564	1.11e-48	177
NZ_LN831024.1_720	iAF987.Gmet_2349	39.5	263	152	4	300	556	301	562	7.16e-45	167
NZ_LN831024.1_721	iJN1463.PP_4217	35.2	691	408	12	56	720	136	812	3.85e-139	428
NZ_LN831024.1_721	iJN1463.PP_0669	34.6	693	406	13	56	720	137	810	6.50e-123	385
NZ_LN831024.1_723	iJN1463.PP_0860	26.1	307	154	15	4	264	2	281	1.56e-05	47.4
NZ_LN831024.1_723	iCN718.ABAYE_RS03975	27.7	101	67	2	97	191	104	204	4.24e-04	42.7
NZ_LN831024.1_724	iAM_Pc455.PCYB_063040	44.2	77	41	1	11	87	51	125	8.52e-13	69.7
NZ_LN831024.1_724	iAM_Pv461.PVX_110920	44.2	77	41	1	11	87	49	123	7.88e-13	69.7
NZ_LN831024.1_724	iAM_Pf480.PF3D7_1036800	44.0	75	40	1	11	85	44	116	1.95e-12	68.6
NZ_LN831024.1_724	iAM_Pb448.PBANKA_051980	42.9	77	42	1	11	87	44	118	7.73e-12	66.6
NZ_LN831024.1_724	STM_v1_0.STM0444	24.3	313	220	7	2	307	6	308	3.84e-11	64.3
NZ_LN831024.1_725	iYL1228.KPN_01663	29.8	369	222	11	8	368	4	343	1.76e-28	114
NZ_LN831024.1_725	iCN718.ABAYE_RS01180	28.4	373	229	12	5	368	1	344	1.82e-25	106
NZ_LN831024.1_726	STM_v1_0.STM1448	33.0	191	126	1	26	214	28	218	2.53e-32	116
NZ_LN831024.1_726	iYL1228.KPN_01976	33.0	191	126	1	26	214	30	220	5.28e-32	115
NZ_LN831024.1_726	iSynCJ816.SGL_RS10830	32.8	189	125	1	28	214	42	230	9.49e-32	115
NZ_LN831024.1_726	iPC815.YPO2370	33.9	189	123	1	28	214	29	217	1.92e-31	114
NZ_LN831024.1_726	iML1515.b1638	32.5	191	127	1	26	214	28	218	2.78e-31	113
NZ_LN831024.1_726	iSDY_1059.SDY_1861	32.5	191	127	1	26	214	28	218	2.78e-31	113
NZ_LN831024.1_726	iSF_1195.SF1663	32.5	191	127	1	26	214	28	218	2.78e-31	113
NZ_LN831024.1_726	iSbBS512_1146.SbBS512_E1830	31.9	191	128	1	26	214	28	218	2.16e-30	111
NZ_LN831024.1_726	iSSON_1240.SSON_1518	31.9	191	128	1	26	214	28	218	2.16e-30	111
NZ_LN831024.1_726	iCHOv1.100753308	32.5	197	129	3	9	202	39	234	6.21e-29	108
NZ_LN831024.1_726	iMM1415.103711	32.0	197	130	3	9	202	39	234	1.71e-28	107
NZ_LN831024.1_726	iJN1463.PP_1129	34.3	172	107	2	47	214	46	215	4.70e-28	105
NZ_LN831024.1_728	iLB1027_lipid.PHATRDRAFT_17238	27.2	511	302	20	146	622	370	844	6.91e-28	119
NZ_LN831024.1_729	iYO844.BSU31970	55.4	101	45	0	1	101	108	208	8.84e-36	123
NZ_LN831024.1_729	iYL1228.KPN_00613	52.0	100	48	0	1	100	108	207	4.99e-32	112
NZ_LN831024.1_729	iML1515.b0595	51.0	100	49	0	1	100	108	207	1.03e-31	112
NZ_LN831024.1_729	iSbBS512_1146.SbBS512_E0497	51.0	100	49	0	1	100	108	207	1.03e-31	112
NZ_LN831024.1_729	iSDY_1059.SDY_0526	51.0	100	49	0	1	100	108	207	1.03e-31	112
NZ_LN831024.1_729	iSF_1195.SF0509	51.0	100	49	0	1	100	108	207	1.03e-31	112
NZ_LN831024.1_730	iYL1228.KPN_00613	47.9	94	47	1	4	95	3	96	1.18e-24	94.4
NZ_LN831024.1_730	iYO844.BSU31970	45.9	98	43	2	4	95	3	96	3.71e-23	90.9
NZ_LN831024.1_730	STM_v1_0.STM0597	44.8	96	47	2	4	95	3	96	1.35e-22	89.0
NZ_LN831024.1_730	iML1515.b0595	42.6	94	52	1	4	95	3	96	1.01e-21	86.7
NZ_LN831024.1_730	iSF_1195.SF0509	42.6	94	52	1	4	95	3	96	1.01e-21	86.7
NZ_LN831024.1_730	iSSON_1240.SSON_0546	42.6	94	52	1	4	95	3	96	1.01e-21	86.7
NZ_LN831024.1_731	iJN1463.PP_1866	38.4	419	205	5	15	382	17	433	4.98e-81	255
NZ_LN831024.1_731	iEK1008.Rv2178c	38.2	421	205	8	13	382	34	450	9.71e-78	247
NZ_LN831024.1_731	iIT341.HP0134	36.8	419	212	6	15	382	18	434	5.88e-76	242
NZ_LN831024.1_735	iJN1463.PP_3427	38.9	463	277	4	7	466	2	461	8.99e-93	289
NZ_LN831024.1_736	iJN1463.PP_3426	33.1	1064	672	18	1	1029	1	1059	5.29e-160	499
NZ_LN831024.1_736	iYL1228.KPN_03673	31.4	1038	671	16	7	1009	5	1036	1.42e-141	450
NZ_LN831024.1_737	iJN1463.PP_1386	25.6	355	233	7	18	351	14	358	1.46e-18	85.9
NZ_LN831024.1_737	iAF987.Gmet_1548	26.0	312	212	7	41	340	102	406	1.80e-17	83.2
NZ_LN831024.1_737	iJN1463.PP_3425	24.2	351	232	7	42	362	37	383	1.55e-16	80.1
NZ_LN831024.1_737	iAF987.Gmet_3508	26.4	333	203	9	43	344	86	407	2.94e-16	79.3
NZ_LN831024.1_739	iNF517.LLMG_RS12210	31.3	352	217	12	30	379	5	333	1.49e-40	146
NZ_LN831024.1_741	iCN718.ABAYE_RS05345	47.5	341	176	2	9	349	7	344	5.10e-91	276
NZ_LN831024.1_742	iAF987.Gmet_0415	41.4	336	156	6	1	330	1	301	1.14e-61	207
NZ_LN831024.1_742	iJN1463.PP_1339	39.3	323	157	5	7	326	19	305	4.86e-58	190
NZ_LN831024.1_742	STM_v1_0.STM0130	37.5	336	166	4	7	333	4	304	1.93e-57	188
NZ_LN831024.1_744	iJN1463.PP_2048	55.1	595	254	4	4	593	3	589	7.66e-217	615
NZ_LN831024.1_744	iJN1463.PP_0368	52.8	598	276	3	1	593	1	597	4.37e-216	613
NZ_LN831024.1_745	iJN1463.PP_3553	83.0	540	92	0	1	540	1	540	0.0	942
NZ_LN831024.1_746	iAF987.Gmet_0043	29.1	134	80	4	626	750	139	266	1.68e-04	44.7
NZ_LN831024.1_747	iAF987.Gmet_1914	30.8	104	72	0	9	112	4	107	3.38e-10	58.5
NZ_LN831024.1_747	iAF987.Gmet_1919	22.5	178	136	1	9	184	5	182	2.40e-09	55.8
NZ_LN831024.1_747	iAF987.Gmet_2999	32.3	124	78	2	9	130	10	129	2.70e-08	52.8
NZ_LN831024.1_748	iYO844.BSU27440	33.5	236	145	4	24	253	37	266	4.54e-33	121
NZ_LN831024.1_748	iCN718.ABAYE_RS10985	31.6	244	151	5	23	254	27	266	6.17e-30	114
NZ_LN831024.1_749	iYO844.BSU27450	39.4	221	116	3	5	225	9	211	4.52e-38	131
NZ_LN831024.1_749	iJN1463.PP_1070	38.2	204	122	1	14	213	21	224	2.27e-36	128
NZ_LN831024.1_750	iJN1463.PP_1299	39.5	215	126	2	13	223	144	358	1.24e-39	139
NZ_LN831024.1_750	iNF517.LLMG_RS09715	41.2	211	107	5	26	227	510	712	2.94e-33	126
NZ_LN831024.1_751	iYL1228.KPN_00678	59.8	239	96	0	1	239	1	239	5.00e-97	283
NZ_LN831024.1_751	iML1515.b0652	59.4	239	97	0	1	239	1	239	2.71e-94	276
NZ_LN831024.1_751	iSSON_1240.SSON_0606	59.4	239	97	0	1	239	1	239	2.71e-94	276
NZ_LN831024.1_751	iJN1463.PP_1300	57.7	239	101	0	1	239	14	252	8.41e-94	275
NZ_LN831024.1_751	iJN1463.PP_3597	59.0	239	98	0	1	239	20	258	1.03e-93	275
NZ_LN831024.1_751	iSF_1195.SF0629	59.4	239	97	0	1	239	1	239	7.73e-94	275
NZ_LN831024.1_751	iPC815.YPO2612	58.6	239	99	0	1	239	2	240	1.61e-93	274
NZ_LN831024.1_751	iYO844.BSU27430	56.9	239	103	0	1	239	1	239	3.74e-92	271
NZ_LN831024.1_751	iPC815.YPO2514	54.4	239	109	0	1	239	1	239	2.68e-89	263
NZ_LN831024.1_751	iCN900.CD630_07520	52.7	239	113	0	1	239	1	239	5.39e-89	263
NZ_LN831024.1_751	iCN718.ABAYE_RS10970	55.1	243	107	1	1	241	3	245	2.75e-88	261
NZ_LN831024.1_751	iJN1463.PP_1068	58.9	224	92	0	1	224	13	236	7.43e-88	260
NZ_LN831024.1_751	STM_v1_0.STM0828	54.4	239	109	0	1	239	1	239	3.57e-87	258
NZ_LN831024.1_751	iNF517.LLMG_RS09915	55.2	239	107	0	1	239	5	243	6.65e-86	255
NZ_LN831024.1_753	iJN1463.PP_5197	25.2	361	239	11	7	349	6	353	2.80e-14	73.6
NZ_LN831024.1_753	STM_v1_0.STM0671	25.9	332	216	9	1	319	1	315	8.34e-14	72.0
NZ_LN831024.1_753	iSynCJ816.SGL_RS03280	26.5	340	204	15	1	319	8	322	2.20e-12	67.8
NZ_LN831024.1_753	iML1515.b2906	24.9	321	218	8	6	315	4	312	6.65e-12	66.2
NZ_LN831024.1_754	iJN1463.PP_2589	49.1	483	241	3	14	492	11	492	5.26e-153	445
NZ_LN831024.1_754	iJN1463.PP_5278	46.0	493	261	2	5	493	4	495	2.22e-149	436
NZ_LN831024.1_754	iYL1228.KPN_01018	47.3	480	252	1	14	493	14	492	3.95e-147	430
NZ_LN831024.1_754	iML1515.b1300	44.8	480	264	1	14	493	13	491	4.16e-141	414
NZ_LN831024.1_754	iSbBS512_1146.SbBS512_E1536	44.8	480	264	1	14	493	13	491	1.67e-140	413
NZ_LN831024.1_754	iSF_1195.SF1305	45.0	480	263	1	14	493	13	491	4.73e-140	412
NZ_LN831024.1_755	iYO844.BSU16770	28.5	291	205	3	1	289	1	290	4.75e-33	122
NZ_LN831024.1_755	iCN718.ABAYE_RS18220	31.7	278	186	4	1	275	1	277	2.64e-32	120
NZ_LN831024.1_755	iML1515.b0268	31.8	296	192	6	3	290	7	300	3.25e-32	120
NZ_LN831024.1_755	iCN900.CD630_36270	25.7	303	211	3	1	301	1	291	8.66e-32	119
NZ_LN831024.1_755	iML1515.b4298	29.9	268	179	5	2	262	3	268	1.21e-31	119
NZ_LN831024.1_755	iAF692.Mbar_A1150	29.8	295	190	7	3	289	2	287	7.43e-30	114
NZ_LN831024.1_755	iCN900.CD630_32250	29.4	282	189	4	1	277	1	277	1.12e-29	114
NZ_LN831024.1_755	iAF987.Gmet_0211	30.3	287	193	5	3	286	2	284	2.75e-29	112
NZ_LN831024.1_756	iYO844.BSU33960	24.3	465	324	11	1	441	1	461	7.99e-33	129
NZ_LN831024.1_756	iYO844.BSU06230	25.8	450	299	11	15	437	9	450	2.48e-30	122
NZ_LN831024.1_757	iJN1463.PP_5273	28.6	419	265	16	25	424	18	421	3.67e-30	120
NZ_LN831024.1_757	iSF_1195.SF1306	28.6	385	252	11	39	413	32	403	5.84e-29	117
NZ_LN831024.1_757	iML1515.b1301	28.3	385	253	11	39	413	32	403	3.79e-28	115
NZ_LN831024.1_757	iJN1463.PP_2448	28.0	407	259	13	22	413	17	404	7.14e-28	114
NZ_LN831024.1_757	iSSON_1240.SSON_1839	28.3	385	253	11	39	413	32	403	7.06e-28	114
NZ_LN831024.1_757	iSDY_1059.SDY_1943	28.5	386	251	12	39	413	32	403	2.44e-27	112
NZ_LN831024.1_757	iSbBS512_1146.SbBS512_E1537	27.8	385	255	11	39	413	32	403	3.33e-27	112
NZ_LN831024.1_757	iYL1228.KPN_01017	27.7	386	254	13	39	413	32	403	1.15e-26	110
NZ_LN831024.1_757	iJN1463.PP_3146	28.8	399	259	14	39	424	35	421	1.65e-26	110
NZ_LN831024.1_760	iCN900.CD630_04510	38.8	116	69	1	21	136	6	119	6.52e-23	86.7
NZ_LN831024.1_763	iJN1463.PP_3365	88.7	547	62	0	1	547	1	547	0.0	991
NZ_LN831024.1_763	iJN1463.PP_1157	88.7	547	62	0	1	547	1	547	0.0	991
NZ_LN831024.1_764	iJN1463.PP_1419	51.1	415	192	5	18	431	25	429	6.40e-146	422
NZ_LN831024.1_772	iAM_Pf480.PF3D7_0627500	25.6	180	121	5	5	183	1	168	1.93e-09	54.3
NZ_LN831024.1_772	iPC815.YPO3172	26.6	154	106	4	18	170	12	159	5.07e-08	50.4
NZ_LN831024.1_773	iSynCJ816.SGL_RS18325	23.8	294	204	7	3	281	16	304	3.69e-12	65.5
NZ_LN831024.1_773	iJN1463.PP_2440	26.7	315	195	9	3	293	212	514	8.04e-12	65.1
NZ_LN831024.1_775	iJN1463.PP_4217	49.0	815	360	14	12	801	28	811	2.97e-247	709
NZ_LN831024.1_776	iJN1463.PP_2368	81.1	265	50	0	8	272	3	267	1.45e-153	428
NZ_LN831024.1_777	iCHOv1.100757665	31.9	113	65	3	32	136	32	140	1.36e-08	50.8
NZ_LN831024.1_777	iMM1415.69215	32.0	103	60	4	56	151	84	183	3.46e-08	50.1
NZ_LN831024.1_778	iCN900.CD630_36640	27.9	298	205	4	111	399	4	300	1.25e-32	128
NZ_LN831024.1_780	iEK1008.Rv3175	40.2	204	109	5	16	216	23	216	4.07e-25	108
NZ_LN831024.1_780	iCN718.ABAYE_RS04050	28.3	346	203	8	1	344	1	303	4.24e-23	102
NZ_LN831024.1_780	iAF987.Gmet_0075	25.3	566	314	19	2	551	1	473	4.05e-23	102
NZ_LN831024.1_781	iYL1228.KPN_01091	37.0	238	137	5	5	232	6	240	1.91e-35	125
NZ_LN831024.1_781	STM_v1_0.STM1195	36.6	238	138	5	5	232	6	240	1.05e-34	124
NZ_LN831024.1_781	iML1515.b1093	36.6	238	138	5	5	232	6	240	5.80e-34	122
NZ_LN831024.1_781	iSbBS512_1146.SbBS512_E2231	36.6	238	138	5	5	232	6	240	5.80e-34	122
NZ_LN831024.1_781	iSF_1195.SF1097	36.6	238	138	5	5	232	6	240	5.80e-34	122
NZ_LN831024.1_781	iSSON_1240.SSON_1113	36.6	238	138	5	5	232	6	240	5.80e-34	122
NZ_LN831024.1_781	iLJ478.TM1724	36.5	241	137	6	5	232	6	243	2.38e-33	120
NZ_LN831024.1_781	iYO844.BSU15910	34.6	246	144	6	1	232	1	243	3.34e-33	120
NZ_LN831024.1_781	iSDY_1059.SDY_2057	36.7	240	135	5	5	232	6	240	1.24e-32	118
NZ_LN831024.1_781	iEK1008.Rv1483	35.2	236	144	5	5	236	16	246	3.70e-32	117
NZ_LN831024.1_781	iSynCJ816.SGL_RS07245	37.4	243	131	7	5	232	7	243	2.02e-31	115
NZ_LN831024.1_781	iPC815.YPO1599	34.6	240	140	5	5	232	6	240	2.64e-31	115
NZ_LN831024.1_781	iAF987.Gmet_1531	33.5	245	144	4	5	235	7	246	1.15e-30	113
NZ_LN831024.1_782	iSDY_1059.SDY_0520	49.3	302	151	2	41	342	29	328	1.26e-73	230
NZ_LN831024.1_782	iSbBS512_1146.SbBS512_E0491	49.0	302	152	2	41	342	29	328	5.02e-73	229
NZ_LN831024.1_782	iSSON_1240.SSON_0540	49.0	302	152	2	41	342	29	328	1.00e-72	228
NZ_LN831024.1_782	iML1515.b0589	48.7	302	153	2	41	342	29	328	1.41e-72	228
NZ_LN831024.1_782	iSF_1195.SF0503	48.7	302	153	2	41	342	29	328	2.24e-71	224
NZ_LN831024.1_782	iYL1228.KPN_00607	48.4	320	161	4	24	342	12	328	9.95e-70	220
NZ_LN831024.1_782	STM_v1_0.STM0591	45.7	324	174	2	19	342	6	327	2.40e-67	214
NZ_LN831024.1_783	STM_v1_0.STM0592	48.6	317	154	7	21	334	18	328	2.63e-70	222
NZ_LN831024.1_783	iSSON_1240.SSON_0541	45.7	315	166	4	21	334	18	328	4.50e-68	216
NZ_LN831024.1_783	iML1515.b0590	45.7	315	166	4	21	334	18	328	8.97e-68	215
NZ_LN831024.1_783	iSbBS512_1146.SbBS512_E0492	45.7	315	166	4	21	334	18	328	1.27e-67	215
NZ_LN831024.1_783	iSF_1195.SF0504	45.7	315	166	4	21	334	22	332	1.42e-67	215
NZ_LN831024.1_783	iSDY_1059.SDY_0521	45.4	315	167	4	21	334	18	328	1.79e-67	214
NZ_LN831024.1_783	iYL1228.KPN_00608	45.7	315	166	4	21	334	18	328	2.89e-66	211
NZ_LN831024.1_784	STM_v1_0.STM0594	45.3	278	146	5	27	300	43	318	8.76e-59	190
NZ_LN831024.1_784	iML1515.b0592	43.2	278	152	5	27	300	43	318	1.24e-58	190
NZ_LN831024.1_784	iSbBS512_1146.SbBS512_E0494	42.8	278	153	5	27	300	43	318	4.89e-58	188
NZ_LN831024.1_784	iSF_1195.SF0506	42.8	278	153	5	27	300	43	318	4.89e-58	188
NZ_LN831024.1_784	iSDY_1059.SDY_0523	43.0	279	153	5	27	301	43	319	1.06e-57	187
NZ_LN831024.1_784	iSSON_1240.SSON_0543	43.1	274	150	5	27	296	43	314	1.06e-57	187
NZ_LN831024.1_784	iYL1228.KPN_00610	42.8	276	152	5	29	300	45	318	1.91e-54	179
NZ_LN831024.1_785	iSSON_1240.SSON_0539	60.9	261	101	1	4	263	7	267	2.22e-107	311
NZ_LN831024.1_785	STM_v1_0.STM0590	60.9	256	99	1	4	258	7	262	1.01e-106	309
NZ_LN831024.1_785	iML1515.b0588	60.5	261	102	1	4	263	7	267	2.57e-106	308
NZ_LN831024.1_785	iSDY_1059.SDY_0519	60.5	261	102	1	4	263	7	267	2.57e-106	308
NZ_LN831024.1_785	iSF_1195.SF0502	60.2	261	103	1	4	263	7	267	2.10e-105	306
NZ_LN831024.1_785	iSbBS512_1146.SbBS512_E0489	61.4	254	97	1	4	256	7	260	4.22e-105	305
NZ_LN831024.1_785	iYL1228.KPN_00606	60.9	256	99	1	4	258	7	262	9.50e-105	304
NZ_LN831024.1_785	iSynCJ816.SGL_RS01940	60.9	248	96	1	10	256	15	262	5.53e-100	292
NZ_LN831024.1_787	iJN1463.PP_2242	23.4	713	419	31	34	660	41	712	3.83e-12	69.3
NZ_LN831024.1_788	iJN1463.PP_3219	26.7	206	129	3	77	282	55	238	1.25e-10	62.4
NZ_LN831024.1_788	iJN1463.PP_0238	27.2	213	130	3	71	282	51	239	1.78e-10	62.0
NZ_LN831024.1_788	iML1515.b0935	28.4	194	117	4	71	263	51	223	5.56e-10	60.5
NZ_LN831024.1_788	iYL1228.KPN_00971	27.7	213	129	5	71	282	51	239	2.32e-09	58.5
NZ_LN831024.1_790	iJN1463.PP_0552	88.6	352	40	0	11	362	9	360	1.08e-229	629
NZ_LN831024.1_791	iJN1463.PP_0553	75.1	370	90	1	1	370	1	368	1.85e-194	540
NZ_LN831024.1_792	iJN1463.PP_0554	91.0	334	30	0	1	334	1	334	1.95e-225	616
NZ_LN831024.1_793	iJN1463.PP_0555	82.9	321	55	0	4	324	5	325	2.46e-193	533
NZ_LN831024.1_794	iJN1463.PP_0556	76.3	338	80	0	4	341	4	341	3.54e-177	494
NZ_LN831024.1_795	iAF987.Gmet_1601	35.5	256	149	3	10	263	2	243	1.96e-44	150
NZ_LN831024.1_795	iCN718.ABAYE_RS09790	33.1	257	168	2	11	265	5	259	1.63e-43	148
NZ_LN831024.1_795	iYL1228.KPN_02061	37.5	256	148	4	14	263	3	252	6.79e-41	141
NZ_LN831024.1_795	iYS854.USA300HOU_RS06185	35.8	254	146	4	13	263	2	241	9.82e-41	140
NZ_LN831024.1_795	iYO844.BSU15910	35.2	256	149	5	11	263	2	243	8.07e-40	138
NZ_LN831024.1_797	iCN718.ABAYE_RS01710	38.3	188	111	1	8	190	4	191	6.13e-45	147
NZ_LN831024.1_799	STM_v1_0.STM3186	24.1	419	292	10	57	465	26	428	7.06e-12	67.0
NZ_LN831024.1_800	iJN1463.PP_3466	28.4	563	375	10	153	700	10	559	1.48e-51	188
NZ_LN831024.1_800	iAF987.Gmet_2349	29.8	460	307	8	247	698	95	546	1.03e-45	171
NZ_LN831024.1_805	iSDY_1059.SDY_1860	39.1	399	214	7	9	386	5	395	1.22e-93	287
NZ_LN831024.1_805	iSbBS512_1146.SbBS512_E1829	39.1	399	214	7	9	386	5	395	3.43e-93	286
NZ_LN831024.1_805	iSSON_1240.SSON_1519	39.1	399	214	7	9	386	5	395	3.43e-93	286
NZ_LN831024.1_805	iYL1228.KPN_01975	39.1	399	214	7	9	386	9	399	1.53e-92	285
NZ_LN831024.1_805	iPC815.YPO2369	39.8	400	210	8	9	386	5	395	2.15e-91	281
NZ_LN831024.1_805	STM_v1_0.STM1449	38.8	399	215	7	9	386	5	395	4.30e-91	281
NZ_LN831024.1_805	iYS854.USA300HOU_RS09175	39.2	418	224	9	10	405	5	414	5.33e-88	273
NZ_LN831024.1_806	iJN1463.PP_3271	54.3	400	175	4	21	418	24	417	6.17e-150	431
NZ_LN831024.1_807	iJN1463.PP_3588	29.8	325	223	3	20	344	16	335	3.06e-29	117
NZ_LN831024.1_807	iPC815.YPO4048	29.3	328	219	5	15	334	13	335	1.77e-25	106
NZ_LN831024.1_810	iJN1463.PP_4255	83.3	474	79	0	1	474	1	474	2.20e-310	842
NZ_LN831024.1_810	iJN1463.PP_4250	82.0	471	85	0	5	475	4	474	3.43e-301	819
NZ_LN831024.1_811	iCN900.CD630_36640	25.3	375	273	5	127	498	20	390	5.79e-40	148
NZ_LN831024.1_813	iJN1463.PP_2371	63.0	551	200	3	1	551	1	547	2.16e-248	692
NZ_LN831024.1_815	iYL1228.KPN_04783	65.8	263	89	1	6	267	3	265	3.62e-115	331
NZ_LN831024.1_815	iSbBS512_1146.SbBS512_E4885	65.3	262	89	1	6	267	3	262	9.33e-115	330
NZ_LN831024.1_815	iSSON_1240.SSON_4494	65.3	262	89	1	6	267	3	262	1.32e-114	329
NZ_LN831024.1_815	STM_v1_0.STM1106	64.9	262	91	1	6	267	3	263	3.92e-114	328
NZ_LN831024.1_815	iSF_1195.SF4379	64.2	265	92	1	6	267	3	267	5.20e-113	325
NZ_LN831024.1_816	iYL1228.KPN_04784	72.7	267	73	0	1	267	1	267	1.09e-142	400
NZ_LN831024.1_816	iSSON_1240.SSON_4495	73.9	257	67	0	11	267	11	267	1.27e-141	398
NZ_LN831024.1_816	STM_v1_0.STM1105	71.5	267	76	0	1	267	1	267	6.00e-140	394
NZ_LN831024.1_816	iSF_1195.SF4380	72.8	257	70	0	11	267	11	267	4.92e-139	391
NZ_LN831024.1_816	iPC815.YPO1766	68.9	267	83	0	1	267	1	267	2.00e-131	372
NZ_LN831024.1_817	iJN1463.PP_3940	45.0	416	227	1	19	432	21	436	5.42e-124	366
NZ_LN831024.1_818	STM_v1_0.STM1104	68.9	122	38	0	1	122	1	122	1.17e-58	177
NZ_LN831024.1_818	iYL1228.KPN_04785	67.2	122	40	0	1	122	1	122	3.20e-56	171
NZ_LN831024.1_818	iSbBS512_1146.SbBS512_E4887	66.4	122	41	0	1	122	1	122	1.51e-54	166
NZ_LN831024.1_818	iSSON_1240.SSON_4496	65.6	122	42	0	1	122	1	122	6.14e-54	165
NZ_LN831024.1_818	iSF_1195.SF4381	63.1	122	45	0	1	122	1	122	2.50e-53	163
NZ_LN831024.1_819	iYL1228.KPN_04786	65.6	285	97	1	1	285	1	284	8.78e-138	390
NZ_LN831024.1_819	iSF_1195.SF4382	65.5	284	97	1	1	284	1	283	4.71e-137	389
NZ_LN831024.1_819	iSbBS512_1146.SbBS512_E4888	65.1	284	98	1	1	284	1	283	1.35e-136	387
NZ_LN831024.1_819	STM_v1_0.STM1103	65.1	284	98	1	1	284	1	283	1.10e-135	385
NZ_LN831024.1_819	iSSON_1240.SSON_4497	64.8	284	99	1	1	284	1	283	1.56e-135	385
NZ_LN831024.1_820	iYL1228.KPN_04787	79.8	485	98	0	2	486	4	488	7.80e-295	804
NZ_LN831024.1_820	iSbBS512_1146.SbBS512_E4889	79.6	485	99	0	2	486	4	488	1.57e-294	803
NZ_LN831024.1_820	STM_v1_0.STM1102	79.6	485	99	0	2	486	4	488	3.17e-294	802
NZ_LN831024.1_820	iSSON_1240.SSON_4498	79.4	485	100	0	2	486	4	488	1.83e-293	800
NZ_LN831024.1_820	iSF_1195.SF4383	79.0	485	102	0	2	486	4	488	6.10e-292	796
NZ_LN831024.1_821	iYL1228.KPN_04788	71.1	246	71	0	1	246	1	246	5.61e-133	375
NZ_LN831024.1_822	STM_v1_0.STM1101	45.5	213	106	2	9	219	221	425	2.23e-56	184
NZ_LN831024.1_822	iYL1228.KPN_04788	46.5	213	104	3	9	219	42	246	1.30e-57	182
NZ_LN831024.1_822	iSbBS512_1146.SbBS512_E4890	44.5	211	107	3	11	219	223	425	1.45e-53	177
NZ_LN831024.1_822	iSF_1195.SF4384	44.5	211	107	3	11	219	223	425	1.45e-53	177
NZ_LN831024.1_822	iSSON_1240.SSON_4499	44.5	211	107	3	11	219	223	425	1.45e-53	177
NZ_LN831024.1_822	iYL1228.KPN_04789	43.1	209	114	3	11	219	3	206	9.46e-53	168
NZ_LN831024.1_824	iEK1008.Rv3817	31.9	260	126	9	13	263	25	242	6.47e-22	91.3
NZ_LN831024.1_829	iCN900.CD630_12120	33.8	136	88	2	2	137	3	136	1.38e-20	82.4
NZ_LN831024.1_830	iJN1463.PP_2428	72.5	385	106	0	7	391	22	406	5.08e-180	506
NZ_LN831024.1_831	iAF987.Gmet_3085	26.9	283	168	7	343	621	209	456	3.27e-17	87.4
NZ_LN831024.1_831	iAF987.Gmet_0043	26.9	353	224	9	751	1092	27	356	1.98e-17	87.4
NZ_LN831024.1_833	iML1515.b2430	27.2	169	100	6	68	214	73	240	5.34e-10	60.5
NZ_LN831024.1_836	iAF987.Gmet_3275	35.5	282	179	3	107	386	159	439	4.20e-43	156
NZ_LN831024.1_842	iAF987.Gmet_0043	34.3	99	57	3	334	425	161	258	2.92e-07	52.4
NZ_LN831024.1_843	iAF987.Gmet_1919	32.7	196	117	4	7	194	5	193	1.38e-18	83.2
NZ_LN831024.1_843	iAF987.Gmet_1706	35.6	146	87	3	7	147	3	146	1.48e-18	82.8
NZ_LN831024.1_845	iCHOv1.100772204	42.1	546	308	4	23	563	39	581	2.03e-134	404
NZ_LN831024.1_845	iMM1415.218865	40.6	547	317	3	22	563	35	578	6.52e-132	397
NZ_LN831024.1_845	iML1515.b0311	41.8	546	294	10	30	563	3	536	4.29e-128	386
NZ_LN831024.1_845	iJN1463.PP_5064	41.4	548	298	10	30	565	5	541	1.37e-122	372
NZ_LN831024.1_846	iJN1463.PP_1019	25.2	456	290	18	1	424	7	443	9.58e-13	69.3
NZ_LN831024.1_847	iYO844.BSU22140	36.9	255	142	8	1	239	1	252	5.27e-35	125
NZ_LN831024.1_847	iLJ478.TM1724	35.6	250	132	7	10	239	5	245	4.34e-35	125
NZ_LN831024.1_847	STM_v1_0.STM4483	34.5	252	140	5	9	241	8	253	6.18e-33	119
NZ_LN831024.1_847	iML1515.b4266	34.1	252	141	5	9	241	8	253	1.71e-32	118
NZ_LN831024.1_847	iSSON_1240.SSON_4451	34.1	252	141	5	9	241	8	253	1.71e-32	118
NZ_LN831024.1_847	iPC815.YPO2539	34.3	248	142	4	11	241	10	253	9.33e-32	116
NZ_LN831024.1_847	iAF987.Gmet_1694	38.0	245	137	5	8	239	3	245	1.06e-31	116
NZ_LN831024.1_847	iNF517.LLMG_RS08950	35.2	250	124	7	11	237	6	240	1.42e-31	115
NZ_LN831024.1_847	iML1515.b2842	33.9	242	148	4	10	239	10	251	9.77e-31	114
NZ_LN831024.1_848	iYO844.BSU06240	43.4	350	190	4	1	346	1	346	1.09e-92	280
NZ_LN831024.1_848	iJN1463.PP_0552	42.5	351	196	4	1	345	9	359	9.23e-90	273
NZ_LN831024.1_848	iHN637.CLJU_RS11425	39.0	356	210	4	1	349	1	356	2.63e-82	254
NZ_LN831024.1_849	iYO844.BSU12360	26.5	404	251	13	18	393	13	398	7.43e-24	102
NZ_LN831024.1_853	iYL1228.KPN_04779	59.5	168	68	0	3	170	2	169	1.03e-67	203
NZ_LN831024.1_853	iSbBS512_1146.SbBS512_E4881	58.3	168	70	0	3	170	2	169	3.96e-65	196
NZ_LN831024.1_853	iSSON_1240.SSON_4488	58.3	168	70	0	3	170	2	169	3.96e-65	196
NZ_LN831024.1_853	iSF_1195.SF4373	57.7	168	71	0	3	170	2	169	2.28e-64	194
NZ_LN831024.1_853	STM_v1_0.STM1098	56.9	167	72	0	3	169	2	168	1.86e-63	192
NZ_LN831024.1_854	iSbBS512_1146.SbBS512_E4882	73.0	518	140	0	1	518	1	518	6.54e-299	817
NZ_LN831024.1_854	iSSON_1240.SSON_4489	73.0	518	140	0	1	518	1	518	6.54e-299	817
NZ_LN831024.1_854	iYL1228.KPN_04780	72.8	518	141	0	1	518	1	518	3.77e-298	815
NZ_LN831024.1_854	STM_v1_0.STM1099	72.6	518	142	0	1	518	1	518	1.78e-296	811
NZ_LN831024.1_856	iLJ478.TM1724	37.0	246	152	2	3	246	2	246	8.14e-43	145
NZ_LN831024.1_856	iSDY_1059.SDY_2057	39.3	244	142	3	5	246	4	243	4.30e-42	143
NZ_LN831024.1_856	iYL1228.KPN_01091	40.2	244	140	3	5	246	4	243	1.70e-41	142
NZ_LN831024.1_856	iML1515.b1093	38.9	244	143	3	5	246	4	243	4.75e-41	140
NZ_LN831024.1_856	iSbBS512_1146.SbBS512_E2231	38.9	244	143	3	5	246	4	243	4.75e-41	140
NZ_LN831024.1_856	iSF_1195.SF1097	38.9	244	143	3	5	246	4	243	4.75e-41	140
NZ_LN831024.1_856	iSSON_1240.SSON_1113	38.9	244	143	3	5	246	4	243	4.75e-41	140
NZ_LN831024.1_856	STM_v1_0.STM1195	38.1	244	145	3	5	246	4	243	1.46e-39	137
NZ_LN831024.1_856	iYS854.USA300HOU_RS06185	38.2	241	145	3	9	246	5	244	1.46e-39	137
NZ_LN831024.1_856	iAM_Pv461.PVX_099555	38.1	244	142	4	5	243	58	297	3.19e-38	135
NZ_LN831024.1_856	iSynCJ816.SGL_RS07245	36.7	248	153	4	1	246	1	246	3.44e-38	133
NZ_LN831024.1_856	iPC815.YPO1599	39.6	245	140	5	5	246	4	243	4.48e-38	133
NZ_LN831024.1_857	iYO844.BSU28120	29.6	405	240	13	58	443	36	414	7.87e-42	153
NZ_LN831024.1_857	iYS854.USA300HOU_RS08830	29.8	399	245	13	59	443	36	413	7.19e-40	148
NZ_LN831024.1_857	iEK1008.Rv0524	29.4	361	216	7	55	390	44	390	4.40e-38	144
NZ_LN831024.1_857	iJN1463.PP_4784	32.6	341	202	12	55	384	30	353	1.72e-37	141
NZ_LN831024.1_857	iSSON_1240.SSON_0166	30.1	345	217	9	55	390	30	359	3.21e-37	140
NZ_LN831024.1_857	iYO844.BSU08710	27.5	411	273	9	26	426	1	396	1.22e-36	139
NZ_LN831024.1_857	iYL1228.KPN_00169	29.8	346	217	9	55	390	30	359	1.16e-36	139
NZ_LN831024.1_857	iAF987.Gmet_3356	29.0	403	252	14	55	443	32	414	1.63e-36	139
NZ_LN831024.1_857	iSDY_1059.SDY_0170	29.9	345	218	9	55	390	30	359	1.60e-36	139
NZ_LN831024.1_865	iEK1008.Rv0386	39.7	58	35	0	150	207	1025	1082	8.26e-04	39.7
NZ_LN831024.1_866	iML1515.b1093	27.5	207	136	7	5	208	9	204	4.72e-09	54.7
NZ_LN831024.1_866	iSbBS512_1146.SbBS512_E2231	27.5	207	136	7	5	208	9	204	4.72e-09	54.7
NZ_LN831024.1_866	iSF_1195.SF1097	27.5	207	136	7	5	208	9	204	4.72e-09	54.7
NZ_LN831024.1_866	iSSON_1240.SSON_1113	27.5	207	136	7	5	208	9	204	4.72e-09	54.7
NZ_LN831024.1_866	iSDY_1059.SDY_2057	27.5	207	136	7	5	208	9	204	6.42e-09	54.3
NZ_LN831024.1_866	iYL1228.KPN_01091	25.6	207	140	6	5	208	9	204	5.46e-08	51.6
NZ_LN831024.1_866	STM_v1_0.STM1195	26.6	207	138	7	5	208	9	204	5.46e-08	51.6
NZ_LN831024.1_866	iJN1463.PP_2794	28.9	190	125	5	2	188	14	196	7.91e-08	51.2
NZ_LN831024.1_866	iPC815.YPO1599	25.7	214	131	6	5	208	9	204	1.84e-07	50.1
NZ_LN831024.1_866	iEK1008.Rv1483	26.2	191	121	6	2	188	16	190	2.54e-07	49.7
NZ_LN831024.1_866	iYL1228.KPN_00614	30.7	192	112	7	2	188	9	184	3.51e-07	49.3
NZ_LN831024.1_866	iSSON_1240.SSON_2623	30.4	171	105	6	1	163	4	168	3.85e-07	49.3
NZ_LN831024.1_867	iJN1463.PP_4221	35.8	604	354	15	14	601	513	1098	1.85e-74	269
NZ_LN831024.1_867	iYL1228.KPN_00605	33.7	626	365	14	5	601	463	1067	2.71e-72	261
NZ_LN831024.1_867	iJN1463.PP_4219	34.6	595	358	14	6	577	1560	2146	3.33e-68	250
NZ_LN831024.1_867	STM_v1_0.STM0588	33.0	597	364	12	5	575	456	1042	1.04e-66	244
NZ_LN831024.1_871	iEK1008.Rv0386	36.4	55	35	0	164	218	1025	1079	3.81e-04	40.8
NZ_LN831024.1_872	iJN1463.PP_3463	57.7	492	206	2	3	493	5	495	1.35e-193	548
NZ_LN831024.1_873	iEK1008.Rv2320c	25.2	417	246	15	66	454	86	464	2.09e-17	84.3
NZ_LN831024.1_873	iHN637.CLJU_RS10530	23.4	432	295	10	25	446	35	440	2.68e-17	84.0
NZ_LN831024.1_876	iJN1463.PP_0500	81.2	293	55	0	1	293	1	293	1.37e-177	491
NZ_LN831024.1_877	iJN1463.PP_0501	71.5	309	88	0	1	309	1	309	1.17e-158	444
NZ_LN831024.1_882	iYO844.BSU30420	38.3	201	114	4	25	224	29	220	1.60e-32	117
NZ_LN831024.1_882	iJN1463.PP_4210	36.2	229	125	6	4	224	5	220	2.12e-29	115
NZ_LN831024.1_882	iEK1008.Rv0073	37.6	202	116	4	31	231	33	225	1.02e-29	112
NZ_LN831024.1_882	iEK1008.Rv2564	38.6	202	115	3	21	222	23	215	1.02e-29	112
NZ_LN831024.1_882	iCN900.CD630_19470	34.5	200	123	2	25	224	33	224	1.44e-28	107
NZ_LN831024.1_885	iJN1463.PP_0510	77.0	287	66	0	3	289	4	290	6.76e-155	433
NZ_LN831024.1_889	iJN1463.PP_0514	75.7	366	87	1	5	370	11	374	3.83e-190	530
NZ_LN831024.1_890	iJN1463.PP_0515	85.9	220	30	1	1	219	1	220	3.58e-134	375
NZ_LN831024.1_891	iJN1463.PP_0516	84.7	366	52	2	1	365	7	369	1.20e-219	603
NZ_LN831024.1_892	iJN1463.PP_0517	94.9	158	8	0	1	158	1	158	3.84e-101	286
NZ_LN831024.1_894	iJN1463.PP_0519	65.4	318	109	1	1	317	1	318	1.17e-131	377
NZ_LN831024.1_895	iJN1463.PP_0520	86.0	164	23	0	1	164	1	164	1.50e-117	329
NZ_LN831024.1_898	iJN1463.PP_0522	83.6	201	33	0	1	201	1	201	6.68e-118	333
NZ_LN831024.1_900	iJN1463.PP_0524	58.1	241	101	0	21	261	22	262	4.87e-94	277
NZ_LN831024.1_901	iJN1463.PP_0527	86.8	628	81	1	1	626	1	628	0.0	1081
NZ_LN831024.1_902	iJN1463.PP_0528	78.3	295	64	0	1	295	1	295	9.26e-151	423
NZ_LN831024.1_904	STM_v1_0.STM3697	30.2	268	170	6	74	340	97	348	5.32e-20	90.5
NZ_LN831024.1_908	iCN900.CD630_16140	36.7	218	137	1	17	233	40	257	5.86e-43	148
NZ_LN831024.1_908	iML1515.b3201	38.0	216	130	3	7	218	9	224	2.42e-38	135
NZ_LN831024.1_908	iSbBS512_1146.SbBS512_E3569	38.0	216	130	3	7	218	9	224	2.42e-38	135
NZ_LN831024.1_908	iSDY_1059.SDY_3382	38.0	216	130	3	7	218	9	224	2.42e-38	135
NZ_LN831024.1_908	iSF_1195.SF3241	38.0	216	130	3	7	218	9	224	2.42e-38	135
NZ_LN831024.1_908	iSSON_1240.SSON_3349	38.0	216	130	3	7	218	9	224	2.42e-38	135
NZ_LN831024.1_909	iAF987.Gmet_0043	39.5	114	63	2	653	760	153	266	4.78e-15	78.6
NZ_LN831024.1_911	iSbBS512_1146.SbBS512_E2456	71.2	229	65	1	2	229	3	231	1.17e-114	327
NZ_LN831024.1_911	iML1515.b0875	71.2	229	65	1	2	229	3	231	1.66e-114	326
NZ_LN831024.1_911	iSF_1195.SF0832	71.2	229	65	1	2	229	3	231	1.66e-114	326
NZ_LN831024.1_911	iYL1228.KPN_00909	70.3	229	67	1	2	229	3	231	6.73e-114	325
NZ_LN831024.1_911	iJN1463.PP_4282	69.7	221	66	1	2	222	5	224	1.67e-102	296
NZ_LN831024.1_913	iAF987.Gmet_0069	27.3	143	99	2	39	180	37	175	2.80e-10	58.9
NZ_LN831024.1_913	iAF987.Gmet_2999	31.7	139	84	3	3	140	10	138	5.92e-10	58.2
NZ_LN831024.1_913	iAF987.Gmet_1706	36.8	87	52	2	39	124	33	117	1.07e-08	54.3
NZ_LN831024.1_914	iJN1463.PP_0538	89.1	174	19	0	1	174	1	174	4.52e-115	323
NZ_LN831024.1_916	iNF517.LLMG_RS09290	29.9	107	69	2	76	176	59	165	3.23e-09	54.7
NZ_LN831024.1_920	iJN1463.PP_0542	77.6	263	57	1	12	272	9	271	1.05e-145	409
NZ_LN831024.1_921	iJN1463.PP_0543	90.3	464	45	0	1	464	1	464	4.09e-306	830
NZ_LN831024.1_922	iJN1463.PP_0544	85.9	481	68	0	1	481	1	481	1.52e-294	803
NZ_LN831024.1_923	iJN1463.PP_0545	91.7	506	42	0	1	506	1	506	0.0	945
NZ_LN831024.1_923	iJN1463.PP_2680	87.0	506	66	0	1	506	1	506	0.0	907
NZ_LN831024.1_925	iJN1463.PP_0547	86.2	449	61	1	1	449	1	448	1.01e-292	795
NZ_LN831024.1_926	iJN1463.PP_0548	84.7	209	32	0	1	209	1	209	1.53e-125	352
NZ_LN831024.1_929	iJN1463.PP_0551	69.1	265	82	0	301	565	360	624	5.11e-117	360
NZ_LN831024.1_930	iJN1463.PP_4817	78.1	151	33	0	1	151	1	151	2.21e-83	241
NZ_LN831024.1_934	iYS854.USA300HOU_RS07240	34.8	135	87	1	248	381	51	185	1.01e-14	72.4
NZ_LN831024.1_937	iJN1463.PP_5004	31.0	100	69	0	41	140	30	129	1.34e-04	43.1
NZ_LN831024.1_938	iJN1463.PP_4811	77.9	420	91	1	1	420	1	418	1.05e-222	616
NZ_LN831024.1_939	iJN1463.PP_4810	76.3	211	50	0	3	213	19	229	8.39e-120	339
NZ_LN831024.1_942	iJN1463.PP_4807	79.6	619	126	0	1	619	1	619	0.0	1018
NZ_LN831024.1_943	iML1515.b0089	32.4	358	223	7	28	371	45	397	1.40e-44	158
NZ_LN831024.1_944	iJN1463.PP_4805	71.9	334	94	0	1	334	13	346	2.77e-180	502
NZ_LN831024.1_946	iJN1463.PP_4803	82.5	359	63	0	1	359	28	386	6.87e-217	597
NZ_LN831024.1_948	iJN1463.PP_4801	77.7	211	47	0	5	215	6	216	3.71e-116	329
NZ_LN831024.1_949	iJN1463.PP_4800	92.4	314	24	0	13	326	23	336	1.25e-222	608
NZ_LN831024.1_951	iEK1008.Rv1124	31.2	189	106	8	13	187	30	208	1.79e-19	83.6
NZ_LN831024.1_952	iAF987.Gmet_0843	35.1	74	45	2	20	93	197	267	4.01e-05	40.0
NZ_LN831024.1_952	iEK1008.Rv3617	33.3	60	38	2	32	90	257	315	5.04e-04	37.0
NZ_LN831024.1_952	iEK1008.Rv0646c	31.3	83	54	2	8	89	215	295	9.32e-04	36.2
NZ_LN831024.1_953	iJN1463.PP_4805	32.3	288	176	6	91	369	62	339	7.30e-34	129
NZ_LN831024.1_953	iML1515.b2701	34.4	259	136	7	126	370	116	354	3.55e-29	117
NZ_LN831024.1_953	iSbBS512_1146.SbBS512_E3176	34.4	259	136	7	126	370	116	354	3.55e-29	117
NZ_LN831024.1_953	iSDY_1059.SDY_2897	34.4	259	136	7	126	370	116	354	3.55e-29	117
NZ_LN831024.1_953	iSF_1195.SF2724	34.0	259	137	7	126	370	116	354	3.55e-29	117
NZ_LN831024.1_953	iSSON_1240.SSON_2845	34.4	259	136	7	126	370	116	354	3.55e-29	117
NZ_LN831024.1_957	iJN1463.PP_4794	80.9	873	162	1	1	873	1	868	0.0	1468
NZ_LN831024.1_960	iJN1463.PP_4790	72.3	502	138	1	1	502	1	501	2.51e-269	741
NZ_LN831024.1_967	iJN1463.PP_4784	89.7	427	44	0	1	427	1	427	5.76e-285	774
NZ_LN831024.1_968	iJN1463.PP_4783	75.2	206	50	1	1	206	1	205	1.22e-96	279
NZ_LN831024.1_969	iJN1463.PP_4782	84.1	264	42	0	1	264	1	264	1.23e-161	448
NZ_LN831024.1_970	iAF987.Gmet_0043	26.8	392	255	10	396	777	18	387	2.97e-26	114
NZ_LN831024.1_972	iEK1008.Rv0672	50.8	543	256	7	7	544	2	538	1.57e-182	524
NZ_LN831024.1_974	iJN1463.PP_4779	84.9	483	73	0	9	491	5	487	9.94e-306	832
NZ_LN831024.1_976	iCHOv1.100689391	31.1	119	60	4	59	170	117	220	1.15e-07	53.1
NZ_LN831024.1_977	iNF517.LLMG_RS06045	36.3	182	102	2	27	206	58	227	9.00e-33	117
NZ_LN831024.1_977	iYS854.USA300HOU_RS07985	37.6	173	94	2	31	201	67	227	2.89e-32	116
NZ_LN831024.1_977	iCN900.CD630_20500	35.0	183	104	3	22	201	54	224	2.42e-28	106
NZ_LN831024.1_982	iJN1463.PP_4774	70.5	288	85	0	1	288	2	289	1.73e-136	387
NZ_LN831024.1_988	iCN718.ABAYE_RS09790	32.6	187	124	2	14	199	8	193	4.46e-29	110
NZ_LN831024.1_988	iCN900.CD630_26790	29.5	217	149	4	12	226	3	217	4.35e-28	108
NZ_LN831024.1_988	iAF987.Gmet_1601	35.0	223	137	4	14	233	6	223	3.48e-27	105
NZ_LN831024.1_988	iHN637.CLJU_RS20765	31.8	211	139	4	14	220	7	216	3.75e-26	102
NZ_LN831024.1_988	iSynCJ816.SGL_RS07245	34.0	191	123	3	14	202	7	196	3.67e-26	102
NZ_LN831024.1_988	iCN718.ABAYE_RS13105	29.5	268	177	6	9	266	2	267	1.48e-25	102
NZ_LN831024.1_988	iCN718.ABAYE_RS09965	33.2	190	124	2	12	199	6	194	1.33e-25	101
NZ_LN831024.1_988	iEK1008.Rv1350	35.9	184	111	3	14	194	8	187	9.98e-26	101
NZ_LN831024.1_988	iCN718.ABAYE_RS01085	28.9	249	167	4	11	249	4	252	4.86e-25	100
NZ_LN831024.1_988	iCHOv1.100774578	34.8	187	117	3	16	197	35	221	1.66e-24	100
NZ_LN831024.1_991	iJN1463.PP_2765	86.7	354	47	0	6	359	3	356	8.58e-232	634
NZ_LN831024.1_992	iEK1008.Rv2043c	27.6	156	90	2	14	146	3	158	1.03e-05	43.9
NZ_LN831024.1_992	iCN900.CD630_36320	25.6	133	96	2	13	145	1	130	3.17e-05	42.4
NZ_LN831024.1_992	iSF_1195.SF1455	23.6	174	94	5	14	148	11	184	3.66e-04	39.7
NZ_LN831024.1_995	iYS854.USA300HOU_RS07595	24.8	129	95	1	248	376	228	354	3.97e-09	58.2
NZ_LN831024.1_997	iAF987.Gmet_1914	21.8	229	149	5	1	201	1	227	1.14e-04	42.0
NZ_LN831024.1_997	iEK1008.Rv0386	37.3	59	37	0	148	206	1027	1085	2.41e-04	41.2
NZ_LN831024.1_998	iAF987.Gmet_0957	35.7	241	154	1	146	385	375	615	4.59e-43	158
NZ_LN831024.1_998	iYL1228.KPN_02455	36.4	236	147	1	146	381	361	593	2.92e-42	155
NZ_LN831024.1_998	iJN1463.PP_3581	36.7	248	156	1	140	386	434	681	1.29e-41	155
NZ_LN831024.1_998	iAF987.Gmet_0782	33.8	240	158	1	149	387	483	722	3.64e-40	151
NZ_LN831024.1_998	iJN1463.PP_0914	31.8	245	163	2	146	386	438	682	3.52e-39	148
NZ_LN831024.1_998	iAF987.Gmet_0700	34.3	233	152	1	149	380	576	808	7.47e-39	147
NZ_LN831024.1_998	iAF987.Gmet_2629	33.9	248	160	3	134	380	554	798	2.12e-37	143
NZ_LN831024.1_999	iAF987.Gmet_0043	24.9	358	237	9	690	1037	21	356	1.73e-18	90.5
NZ_LN831024.1_1003	iJN1463.PP_4762	78.9	289	61	0	1	289	1	289	4.94e-173	479
NZ_LN831024.1_1004	iJN1463.PP_1764	28.0	189	107	5	6	170	3	186	4.23e-12	62.4
NZ_LN831024.1_1004	iJN1463.PP_0416	29.2	168	99	6	3	168	49	198	4.00e-10	57.4
NZ_LN831024.1_1007	iJN1463.PP_0233	56.3	323	137	2	4	326	3	321	2.35e-123	357
NZ_LN831024.1_1007	iSSON_1240.SSON_0343	53.6	323	144	3	5	327	23	339	2.32e-117	342
NZ_LN831024.1_1007	iML1515.b0365	53.6	323	144	3	5	327	4	320	2.47e-117	341
NZ_LN831024.1_1007	iSDY_1059.SDY_0505	53.3	323	145	3	5	327	4	320	7.03e-117	340
NZ_LN831024.1_1007	iSbBS512_1146.SbBS512_E0278	52.6	323	147	3	5	327	4	320	2.30e-115	336
NZ_LN831024.1_1007	iYL1228.KPN_00311	53.1	318	143	3	10	327	9	320	3.76e-114	333
NZ_LN831024.1_1007	iSF_1195.SF0253	54.2	301	134	2	27	327	2	298	1.02e-113	331
NZ_LN831024.1_1007	iCN718.ABAYE_RS11230	53.0	300	139	1	28	327	42	339	1.57e-110	325
NZ_LN831024.1_1008	iSbBS512_1146.SbBS512_E0279	55.3	237	106	0	23	259	17	253	7.35e-92	271
NZ_LN831024.1_1008	iML1515.b0366	54.9	237	107	0	23	259	17	253	2.10e-91	270
NZ_LN831024.1_1008	iSSON_1240.SSON_0344	54.9	237	107	0	23	259	17	253	2.10e-91	270
NZ_LN831024.1_1008	iYL1228.KPN_00312	55.7	237	105	0	23	259	17	253	8.48e-91	268
NZ_LN831024.1_1008	iSDY_1059.SDY_0504	54.4	237	108	0	23	259	17	253	1.38e-89	265
NZ_LN831024.1_1008	iJN1463.PP_0232	52.8	250	116	1	1	250	1	248	7.04e-89	264
NZ_LN831024.1_1008	iSF_1195.SF0252	54.0	237	109	0	23	259	17	253	5.59e-89	264
NZ_LN831024.1_1008	iCN718.ABAYE_RS11225	50.6	251	122	1	1	251	1	249	1.73e-82	248
NZ_LN831024.1_1009	iJN1463.PP_0231	63.4	246	90	0	26	271	29	274	4.19e-99	291
NZ_LN831024.1_1009	iML1515.b0367	57.4	256	108	1	17	271	15	270	9.18e-90	267
NZ_LN831024.1_1009	iYL1228.KPN_00313	57.4	256	108	1	17	271	15	270	1.06e-88	264
NZ_LN831024.1_1010	iJN1463.PP_0230	77.3	277	63	0	1	277	1	277	1.84e-162	451
NZ_LN831024.1_1012	iJN1463.PP_0229	78.3	654	140	2	1	653	15	667	0.0	1038
NZ_LN831024.1_1014	iJN1463.PP_0112	69.1	259	77	1	1	259	1	256	4.44e-121	345
NZ_LN831024.1_1015	iJN1463.PP_4651	80.6	468	89	1	1	468	1	466	2.05e-288	787
NZ_LN831024.1_1016	iJN1463.PP_4650	81.8	335	61	0	1	335	1	335	3.76e-207	569
NZ_LN831024.1_1020	iCN718.ABAYE_RS03735	70.1	391	117	0	1	391	1	391	5.76e-188	525
NZ_LN831024.1_1020	iCN718.ABAYE_RS09825	67.9	390	125	0	1	390	1	390	2.43e-177	498
NZ_LN831024.1_1021	iJN1463.PP_0763	82.0	560	101	0	1	560	1	560	0.0	961
NZ_LN831024.1_1024	iEK1008.Rv0386	42.3	52	30	0	812	863	1025	1076	6.13e-05	46.6
NZ_LN831024.1_1025	iJN1463.PP_0586	74.0	789	200	3	7	792	5	791	0.0	1062
NZ_LN831024.1_1027	iJN1463.PP_1292	86.5	155	21	0	1	155	1	155	1.82e-90	259
NZ_LN831024.1_1028	iJN1463.PP_1293	61.0	82	29	2	2	83	4	82	1.47e-31	105
NZ_LN831024.1_1029	iJN1463.PP_1294	83.8	148	24	0	1	148	1	148	9.66e-93	265
NZ_LN831024.1_1030	iJN1463.PP_2122	67.1	170	56	0	1	170	1	170	7.52e-76	224
NZ_LN831024.1_1030	iJN1463.PP_4600	67.1	161	53	0	9	169	9	169	1.88e-72	216
NZ_LN831024.1_1031	iJN1463.PP_2123	49.3	400	194	6	11	406	13	407	1.80e-110	330
NZ_LN831024.1_1042	iEK1008.Rv0684	28.6	483	299	8	7	457	9	477	2.84e-51	186
NZ_LN831024.1_1042	iSynCJ816.SGL_RS17200	27.5	476	311	7	7	457	4	470	2.75e-45	169
NZ_LN831024.1_1044	iJN1463.PP_4613	69.3	747	220	4	43	784	32	774	0.0	1041
NZ_LN831024.1_1044	iML1515.b4291	65.2	735	253	1	50	784	43	774	0.0	1000
NZ_LN831024.1_1044	iSDY_1059.SDY_4297	65.0	735	254	1	50	784	43	774	0.0	998
NZ_LN831024.1_1044	iSSON_1240.SSON_4463	65.0	735	254	1	50	784	43	774	0.0	997
NZ_LN831024.1_1048	iYL1228.KPN_01622	27.8	288	182	8	5	280	8	281	6.13e-16	76.3
NZ_LN831024.1_1048	STM_v1_0.STM1517	27.3	304	196	8	5	295	9	300	6.20e-16	76.3
NZ_LN831024.1_1048	iML1515.b1533	27.3	304	186	8	5	290	8	294	2.12e-15	74.7
NZ_LN831024.1_1049	iJN1463.PP_3376	57.7	319	134	1	1	318	1	319	4.20e-120	348
NZ_LN831024.1_1051	iJN1463.PP_4211	29.6	425	284	6	62	480	47	462	2.21e-45	165
NZ_LN831024.1_1051	iJN1463.PP_3427	29.2	449	297	6	42	480	24	461	2.77e-42	156
NZ_LN831024.1_1052	iML1515.b3240	24.4	480	306	12	33	495	13	452	9.56e-16	80.9
NZ_LN831024.1_1054	iML1515.b3241	40.2	266	156	3	27	290	29	293	2.26e-57	186
NZ_LN831024.1_1055	iJN1463.PP_0868	79.5	385	77	2	1	385	1	383	5.41e-221	608
NZ_LN831024.1_1056	iJN1463.PP_0869	80.6	217	42	0	1	217	1	217	3.07e-109	312
NZ_LN831024.1_1057	iJN1463.PP_0870	53.4	294	128	4	13	301	21	310	2.48e-101	299
NZ_LN831024.1_1058	iJN1463.PP_0871	77.7	233	52	0	3	235	13	245	2.42e-111	319
NZ_LN831024.1_1059	iJN1463.PP_4974	72.9	413	108	1	1	413	1	409	3.52e-200	558
NZ_LN831024.1_1061	iPC815.YPO2295	43.1	51	29	0	212	262	150	200	4.27e-06	46.6
NZ_LN831024.1_1061	iEK1008.Rv1692	25.6	258	149	7	24	263	1	233	3.06e-05	44.7
NZ_LN831024.1_1064	iML1515.b0493	39.6	182	108	2	3	182	15	196	1.98e-27	106
NZ_LN831024.1_1064	iMM904.YIL124W	31.2	282	179	6	2	273	6	282	3.43e-26	103
NZ_LN831024.1_1065	iSynCJ816.SGL_RS11800	35.9	92	53	4	41	126	99	190	3.14e-07	50.1
NZ_LN831024.1_1065	iEK1008.Rv2952	44.2	52	28	1	77	127	127	178	5.13e-06	46.2
NZ_LN831024.1_1068	iAF987.Gmet_1914	27.1	107	76	1	13	119	3	107	9.15e-06	45.4
NZ_LN831024.1_1070	iAF987.Gmet_0333	57.0	421	175	2	1	421	23	437	1.18e-168	480
NZ_LN831024.1_1071	iAF987.Gmet_0334	61.1	470	179	2	3	468	6	475	1.41e-207	582
NZ_LN831024.1_1071	iML1515.b1223	58.4	457	184	4	12	465	10	463	1.66e-186	528
NZ_LN831024.1_1071	iSbBS512_1146.SbBS512_E1391	58.4	457	184	4	12	465	10	463	1.66e-186	528
NZ_LN831024.1_1071	iSSON_1240.SSON_1953	58.4	457	184	4	12	465	10	463	1.66e-186	528
NZ_LN831024.1_1071	iSF_1195.SF1226	57.5	466	192	4	3	465	1	463	4.72e-186	526
NZ_LN831024.1_1071	iSDY_1059.SDY_1278	58.2	457	185	4	12	465	10	463	5.45e-185	524
NZ_LN831024.1_1072	iSSON_1240.SSON_1952	72.3	501	137	2	1	501	1	499	3.11e-276	787
NZ_LN831024.1_1072	iML1515.b1224	72.3	501	137	2	1	501	1	499	4.40e-276	787
NZ_LN831024.1_1072	iSDY_1059.SDY_1279	72.3	501	137	2	1	501	1	499	6.22e-276	786
NZ_LN831024.1_1072	iSF_1195.SF1227	72.1	501	138	2	1	501	1	499	9.97e-275	783
NZ_LN831024.1_1072	iYL1228.KPN_02214	71.1	501	143	2	1	501	1	499	1.41e-274	783
NZ_LN831024.1_1072	STM_v1_0.STM1764	71.7	501	140	2	1	501	1	499	1.60e-273	780
NZ_LN831024.1_1072	STM_v1_0.STM1577	70.1	501	147	2	1	501	1	498	4.61e-267	764
NZ_LN831024.1_1072	iML1515.b1468	68.8	507	154	3	1	507	1	503	2.36e-264	757
NZ_LN831024.1_1072	iYL1228.KPN_01880	70.3	501	146	2	1	501	1	498	6.66e-264	756
NZ_LN831024.1_1072	iSSON_1240.SSON_1657	68.4	507	156	3	1	507	1	503	1.50e-262	752
NZ_LN831024.1_1073	iYL1228.KPN_01880	72.2	702	192	2	1	702	537	1235	0.0	1103
NZ_LN831024.1_1073	STM_v1_0.STM1577	71.5	702	197	2	1	702	537	1235	0.0	1101
NZ_LN831024.1_1073	iML1515.b1468	71.7	702	196	2	1	702	537	1235	0.0	1100
NZ_LN831024.1_1073	iSSON_1240.SSON_1657	71.7	702	196	2	1	702	537	1235	0.0	1100
NZ_LN831024.1_1073	iSDY_1059.SDY_1279	70.0	713	206	3	1	713	538	1242	0.0	1096
NZ_LN831024.1_1073	iSF_1195.SF1227	70.0	713	206	3	1	713	538	1242	0.0	1095
NZ_LN831024.1_1073	iSSON_1240.SSON_1952	70.0	713	206	3	1	713	538	1242	0.0	1095
NZ_LN831024.1_1073	iML1515.b1224	70.0	713	206	3	1	713	538	1242	0.0	1095
NZ_LN831024.1_1073	iYL1228.KPN_02214	70.1	713	205	3	1	713	538	1242	0.0	1095
NZ_LN831024.1_1073	STM_v1_0.STM1764	69.8	713	207	3	1	713	538	1242	0.0	1090
NZ_LN831024.1_1074	STM_v1_0.STM1763	77.0	505	114	2	1	505	1	503	8.68e-307	836
NZ_LN831024.1_1074	iYL1228.KPN_02213	76.2	513	117	3	1	513	1	508	1.01e-305	833
NZ_LN831024.1_1074	STM_v1_0.STM1578	73.2	514	132	4	1	513	1	509	9.78e-300	818
NZ_LN831024.1_1074	iYL1228.KPN_01881	75.2	509	123	3	1	508	1	507	2.80e-299	817
NZ_LN831024.1_1074	iML1515.b1467	73.9	514	128	4	1	513	1	509	3.97e-299	817
NZ_LN831024.1_1074	iSSON_1240.SSON_1658	73.9	514	128	4	1	513	1	509	5.64e-299	816
NZ_LN831024.1_1074	iSSON_1240.SSON_1951	75.1	514	122	4	1	513	1	509	4.99e-297	811
NZ_LN831024.1_1074	iML1515.b1225	74.9	514	123	4	1	513	1	509	1.43e-296	810
NZ_LN831024.1_1074	iSF_1195.SF1228	74.7	514	124	4	1	513	1	509	2.03e-296	810
NZ_LN831024.1_1074	iSDY_1059.SDY_1280	74.9	514	123	4	1	513	1	509	8.24e-296	808
NZ_LN831024.1_1075	iML1515.b1226	50.9	165	80	1	10	173	6	170	6.35e-44	147
NZ_LN831024.1_1075	STM_v1_0.STM1762	52.8	159	74	1	10	167	6	164	6.35e-44	147
NZ_LN831024.1_1075	iSDY_1059.SDY_1281	51.5	165	79	1	10	173	6	170	6.35e-44	147
NZ_LN831024.1_1075	iYL1228.KPN_02212	51.5	165	79	1	10	173	6	170	5.01e-43	145
NZ_LN831024.1_1075	iYL1228.KPN_01882	53.1	162	70	2	6	167	2	157	4.37e-43	145
NZ_LN831024.1_1075	iSSON_1240.SSON_1950	50.9	165	80	1	10	173	6	170	5.01e-43	145
NZ_LN831024.1_1075	iSF_1195.SF1229	50.3	165	81	1	10	173	6	170	1.98e-42	144
NZ_LN831024.1_1075	iML1515.b1466	52.4	166	69	2	6	169	2	159	4.86e-42	142
NZ_LN831024.1_1075	iSSON_1240.SSON_1659	52.4	166	69	2	6	169	2	159	4.86e-42	142
NZ_LN831024.1_1075	STM_v1_0.STM1579	51.5	167	69	4	6	169	2	159	1.07e-40	139
NZ_LN831024.1_1076	iYL1228.KPN_01883	52.3	222	105	1	4	225	6	226	4.18e-75	226
NZ_LN831024.1_1076	iML1515.b1465	52.3	222	105	1	4	225	6	226	3.91e-73	221
NZ_LN831024.1_1076	iYL1228.KPN_02211	51.8	222	106	1	4	225	5	225	2.17e-72	219
NZ_LN831024.1_1076	iSSON_1240.SSON_1660	51.8	222	106	1	4	225	6	226	3.17e-72	219
NZ_LN831024.1_1076	STM_v1_0.STM1580	50.9	222	108	1	4	225	6	226	1.82e-71	217
NZ_LN831024.1_1076	iSDY_1059.SDY_1282	52.5	221	104	1	4	224	5	224	1.76e-71	217
NZ_LN831024.1_1076	iSSON_1240.SSON_1949	52.5	221	104	1	4	224	5	224	1.76e-71	217
NZ_LN831024.1_1076	iML1515.b1227	52.0	221	105	1	4	224	5	224	2.49e-71	216
NZ_LN831024.1_1076	STM_v1_0.STM1761	52.0	221	105	1	4	224	5	224	2.49e-71	216
NZ_LN831024.1_1076	iSF_1195.SF1230	52.0	221	105	1	4	224	5	224	3.53e-71	216
NZ_LN831024.1_1078	iJN1463.PP_4597	68.7	326	101	1	5	329	9	334	1.79e-159	448
NZ_LN831024.1_1079	iJN1463.PP_4486	64.0	253	90	1	10	262	6	257	3.83e-110	318
NZ_LN831024.1_1081	iJN1463.PP_2246	54.2	369	168	1	5	372	6	374	2.79e-130	378
NZ_LN831024.1_1082	iNF517.LLMG_RS05835	26.1	299	207	6	24	310	19	315	2.02e-19	86.7
NZ_LN831024.1_1082	iJN1463.PP_4431	28.2	298	202	7	22	309	21	316	2.83e-18	83.6
NZ_LN831024.1_1084	iYO844.BSU10270	32.2	509	316	12	62	568	27	508	8.29e-73	243
NZ_LN831024.1_1084	iYO844.BSU28560	33.3	571	328	19	26	580	21	554	5.37e-66	226
NZ_LN831024.1_1085	iLB1027_lipid.PHATRDRAFT_52268	37.1	205	126	3	14	215	3	207	3.93e-39	133
NZ_LN831024.1_1086	iJN1463.PP_1297	65.5	342	117	1	1	341	1	342	1.63e-167	469
NZ_LN831024.1_1091	iYL1228.KPN_00440	40.0	100	46	3	77	172	96	185	4.66e-13	65.1
NZ_LN831024.1_1091	iYS854.USA300HOU_RS07115	56.1	57	25	0	111	167	162	218	6.48e-12	62.8
NZ_LN831024.1_1100	iJN1463.PP_4619	28.9	201	118	9	14	202	14	201	3.52e-07	48.5
NZ_LN831024.1_1105	iJN1463.PP_3931	70.0	610	182	1	1	610	1	609	3.39e-290	802
NZ_LN831024.1_1106	iYL1228.KPN_00065	35.0	206	120	5	26	230	19	211	1.09e-24	98.2
NZ_LN831024.1_1106	iCN900.CD630_01010	29.7	273	171	7	5	263	6	271	8.39e-24	97.1
NZ_LN831024.1_1106	iJN1463.PP_1722	34.0	215	126	6	14	228	15	213	5.74e-23	95.5
NZ_LN831024.1_1106	iSSON_1240.SSON_0072	34.7	202	120	4	26	227	19	208	1.10e-23	95.5
NZ_LN831024.1_1106	STM_v1_0.STM0106	34.2	202	121	5	26	227	19	208	1.63e-23	95.1
NZ_LN831024.1_1106	iSbBS512_1146.SbBS512_E0058	34.7	202	120	4	26	227	19	208	1.53e-23	95.1
NZ_LN831024.1_1106	iSF_1195.SF0061	34.7	202	120	4	26	227	19	208	1.53e-23	95.1
NZ_LN831024.1_1106	iML1515.b0066	33.7	202	122	4	26	227	19	208	4.15e-23	94.0
NZ_LN831024.1_1106	iCN718.ABAYE_RS05140	31.1	241	148	7	21	254	17	246	3.86e-22	93.6
NZ_LN831024.1_1106	iSDY_1059.SDY_0093	34.2	202	121	4	26	227	19	208	5.78e-23	93.6
NZ_LN831024.1_1106	iML1515.b0933	32.3	232	126	6	11	232	6	216	2.43e-22	92.4
NZ_LN831024.1_1106	iSynCJ816.SGL_RS17160	32.7	208	126	5	21	227	17	211	1.03e-21	92.4
NZ_LN831024.1_1106	iJN1463.PP_1068	30.7	238	146	6	1	235	13	234	3.45e-22	92.0
NZ_LN831024.1_1106	iEK1008.Rv2397c	32.7	208	126	5	21	227	19	213	1.87e-21	91.7
NZ_LN831024.1_1106	iSF_1195.SF0930	31.9	232	127	6	11	232	6	216	4.70e-22	91.7
NZ_LN831024.1_1106	iYL1228.KPN_00969	31.5	232	128	6	11	232	6	216	6.78e-22	91.3
NZ_LN831024.1_1106	iJN1463.PP_0240	31.6	231	132	6	2	232	17	221	8.49e-22	91.3
NZ_LN831024.1_1106	iSSON_1240.SSON_0936	31.9	232	127	6	11	232	6	216	6.54e-22	91.3
NZ_LN831024.1_1106	iSDY_1059.SDY_3603	32.1	224	123	7	20	234	23	226	1.35e-21	90.1
NZ_LN831024.1_1106	iPC815.YPO1312	31.6	225	141	4	29	253	28	239	1.98e-21	90.1
NZ_LN831024.1_1106	iAF987.Gmet_1819	29.5	234	147	6	1	230	1	220	2.93e-21	89.4
NZ_LN831024.1_1106	iJN1463.PP_4425	31.8	223	122	4	22	227	17	226	4.69e-21	89.0
NZ_LN831024.1_1106	iSSON_1240.SSON_3692	32.1	224	123	7	20	234	23	226	3.64e-21	89.0
NZ_LN831024.1_1106	iML1515.b3454	32.1	224	123	7	20	234	19	222	4.69e-21	88.6
NZ_LN831024.1_1106	iSbBS512_1146.SbBS512_E3868	32.1	224	123	7	20	234	23	226	5.06e-21	88.6
NZ_LN831024.1_1107	iYL1228.KPN_04624	32.5	255	152	6	34	283	83	322	2.86e-15	74.7
NZ_LN831024.1_1111	iJN1463.PP_0977	82.9	950	160	1	1	950	1	948	0.0	1590
NZ_LN831024.1_1114	iJN1463.PP_0980	80.0	495	98	1	1	494	1	495	2.88e-276	758
NZ_LN831024.1_1117	iJN1463.PP_0982	77.2	373	82	2	1	372	1	371	4.97e-198	549
NZ_LN831024.1_1118	iJN1463.PP_0983	75.2	355	86	1	1	355	1	353	1.09e-190	529
NZ_LN831024.1_1120	iJN1463.PP_3435	52.4	513	244	0	1	513	1	513	1.73e-182	522
NZ_LN831024.1_1124	iJN1463.PP_0832	86.2	347	48	0	1	347	1	347	1.89e-218	599
NZ_LN831024.1_1125	iJN1463.PP_0833	87.9	371	45	0	4	374	1	371	4.84e-252	686
NZ_LN831024.1_1130	iJN1463.PP_0838	82.0	272	48	1	1	271	1	272	2.33e-160	446
NZ_LN831024.1_1132	iJN1463.PP_0840	83.9	248	39	1	1	247	1	248	1.35e-153	427
NZ_LN831024.1_1134	iJN1463.PP_0842	86.6	404	54	0	1	404	1	404	2.82e-262	714
NZ_LN831024.1_1135	iJN1463.PP_0843	94.5	128	7	0	1	128	1	128	7.25e-87	248
NZ_LN831024.1_1136	iJN1463.PP_0844	91.6	107	9	0	1	107	1	107	2.18e-69	202
NZ_LN831024.1_1138	iSSON_1240.SSON_0604	32.3	567	335	9	20	562	6	547	2.48e-71	239
NZ_LN831024.1_1138	STM_v1_0.STM0659	35.1	473	273	8	20	483	6	453	3.70e-71	239
NZ_LN831024.1_1138	iML1515.b0650	32.1	567	336	9	20	562	6	547	6.71e-71	238
NZ_LN831024.1_1138	iSbBS512_1146.SbBS512_E0599	31.9	567	337	9	20	562	6	547	2.54e-70	237
NZ_LN831024.1_1139	iJN1463.PP_0847	59.5	111	45	0	1	111	1	111	6.47e-44	138
NZ_LN831024.1_1141	iJN1463.PP_0849	81.6	141	26	0	1	141	1	141	7.92e-75	219
NZ_LN831024.1_1141	iCN718.ABAYE_RS16260	73.4	143	38	0	1	143	1	143	9.01e-70	206
NZ_LN831024.1_1145	iJN1463.PP_0853	91.3	369	32	0	3	371	1	369	7.54e-243	662
NZ_LN831024.1_1146	iJN1463.PP_0854	75.8	429	104	0	1	429	1	429	3.99e-240	660
NZ_LN831024.1_1149	iHN637.CLJU_RS06865	30.8	169	95	5	4	161	7	164	2.65e-09	59.3
NZ_LN831024.1_1149	iIT341.HP0687	31.2	138	86	5	198	335	4	132	5.92e-09	58.2
NZ_LN831024.1_1149	iHN637.CLJU_RS10635	28.8	156	102	5	4	156	3	152	1.30e-08	57.0
NZ_LN831024.1_1150	iYL1228.KPN_00645	55.3	380	168	2	3	382	9	386	1.15e-145	417
NZ_LN831024.1_1151	iYS854.USA300HOU_RS10950	32.0	253	163	7	10	254	1	252	5.59e-31	115
NZ_LN831024.1_1153	iCN718.ABAYE_RS12975	31.1	341	204	5	1	312	1	339	2.42e-45	157
NZ_LN831024.1_1156	iJN1463.PP_1025	81.7	557	101	1	1	556	1	557	0.0	924
NZ_LN831024.1_1158	iJN1463.PP_4838	74.3	662	150	5	2	660	44	688	0.0	1020
NZ_LN831024.1_1159	iCN718.ABAYE_RS03975	21.8	206	155	4	19	220	10	213	1.85e-08	56.6
NZ_LN831024.1_1159	iJN1463.PP_0860	25.1	207	150	4	19	221	9	214	1.29e-07	53.9
NZ_LN831024.1_1161	iML1515.b1856	37.5	120	68	1	161	273	288	407	6.33e-18	82.8
NZ_LN831024.1_1161	iAF987.Gmet_3012	42.7	110	61	2	157	264	25	134	4.21e-18	80.1
NZ_LN831024.1_1165	iSbBS512_1146.SbBS512_E2023	26.0	181	95	4	6	148	2	181	5.53e-10	56.6
NZ_LN831024.1_1165	iSF_1195.SF1455	26.0	181	95	4	6	148	8	187	5.90e-10	56.6
NZ_LN831024.1_1165	iSDY_1059.SDY_1505	25.4	181	96	4	6	148	8	187	1.11e-09	55.8
NZ_LN831024.1_1165	iML1515.b1768	25.4	181	96	4	6	148	2	181	1.43e-09	55.5
NZ_LN831024.1_1165	iSSON_1240.SSON_1387	25.4	181	96	4	6	148	8	187	1.52e-09	55.5
NZ_LN831024.1_1167	iML1515.b1488	31.5	143	69	5	71	213	54	167	2.23e-10	58.2
NZ_LN831024.1_1167	iSSON_1240.SSON_1636	31.5	143	69	5	71	213	54	167	2.23e-10	58.2
NZ_LN831024.1_1167	iSbBS512_1146.SbBS512_E1751	30.8	143	70	5	71	213	54	167	1.07e-09	56.2
NZ_LN831024.1_1168	iML1515.b3578	37.5	373	231	2	46	417	45	416	4.19e-72	232
NZ_LN831024.1_1168	STM_v1_0.STM3672	38.0	405	242	5	17	417	17	416	8.30e-72	231
NZ_LN831024.1_1168	iJN1463.PP_1167	34.8	425	271	4	1	422	1	422	2.95e-64	212
NZ_LN831024.1_1169	iJN1463.PP_1168	29.5	122	78	4	29	146	52	169	9.02e-09	52.0
NZ_LN831024.1_1170	STM_v1_0.STM3673	33.3	258	157	7	51	301	41	290	5.26e-33	124
NZ_LN831024.1_1170	iML1515.b3579	32.5	280	167	8	31	301	24	290	7.31e-33	124
NZ_LN831024.1_1175	iJN1463.PP_5340	31.1	338	179	11	34	337	30	347	1.50e-32	124
NZ_LN831024.1_1175	iYO844.BSU29710	31.1	254	162	6	70	313	52	302	4.16e-32	124
NZ_LN831024.1_1175	iAM_Pf480.PF3D7_1008000	24.2	326	116	1	135	329	962	1287	2.54e-27	114
NZ_LN831024.1_1179	iJN1463.PP_1031	79.8	489	99	0	1	489	1	489	7.99e-275	753
NZ_LN831024.1_1180	iJN1463.PP_1032	88.6	525	60	0	1	525	1	525	0.0	943
NZ_LN831024.1_1182	iMM1415.17252	37.0	297	159	6	27	315	36	312	4.90e-49	166
NZ_LN831024.1_1182	iCHOv1.100759877	38.0	297	156	6	27	315	36	312	2.69e-48	164
NZ_LN831024.1_1182	iCHOv1.100757118	35.7	322	172	6	13	315	27	332	1.90e-45	157
NZ_LN831024.1_1182	iMM1415.105014	36.5	307	161	6	27	315	42	332	2.03e-44	154
NZ_LN831024.1_1182	iCHOv1.100759583	35.0	297	165	6	27	315	37	313	1.08e-42	149
NZ_LN831024.1_1185	iJN1463.PP_2476	39.3	338	197	5	1	331	6	342	4.07e-75	234
NZ_LN831024.1_1185	iML1515.b1449	37.9	335	202	4	3	331	8	342	1.67e-71	225
NZ_LN831024.1_1186	iJN1463.PP_2205	24.7	583	298	17	4	459	6	574	2.76e-33	132
NZ_LN831024.1_1187	iAF987.Gmet_3524	52.9	153	72	0	26	178	12	164	9.46e-47	150
NZ_LN831024.1_1187	iYO844.BSU00180	46.5	157	84	0	24	180	2	158	4.23e-43	140
NZ_LN831024.1_1188	iSbBS512_1146.SbBS512_E1034	26.3	365	240	8	31	374	6	362	9.55e-16	78.2
NZ_LN831024.1_1188	iSDY_1059.SDY_1111	26.3	365	240	8	31	374	6	362	5.49e-15	75.9
NZ_LN831024.1_1188	iSSON_1240.SSON_1211	26.3	365	240	8	31	374	6	362	9.83e-15	75.1
NZ_LN831024.1_1188	STM_v1_0.STM1937	24.6	370	240	9	31	374	6	362	1.76e-14	74.3
NZ_LN831024.1_1188	iML1515.b1907	26.0	365	241	8	31	374	6	362	3.14e-14	73.6
NZ_LN831024.1_1188	iSF_1195.SF1953	26.0	365	241	8	31	374	6	362	3.14e-14	73.6
NZ_LN831024.1_1188	iYL1228.KPN_02404	24.0	375	251	8	31	382	6	369	1.78e-13	71.2
NZ_LN831024.1_1190	iML1515.b2558	38.3	454	270	5	31	479	31	479	1.61e-97	303
NZ_LN831024.1_1190	iSbBS512_1146.SbBS512_E2924	38.3	454	270	5	31	479	31	479	3.19e-97	302
NZ_LN831024.1_1190	iSF_1195.SF2605	38.3	436	259	5	49	479	3	433	1.29e-93	291
NZ_LN831024.1_1190	iSDY_1059.SDY_2748	38.3	436	259	5	49	479	3	433	1.82e-93	291
NZ_LN831024.1_1190	iSSON_1240.SSON_2641	38.1	436	260	5	49	479	3	433	2.01e-92	288
NZ_LN831024.1_1191	iJN1463.PP_1037	85.1	1299	193	1	1	1298	1	1299	0.0	2251
NZ_LN831024.1_1194	iYL1228.KPN_00700	49.8	504	241	5	10	503	8	509	4.45e-150	446
NZ_LN831024.1_1194	iSSON_1240.SSON_0633	49.5	493	230	7	10	485	8	498	8.10e-150	445
NZ_LN831024.1_1194	iML1515.b0679	49.3	493	231	7	10	485	8	498	2.29e-149	444
NZ_LN831024.1_1194	iSF_1195.SF0614	48.9	493	233	6	10	485	8	498	2.29e-149	444
NZ_LN831024.1_1194	iSDY_1059.SDY_0613	49.1	493	232	7	10	485	8	498	1.82e-148	441
NZ_LN831024.1_1194	STM_v1_0.STM0685	50.8	461	215	5	10	460	8	466	2.73e-148	441
NZ_LN831024.1_1194	iSbBS512_1146.SbBS512_E0571	49.1	493	232	7	10	485	8	498	2.57e-148	441
NZ_LN831024.1_1194	iYO844.BSU07700	49.6	458	222	3	5	460	1	451	2.00e-147	432
NZ_LN831024.1_1195	iJN1463.PP_0793	40.6	662	378	5	180	832	289	944	6.46e-128	406
NZ_LN831024.1_1196	iAF987.Gmet_1487	33.3	309	185	8	45	335	299	604	1.92e-30	121
NZ_LN831024.1_1196	iSbBS512_1146.SbBS512_E4192	32.2	289	175	7	65	335	319	604	4.01e-27	111
NZ_LN831024.1_1196	iSDY_1059.SDY_4019	31.4	290	175	7	68	335	317	604	1.35e-26	110
NZ_LN831024.1_1196	STM_v1_0.STM3861	31.8	289	176	7	65	335	319	604	1.83e-26	109
NZ_LN831024.1_1196	iLJ478.TM0148	28.9	308	199	6	45	335	297	601	1.82e-26	109
NZ_LN831024.1_1196	iML1515.b3729	31.8	289	176	7	65	335	319	604	2.48e-26	109
NZ_LN831024.1_1196	iSF_1195.SF3809	31.8	289	176	7	65	335	319	604	2.48e-26	109
NZ_LN831024.1_1196	iSSON_1240.SSON_3890	31.8	289	176	7	65	335	319	604	2.48e-26	109
NZ_LN831024.1_1197	iYS854.USA300HOU_RS03790	35.8	383	220	12	4	362	9	389	6.24e-64	208
NZ_LN831024.1_1197	iEK1008.Rv3332	37.4	380	209	12	1	361	10	379	3.75e-59	195
NZ_LN831024.1_1197	iCN900.CD630_10100	34.1	372	232	9	1	362	4	372	1.48e-56	188
NZ_LN831024.1_1200	iCN718.ABAYE_RS13345	30.8	146	88	6	2	142	90	227	9.06e-10	55.8
NZ_LN831024.1_1201	iML1515.b1813	40.4	183	97	3	5	181	8	184	2.10e-34	120
NZ_LN831024.1_1202	iJN1463.PP_3285	36.3	171	109	0	3	173	4	174	1.09e-23	92.0
NZ_LN831024.1_1204	iJN1463.PP_1457	84.9	392	59	0	1	392	1	392	6.00e-240	657
NZ_LN831024.1_1206	iEK1008.Rv1200	42.5	421	234	3	20	433	3	422	1.12e-101	309
NZ_LN831024.1_1206	iYL1228.KPN_02458	39.8	425	247	5	11	427	12	435	8.52e-96	294
NZ_LN831024.1_1206	iSSON_1240.SSON_4052	40.3	419	242	5	20	432	19	435	1.77e-91	283
NZ_LN831024.1_1206	iML1515.b1981	38.7	419	244	6	20	429	22	436	2.02e-90	280
NZ_LN831024.1_1206	iSDY_1059.SDY_2254	38.0	416	251	5	20	429	22	436	1.59e-89	278
NZ_LN831024.1_1214	iAF987.Gmet_0769	32.8	119	80	0	21	139	9	127	2.31e-17	73.2
NZ_LN831024.1_1216	iSynCJ816.SGL_RS14920	37.8	492	288	7	6	489	12	493	2.26e-87	284
NZ_LN831024.1_1218	iJN1463.PP_1469	69.0	245	70	1	1	239	14	258	3.75e-121	345
NZ_LN831024.1_1220	iJN1463.PP_1470	91.0	434	39	0	1	434	1	434	2.23e-281	765
NZ_LN831024.1_1221	iJN1463.PP_1471	89.3	469	50	0	1	469	1	469	9.37e-310	840
NZ_LN831024.1_1224	iML1515.b2371	32.4	383	249	5	3	383	5	379	7.76e-62	203
NZ_LN831024.1_1224	iSDY_1059.SDY_2572	30.2	417	263	8	7	399	4	416	2.01e-55	187
NZ_LN831024.1_1224	iML1515.b2374	30.0	417	264	8	7	399	4	416	7.76e-55	186
NZ_LN831024.1_1224	iSF_1195.SF2441	30.0	417	264	8	7	399	4	416	7.76e-55	186
NZ_LN831024.1_1224	iSbBS512_1146.SbBS512_E2743	29.7	417	265	8	7	399	4	416	2.99e-54	184
NZ_LN831024.1_1234	iJN1463.PP_1478	76.4	360	85	0	1	360	1	360	1.27e-203	563
NZ_LN831024.1_1239	iCHOv1.100770013	26.8	149	102	3	87	228	155	303	3.93e-05	45.4
NZ_LN831024.1_1239	iMM1415.20508	26.8	149	102	3	87	228	155	303	3.92e-05	45.4
NZ_LN831024.1_1240	iAF987.Gmet_2161	37.0	108	63	2	5	108	484	590	5.36e-14	66.2
NZ_LN831024.1_1243	iEK1008.Rv0386	36.8	76	47	1	128	203	1003	1077	4.18e-06	46.6
NZ_LN831024.1_1244	iAM_Pv461.PVX_111315	31.5	89	53	3	69	155	43	125	1.39e-04	44.7
NZ_LN831024.1_1247	iCHOv1.100772204	40.1	534	310	4	6	530	44	576	3.15e-120	367
NZ_LN831024.1_1247	iMM1415.218865	39.1	534	315	4	6	530	41	573	2.80e-117	359
NZ_LN831024.1_1247	iJN1463.PP_5064	39.4	535	306	8	8	530	5	533	1.23e-113	348
NZ_LN831024.1_1247	iML1515.b0311	38.4	554	324	10	8	551	3	549	4.58e-111	342
NZ_LN831024.1_1248	iSSON_1240.SSON_4052	38.8	317	187	5	21	333	18	331	2.68e-59	202
NZ_LN831024.1_1248	iJN1463.PP_2914	38.5	314	174	7	21	321	25	332	8.64e-57	197
NZ_LN831024.1_1248	iML1515.b1981	38.7	323	185	7	21	336	21	337	8.24e-57	196
NZ_LN831024.1_1248	iSDY_1059.SDY_2254	38.4	323	186	7	21	336	21	337	4.33e-56	194
NZ_LN831024.1_1248	iYL1228.KPN_02458	37.2	325	189	7	21	336	20	338	6.18e-56	193
NZ_LN831024.1_1248	STM_v1_0.STM4290	37.6	327	183	8	21	333	24	343	2.33e-55	193
NZ_LN831024.1_1248	iYL1228.KPN_04503	36.8	326	187	7	21	333	10	329	2.43e-55	193
NZ_LN831024.1_1248	iJN1463.PP_3666	29.7	525	261	9	18	537	21	442	1.87e-55	192
NZ_LN831024.1_1248	iCN718.ABAYE_RS07070	33.8	320	206	4	18	333	22	339	2.11e-54	191
NZ_LN831024.1_1248	iML1515.b4111	37.0	327	185	8	21	333	24	343	2.33e-54	191
NZ_LN831024.1_1248	iSDY_1059.SDY_4102	37.0	327	185	8	21	333	24	343	2.33e-54	191
NZ_LN831024.1_1248	iSF_1195.SF4112	37.0	327	185	8	21	333	24	343	2.33e-54	191
NZ_LN831024.1_1248	iSSON_1240.SSON_4286	37.0	327	185	8	21	333	24	343	2.33e-54	191
NZ_LN831024.1_1248	iEK1008.Rv1200	37.8	312	177	5	21	321	2	307	1.71e-54	189
NZ_LN831024.1_1248	iJN1463.PP_2553	38.8	320	181	8	19	330	7	319	9.50e-52	182
NZ_LN831024.1_1255	iJN1463.PP_1494	75.7	321	77	1	16	336	15	334	1.38e-168	472
NZ_LN831024.1_1257	iJN1463.PP_1496	89.8	501	50	1	1	501	1	500	0.0	890
NZ_LN831024.1_1262	iCHOv1.100765125	29.3	191	113	9	71	248	171	352	1.42e-07	52.0
NZ_LN831024.1_1264	iYS854.USA300HOU_RS01730	40.0	170	90	3	6	163	89	258	3.81e-24	94.7
NZ_LN831024.1_1265	iAF987.Gmet_2727	35.0	117	76	0	130	246	279	395	4.04e-19	85.5
NZ_LN831024.1_1265	iAF987.Gmet_1832	40.6	106	61	2	141	244	410	515	3.50e-16	77.4
NZ_LN831024.1_1267	iJN1463.PP_5139	70.0	714	210	3	25	736	39	750	0.0	920
NZ_LN831024.1_1268	iSynCJ816.SGL_RS16080	27.3	132	91	3	1	128	6	136	2.43e-05	42.7
NZ_LN831024.1_1270	iJN1463.PP_1505	76.1	878	207	1	1	878	1	875	0.0	1290
NZ_LN831024.1_1271	iJN1463.PP_1506	81.0	216	40	1	1	215	1	216	5.34e-120	339
NZ_LN831024.1_1275	iYO844.BSU24120	28.6	241	149	7	2	231	9	237	1.14e-13	69.3
NZ_LN831024.1_1278	iMM1415.13116	32.6	187	120	3	230	415	292	473	7.46e-20	91.3
NZ_LN831024.1_1278	iCHOv1.100750743	33.7	163	96	5	242	394	33	193	7.40e-19	84.7
NZ_LN831024.1_1280	STM_v1_0.STM3390	23.0	366	260	8	7	352	10	373	1.22e-11	65.1
NZ_LN831024.1_1280	iYL1228.KPN_03672	22.9	367	265	8	2	352	4	368	1.60e-11	64.7
NZ_LN831024.1_1280	iML1515.b3265	22.0	337	241	6	44	359	50	385	2.19e-11	64.3
NZ_LN831024.1_1280	iSbBS512_1146.SbBS512_E3648	22.0	337	241	6	44	359	50	385	2.19e-11	64.3
NZ_LN831024.1_1280	iAF987.Gmet_1548	27.8	187	124	4	171	352	237	417	2.00e-10	61.6
NZ_LN831024.1_1280	iPC815.YPO3132	21.1	370	268	7	5	352	8	375	3.03e-10	60.8
NZ_LN831024.1_1280	iJN1463.PP_1386	23.2	362	240	10	18	358	20	364	9.28e-10	59.3
NZ_LN831024.1_1281	iAF987.Gmet_3509	24.4	1066	721	23	4	1022	4	1031	2.49e-59	221
NZ_LN831024.1_1281	iJN1463.PP_0043	24.5	1072	717	24	8	1022	8	1044	2.75e-59	221
NZ_LN831024.1_1281	iJN1463.PP_3426	23.9	1078	731	24	4	1024	2	1047	9.03e-59	219
NZ_LN831024.1_1281	iSSON_1240.SSON_2550	25.5	1042	695	27	19	1012	15	1023	1.44e-58	218
NZ_LN831024.1_1281	iML1515.b2470	25.4	1043	695	27	19	1012	15	1023	1.92e-58	218
NZ_LN831024.1_1281	iSF_1195.SF2512	25.3	1043	696	27	19	1012	15	1023	2.59e-57	214
NZ_LN831024.1_1281	iSDY_1059.SDY_2654	25.1	1043	698	27	19	1012	15	1023	6.14e-57	213
NZ_LN831024.1_1281	iML1515.b3266	24.7	1039	709	23	19	1012	15	1025	4.53e-56	211
NZ_LN831024.1_1281	iJN1463.PP_2410	23.9	1075	728	22	4	1022	4	1044	4.57e-53	201
NZ_LN831024.1_1284	iJN1463.PP_1520	76.9	819	189	0	1	819	1	819	0.0	1273
NZ_LN831024.1_1285	iML1515.b3201	36.3	223	134	4	2	218	4	224	1.13e-34	125
NZ_LN831024.1_1285	iSbBS512_1146.SbBS512_E3569	36.3	223	134	4	2	218	4	224	1.13e-34	125
NZ_LN831024.1_1285	iSDY_1059.SDY_3382	36.3	223	134	4	2	218	4	224	1.13e-34	125
NZ_LN831024.1_1285	iSF_1195.SF3241	36.3	223	134	4	2	218	4	224	1.13e-34	125
NZ_LN831024.1_1285	iSSON_1240.SSON_3349	36.3	223	134	4	2	218	4	224	1.13e-34	125
NZ_LN831024.1_1285	iCN900.CD630_16140	32.2	208	140	1	16	222	39	246	2.76e-34	125
NZ_LN831024.1_1285	iEK1008.Rv2936	30.1	296	202	3	12	302	20	315	6.21e-33	123
NZ_LN831024.1_1285	iAF987.Gmet_1282	32.1	237	155	3	1	234	9	242	2.65e-33	122
NZ_LN831024.1_1285	iCHOv1.100761226	33.8	225	142	4	2	221	899	1121	7.35e-30	119
NZ_LN831024.1_1285	iMM1415.11303	33.8	225	142	4	2	221	899	1121	9.95e-30	119
NZ_LN831024.1_1285	iYO844.BSU02750	32.4	216	140	3	1	210	1	216	7.67e-32	118
NZ_LN831024.1_1289	iJN1463.PP_1528	69.5	131	40	0	5	135	3	133	6.16e-61	183
NZ_LN831024.1_1290	iJN1463.PP_1529	67.3	401	131	0	1	401	1	401	2.57e-189	530
NZ_LN831024.1_1291	iJN1463.PP_1530	88.7	344	39	0	1	344	1	344	1.48e-213	586
NZ_LN831024.1_1292	iPC815.YPO3831	30.2	205	134	3	5	205	6	205	1.11e-17	77.4
NZ_LN831024.1_1293	iJN1463.PP_1645	26.4	106	75	2	5	108	6	110	7.77e-04	36.2
NZ_LN831024.1_1297	iJN1463.PP_1587	62.4	550	192	6	1	543	19	560	2.60e-218	616
NZ_LN831024.1_1298	iJN1463.PP_1588	80.6	402	74	1	1	402	1	398	5.61e-244	668
NZ_LN831024.1_1300	iSynCJ816.SGL_RS14865	57.4	249	104	2	2	249	4	251	5.44e-98	286
NZ_LN831024.1_1303	iJN1463.PP_1593	94.7	245	13	0	1	245	1	245	4.25e-164	453
NZ_LN831024.1_1305	iJN1463.PP_1595	84.0	250	38	1	1	248	1	250	1.08e-148	414
NZ_LN831024.1_1306	iJN1463.PP_1596	70.6	269	79	0	1	269	1	269	3.09e-123	352
NZ_LN831024.1_1307	iJN1463.PP_1597	78.4	394	85	0	1	394	9	402	1.15e-215	596
NZ_LN831024.1_1311	iJN1463.PP_1601	75.3	344	85	0	4	347	2	345	5.15e-143	408
NZ_LN831024.1_1312	iJN1463.PP_1602	86.3	146	20	0	1	146	18	163	1.59e-91	262
NZ_LN831024.1_1313	iJN1463.PP_1603	85.7	258	37	0	1	258	1	258	1.85e-141	397
NZ_LN831024.1_1314	iJN1463.PP_1604	80.2	374	72	2	5	378	4	375	8.03e-202	559
NZ_LN831024.1_1316	STM_v1_0.STM0006	53.7	475	208	3	1	467	1	471	4.20e-166	476
NZ_LN831024.1_1316	iML1515.b0007	52.0	465	215	2	12	468	8	472	2.05e-156	452
NZ_LN831024.1_1316	iSbBS512_1146.SbBS512_E0007	51.6	465	217	2	12	468	8	472	2.69e-154	446
NZ_LN831024.1_1316	iYL1228.KPN_00007	52.4	456	209	2	21	468	1	456	8.30e-152	439
NZ_LN831024.1_1318	iJN1463.PP_1607	86.6	314	42	0	1	314	1	314	4.96e-200	550
NZ_LN831024.1_1320	iJN1463.PP_1610	89.3	542	58	0	1	542	1	542	0.0	984
NZ_LN831024.1_1321	iJN1463.PP_1611	88.3	281	33	0	1	281	1	281	7.07e-185	508
NZ_LN831024.1_1322	iJN1463.PP_1612	92.5	429	32	0	1	429	1	429	2.25e-283	770
NZ_LN831024.1_1324	iJN1463.PP_1614	71.7	92	26	0	6	97	5	96	6.85e-43	140
NZ_LN831024.1_1325	iJN1463.PP_1614	72.8	125	34	0	1	125	107	231	1.77e-61	187
NZ_LN831024.1_1327	iYS854.USA300HOU_RS11010	32.3	93	61	1	237	327	1	93	7.44e-09	56.6
NZ_LN831024.1_1329	iJN1463.PP_1616	86.2	370	51	0	1	370	2	371	4.13e-238	650
NZ_LN831024.1_1329	iYL1228.KPN_01952	79.9	369	74	0	2	370	1	369	3.30e-219	603
NZ_LN831024.1_1329	iPC815.YPO1502	78.6	370	79	0	1	370	1	370	5.63e-219	602
NZ_LN831024.1_1329	STM_v1_0.STM1627	79.7	369	75	0	2	370	1	369	9.45e-219	602
NZ_LN831024.1_1330	iJN1463.PP_1617	77.1	280	62	1	4	281	2	281	1.15e-166	462
NZ_LN831024.1_1331	iJN1463.PP_1618	90.3	155	15	0	1	155	1	155	1.02e-100	285
NZ_LN831024.1_1333	iJN1463.PP_1620	84.3	248	39	0	1	248	1	248	3.95e-150	418
NZ_LN831024.1_1335	iAF987.Gmet_1854	33.1	121	72	3	181	293	273	392	4.63e-13	68.6
NZ_LN831024.1_1335	iAF987.Gmet_3012	36.8	117	68	3	168	283	25	136	9.96e-13	65.5
NZ_LN831024.1_1335	iML1515.b1856	39.8	108	57	4	186	291	307	408	1.78e-11	63.9
NZ_LN831024.1_1337	iJN1463.PP_1625	88.8	107	12	0	1	107	1	107	8.22e-74	213
NZ_LN831024.1_1340	iJN1463.PP_1628	79.2	154	32	0	8	161	4	157	1.96e-81	237
NZ_LN831024.1_1343	iAM_Pb448.PBANKA_071570	40.5	153	82	5	120	269	188	334	3.43e-21	92.8
NZ_LN831024.1_1343	iAM_Pc455.PCYB_052680	39.6	159	86	6	105	259	173	325	4.68e-19	86.7
NZ_LN831024.1_1343	iAM_Pf480.PF3D7_0413700	37.2	180	100	8	89	263	149	320	1.52e-18	85.1
NZ_LN831024.1_1343	iAM_Pv461.PVX_089645	38.4	159	88	6	105	259	198	350	3.69e-18	84.3
NZ_LN831024.1_1345	iSynCJ816.SGL_RS18020	25.5	624	393	25	77	651	41	641	1.99e-22	102
NZ_LN831024.1_1348	iJN1463.PP_5181	36.5	364	213	6	1	351	4	362	2.13e-71	226
NZ_LN831024.1_1348	iLJ478.TM1375	38.3	358	188	11	1	350	2	334	6.43e-69	219
NZ_LN831024.1_1348	iJN1463.PP_5180	33.7	353	222	6	10	351	10	361	3.00e-64	207
NZ_LN831024.1_1349	STM_v1_0.STM1223	41.9	246	140	1	14	256	14	259	2.31e-61	193
NZ_LN831024.1_1349	iYL1228.KPN_01130	40.8	245	142	1	14	255	14	258	1.96e-60	191
NZ_LN831024.1_1349	iML1515.b1124	40.7	246	143	1	14	256	14	259	6.07e-60	190
NZ_LN831024.1_1349	iSbBS512_1146.SbBS512_E2201	40.7	246	143	1	14	256	14	259	6.07e-60	190
NZ_LN831024.1_1349	iSF_1195.SF1126	40.7	246	143	1	14	256	14	259	6.07e-60	190
NZ_LN831024.1_1349	iSSON_1240.SSON_1142	40.7	246	143	1	14	256	14	259	6.07e-60	190
NZ_LN831024.1_1349	iSDY_1059.SDY_2028	40.7	246	143	1	14	256	14	259	8.59e-60	189
NZ_LN831024.1_1349	iLJ478.TM1378	47.3	220	111	3	17	232	17	235	4.90e-57	182
NZ_LN831024.1_1349	iHN637.CLJU_RS10670	42.7	220	123	1	26	242	29	248	8.25e-57	182
NZ_LN831024.1_1350	iSbBS512_1146.SbBS512_E1303	49.8	219	103	3	58	274	48	261	2.87e-63	201
NZ_LN831024.1_1350	iML1515.b1125	49.5	218	103	3	59	274	39	251	8.03e-63	199
NZ_LN831024.1_1350	iSDY_1059.SDY_2027	49.5	218	103	3	59	274	39	251	8.03e-63	199
NZ_LN831024.1_1350	iSF_1195.SF1127	49.5	218	103	3	59	274	39	251	8.03e-63	199
NZ_LN831024.1_1350	iSSON_1240.SSON_1143	49.5	218	103	3	59	274	39	251	8.03e-63	199
NZ_LN831024.1_1350	iYL1228.KPN_01131	49.3	227	105	4	59	280	49	270	1.52e-62	199
NZ_LN831024.1_1350	STM_v1_0.STM1225	48.0	227	108	4	59	280	49	270	4.56e-62	197
NZ_LN831024.1_1350	iJN1463.PP_5178	40.8	284	155	6	6	283	17	293	1.57e-61	197
NZ_LN831024.1_1350	iHN637.CLJU_RS10675	40.4	280	149	4	4	281	10	273	2.70e-58	188
NZ_LN831024.1_1350	STM_v1_0.STM0879	40.1	287	156	5	1	281	23	299	8.35e-58	187
NZ_LN831024.1_1350	iYL1228.KPN_00887	39.0	282	156	5	6	281	28	299	3.66e-56	183
NZ_LN831024.1_1350	iPC815.YPO1333	39.2	283	156	5	6	282	32	304	8.11e-56	182
NZ_LN831024.1_1350	iML1515.b0856	39.4	282	155	5	6	281	28	299	1.03e-55	182
NZ_LN831024.1_1350	iSF_1195.SF0810	39.4	282	155	5	6	281	28	299	1.03e-55	182
NZ_LN831024.1_1350	iSbBS512_1146.SbBS512_E2475	39.0	282	156	5	6	281	28	299	2.88e-55	181
NZ_LN831024.1_1351	iLJ478.TM1376	49.5	321	161	1	6	325	6	326	6.46e-108	320
NZ_LN831024.1_1351	STM_v1_0.STM0878	49.7	358	172	4	4	357	18	371	9.03e-105	312
NZ_LN831024.1_1351	iPC815.YPO1332	48.6	356	179	3	4	357	18	371	1.17e-102	307
NZ_LN831024.1_1351	iJN1463.PP_1484	48.0	356	160	4	3	357	2	333	1.81e-101	303
NZ_LN831024.1_1351	iYL1228.KPN_00886	48.3	362	171	5	4	357	34	387	2.50e-100	301
NZ_LN831024.1_1351	iSF_1195.SF0809	47.9	357	180	4	4	357	45	398	4.98e-100	301
NZ_LN831024.1_1351	iML1515.b0855	47.9	357	180	4	4	357	18	371	4.30e-100	300
NZ_LN831024.1_1351	iSSON_1240.SSON_0840	47.9	357	180	4	4	357	45	398	9.96e-100	300
NZ_LN831024.1_1351	iYL1228.KPN_01132	52.2	324	152	3	4	326	16	337	5.04e-99	298
NZ_LN831024.1_1351	iSDY_1059.SDY_0740	47.6	357	181	4	4	357	18	371	9.77e-99	297
NZ_LN831024.1_1351	iSbBS512_1146.SbBS512_E2476	47.6	357	181	4	4	357	18	371	1.38e-98	296
NZ_LN831024.1_1351	iSbBS512_1146.SbBS512_E1304	50.9	324	156	3	4	326	16	337	2.29e-97	293
NZ_LN831024.1_1351	iSSON_1240.SSON_1144	50.9	324	156	3	4	326	16	337	2.29e-97	293
NZ_LN831024.1_1351	iSDY_1059.SDY_2026	50.9	324	156	3	4	326	16	337	3.24e-97	293
NZ_LN831024.1_1351	iML1515.b1126	50.9	324	156	3	4	326	16	337	4.59e-97	293
NZ_LN831024.1_1351	iSF_1195.SF1128	50.9	324	156	3	4	326	16	337	4.59e-97	293
NZ_LN831024.1_1351	STM_v1_0.STM1226	50.9	324	156	3	4	326	16	337	1.04e-95	289
NZ_LN831024.1_1353	iML1515.b3943	26.8	261	165	10	12	260	15	261	1.01e-08	55.1
NZ_LN831024.1_1354	iEK1008.Rv0386	44.3	61	34	0	144	204	1018	1078	1.83e-06	47.8
NZ_LN831024.1_1354	iAF987.Gmet_0069	29.2	120	81	2	6	123	5	122	2.27e-06	47.0
NZ_LN831024.1_1355	iJN1463.PP_1636	78.2	119	26	0	4	122	3	121	1.31e-59	179
NZ_LN831024.1_1355	iCN718.ABAYE_RS04660	73.8	122	32	0	2	123	3	124	9.68e-58	174
NZ_LN831024.1_1356	iYS854.USA300HOU_RS13340	36.2	505	271	8	35	496	18	514	1.32e-90	287
NZ_LN831024.1_1360	iJN1463.PP_3846	71.2	271	78	0	1	271	1	271	9.88e-141	396
NZ_LN831024.1_1361	iJN1463.PP_2802	50.0	434	215	2	2	434	8	440	2.30e-144	419
NZ_LN831024.1_1363	iYL1228.KPN_02458	40.8	404	223	7	8	400	11	409	8.69e-82	259
NZ_LN831024.1_1363	iML1515.b1981	39.2	403	226	8	7	397	10	405	1.71e-77	248
NZ_LN831024.1_1363	iSDY_1059.SDY_2254	39.1	391	226	6	15	397	19	405	1.86e-76	245
NZ_LN831024.1_1365	iEK1008.Rv3797	35.4	554	330	11	9	543	22	566	1.52e-85	277
NZ_LN831024.1_1366	iML1515.b2371	38.5	356	214	4	1	353	1	354	1.08e-81	254
NZ_LN831024.1_1367	iCN718.ABAYE_RS11650	54.9	246	111	0	20	265	17	262	2.48e-87	260
NZ_LN831024.1_1368	iCN718.ABAYE_RS11660	51.6	492	237	1	11	501	10	501	1.49e-166	480
NZ_LN831024.1_1369	iCN718.ABAYE_RS11665	66.3	398	134	0	1	398	1	398	1.99e-186	522
NZ_LN831024.1_1370	iJN1463.PP_1419	49.7	398	197	2	21	416	33	429	1.20e-139	405
NZ_LN831024.1_1372	iEK1008.Rv0646c	43.6	273	151	3	30	299	7	279	6.07e-56	183
NZ_LN831024.1_1374	iJN1463.PP_1073	71.7	512	145	0	1	512	3	514	1.56e-270	744
NZ_LN831024.1_1376	iJN1463.PP_1075	82.3	504	83	1	1	504	1	498	2.94e-316	859
NZ_LN831024.1_1376	iYL1228.KPN_04011	76.9	502	113	1	1	502	1	499	2.13e-296	809
NZ_LN831024.1_1376	iSSON_1240.SSON_4095	76.8	499	116	0	7	505	11	509	7.93e-296	808
NZ_LN831024.1_1376	iML1515.b3926	77.2	496	113	0	7	502	4	499	1.19e-295	807
NZ_LN831024.1_1376	iSDY_1059.SDY_3818	77.0	496	114	0	7	502	4	499	6.85e-295	805
NZ_LN831024.1_1376	iSbBS512_1146.SbBS512_E4408	77.2	495	113	0	7	501	4	498	2.78e-294	804
NZ_LN831024.1_1376	STM_v1_0.STM4086	76.6	496	116	0	7	502	4	499	7.96e-294	803
NZ_LN831024.1_1377	iJN1463.PP_1076	84.3	267	42	0	1	267	1	267	1.94e-159	444
NZ_LN831024.1_1377	iPC815.YPO0091	77.0	261	58	1	3	263	4	262	2.09e-142	401
NZ_LN831024.1_1379	iLJ478.TM1430	57.4	479	203	1	4	481	3	481	4.00e-201	566
NZ_LN831024.1_1379	iYS854.USA300HOU_RS06545	55.2	489	217	2	1	487	1	489	2.67e-198	560
NZ_LN831024.1_1379	iAF987.Gmet_1676	57.1	489	209	1	4	491	3	491	5.77e-197	556
NZ_LN831024.1_1379	iYO844.BSU09290	53.7	490	225	2	1	488	1	490	9.43e-196	553
NZ_LN831024.1_1379	iJN1463.PP_1075	54.9	490	215	2	3	491	8	492	6.92e-194	549
NZ_LN831024.1_1379	iSDY_1059.SDY_3818	55.2	489	217	2	4	490	6	494	4.12e-191	542
NZ_LN831024.1_1379	iML1515.b3926	55.2	489	217	2	4	490	6	494	5.85e-191	541
NZ_LN831024.1_1379	iSSON_1240.SSON_4095	55.2	489	217	2	4	490	13	501	7.72e-191	541
NZ_LN831024.1_1379	iSbBS512_1146.SbBS512_E4408	55.0	489	218	2	4	490	6	494	6.73e-190	539
NZ_LN831024.1_1379	iYL1228.KPN_04011	54.8	489	219	2	4	490	6	494	5.66e-189	536
NZ_LN831024.1_1379	iCN900.CD630_13820	54.4	491	222	2	4	492	5	495	8.31e-189	536
NZ_LN831024.1_1379	iNF517.LLMG_RS05580	52.7	491	230	2	4	492	13	503	2.45e-188	535
NZ_LN831024.1_1379	STM_v1_0.STM4086	54.4	489	221	2	4	490	6	494	3.13e-188	535
NZ_LN831024.1_1379	iCN718.ABAYE_RS04620	53.3	488	226	2	4	489	8	495	1.80e-182	520
NZ_LN831024.1_1387	iYO844.BSU33510	35.5	62	37	1	2	60	4	65	1.14e-07	43.5
NZ_LN831024.1_1387	iYS854.USA300HOU_RS13885	33.9	62	38	1	2	60	4	65	3.18e-07	42.4
NZ_LN831024.1_1387	STM_v1_0.STM0498	29.0	62	44	0	2	63	100	161	2.13e-05	39.7
NZ_LN831024.1_1389	iPC815.YPO4048	31.4	264	171	3	18	271	31	294	3.39e-30	119
NZ_LN831024.1_1389	iJN1463.PP_3588	27.4	347	243	5	16	360	24	363	5.26e-30	119
NZ_LN831024.1_1391	iMM904.YMR009W	43.8	48	24	1	66	110	87	134	7.90e-05	42.4
NZ_LN831024.1_1392	iJN1463.PP_4667	57.7	494	208	1	5	497	15	508	9.08e-200	564
NZ_LN831024.1_1392	iCN718.ABAYE_RS18710	56.4	491	213	1	8	497	15	505	5.83e-195	552
NZ_LN831024.1_1392	iCHOv1.100754996	51.9	486	233	1	2	486	37	522	1.12e-182	522
NZ_LN831024.1_1392	iMM1415.104776	50.6	486	239	1	2	486	36	521	1.64e-179	514
NZ_LN831024.1_1393	iJN1463.PP_4666	52.5	295	138	1	4	298	3	295	3.70e-98	290
NZ_LN831024.1_1394	iJN1463.PP_2351	78.0	622	137	0	1	622	1	622	0.0	1001
NZ_LN831024.1_1395	iJN1463.PP_0072	29.8	329	204	10	15	334	13	323	2.33e-23	98.2
NZ_LN831024.1_1400	iYO844.BSU35960	24.6	195	136	5	48	234	22	213	3.13e-08	53.9
NZ_LN831024.1_1401	iJN1463.PP_0793	71.7	952	265	2	1	952	1	948	0.0	1229
NZ_LN831024.1_1402	iJN1463.PP_0794	60.0	305	122	0	1	305	1	305	2.21e-118	343
NZ_LN831024.1_1403	iJN1463.PP_0795	74.0	581	146	3	1	578	1	579	4.12e-251	701
NZ_LN831024.1_1404	iPC815.YPO2174	64.9	447	155	1	1	445	1	447	1.21e-210	588
NZ_LN831024.1_1405	iML1515.b2258	35.7	115	62	3	13	119	9	119	6.24e-11	55.8
NZ_LN831024.1_1405	iSF_1195.SF2337	35.7	115	62	3	13	119	103	213	2.49e-10	55.8
NZ_LN831024.1_1405	iSSON_1240.SSON_2319	35.7	115	62	3	13	119	103	213	2.49e-10	55.8
NZ_LN831024.1_1405	iSDY_1059.SDY_2454	34.8	115	63	3	13	119	103	213	2.39e-09	53.1
NZ_LN831024.1_1406	iML1515.b4544	54.2	72	33	0	43	114	39	110	1.05e-18	74.7
NZ_LN831024.1_1407	iPC815.YPO2418	42.2	514	291	3	8	515	10	523	1.42e-143	425
NZ_LN831024.1_1407	iYL1228.KPN_03843	41.5	544	309	6	10	546	10	551	2.58e-143	424
NZ_LN831024.1_1407	STM_v1_0.STM2301	41.3	540	304	7	15	549	16	547	8.48e-141	417
NZ_LN831024.1_1407	iSF_1195.SF2336	39.8	538	314	5	17	549	17	549	5.84e-136	405
NZ_LN831024.1_1407	iSbBS512_1146.SbBS512_E2633	39.8	545	317	6	11	549	10	549	6.57e-135	402
NZ_LN831024.1_1407	iSSON_1240.SSON_2318	39.8	545	317	6	11	549	10	549	9.29e-135	402
NZ_LN831024.1_1407	iSDY_1059.SDY_2453	39.6	545	318	6	11	549	10	549	2.62e-134	401
NZ_LN831024.1_1407	iML1515.b2257	39.6	545	318	6	11	549	10	549	7.40e-134	400
NZ_LN831024.1_1408	iML1515.b2256	59.7	295	114	3	1	294	1	291	1.67e-125	359
NZ_LN831024.1_1408	iSbBS512_1146.SbBS512_E2632	59.7	295	114	3	1	294	1	291	1.67e-125	359
NZ_LN831024.1_1408	iSSON_1240.SSON_2317	59.7	295	114	3	1	294	1	291	1.67e-125	359
NZ_LN831024.1_1408	iSF_1195.SF2335	59.3	295	115	3	1	294	1	291	1.37e-124	357
NZ_LN831024.1_1408	iSDY_1059.SDY_2452	59.0	295	116	3	1	294	1	291	1.83e-122	352
NZ_LN831024.1_1409	iYL1228.KPN_03845	70.0	653	187	4	4	651	2	650	0.0	935
NZ_LN831024.1_1409	iML1515.b2255	69.5	650	195	3	4	651	2	650	0.0	932
NZ_LN831024.1_1409	iSSON_1240.SSON_2316	69.5	650	195	3	4	651	2	650	0.0	931
NZ_LN831024.1_1409	iPC815.YPO2420	68.0	659	208	3	4	660	2	659	0.0	925
NZ_LN831024.1_1409	STM_v1_0.STM2299	68.5	650	202	3	4	651	2	650	0.0	924
NZ_LN831024.1_1410	iYL1228.KPN_03846	69.7	310	94	0	5	314	6	315	1.42e-152	431
NZ_LN831024.1_1410	iPC815.YPO2421	67.8	311	100	0	5	315	6	316	4.46e-149	422
NZ_LN831024.1_1410	iML1515.b2254	64.6	311	110	0	4	314	5	315	3.35e-145	412
NZ_LN831024.1_1410	iSSON_1240.SSON_2315	64.6	311	110	0	4	314	5	315	3.35e-145	412
NZ_LN831024.1_1410	iSF_1195.SF2333	64.3	311	111	0	4	314	5	315	6.74e-145	411
NZ_LN831024.1_1410	STM_v1_0.STM2298	65.0	309	108	0	5	313	6	314	2.29e-144	410
NZ_LN831024.1_1411	iPC815.YPO2422	65.5	374	129	0	5	378	4	377	3.13e-181	508
NZ_LN831024.1_1411	iSSON_1240.SSON_2314	62.8	374	139	0	4	377	14	387	6.03e-178	499
NZ_LN831024.1_1411	iML1515.b2253	62.8	374	139	0	4	377	3	376	5.78e-178	499
NZ_LN831024.1_1411	iYL1228.KPN_03847	65.2	365	127	0	13	377	1	365	2.25e-177	497
NZ_LN831024.1_1411	STM_v1_0.STM2297	61.5	377	145	0	1	377	6	382	7.42e-173	486
NZ_LN831024.1_1411	iSF_1195.SF2332	62.7	365	136	0	13	377	1	365	1.64e-172	485
NZ_LN831024.1_1412	iJN1463.PP_1277	82.6	472	82	0	1	472	2	473	4.22e-297	809
NZ_LN831024.1_1413	iJN1463.PP_1278	63.2	204	74	1	13	216	13	215	2.71e-80	238
NZ_LN831024.1_1414	iJN1463.PP_1279	55.2	386	166	3	4	388	3	382	7.34e-152	434
NZ_LN831024.1_1415	iJN1463.PP_1280	78.7	520	76	4	1	520	1	485	9.27e-295	805
NZ_LN831024.1_1416	iJN1463.PP_1281	64.9	356	121	2	8	361	10	363	6.74e-164	462
NZ_LN831024.1_1417	iJN1463.PP_1282	49.6	478	227	4	5	470	2	477	7.28e-161	463
NZ_LN831024.1_1418	iJN1463.PP_1283	64.4	489	174	0	55	543	31	519	6.08e-232	648
NZ_LN831024.1_1419	iJN1463.PP_1284	68.9	489	139	4	13	490	6	492	9.63e-249	687
NZ_LN831024.1_1420	iJN1463.PP_1285	60.2	324	128	1	18	341	24	346	4.31e-124	370
NZ_LN831024.1_1421	iJN1463.PP_1286	55.8	385	167	3	1	383	1	384	1.48e-148	425
NZ_LN831024.1_1422	iJN1463.PP_1287	79.7	493	100	0	1	493	4	496	1.69e-295	806
NZ_LN831024.1_1423	iJN1463.PP_1288	78.8	438	91	1	1	436	1	438	1.08e-255	701
NZ_LN831024.1_1425	iJN1463.PP_1078	76.6	355	83	0	1	355	1	355	2.37e-197	547
NZ_LN831024.1_1426	iJN1463.PP_1079	78.0	304	67	0	1	304	1	304	7.35e-174	483
NZ_LN831024.1_1428	iAM_Pc455.PCYB_094280	27.6	275	165	12	53	321	706	952	5.53e-09	60.1
NZ_LN831024.1_1428	iAM_Pb448.PBANKA_091170	26.9	283	157	12	53	321	678	924	1.25e-08	58.9
NZ_LN831024.1_1428	iAM_Pv461.PVX_092460	26.9	275	167	12	53	321	861	1107	2.21e-08	58.2
NZ_LN831024.1_1429	iHN637.CLJU_RS04405	28.5	508	301	15	10	483	9	488	7.01e-40	156
NZ_LN831024.1_1429	iYO844.BSU03310	27.4	464	295	11	45	483	58	504	9.67e-39	152
NZ_LN831024.1_1429	iML1515.b4079	27.6	504	308	12	10	481	8	486	3.34e-37	148
NZ_LN831024.1_1429	iYO844.BSU18570	25.6	716	437	27	13	694	20	673	2.10e-36	145
NZ_LN831024.1_1429	iJN1463.PP_2185	24.7	695	405	22	15	648	251	888	1.56e-35	144
NZ_LN831024.1_1429	STM_v1_0.STM4285	27.9	506	304	16	10	481	8	486	4.64e-35	141
NZ_LN831024.1_1430	iML1515.b1654	74.5	102	26	0	4	105	5	106	4.45e-55	166
NZ_LN831024.1_1430	STM_v1_0.STM1433	74.5	102	26	0	4	105	5	106	4.45e-55	166
NZ_LN831024.1_1430	iSbBS512_1146.SbBS512_E1850	74.5	102	26	0	4	105	5	106	4.45e-55	166
NZ_LN831024.1_1430	iSDY_1059.SDY_1880	74.5	102	26	0	4	105	5	106	4.45e-55	166
NZ_LN831024.1_1430	iSF_1195.SF1682	74.5	102	26	0	4	105	5	106	4.45e-55	166
NZ_LN831024.1_1430	iYL1228.KPN_01992	73.5	102	27	0	4	105	5	106	8.98e-55	166
NZ_LN831024.1_1430	iPC815.YPO2383	72.4	105	29	0	1	105	1	105	1.32e-54	165
NZ_LN831024.1_1430	iSSON_1240.SSON_1502	73.5	102	27	0	4	105	5	106	1.81e-54	165
NZ_LN831024.1_1432	iJN1463.PP_1082	74.5	157	40	0	1	157	1	157	4.36e-84	243
NZ_LN831024.1_1432	iML1515.b3336	70.1	157	47	0	1	157	1	157	3.75e-76	223
NZ_LN831024.1_1433	iEK1008.Rv0252	36.2	47	30	0	3	49	441	487	4.44e-06	42.0
NZ_LN831024.1_1433	iPC815.YPO0161	38.5	52	32	0	3	54	423	474	5.48e-05	38.9
NZ_LN831024.1_1434	STM_v1_0.STM0402	68.8	199	61	1	3	200	2	200	3.71e-101	290
NZ_LN831024.1_1436	iJN1463.PP_1086	87.4	348	44	0	1	348	1	348	2.61e-209	576
NZ_LN831024.1_1437	iSF_1195.SF0957	30.6	134	80	4	130	263	191	311	1.97e-07	51.6
NZ_LN831024.1_1437	iML1515.b0957	33.0	97	54	2	167	263	224	309	1.11e-06	49.3
NZ_LN831024.1_1437	iSbBS512_1146.SbBS512_E2359	33.0	97	54	2	167	263	224	309	1.11e-06	49.3
NZ_LN831024.1_1437	iSDY_1059.SDY_0930	33.0	97	54	2	167	263	228	313	1.12e-06	49.3
NZ_LN831024.1_1437	iSSON_1240.SSON_0961	33.0	97	54	2	167	263	224	309	1.11e-06	49.3
NZ_LN831024.1_1438	iJN1463.PP_1088	95.3	404	19	0	1	404	1	404	1.38e-290	786
NZ_LN831024.1_1439	iSynCJ816.SGL_RS12955	70.3	128	38	0	1	128	1	128	6.45e-68	200
NZ_LN831024.1_1439	iYL1228.KPN_01990	69.8	126	38	0	1	126	1	126	5.77e-65	193
NZ_LN831024.1_1439	iCN718.ABAYE_RS05715	66.4	128	43	0	1	128	1	128	1.09e-64	192
NZ_LN831024.1_1439	iML1515.b1651	69.8	126	38	0	1	126	1	126	1.65e-64	192
NZ_LN831024.1_1439	iSDY_1059.SDY_1877	69.8	126	38	0	1	126	1	126	1.65e-64	192
NZ_LN831024.1_1439	iSF_1195.SF1678	69.8	126	38	0	1	126	1	126	1.65e-64	192
NZ_LN831024.1_1439	iSSON_1240.SSON_1505	69.8	126	38	0	1	126	1	126	1.65e-64	192
NZ_LN831024.1_1439	iSbBS512_1146.SbBS512_E1843	69.0	126	39	0	1	126	1	126	4.74e-64	191
NZ_LN831024.1_1439	STM_v1_0.STM1435	65.6	125	43	0	1	125	1	125	3.04e-60	181
NZ_LN831024.1_1440	iJN1463.PP_3425	44.3	350	193	1	18	365	19	368	2.55e-85	265
NZ_LN831024.1_1441	iJN1463.PP_3426	62.7	501	184	2	1	499	1	500	4.87e-206	601
NZ_LN831024.1_1442	iJN1463.PP_3426	62.9	431	160	0	5	435	617	1047	7.48e-178	525
NZ_LN831024.1_1443	iJN1463.PP_3427	36.2	467	288	6	1	464	4	463	1.76e-74	242
NZ_LN831024.1_1447	iJN1463.PP_1379	38.2	427	258	3	15	437	10	434	5.69e-85	268
NZ_LN831024.1_1447	iAF692.Mbar_A0673	36.6	440	268	5	15	449	10	443	5.55e-77	247
NZ_LN831024.1_1448	iJN1463.PP_1379	35.4	435	278	1	47	478	10	444	2.26e-74	241
NZ_LN831024.1_1449	iYL1228.KPN_02641	34.1	88	55	2	177	263	57	142	3.89e-04	41.2
NZ_LN831024.1_1450	iJN1463.PP_0209	44.5	256	139	3	27	282	11	263	6.49e-60	191
NZ_LN831024.1_1450	iAF987.Gmet_1899	43.1	225	127	1	25	249	5	228	2.65e-57	184
NZ_LN831024.1_1450	iSynCJ816.SGL_RS05565	39.7	247	144	2	40	281	14	260	4.41e-53	173
NZ_LN831024.1_1451	iSynCJ816.SGL_RS05575	23.5	200	134	4	43	233	64	253	9.10e-06	46.6
NZ_LN831024.1_1452	iCN900.CD630_19800	30.6	235	160	2	16	249	20	252	5.62e-32	117
NZ_LN831024.1_1453	iCN718.ABAYE_RS14190	57.1	252	107	1	1	251	1	252	7.42e-94	276
NZ_LN831024.1_1455	iEK1008.Rv3569c	38.8	129	71	4	16	139	14	139	5.29e-08	52.8
NZ_LN831024.1_1455	iEK1008.Rv1938	39.3	89	52	2	37	123	26	114	2.11e-07	51.2
NZ_LN831024.1_1455	iAF987.Gmet_0843	28.7	261	164	8	22	269	4	255	2.82e-07	50.4
NZ_LN831024.1_1455	iJN1463.PP_3943	36.1	108	68	1	32	139	20	126	8.96e-07	48.9
NZ_LN831024.1_1457	iLJ478.TM1724	31.0	258	160	4	6	261	3	244	1.37e-26	103
NZ_LN831024.1_1457	iML1515.b1619	28.4	250	165	3	11	260	14	249	1.75e-24	98.2
NZ_LN831024.1_1457	iLJ478.TM1169	29.8	252	149	5	12	263	11	234	1.21e-24	98.2
NZ_LN831024.1_1458	iCN718.ABAYE_RS14145	44.2	545	296	4	6	549	4	541	1.95e-147	435
NZ_LN831024.1_1459	iCN718.ABAYE_RS14155	40.3	268	154	3	1	267	1	263	8.66e-54	174
NZ_LN831024.1_1460	iCN718.ABAYE_RS14150	60.0	482	192	1	10	490	5	486	1.20e-206	581
NZ_LN831024.1_1464	iJN1463.PP_3736	34.5	171	105	3	16	184	4	169	4.48e-26	106
NZ_LN831024.1_1465	iML1515.b1010	32.5	83	53	2	52	134	47	126	5.87e-04	37.4
NZ_LN831024.1_1465	iSDY_1059.SDY_0985	32.5	83	53	2	52	134	47	126	5.87e-04	37.4
NZ_LN831024.1_1465	iSF_1195.SF1013	32.5	83	53	2	52	134	47	126	5.87e-04	37.4
NZ_LN831024.1_1466	iJN1463.PP_3737	45.1	306	163	3	17	318	12	316	2.29e-86	261
NZ_LN831024.1_1470	iHN637.CLJU_RS05585	37.9	211	117	3	9	219	7	203	1.02e-40	138
NZ_LN831024.1_1471	iHN637.CLJU_RS05580	35.7	112	63	4	85	194	71	175	2.07e-09	54.7
NZ_LN831024.1_1472	iHN637.CLJU_RS05575	33.8	337	195	6	7	335	15	331	1.85e-53	178
NZ_LN831024.1_1473	iHN637.CLJU_RS05570	43.9	435	239	4	4	436	2	433	4.55e-97	308
NZ_LN831024.1_1474	iHN637.CLJU_RS05595	35.5	124	68	4	1	121	1	115	2.11e-15	72.0
NZ_LN831024.1_1475	iHN637.CLJU_RS05590	45.1	184	100	1	9	192	9	191	8.90e-56	174
NZ_LN831024.1_1479	iJN1463.PP_1097	84.8	679	101	1	1	677	1	679	0.0	1180
NZ_LN831024.1_1481	iJN1463.PP_1100	92.5	187	14	0	1	187	1	187	3.26e-128	357
NZ_LN831024.1_1481	iCN718.ABAYE_RS15080	83.0	188	31	1	1	187	1	188	4.74e-119	334
NZ_LN831024.1_1482	iJN1463.PP_1408	42.4	295	167	1	1	292	1	295	9.77e-77	235
NZ_LN831024.1_1483	iMM904.YLR189C	28.1	398	241	16	5	376	744	1122	4.52e-17	83.6
NZ_LN831024.1_1486	iML1515.b1920	26.2	256	183	4	6	258	8	260	1.19e-24	99.0
NZ_LN831024.1_1486	iJN1463.PP_0227	28.9	190	132	1	13	199	11	200	3.12e-23	95.1
NZ_LN831024.1_1486	STM_v1_0.STM1954	27.0	256	181	4	6	258	8	260	3.23e-23	95.1
NZ_LN831024.1_1489	iML1515.b1655	43.2	139	76	3	54	189	132	270	4.47e-38	132
NZ_LN831024.1_1490	iPC815.YPO1511	71.6	560	158	1	5	564	7	565	8.62e-294	808
NZ_LN831024.1_1490	STM_v1_0.STM1566	68.2	563	177	2	2	563	3	564	5.62e-278	768
NZ_LN831024.1_1490	iYL1228.KPN_01847	67.8	562	180	1	2	563	4	564	6.52e-277	765
NZ_LN831024.1_1490	iCN718.ABAYE_RS18525	65.0	560	195	1	5	564	7	565	1.31e-276	764
NZ_LN831024.1_1490	iSF_1195.SF1746	67.4	558	181	1	6	563	8	564	5.04e-274	758
NZ_LN831024.1_1490	iML1515.b1479	67.2	558	182	1	6	563	8	564	1.44e-273	756
NZ_LN831024.1_1490	iSbBS512_1146.SbBS512_E1742	67.4	558	181	1	6	563	8	564	1.44e-273	756
NZ_LN831024.1_1490	iSSON_1240.SSON_1645	67.2	558	182	1	6	563	17	573	5.71e-273	755
NZ_LN831024.1_1491	iAF987.Gmet_1170	38.2	55	30	1	8	58	5	59	2.85e-04	38.5
NZ_LN831024.1_1491	iML1515.b0099	38.5	65	34	2	10	68	7	71	3.55e-04	38.1
NZ_LN831024.1_1491	iSbBS512_1146.SbBS512_E0093	38.5	65	34	2	10	68	7	71	3.55e-04	38.1
NZ_LN831024.1_1491	iSDY_1059.SDY_0129	38.5	65	34	2	10	68	7	71	3.69e-04	38.1
NZ_LN831024.1_1491	iSF_1195.SF0096	38.5	65	34	2	10	68	7	71	3.55e-04	38.1
NZ_LN831024.1_1491	iSSON_1240.SSON_0107	38.5	65	34	2	10	68	7	71	3.55e-04	38.1
NZ_LN831024.1_1491	STM_v1_0.STM1301	30.7	114	70	4	11	120	9	117	7.49e-04	37.4
NZ_LN831024.1_1492	iLJ478.TM1641	29.2	171	109	5	5	173	7	167	3.55e-09	53.1
NZ_LN831024.1_1492	iEK1008.Rv1409	30.3	155	89	6	3	143	154	303	2.18e-07	49.3
NZ_LN831024.1_1492	iAF987.Gmet_1624	44.1	59	31	1	98	154	280	338	3.06e-07	48.9
NZ_LN831024.1_1493	iML1515.b0577	44.1	383	213	1	29	411	26	407	2.93e-109	328
NZ_LN831024.1_1494	iJN1463.PP_1376	30.2	398	265	4	12	407	18	404	5.29e-48	170
NZ_LN831024.1_1494	iJN1463.PP_3740	31.4	407	267	5	10	415	7	402	1.37e-47	169
NZ_LN831024.1_1494	iJN1463.PP_3165	29.2	408	268	4	12	415	10	400	4.69e-44	159
NZ_LN831024.1_1499	iAF987.Gmet_0043	29.4	252	167	6	387	632	20	266	8.06e-18	87.8
NZ_LN831024.1_1501	iSynCJ816.SGL_RS08660	31.4	325	205	7	271	578	158	481	4.72e-30	125
NZ_LN831024.1_1502	iJN1463.PP_1750	78.7	595	121	3	1	589	1	595	0.0	947
NZ_LN831024.1_1505	iJN1463.PP_0612	28.5	179	89	7	459	633	216	359	1.50e-05	47.4
NZ_LN831024.1_1505	iJN1463.PP_3596	34.5	142	54	7	489	627	295	400	3.84e-05	46.2
NZ_LN831024.1_1505	iLB1027_lipid.PHATRDRAFT_31544	26.9	208	110	9	444	647	566	735	4.85e-04	43.1
NZ_LN831024.1_1506	iAF987.Gmet_1092	36.6	202	117	2	299	489	72	273	2.45e-32	125
NZ_LN831024.1_1507	iJN1463.PP_2051	50.9	395	191	2	1	393	1	394	8.36e-118	347
NZ_LN831024.1_1507	iYO844.BSU32830	48.6	395	193	4	1	391	1	389	2.26e-114	338
NZ_LN831024.1_1507	iYS854.USA300HOU_RS01190	47.4	397	203	5	1	394	1	394	1.09e-107	322
NZ_LN831024.1_1509	iML1515.b2210	70.1	498	148	1	17	514	22	518	3.08e-253	702
NZ_LN831024.1_1509	iSDY_1059.SDY_0866	69.9	498	149	1	17	514	22	518	8.79e-253	701
NZ_LN831024.1_1509	iSSON_1240.SSON_2268	69.9	498	149	1	17	514	22	518	1.25e-252	701
NZ_LN831024.1_1509	iSbBS512_1146.SbBS512_E0730	69.7	498	150	1	17	514	22	518	3.56e-252	700
NZ_LN831024.1_1509	iYL1228.KPN_02629	65.5	502	172	1	17	518	18	518	2.25e-235	657
NZ_LN831024.1_1509	iJN1463.PP_1251	65.7	501	170	2	19	519	4	502	1.26e-230	644
NZ_LN831024.1_1509	iJN1463.PP_2925	64.0	509	180	3	14	522	18	523	5.20e-228	638
NZ_LN831024.1_1511	iCN718.ABAYE_RS03640	80.5	210	41	0	1	210	1	210	1.03e-127	358
NZ_LN831024.1_1512	iCN718.ABAYE_RS19040	38.9	239	137	5	47	279	52	287	8.44e-38	137
NZ_LN831024.1_1512	iJN1463.PP_0237	32.5	305	202	4	9	311	8	310	1.67e-36	133
NZ_LN831024.1_1512	iSDY_1059.SDY_2320	32.7	300	196	5	12	307	7	304	1.12e-33	126
NZ_LN831024.1_1512	iSSON_1240.SSON_0939	32.8	302	197	5	12	309	21	320	1.65e-33	125
NZ_LN831024.1_1512	iML1515.b0936	32.9	304	194	6	12	309	7	306	3.38e-33	124
NZ_LN831024.1_1512	iSF_1195.SF0935	32.9	304	194	6	12	309	21	320	4.46e-33	124
NZ_LN831024.1_1513	iYO844.BSU08850	45.0	242	132	1	30	270	35	276	6.48e-70	216
NZ_LN831024.1_1513	iJN1463.PP_0239	45.9	242	130	1	28	268	16	257	1.20e-67	210
NZ_LN831024.1_1513	iYL1228.KPN_00970	45.9	242	130	1	28	268	15	256	1.28e-66	207
NZ_LN831024.1_1513	iPC815.YPO3626	42.9	247	140	1	28	273	16	262	1.23e-64	202
NZ_LN831024.1_1513	iCN718.ABAYE_RS19055	43.4	242	136	1	28	268	22	263	4.47e-62	196
NZ_LN831024.1_1514	iYO844.BSU08830	46.2	236	113	4	19	249	21	247	2.08e-59	188
NZ_LN831024.1_1514	iJN1463.PP_3637	44.8	259	117	5	4	246	5	253	3.18e-57	183
NZ_LN831024.1_1515	iJN1463.PP_0236	71.1	197	57	0	1	197	1	197	4.46e-96	277
NZ_LN831024.1_1516	iJN1463.PP_0237	80.5	323	61	2	1	323	1	321	5.39e-182	504
NZ_LN831024.1_1517	iJN1463.PP_0238	92.7	382	28	0	1	382	1	382	8.48e-262	711
NZ_LN831024.1_1518	iJN1463.PP_0239	87.0	254	33	0	4	257	6	259	6.28e-161	446
NZ_LN831024.1_1518	iPC815.YPO3626	81.1	259	49	0	4	262	6	264	7.10e-151	421
NZ_LN831024.1_1519	iJN1463.PP_0240	82.4	262	46	0	12	273	8	269	1.17e-151	424
NZ_LN831024.1_1520	iAF692.Mbar_A1559	43.1	65	36	1	6	69	3	67	4.35e-09	47.4
NZ_LN831024.1_1523	iML1515.b2303	64.6	113	40	0	11	123	8	120	1.11e-46	146
NZ_LN831024.1_1523	iSbBS512_1146.SbBS512_E2679	64.6	113	40	0	11	123	8	120	1.11e-46	146
NZ_LN831024.1_1523	iSDY_1059.SDY_2500	64.6	113	40	0	11	123	8	120	1.11e-46	146
NZ_LN831024.1_1523	iSF_1195.SF2379	64.6	113	40	0	11	123	8	120	1.11e-46	146
NZ_LN831024.1_1523	iSSON_1240.SSON_2360	64.6	113	40	0	11	123	8	120	1.11e-46	146
NZ_LN831024.1_1523	iYL1228.KPN_02693	61.1	113	44	0	11	123	8	120	3.03e-44	140
NZ_LN831024.1_1524	iJN1463.PP_2512	80.4	184	36	0	1	184	1	184	2.14e-107	305
NZ_LN831024.1_1524	iJN1463.PP_1823	79.9	179	36	0	4	182	11	189	2.50e-100	287
NZ_LN831024.1_1525	iYL1228.KPN_01523	50.9	234	110	3	5	234	8	240	2.41e-74	225
NZ_LN831024.1_1527	iJN1463.PP_4628	78.5	149	31	1	1	148	1	149	2.76e-79	231
NZ_LN831024.1_1531	iCN718.ABAYE_RS18215	28.9	228	154	6	10	234	18	240	1.17e-19	85.1
NZ_LN831024.1_1532	iEK1008.Rv3176c	28.8	309	184	9	3	291	25	317	6.83e-22	93.2
NZ_LN831024.1_1532	iEK1008.Rv0134	27.9	294	167	9	23	290	19	293	1.69e-19	86.3
NZ_LN831024.1_1534	iMM1415.15488	57.5	301	127	1	1	300	1	301	3.47e-113	343
NZ_LN831024.1_1534	iCHOv1.103161104	56.5	301	130	1	1	300	1	301	2.73e-112	337
NZ_LN831024.1_1535	iEK1008.Rv0675	61.8	251	92	2	3	253	5	251	1.38e-94	278
NZ_LN831024.1_1537	iJN1463.PP_3146	31.4	389	227	13	22	394	23	387	3.46e-35	135
NZ_LN831024.1_1537	iJN1463.PP_4020	31.4	388	242	12	21	401	24	394	4.27e-34	132
NZ_LN831024.1_1537	iJN1463.PP_2448	30.0	397	237	14	16	397	16	386	2.53e-32	127
NZ_LN831024.1_1543	iJN1463.PP_4617	73.5	339	90	0	1	339	1	339	5.42e-177	493
NZ_LN831024.1_1544	iAF987.Gmet_2510	55.0	322	140	1	374	695	4	320	1.30e-110	337
NZ_LN831024.1_1545	iAF987.Gmet_2511	40.4	386	198	7	4	368	5	379	4.29e-72	229
NZ_LN831024.1_1553	iJN1463.PP_1006	25.4	892	542	33	13	865	14	821	1.82e-39	157
NZ_LN831024.1_1555	iPC815.YPO1913	43.3	215	118	3	344	556	355	567	3.98e-38	148
NZ_LN831024.1_1555	iJN1463.PP_3466	36.7	297	169	5	261	546	270	558	3.93e-38	148
NZ_LN831024.1_1555	iEK1008.Rv1348	41.2	211	121	3	348	557	625	833	2.14e-34	139
NZ_LN831024.1_1555	STM_v1_0.STM2774	33.1	311	201	5	252	557	885	1193	2.91e-33	135
NZ_LN831024.1_1555	iYL1228.KPN_00941	32.1	274	182	3	285	555	294	566	3.22e-33	134
NZ_LN831024.1_1557	iML1515.b3035	28.5	432	282	7	17	433	18	437	1.02e-28	117
NZ_LN831024.1_1557	iSDY_1059.SDY_3205	28.5	432	282	7	17	433	20	439	1.04e-28	117
NZ_LN831024.1_1557	iSSON_1240.SSON_3173	28.5	432	282	7	17	433	20	439	1.04e-28	117
NZ_LN831024.1_1557	iSbBS512_1146.SbBS512_E3468	28.2	432	283	7	17	433	20	439	1.41e-28	117
NZ_LN831024.1_1557	iSF_1195.SF3075	28.2	432	283	7	17	433	18	437	4.71e-28	115
NZ_LN831024.1_1557	STM_v1_0.STM3186	29.4	429	283	8	20	438	23	441	8.52e-28	115
NZ_LN831024.1_1560	iAF987.Gmet_3508	27.1	118	74	1	200	317	228	333	9.35e-05	43.5
NZ_LN831024.1_1560	iJN1463.PP_4209	39.3	56	34	0	40	95	63	118	8.68e-04	40.4
NZ_LN831024.1_1565	iJN1463.PP_1638	83.4	259	42	1	1	258	1	259	5.25e-162	449
NZ_LN831024.1_1568	iEK1008.Rv2936	35.7	224	136	3	4	219	8	231	2.22e-31	119
NZ_LN831024.1_1568	iCHOv1.100761226	36.2	207	124	4	12	211	909	1114	5.70e-29	116
NZ_LN831024.1_1568	iSynCJ816.SGL_RS04625	35.4	209	122	4	3	201	22	227	1.93e-30	115
NZ_LN831024.1_1568	iMM1415.11303	34.8	207	127	3	12	211	909	1114	1.41e-28	115
NZ_LN831024.1_1568	iJN1463.PP_0118	36.3	201	118	3	2	201	4	195	2.63e-30	114
NZ_LN831024.1_1568	iSDY_1059.SDY_1145	36.6	202	116	4	2	201	3	194	6.27e-30	113
NZ_LN831024.1_1568	iYO844.BSU02750	33.2	205	130	3	18	215	20	224	1.09e-29	112
NZ_LN831024.1_1568	iML1515.b1858	36.6	202	116	4	2	201	3	194	1.22e-29	112
NZ_LN831024.1_1568	iSbBS512_1146.SbBS512_E0954	36.6	202	116	4	2	201	3	194	1.22e-29	112
NZ_LN831024.1_1568	iSSON_1240.SSON_1283	36.6	202	116	4	2	201	3	194	1.22e-29	112
NZ_LN831024.1_1568	iAF987.Gmet_1282	31.6	212	137	2	3	206	9	220	1.53e-29	112
NZ_LN831024.1_1568	iSF_1195.SF1867	36.6	202	116	4	2	201	3	194	4.65e-29	111
NZ_LN831024.1_1568	iJN1463.PP_2668	37.6	218	128	4	1	211	1	217	3.08e-28	108
NZ_LN831024.1_1568	iYL1228.KPN_02373	36.1	202	117	4	2	201	3	194	4.69e-28	108
NZ_LN831024.1_1570	iAF987.Gmet_0252	35.1	57	37	0	577	633	132	188	2.00e-04	43.5
NZ_LN831024.1_1575	iCN900.CD630_11820	32.9	255	158	7	6	256	3	248	6.79e-31	114
NZ_LN831024.1_1575	iYL1228.KPN_01091	33.1	251	159	4	6	256	2	243	6.04e-31	114
NZ_LN831024.1_1575	iAF987.Gmet_1601	31.7	252	164	4	6	256	2	246	8.88e-31	114
NZ_LN831024.1_1575	iAM_Pv461.PVX_099555	36.4	247	147	7	9	253	59	297	2.81e-30	114
NZ_LN831024.1_1575	iML1515.b1093	33.9	248	155	4	9	256	5	243	1.19e-30	114
NZ_LN831024.1_1575	STM_v1_0.STM1195	33.1	251	159	4	6	256	2	243	1.19e-30	114
NZ_LN831024.1_1575	iSbBS512_1146.SbBS512_E2231	33.9	248	155	4	9	256	5	243	1.19e-30	114
NZ_LN831024.1_1575	iSF_1195.SF1097	33.9	248	155	4	9	256	5	243	1.19e-30	114
NZ_LN831024.1_1575	iSSON_1240.SSON_1113	33.9	248	155	4	9	256	5	243	1.19e-30	114
NZ_LN831024.1_1575	iSDY_1059.SDY_2057	33.9	248	155	4	9	256	5	243	2.34e-30	113
NZ_LN831024.1_1575	iSynCJ816.SGL_RS07245	34.1	255	153	7	6	256	3	246	2.50e-30	113
NZ_LN831024.1_1575	iYO844.BSU15910	32.5	249	159	5	10	256	5	246	6.74e-30	112
NZ_LN831024.1_1575	iHN637.CLJU_RS17225	31.3	252	164	5	7	256	6	250	7.38e-30	112
NZ_LN831024.1_1575	iAM_Pf480.PF3D7_0922900	33.9	251	158	5	4	253	55	298	2.20e-28	109
NZ_LN831024.1_1575	iNF517.LLMG_RS08950	35.5	248	141	8	14	256	10	243	1.31e-28	108
NZ_LN831024.1_1575	iLJ478.TM1724	31.2	253	162	5	7	256	3	246	2.74e-28	107
NZ_LN831024.1_1575	iYO844.BSU22140	32.9	255	163	5	1	254	4	251	6.39e-28	107
NZ_LN831024.1_1575	STM_v1_0.STM4483	31.9	260	159	6	1	253	1	249	8.94e-28	106
NZ_LN831024.1_1575	iCN718.ABAYE_RS09790	30.1	259	165	4	7	254	5	258	1.45e-27	106
NZ_LN831024.1_1575	iPC815.YPO2539	31.4	255	167	4	1	253	1	249	4.78e-27	104
NZ_LN831024.1_1575	iML1515.b2842	32.3	251	163	4	5	254	6	250	9.14e-27	103
NZ_LN831024.1_1575	iEK1008.Rv1928c	32.8	253	160	5	5	254	7	252	9.53e-27	103
NZ_LN831024.1_1578	iML1515.b4106	63.5	249	91	0	1	249	1	249	4.47e-101	295
NZ_LN831024.1_1579	iML1515.b4105	62.6	305	111	2	18	320	19	322	3.19e-131	377
NZ_LN831024.1_1580	iNF517.LLMG_RS01635	37.1	245	140	4	26	261	25	264	6.77e-44	149
NZ_LN831024.1_1580	iJN1463.PP_0827	37.3	252	150	3	20	264	3	253	1.59e-41	142
NZ_LN831024.1_1582	iML1515.b4101	46.8	158	66	4	4	152	1	149	1.68e-35	120
NZ_LN831024.1_1583	iML1515.b4100	37.6	189	115	3	16	201	3	191	1.49e-33	118
NZ_LN831024.1_1584	iML1515.b4099	67.4	350	113	1	1	350	1	349	2.60e-159	450
NZ_LN831024.1_1585	iML1515.b4098	79.3	270	56	0	14	283	6	275	1.45e-162	452
NZ_LN831024.1_1586	iCN900.CD630_35340	46.4	235	125	1	35	269	55	288	1.11e-64	203
NZ_LN831024.1_1587	iML1515.b4096	61.0	218	85	0	4	221	1	218	5.96e-90	264
NZ_LN831024.1_1588	iML1515.b4095	55.0	382	167	2	6	387	2	378	2.47e-134	389
NZ_LN831024.1_1589	iJN1463.PP_4469	65.0	177	62	0	2	178	14	190	6.44e-72	215
NZ_LN831024.1_1590	iML1515.b4092	47.8	255	120	4	1	252	3	247	1.69e-75	229
NZ_LN831024.1_1594	iIS312.TCDM_14202	32.7	147	94	2	27	171	5	148	7.50e-12	59.7
NZ_LN831024.1_1598	iIT341.HP0294	76.0	338	80	1	1	338	1	337	6.43e-205	564
NZ_LN831024.1_1599	iCN900.CD630_20200	33.8	290	172	4	55	344	571	840	3.68e-45	165
NZ_LN831024.1_1600	iSynCJ816.SGL_RS11810	33.8	364	231	4	10	366	58	418	4.80e-57	192
NZ_LN831024.1_1604	iML1515.b3241	24.9	334	188	9	2	325	3	283	4.15e-12	65.9
NZ_LN831024.1_1606	iML1515.b1533	28.2	298	182	9	11	291	8	290	7.73e-14	70.1
NZ_LN831024.1_1606	STM_v1_0.STM1517	26.6	286	185	7	11	282	9	283	3.60e-13	68.2
NZ_LN831024.1_1606	iSF_1195.SF1561	28.7	223	134	6	86	291	43	257	5.67e-12	64.3
NZ_LN831024.1_1607	iYL1228.KPN_04081	65.7	432	147	1	12	443	12	442	3.69e-197	553
NZ_LN831024.1_1607	iML1515.b2366	64.1	434	155	1	11	444	10	442	2.91e-196	551
NZ_LN831024.1_1607	iSDY_1059.SDY_2561	64.1	434	155	1	11	444	10	442	2.37e-195	548
NZ_LN831024.1_1607	iSSON_1240.SSON_2457	63.8	434	156	1	11	444	10	442	4.77e-195	548
NZ_LN831024.1_1607	iSF_1195.SF2433	63.8	434	156	1	11	444	10	442	1.93e-194	546
NZ_LN831024.1_1607	STM_v1_0.STM3802	63.1	434	159	1	11	444	8	440	6.87e-192	540
NZ_LN831024.1_1607	iCN718.ABAYE_RS14065	62.8	433	160	1	13	445	12	443	2.00e-187	528
NZ_LN831024.1_1607	iSbBS512_1146.SbBS512_E2735	64.1	415	148	1	30	444	9	422	8.16e-184	518
NZ_LN831024.1_1608	iJN1463.PP_4399	80.9	413	79	0	35	447	1	413	5.97e-252	691
NZ_LN831024.1_1615	iAF987.Gmet_0069	30.0	130	79	3	179	305	3	123	1.19e-08	55.1
NZ_LN831024.1_1618	iAF987.Gmet_1706	31.7	161	98	3	11	165	1	155	4.54e-14	73.2
NZ_LN831024.1_1618	iAF987.Gmet_2999	32.0	125	85	0	13	137	10	134	4.70e-13	70.5
NZ_LN831024.1_1618	iAF987.Gmet_1919	27.6	145	93	2	12	156	4	136	3.29e-12	67.8
NZ_LN831024.1_1620	iYS854.USA300HOU_RS07595	30.8	429	251	8	8	395	5	428	2.71e-56	198
NZ_LN831024.1_1621	iJN1463.PP_1494	43.1	181	99	2	206	385	155	332	3.72e-36	134
NZ_LN831024.1_1625	iMM904.YML059C	28.1	295	161	6	25	297	1371	1636	2.98e-21	99.4
NZ_LN831024.1_1627	iYL1228.KPN_03963	53.5	331	129	6	3	330	2	310	8.42e-109	319
NZ_LN831024.1_1627	iSbBS512_1146.SbBS512_E4046	53.8	331	128	6	3	330	2	310	2.40e-108	318
NZ_LN831024.1_1627	iSF_1195.SF3659	53.8	331	128	6	3	330	2	310	2.40e-108	318
NZ_LN831024.1_1627	iSSON_1240.SSON_3786	53.8	331	128	6	3	330	2	310	2.40e-108	318
NZ_LN831024.1_1627	iSDY_1059.SDY_4051	53.8	331	128	6	3	330	2	310	3.40e-108	317
NZ_LN831024.1_1627	iPC815.YPO0058	53.9	330	127	6	3	329	2	309	3.40e-108	317
NZ_LN831024.1_1627	iML1515.b3619	53.5	331	129	6	3	330	2	310	1.37e-107	316
NZ_LN831024.1_1627	STM_v1_0.STM3710	52.9	331	131	6	3	330	2	310	3.91e-107	315
NZ_LN831024.1_1628	STM_v1_0.STM1522	30.5	259	179	1	5	263	15	272	7.69e-32	124
NZ_LN831024.1_1628	iML1515.b1528	29.0	259	183	1	5	263	15	272	1.30e-29	117
NZ_LN831024.1_1628	iSbBS512_1146.SbBS512_E1677	29.0	259	183	1	5	263	15	272	1.30e-29	117
NZ_LN831024.1_1628	iSSON_1240.SSON_1600	29.0	259	183	1	5	263	15	272	1.30e-29	117
NZ_LN831024.1_1628	iSF_1195.SF1566	29.0	259	183	1	5	263	15	272	1.07e-29	117
NZ_LN831024.1_1628	iYL1228.KPN_01628	29.0	259	183	1	5	263	15	272	2.37e-28	114
NZ_LN831024.1_1631	iAF987.Gmet_1599	41.8	330	180	6	1	322	1	326	5.85e-70	220
NZ_LN831024.1_1631	iCN900.CD630_11790	41.0	329	184	5	1	322	1	326	1.24e-69	219
NZ_LN831024.1_1631	iYO844.BSU11330	39.3	323	180	4	5	324	3	312	1.94e-67	213
NZ_LN831024.1_1631	iYL1228.KPN_01089	40.8	319	180	4	7	322	5	317	3.95e-65	207
NZ_LN831024.1_1631	iSDY_1059.SDY_2059	40.1	319	182	4	7	322	5	317	7.87e-65	207
NZ_LN831024.1_1631	iSynCJ816.SGL_RS09325	40.6	325	180	6	7	322	10	330	1.61e-64	206
NZ_LN831024.1_1631	iML1515.b1091	39.8	319	183	4	7	322	5	317	3.12e-64	205
NZ_LN831024.1_1631	iSbBS512_1146.SbBS512_E2233	39.8	319	183	4	7	322	5	317	3.12e-64	205
NZ_LN831024.1_1631	iSSON_1240.SSON_1111	39.8	319	183	4	7	322	5	317	3.12e-64	205
NZ_LN831024.1_1631	STM_v1_0.STM1193	39.2	319	185	4	7	322	5	317	3.48e-63	202
NZ_LN831024.1_1631	iSF_1195.SF1095	39.5	319	184	4	7	322	5	317	3.48e-63	202
NZ_LN831024.1_1631	iAF987.Gmet_3272	38.0	324	192	4	5	321	4	325	1.78e-62	201
NZ_LN831024.1_1631	iYS854.USA300HOU_RS04875	36.7	319	187	5	9	324	7	313	1.23e-62	201
NZ_LN831024.1_1631	iPC815.YPO1597	39.5	319	183	4	7	322	5	316	5.31e-62	199
NZ_LN831024.1_1633	iEK1008.Rv3518c	36.1	316	194	4	88	396	75	389	6.94e-52	178
NZ_LN831024.1_1634	iMM1415.19682	38.0	297	168	8	1	288	17	306	4.97e-48	162
NZ_LN831024.1_1634	iCHOv1.100772460	36.5	293	178	6	1	288	17	306	6.33e-45	154
NZ_LN831024.1_1634	iMM1415.107605	35.8	282	174	6	11	288	28	306	1.31e-43	151
NZ_LN831024.1_1635	iJN1463.PP_4221	27.8	288	186	9	5	276	49	330	4.47e-08	55.5
NZ_LN831024.1_1635	iJN1463.PP_4243	27.7	148	100	3	7	148	675	821	2.46e-07	53.1
NZ_LN831024.1_1636	iYL1228.KPN_01663	31.7	344	220	5	6	341	1	337	9.92e-40	145
NZ_LN831024.1_1636	iJN1463.PP_3944	31.0	378	239	12	3	365	2	372	2.53e-35	133
NZ_LN831024.1_1637	iJN1463.PP_4219	32.8	2276	1359	55	7	2178	1104	3313	2.15e-279	908
NZ_LN831024.1_1640	iCN718.ABAYE_RS13055	39.4	193	115	2	329	520	17	208	5.33e-33	127
NZ_LN831024.1_1640	iCN718.ABAYE_RS13080	36.8	209	126	3	313	520	6	209	1.13e-30	120
NZ_LN831024.1_1645	iCN718.ABAYE_RS18975	50.5	725	306	10	6	686	3	718	6.37e-239	680
NZ_LN831024.1_1645	iCN718.ABAYE_RS07965	48.6	741	317	13	6	685	4	741	1.15e-223	642
NZ_LN831024.1_1648	iJN1463.PP_0827	71.3	251	70	1	6	254	3	253	1.78e-112	323
NZ_LN831024.1_1649	iJN1463.PP_0826	75.0	252	63	0	3	254	24	275	5.26e-123	350
NZ_LN831024.1_1650	iJN1463.PP_0825	65.2	267	88	3	2	267	7	269	2.38e-109	316
NZ_LN831024.1_1651	iJN1463.PP_0824	78.7	286	58	2	1	285	1	284	1.33e-154	432
NZ_LN831024.1_1652	iCN718.ABAYE_RS15895	49.3	282	137	3	8	289	9	284	1.43e-77	237
NZ_LN831024.1_1653	iJN1463.PP_1144	52.6	713	333	3	1	709	1	712	2.41e-240	686
NZ_LN831024.1_1654	iSSON_1240.SSON_3844	26.7	558	349	17	7	527	13	547	4.07e-46	170
NZ_LN831024.1_1654	iML1515.b3546	26.7	558	349	17	7	527	2	536	4.78e-46	169
NZ_LN831024.1_1654	iSbBS512_1146.SbBS512_E3983	26.7	558	349	17	7	527	2	536	6.57e-46	169
NZ_LN831024.1_1654	iSF_1195.SF3580	26.5	558	350	17	7	527	13	547	2.74e-45	167
NZ_LN831024.1_1654	STM_v1_0.STM3635	26.6	523	331	15	7	497	2	503	3.37e-42	159
NZ_LN831024.1_1654	iYL1228.KPN_03904	28.1	498	288	19	34	497	37	498	1.71e-40	154
NZ_LN831024.1_1661	iML1515.b3240	27.5	538	287	16	16	497	11	501	4.59e-35	140
NZ_LN831024.1_1663	iML1515.b3241	44.5	281	151	3	6	284	10	287	4.19e-68	213
NZ_LN831024.1_1664	iYL1228.KPN_01628	29.0	379	250	6	3	372	13	381	5.84e-31	121
NZ_LN831024.1_1664	iJN1463.PP_2428	29.9	345	231	4	8	347	33	371	1.49e-28	115
NZ_LN831024.1_1664	iSF_1195.SF1566	27.5	346	242	3	3	344	13	353	1.06e-28	114
NZ_LN831024.1_1664	iML1515.b1528	27.5	346	242	3	3	344	13	353	2.39e-28	114
NZ_LN831024.1_1664	iSbBS512_1146.SbBS512_E1677	26.7	348	242	3	3	344	13	353	2.39e-28	114
NZ_LN831024.1_1664	iSSON_1240.SSON_1600	27.5	346	242	3	3	344	13	353	2.39e-28	114
NZ_LN831024.1_1664	STM_v1_0.STM1522	27.5	346	242	4	3	344	13	353	4.51e-28	113
NZ_LN831024.1_1665	iJN1463.PP_4552	66.9	151	50	0	1	151	1	151	7.28e-66	197
NZ_LN831024.1_1666	iEK1008.Rv0183	28.8	288	170	7	21	304	23	279	6.82e-21	90.1
NZ_LN831024.1_1667	iJN1463.PP_4550	79.9	562	113	0	1	562	1	562	0.0	936
NZ_LN831024.1_1668	iJN1463.PP_4549	82.3	418	74	0	1	418	1	418	2.44e-259	715
NZ_LN831024.1_1669	iJN1463.PP_4549	86.0	114	16	0	1	114	449	562	4.35e-62	197
NZ_LN831024.1_1672	iML1515.b0383	73.7	445	117	0	31	475	27	471	3.13e-236	654
NZ_LN831024.1_1672	iSSON_1240.SSON_0358	73.3	445	119	0	31	475	50	494	2.06e-235	653
NZ_LN831024.1_1672	iYL1228.KPN_00327	74.2	445	115	0	31	475	32	476	7.16e-234	649
NZ_LN831024.1_1672	iSF_1195.SF0230	73.0	445	120	0	31	475	50	494	5.57e-233	647
NZ_LN831024.1_1672	iPC815.YPO2298	73.6	443	117	0	33	475	39	481	2.00e-232	645
NZ_LN831024.1_1673	iML1515.b1103	32.5	120	74	3	10	127	4	118	3.00e-12	59.3
NZ_LN831024.1_1673	iMM904.YDR305C	29.8	94	66	0	27	120	29	122	4.04e-10	55.5
NZ_LN831024.1_1682	iJN1463.PP_4545	74.8	373	94	0	1	373	18	390	2.07e-197	548
NZ_LN831024.1_1689	iJN1463.PP_0037	67.8	429	133	4	10	438	6	429	3.20e-211	588
NZ_LN831024.1_1690	iJN1463.PP_0037	74.3	417	105	1	24	440	15	429	3.54e-239	659
NZ_LN831024.1_1692	iCN718.ABAYE_RS13055	37.1	245	152	2	6	248	17	261	8.39e-49	162
NZ_LN831024.1_1692	iCN718.ABAYE_RS13080	36.7	245	153	2	6	248	18	262	4.80e-48	160
NZ_LN831024.1_1699	iAF987.Gmet_0043	26.0	235	155	7	795	1015	37	266	2.64e-11	67.4
NZ_LN831024.1_1702	iJN1463.PP_0867	77.3	687	156	0	35	721	123	809	0.0	1119
NZ_LN831024.1_1703	iJN1463.PP_1700	73.6	625	164	1	1	624	37	661	0.0	919
NZ_LN831024.1_1705	iML1515.b1599	31.4	102	68	1	2	103	10	109	3.89e-09	49.7
NZ_LN831024.1_1705	iSbBS512_1146.SbBS512_E1785	31.4	102	68	1	2	103	10	109	3.89e-09	49.7
NZ_LN831024.1_1705	iSDY_1059.SDY_1554	31.4	102	68	1	2	103	10	109	3.89e-09	49.7
NZ_LN831024.1_1705	iSSON_1240.SSON_1561	31.4	102	68	1	2	103	10	109	3.89e-09	49.7
NZ_LN831024.1_1705	iSF_1195.SF1620	30.4	102	69	1	2	103	10	109	1.53e-08	48.1
NZ_LN831024.1_1705	iML1515.b1600	29.3	99	70	0	3	101	5	103	7.45e-08	46.6
NZ_LN831024.1_1705	iSbBS512_1146.SbBS512_E1786	29.3	99	70	0	3	101	5	103	7.45e-08	46.6
NZ_LN831024.1_1705	iSDY_1059.SDY_1553	29.3	99	70	0	3	101	5	103	7.45e-08	46.6
NZ_LN831024.1_1705	iSF_1195.SF1621	29.3	99	70	0	3	101	5	103	7.45e-08	46.6
NZ_LN831024.1_1705	iSSON_1240.SSON_1560	29.3	99	70	0	3	101	5	103	7.45e-08	46.6
NZ_LN831024.1_1705	iML1515.b0543	32.5	83	56	0	20	102	21	103	2.38e-07	45.1
NZ_LN831024.1_1706	iYO844.BSU19350	56.1	305	134	0	1	305	1	305	2.45e-103	305
NZ_LN831024.1_1708	iAF987.Gmet_2161	36.7	207	123	4	28	228	387	591	2.53e-30	118
NZ_LN831024.1_1710	iYO844.BSU03610	21.2	193	147	2	45	237	70	257	1.15e-06	48.1
NZ_LN831024.1_1710	STM_v1_0.STM1954	26.0	200	136	6	45	239	65	257	1.53e-06	47.8
NZ_LN831024.1_1710	iML1515.b1920	26.4	148	100	4	45	188	65	207	9.04e-06	45.4
NZ_LN831024.1_1714	iAF987.Gmet_0945	32.3	201	126	4	370	569	101	292	2.35e-29	117
NZ_LN831024.1_1714	iAF987.Gmet_1989	34.6	182	114	2	395	573	251	430	2.34e-27	114
NZ_LN831024.1_1714	iYL1228.KPN_02455	32.9	228	149	3	14	239	366	591	1.00e-26	114
NZ_LN831024.1_1716	iEK1008.Rv3777	42.9	315	171	3	10	315	14	328	1.56e-76	237
NZ_LN831024.1_1717	iEK1008.Rv0505c	30.0	220	140	4	6	216	126	340	6.06e-19	83.6
NZ_LN831024.1_1718	iJN1463.PP_1722	75.2	331	80	1	1	331	1	329	1.48e-169	474
NZ_LN831024.1_1719	iLJ478.TM1378	26.3	186	133	3	47	231	39	221	3.25e-11	61.6
NZ_LN831024.1_1719	iCN718.ABAYE_RS05150	27.7	267	151	12	23	263	25	275	3.64e-09	55.8
NZ_LN831024.1_1720	iPC815.YPO0521	25.5	231	166	3	32	258	8	236	1.03e-13	70.5
NZ_LN831024.1_1720	iAF987.Gmet_1904	24.0	267	175	9	20	274	27	277	2.18e-12	65.5
NZ_LN831024.1_1720	iPC815.YPO3013	24.6	281	181	9	6	274	18	279	6.05e-12	64.3
NZ_LN831024.1_1720	iNF517.LLMG_RS06720	21.5	242	169	3	17	252	11	237	9.06e-12	63.5
NZ_LN831024.1_1721	iCN900.CD630_34130	21.1	204	126	4	39	207	39	242	3.60e-05	44.3
NZ_LN831024.1_1722	STM_v1_0.STM0429	28.2	156	97	6	76	227	68	212	3.91e-04	41.6
NZ_LN831024.1_1724	iYS854.USA300HOU_RS00270	21.3	108	85	0	71	178	56	163	7.87e-04	38.1
NZ_LN831024.1_1725	iAM_Pb448.PBANKA_083310	30.0	476	276	9	4	424	7	480	1.25e-67	223
NZ_LN831024.1_1725	iAM_Pc455.PCYB_073980	29.2	497	270	10	4	423	7	498	2.43e-63	212
NZ_LN831024.1_1725	iAM_Pv461.PVX_087090	28.4	535	269	10	4	424	7	541	1.15e-62	211
NZ_LN831024.1_1726	iCN900.CD630_25960	31.9	213	136	3	6	210	81	292	7.46e-33	119
NZ_LN831024.1_1726	iNF517.LLMG_RS07670	33.0	212	134	4	6	210	77	287	5.44e-32	117
NZ_LN831024.1_1726	iSDY_1059.SDY_2837	34.4	221	123	5	8	210	86	302	2.41e-31	116
NZ_LN831024.1_1726	STM_v1_0.STM2662	35.7	221	120	6	8	210	86	302	9.23e-31	114
NZ_LN831024.1_1726	iSF_1195.SF2653	33.9	221	124	5	8	210	86	302	3.52e-30	113
NZ_LN831024.1_1726	iSSON_1240.SSON_2720	33.9	221	124	5	8	210	86	302	3.52e-30	113
NZ_LN831024.1_1726	iSbBS512_1146.SbBS512_E2975	33.9	221	124	5	8	210	86	302	4.93e-30	112
NZ_LN831024.1_1726	iCN900.CD630_10600	31.3	211	135	4	6	210	83	289	5.99e-30	112
NZ_LN831024.1_1730	iJN1463.PP_1735	78.8	311	66	0	1	311	1	311	4.40e-185	511
NZ_LN831024.1_1733	iSbBS512_1146.SbBS512_E2729	36.4	162	96	5	64	220	24	183	5.98e-18	80.5
NZ_LN831024.1_1733	iSDY_1059.SDY_2550	36.4	162	96	5	64	220	24	183	5.98e-18	80.5
NZ_LN831024.1_1733	iSSON_1240.SSON_2403	36.4	162	96	5	64	220	24	183	5.98e-18	80.5
NZ_LN831024.1_1733	iSF_1195.SF2424	36.8	144	87	3	64	203	24	167	2.17e-17	79.0
NZ_LN831024.1_1733	STM_v1_0.STM2392	36.6	142	78	3	70	203	30	167	5.70e-17	77.8
NZ_LN831024.1_1736	iJN1463.PP_1741	62.1	285	103	3	1	284	5	285	4.31e-121	347
NZ_LN831024.1_1737	iJN1463.PP_2796	39.8	98	59	0	1	98	1	98	8.86e-19	74.3
NZ_LN831024.1_1738	iJN1463.PP_1743	89.1	549	59	1	4	551	6	554	0.0	928
NZ_LN831024.1_1738	iPC815.YPO0251	85.0	532	80	0	20	551	20	551	1.54e-315	862
NZ_LN831024.1_1744	iPC815.YPO1395	45.4	280	141	5	332	604	307	581	2.02e-65	224
NZ_LN831024.1_1744	iAF987.Gmet_2349	32.2	488	293	10	131	602	104	569	2.24e-64	221
NZ_LN831024.1_1744	iML1515.b0914	45.0	280	142	5	332	604	307	581	3.89e-64	221
NZ_LN831024.1_1744	iSbBS512_1146.SbBS512_E2410	45.0	280	142	5	332	604	307	581	3.89e-64	221
NZ_LN831024.1_1744	iSDY_1059.SDY_2344	45.0	280	142	5	332	604	307	581	3.89e-64	221
NZ_LN831024.1_1744	iSF_1195.SF0910	45.0	280	142	5	332	604	307	581	3.89e-64	221
NZ_LN831024.1_1744	iSSON_1240.SSON_0916	45.0	280	142	5	332	604	307	581	3.89e-64	221
NZ_LN831024.1_1744	STM_v1_0.STM0984	44.6	280	143	5	332	604	307	581	2.01e-63	219
NZ_LN831024.1_1744	iJN1463.PP_4935	34.8	485	271	14	133	598	130	588	2.94e-62	216
NZ_LN831024.1_1744	iYL1228.KPN_00941	30.2	592	368	16	34	604	14	581	3.85e-62	215
NZ_LN831024.1_1744	iPC815.YPO1913	31.0	536	323	13	85	601	71	578	2.79e-61	213
NZ_LN831024.1_1744	iMM1415.18670	45.8	249	128	2	359	605	388	631	1.49e-57	209
NZ_LN831024.1_1744	iEK1008.Rv1348	41.4	292	164	3	319	609	566	851	3.23e-58	209
NZ_LN831024.1_1744	iCHOv1.100682535	44.6	249	131	2	359	605	391	634	4.01e-56	205
NZ_LN831024.1_1744	iEK1008.Rv1349	43.8	242	130	2	362	602	332	568	6.47e-58	204
NZ_LN831024.1_1744	iPC815.YPO1914	33.5	448	253	12	182	610	167	588	2.50e-57	202
NZ_LN831024.1_1746	iAF987.Gmet_0843	34.3	251	150	8	24	263	22	268	1.12e-24	99.4
NZ_LN831024.1_1749	iYO844.BSU19230	33.5	203	125	4	1	193	1	203	3.24e-30	110
NZ_LN831024.1_1749	iNF517.LLMG_RS02035	35.1	191	119	4	1	189	1	188	1.95e-26	100
NZ_LN831024.1_1751	iAF692.Mbar_A0543	32.7	110	73	1	1	110	601	709	5.78e-15	68.9
NZ_LN831024.1_1751	iCN900.CD630_35400	34.9	106	62	3	4	109	541	639	1.13e-12	62.4
NZ_LN831024.1_1753	iAF987.Gmet_2776	26.0	258	147	11	15	251	1	235	3.65e-10	58.5
NZ_LN831024.1_1754	iSynCJ816.SGL_RS12975	30.1	316	196	5	1	291	32	347	1.80e-40	146
NZ_LN831024.1_1755	iSynCJ816.SGL_RS03900	36.2	207	129	2	202	408	416	619	1.14e-35	140
NZ_LN831024.1_1759	iEK1008.Rv3497c	25.5	298	162	12	11	286	18	277	4.51e-06	47.4
NZ_LN831024.1_1760	iJN1463.PP_0958	38.9	239	145	1	10	248	9	246	2.80e-46	155
NZ_LN831024.1_1760	iYL1228.KPN_00213	42.8	208	117	2	27	234	23	228	2.08e-43	150
NZ_LN831024.1_1760	STM_v1_0.STM0247	42.8	208	117	2	27	234	23	228	4.11e-43	149
NZ_LN831024.1_1760	iML1515.b0199	42.3	208	118	2	27	234	23	228	1.14e-42	148
NZ_LN831024.1_1760	iPC815.YPO1073	43.5	207	115	2	28	234	24	228	1.14e-42	148
NZ_LN831024.1_1760	iSbBS512_1146.SbBS512_E0193	42.3	208	118	2	27	234	23	228	1.60e-42	147
NZ_LN831024.1_1760	iSSON_1240.SSON_0213	42.3	208	118	2	27	234	23	228	1.60e-42	147
NZ_LN831024.1_1760	iSDY_1059.SDY_0218	41.8	208	119	2	27	234	23	228	3.14e-42	147
NZ_LN831024.1_1760	iSF_1195.SF0190	42.9	203	114	2	32	234	28	228	8.69e-42	145
NZ_LN831024.1_1761	iJN1463.PP_0959	32.9	170	112	2	209	376	94	263	3.37e-20	89.0
NZ_LN831024.1_1762	iJN1463.PP_4507	80.8	484	93	0	1	484	1	484	3.79e-289	789
NZ_LN831024.1_1764	iYS854.USA300HOU_RS04360	28.5	144	84	5	33	169	34	165	5.70e-05	41.6
NZ_LN831024.1_1766	iAF987.Gmet_0043	26.2	271	165	10	190	438	9	266	1.87e-08	56.2
NZ_LN831024.1_1769	iAF987.Gmet_1706	33.9	118	74	3	3	118	2	117	2.34e-14	70.5
NZ_LN831024.1_1769	iAF987.Gmet_1919	24.9	201	143	2	1	194	2	201	4.34e-13	67.0
NZ_LN831024.1_1773	iAF692.Mbar_A0352	32.7	101	61	3	1	98	1	97	2.30e-06	47.4
NZ_LN831024.1_1778	iJN1463.PP_1009	76.5	332	78	0	1	332	1	332	1.35e-183	509
NZ_LN831024.1_1779	iJN1463.PP_1010	78.0	604	133	0	1	604	1	604	0.0	958
NZ_LN831024.1_1780	iJN1463.PP_1011	54.9	315	141	1	14	328	5	318	1.03e-109	322
NZ_LN831024.1_1781	iAF987.Gmet_1706	43.6	117	64	1	8	124	3	117	3.80e-19	84.3
NZ_LN831024.1_1782	iAF987.Gmet_0043	33.3	111	57	6	384	480	162	269	6.85e-05	45.1
NZ_LN831024.1_1783	iJN1463.PP_1015	64.6	429	139	7	1	418	1	427	5.79e-183	515
NZ_LN831024.1_1784	iJN1463.PP_1016	83.7	294	48	0	17	310	9	302	1.62e-182	504
NZ_LN831024.1_1785	iJN1463.PP_1017	81.8	275	50	0	7	281	7	281	1.76e-162	452
NZ_LN831024.1_1786	iJN1463.PP_1018	80.8	375	70	1	1	373	1	375	4.34e-215	593
NZ_LN831024.1_1787	iJN1463.PP_1019	78.6	443	92	2	12	454	8	447	1.10e-271	742
NZ_LN831024.1_1789	iYS854.USA300HOU_RS01685	24.1	237	169	3	17	252	16	242	5.10e-14	70.1
NZ_LN831024.1_1790	iJN1463.PP_1022	76.8	488	113	0	1	488	1	488	2.78e-282	772
NZ_LN831024.1_1791	iJN1463.PP_1023	63.9	238	85	1	1	238	6	242	8.57e-96	280
NZ_LN831024.1_1792	iJN1463.PP_1024	64.1	209	75	0	3	211	21	229	4.83e-96	279
NZ_LN831024.1_1793	iAF987.Gmet_1170	38.8	49	28	1	16	64	13	59	1.00e-05	42.4
NZ_LN831024.1_1794	iYS854.USA300HOU_RS07985	33.9	239	149	5	14	250	6	237	4.44e-37	134
NZ_LN831024.1_1794	iNF517.LLMG_RS06045	33.6	241	145	7	15	250	2	232	1.45e-36	132
NZ_LN831024.1_1796	iJN1463.PP_0129	41.1	197	112	1	112	304	446	642	6.16e-37	139
NZ_LN831024.1_1796	iAF987.Gmet_1298	40.0	205	117	3	103	304	143	344	3.02e-38	138
NZ_LN831024.1_1796	iAF987.Gmet_0069	37.9	206	106	3	105	304	112	301	2.20e-34	127
NZ_LN831024.1_1796	iJN1463.PP_4405	44.1	161	81	2	145	302	174	328	6.18e-34	126
NZ_LN831024.1_1797	iYS854.USA300HOU_RS12685	40.9	403	234	4	4	404	2	402	4.30e-95	290
NZ_LN831024.1_1797	iPC815.YPO0035	39.9	388	227	4	5	391	3	385	6.43e-86	266
NZ_LN831024.1_1797	iYL1228.KPN_04012	41.0	388	223	4	5	391	3	385	1.61e-85	265
NZ_LN831024.1_1797	STM_v1_0.STM3746	40.5	388	225	4	5	391	3	385	6.58e-85	264
NZ_LN831024.1_1797	iML1515.b3653	39.4	388	229	4	5	391	3	385	9.28e-85	263
NZ_LN831024.1_1797	iSbBS512_1146.SbBS512_E4104	39.4	388	229	4	5	391	3	385	9.28e-85	263
NZ_LN831024.1_1797	iSDY_1059.SDY_4085	39.4	388	229	4	5	391	3	385	9.28e-85	263
NZ_LN831024.1_1797	iSF_1195.SF3693	39.4	388	229	4	5	391	3	385	9.28e-85	263
NZ_LN831024.1_1797	iSSON_1240.SSON_3752	39.4	388	229	4	5	391	3	385	9.28e-85	263
NZ_LN831024.1_1798	iCN718.ABAYE_RS00950	45.6	298	157	3	10	306	7	300	9.18e-79	241
NZ_LN831024.1_1798	STM_v1_0.STM0788	44.5	310	156	6	2	305	5	304	7.60e-71	221
NZ_LN831024.1_1798	iYL1228.KPN_00793	44.7	313	159	5	1	305	3	309	1.40e-69	218
NZ_LN831024.1_1800	iMM904.YKR009C	31.0	242	148	8	12	244	8	239	2.85e-14	71.6
NZ_LN831024.1_1800	iYO844.BSU32000	29.1	203	139	3	11	213	6	203	1.04e-14	71.2
NZ_LN831024.1_1800	iCHOv1.103161104	31.0	248	151	8	6	244	2	238	3.45e-14	71.2
NZ_LN831024.1_1800	iMM1415.15488	31.5	248	150	8	6	244	2	238	6.65e-14	70.5
NZ_LN831024.1_1800	iML1515.b1093	31.1	196	126	4	14	208	6	193	2.19e-14	70.1
NZ_LN831024.1_1800	iSbBS512_1146.SbBS512_E2231	31.1	196	126	4	14	208	6	193	2.19e-14	70.1
NZ_LN831024.1_1800	iSF_1195.SF1097	31.1	196	126	4	14	208	6	193	2.19e-14	70.1
NZ_LN831024.1_1800	iSSON_1240.SSON_1113	31.1	196	126	4	14	208	6	193	2.19e-14	70.1
NZ_LN831024.1_1800	iYO844.BSU22140	32.5	194	122	6	11	203	10	195	3.41e-14	69.7
NZ_LN831024.1_1800	iAM_Pv461.PVX_099555	31.4	191	126	3	14	204	60	245	5.40e-14	69.7
NZ_LN831024.1_1800	iMM904.YMR226C	29.9	214	145	4	1	211	1	212	7.43e-14	68.9
NZ_LN831024.1_1800	STM_v1_0.STM1195	30.6	196	127	4	14	208	6	193	5.69e-14	68.9
NZ_LN831024.1_1800	iYL1228.KPN_01091	30.8	195	126	4	14	207	6	192	7.82e-14	68.6
NZ_LN831024.1_1800	iAM_Pf480.PF3D7_0922900	27.1	240	162	6	12	243	59	293	2.57e-13	67.8
NZ_LN831024.1_1800	iCN718.ABAYE_RS02940	30.7	199	128	5	2	198	3	193	3.56e-13	67.4
NZ_LN831024.1_1800	iCN718.ABAYE_RS13105	30.2	199	132	4	12	208	5	198	7.80e-13	66.2
NZ_LN831024.1_1800	iIT341.HP0561	28.5	235	154	7	16	241	8	237	5.42e-13	66.2
NZ_LN831024.1_1800	iSDY_1059.SDY_2057	30.6	196	127	4	14	208	6	193	5.23e-13	66.2
NZ_LN831024.1_1800	iAF987.Gmet_1601	29.9	197	133	3	11	207	3	194	7.34e-13	65.9
NZ_LN831024.1_1800	iNF517.LLMG_RS08260	30.8	253	137	10	14	241	3	242	7.94e-13	65.9
NZ_LN831024.1_1800	iYL1228.KPN_00614	30.7	192	118	4	14	205	9	185	1.46e-12	65.1
NZ_LN831024.1_1800	iAM_Pc455.PCYB_073050	32.0	172	113	2	13	184	59	226	2.16e-12	64.7
NZ_LN831024.1_1801	iJN1463.PP_1764	71.7	223	63	0	1	223	1	223	1.80e-117	333
NZ_LN831024.1_1802	iJN1463.PP_1765	87.4	231	29	0	1	231	1	231	1.32e-151	420
NZ_LN831024.1_1803	iAF692.Mbar_A3252	37.1	437	255	6	9	438	3	426	7.46e-81	256
NZ_LN831024.1_1804	iJN1463.PP_1766	70.4	358	106	0	1	358	1	358	2.07e-176	493
NZ_LN831024.1_1806	iJN1463.PP_1768	88.9	361	40	0	1	361	1	361	5.10e-241	657
NZ_LN831024.1_1807	iJN1463.PP_1769	87.2	367	45	1	1	365	1	367	1.04e-231	634
NZ_LN831024.1_1808	iYO844.BSU22620	43.0	356	200	2	24	378	7	360	5.60e-93	282
NZ_LN831024.1_1809	iJN1463.PP_1770	84.1	734	115	2	12	744	11	743	0.0	1199
NZ_LN831024.1_1810	iJN1463.PP_1771	77.5	218	49	0	1	218	1	218	1.65e-111	318
NZ_LN831024.1_1811	iHN637.CLJU_RS10465	35.0	334	209	4	21	348	302	633	4.96e-61	212
NZ_LN831024.1_1813	iML1515.b3785	20.9	340	240	9	15	338	16	342	7.34e-05	43.9
NZ_LN831024.1_1813	iSbBS512_1146.SbBS512_E4136	20.9	340	240	9	15	338	16	342	7.34e-05	43.9
NZ_LN831024.1_1813	iSDY_1059.SDY_3963	20.9	340	240	9	15	338	17	343	7.35e-05	43.9
NZ_LN831024.1_1813	iSF_1195.SF3859	20.9	340	240	9	15	338	16	342	7.34e-05	43.9
NZ_LN831024.1_1813	iSSON_1240.SSON_3957	20.9	340	240	9	15	338	17	343	7.35e-05	43.9
NZ_LN831024.1_1813	STM_v1_0.STM3919	21.4	351	243	12	7	338	6	342	1.72e-04	42.7
NZ_LN831024.1_1814	iCN718.ABAYE_RS18925	75.1	422	105	0	1	422	3	424	1.31e-242	666
NZ_LN831024.1_1815	iCN718.ABAYE_RS18920	74.4	340	87	0	1	340	1	340	3.97e-193	534
NZ_LN831024.1_1817	iYO844.BSU35600	21.3	183	120	5	170	338	166	338	6.16e-05	45.1
NZ_LN831024.1_1819	iAF987.Gmet_2172	50.7	665	284	9	1	626	1	660	1.45e-221	631
NZ_LN831024.1_1820	iJN1463.PP_4943	31.9	213	134	3	166	373	160	366	1.65e-20	91.7
NZ_LN831024.1_1821	iEK1008.Rv1212c	30.7	189	119	4	192	370	197	383	7.21e-13	68.9
NZ_LN831024.1_1822	iJN1463.PP_1803	64.2	268	95	1	3	269	51	318	7.96e-117	337
NZ_LN831024.1_1823	iJN1463.PP_1804	58.6	338	134	2	5	342	3	334	1.07e-131	379
NZ_LN831024.1_1824	iJN1463.PP_1805	71.4	653	187	0	1	653	35	687	0.0	964
NZ_LN831024.1_1826	iJN1463.PP_1972	79.9	398	80	0	1	398	1	398	3.13e-226	623
NZ_LN831024.1_1829	iYO844.BSU03070	25.5	431	293	9	21	440	15	428	7.77e-40	150
NZ_LN831024.1_1830	iML1515.b3241	21.1	318	183	7	6	317	10	265	6.13e-09	56.2
NZ_LN831024.1_1832	iJN1463.PP_1977	83.3	492	82	0	1	492	1	492	1.12e-318	865
NZ_LN831024.1_1834	iEK1008.Rv1938	46.5	43	23	0	65	107	26	68	3.71e-04	41.2
NZ_LN831024.1_1835	iML1515.b1850	48.7	199	102	0	9	207	11	209	1.18e-63	196
NZ_LN831024.1_1835	iSbBS512_1146.SbBS512_E2125	48.7	199	102	0	9	207	11	209	1.18e-63	196
NZ_LN831024.1_1835	iSDY_1059.SDY_1136	48.7	199	102	0	9	207	11	209	1.18e-63	196
NZ_LN831024.1_1835	iSF_1195.SF1860	48.7	199	102	0	9	207	11	209	1.18e-63	196
NZ_LN831024.1_1835	iSSON_1240.SSON_1298	48.7	199	102	0	9	207	11	209	1.18e-63	196
NZ_LN831024.1_1835	iPC815.YPO2067	47.8	203	106	0	9	211	11	213	4.74e-63	194
NZ_LN831024.1_1835	STM_v1_0.STM1884	48.2	199	103	0	9	207	11	209	1.91e-62	193
NZ_LN831024.1_1835	iIT341.HP1099	46.2	199	107	0	10	208	9	207	9.33e-62	191
NZ_LN831024.1_1835	iYL1228.KPN_02365	49.5	200	100	1	9	207	11	210	1.55e-61	191
NZ_LN831024.1_1835	iCN718.ABAYE_RS16320	48.2	195	101	0	14	208	12	206	4.05e-60	187
NZ_LN831024.1_1838	iSynCJ816.SGL_RS07245	41.9	246	133	5	3	247	7	243	5.09e-43	145
NZ_LN831024.1_1838	iYS854.USA300HOU_RS06185	38.1	247	147	4	1	247	1	241	2.90e-41	141
NZ_LN831024.1_1838	iYO844.BSU03930	37.4	246	149	4	3	247	8	249	7.00e-40	138
NZ_LN831024.1_1838	iLB1027_lipid.PHATRDRAFT_13073	38.3	248	144	6	3	247	7	248	6.26e-39	135
NZ_LN831024.1_1838	iIT341.HP0561	38.2	246	145	5	2	247	6	244	7.56e-39	135
NZ_LN831024.1_1838	iAF987.Gmet_1601	40.4	245	139	5	3	247	6	243	1.04e-38	134
NZ_LN831024.1_1846	iJN1463.PP_1985	87.1	473	60	1	1	473	1	472	5.75e-305	828
NZ_LN831024.1_1847	iJN1463.PP_1986	85.8	212	30	0	1	212	1	212	1.14e-138	386
NZ_LN831024.1_1847	iCN718.ABAYE_RS16695	77.8	212	47	0	1	212	1	212	8.68e-125	351
NZ_LN831024.1_1848	iSynCJ816.SGL_RS03195	37.5	120	71	2	42	157	52	171	4.28e-14	69.3
NZ_LN831024.1_1848	iNF517.LLMG_RS03890	35.5	107	66	1	46	149	51	157	1.53e-12	65.1
NZ_LN831024.1_1849	iJN1463.PP_1988	91.1	360	32	0	1	360	1	360	1.76e-236	645
NZ_LN831024.1_1850	iJN1463.PP_1989	91.1	370	33	0	1	370	1	370	1.39e-254	692
NZ_LN831024.1_1851	iAF987.Gmet_0604	34.3	341	216	5	1	336	1	338	9.18e-54	179
NZ_LN831024.1_1853	iCN900.CD630_01030	36.0	242	153	2	20	261	4	243	6.90e-43	146
NZ_LN831024.1_1853	iYS854.USA300HOU_RS12020	32.9	249	165	2	19	267	2	248	6.06e-40	139
NZ_LN831024.1_1853	iNF517.LLMG_RS02350	35.1	248	157	4	17	261	1	247	2.33e-39	137
NZ_LN831024.1_1854	iJN1463.PP_1995	74.0	204	53	0	1	204	1	204	8.50e-109	310
NZ_LN831024.1_1855	iJN1463.PP_1996	87.2	290	37	0	1	290	1	290	1.23e-182	504
NZ_LN831024.1_1856	iJN1463.PP_1997	65.9	428	146	0	1	428	2	429	3.26e-196	550
NZ_LN831024.1_1859	iJN1463.PP_2000	91.0	501	45	0	1	501	1	501	0.0	923
NZ_LN831024.1_1860	iJN1463.PP_2001	82.1	403	72	0	1	403	1	403	4.72e-242	663
NZ_LN831024.1_1861	iLJ478.TM1724	33.6	247	156	5	6	247	1	244	4.11e-32	117
NZ_LN831024.1_1861	iYO844.BSU03930	34.1	255	154	7	4	249	3	252	1.60e-31	116
NZ_LN831024.1_1861	iYS854.USA300HOU_RS06185	36.6	243	141	7	13	247	5	242	4.48e-30	112
NZ_LN831024.1_1861	iCN718.ABAYE_RS14915	32.2	239	157	4	11	247	6	241	1.23e-29	111
NZ_LN831024.1_1861	iSynCJ816.SGL_RS07245	35.2	244	145	7	11	247	7	244	1.32e-29	111
NZ_LN831024.1_1861	iAF987.Gmet_1601	35.0	243	150	5	10	247	5	244	2.53e-29	110
NZ_LN831024.1_1861	iCN718.ABAYE_RS14190	34.6	243	152	5	10	246	9	250	1.16e-28	108
NZ_LN831024.1_1861	iEK1008.Rv1928c	34.0	250	149	8	9	248	10	253	2.33e-28	108
NZ_LN831024.1_1861	iYL1228.KPN_02061	32.0	253	154	6	11	247	3	253	9.10e-28	106
NZ_LN831024.1_1861	iYL1228.KPN_01091	30.7	244	156	5	10	247	5	241	9.83e-28	106
NZ_LN831024.1_1874	iLB1027_lipid.PHATRDRAFT_38930	27.7	112	69	3	198	297	104	215	5.43e-06	47.4
NZ_LN831024.1_1874	iAF987.Gmet_0710	27.2	125	76	4	162	283	72	184	1.23e-05	46.2
NZ_LN831024.1_1874	iCN900.CD630_27370	27.0	89	62	1	189	277	92	177	3.47e-05	44.7
NZ_LN831024.1_1875	iJN1463.PP_2008	86.3	677	93	0	3	679	17	693	0.0	1170
NZ_LN831024.1_1877	iCN718.ABAYE_RS15140	35.3	278	162	6	14	286	20	284	7.96e-41	143
NZ_LN831024.1_1879	iJN1463.PP_2012	87.5	295	37	0	1	295	20	314	4.81e-197	541
NZ_LN831024.1_1880	iLB1027_lipid.PHATRDRAFT_47351	33.8	80	46	3	7	86	112	184	6.48e-05	43.9
NZ_LN831024.1_1884	iJN1463.PP_2017	81.9	885	160	0	1	885	1	885	0.0	1451
NZ_LN831024.1_1889	iEK1008.Rv3823c	30.7	127	81	3	654	773	241	367	7.11e-05	46.2
NZ_LN831024.1_1891	iAF987.Gmet_1706	34.2	117	73	2	5	119	3	117	1.65e-14	70.9
NZ_LN831024.1_1891	iAF987.Gmet_1919	29.7	118	82	1	5	121	5	122	1.93e-12	65.1
NZ_LN831024.1_1900	iJN1463.PP_2080	82.8	1618	278	1	1	1617	1	1618	0.0	2672
NZ_LN831024.1_1906	iJN1463.PP_4943	31.1	167	95	6	282	435	152	311	5.08e-08	54.7
NZ_LN831024.1_1906	iEK1008.Rv0486	31.2	157	96	4	280	427	222	375	2.40e-06	49.7
NZ_LN831024.1_1912	iEK1008.Rv3569c	25.9	293	177	8	49	329	23	287	3.91e-15	74.3
NZ_LN831024.1_1915	iJN1463.PP_2095	87.1	340	44	0	1	340	1	340	1.47e-207	571
NZ_LN831024.1_1918	iJN1463.PP_2098	72.8	460	123	1	14	473	1	458	1.12e-245	678
NZ_LN831024.1_1920	iAF987.Gmet_1919	33.0	100	66	1	4	103	5	103	3.25e-04	40.4
NZ_LN831024.1_1921	iAF987.Gmet_0043	24.9	393	261	9	229	610	18	387	7.54e-24	106
NZ_LN831024.1_1922	iJN1463.PP_2102	86.9	442	58	0	1	442	1	442	5.86e-293	795
NZ_LN831024.1_1926	iJN1463.PP_2106	79.1	402	84	0	1	402	1	402	8.10e-231	635
NZ_LN831024.1_1927	iJN1463.PP_1419	50.5	420	198	6	6	421	16	429	2.56e-150	432
NZ_LN831024.1_1927	iJN1463.PP_3271	50.0	410	188	4	17	421	20	417	2.39e-140	407
NZ_LN831024.1_1931	iJN1463.PP_2933	28.6	168	97	7	40	190	89	250	5.71e-10	57.0
NZ_LN831024.1_1931	iML1515.b2302	28.0	193	120	7	11	190	11	197	6.44e-10	56.2
NZ_LN831024.1_1931	iCN718.ABAYE_RS00890	23.5	200	143	5	1	192	1	198	2.98e-09	54.3
NZ_LN831024.1_1931	iCHOv1.100764455	23.3	189	137	4	9	192	61	246	2.07e-08	52.8
NZ_LN831024.1_1936	iJN1463.PP_3457	60.6	193	70	3	1	191	1	189	7.57e-82	241
NZ_LN831024.1_1937	iJN1463.PP_2122	85.5	179	26	0	1	179	1	179	4.61e-110	311
NZ_LN831024.1_1938	iJN1463.PP_2123	71.9	395	111	0	10	404	13	407	4.12e-198	552
NZ_LN831024.1_1940	iCHOv1.100756809	27.6	485	338	6	57	529	95	578	2.37e-56	197
NZ_LN831024.1_1941	iEK1008.Rv3302c	33.3	534	314	16	9	515	28	546	2.50e-73	243
NZ_LN831024.1_1941	iNF517.LLMG_RS05575	32.0	512	322	13	21	517	18	518	9.72e-72	237
NZ_LN831024.1_1941	iYO844.BSU09300	32.3	502	295	11	10	475	11	503	1.21e-66	224
NZ_LN831024.1_1942	iCN900.CD630_30650	25.9	521	362	9	6	516	3	509	5.42e-53	187
NZ_LN831024.1_1943	iJN1463.PP_2125	67.1	298	94	1	1	298	15	308	9.16e-135	384
NZ_LN831024.1_1946	iJN1463.PP_2130	70.5	641	188	1	1	641	17	656	0.0	941
NZ_LN831024.1_1947	iML1515.b2180	24.5	547	294	19	2	494	4	485	4.07e-23	103
NZ_LN831024.1_1947	iSDY_1059.SDY_3635	31.8	258	140	9	1	238	1	242	5.32e-22	95.9
NZ_LN831024.1_1947	iSbBS512_1146.SbBS512_E3841	32.8	232	129	8	18	238	27	242	7.21e-22	95.5
NZ_LN831024.1_1947	iSSON_1240.SSON_3718	32.8	232	129	8	18	238	27	242	9.76e-22	95.1
NZ_LN831024.1_1947	iML1515.b3480	32.9	222	124	7	18	230	27	232	1.32e-21	94.7
NZ_LN831024.1_1952	iJN1463.PP_2136	88.0	714	86	0	1	714	1	714	0.0	1238
NZ_LN831024.1_1953	iJN1463.PP_2137	93.1	391	27	0	1	391	1	391	7.57e-265	720
NZ_LN831024.1_1961	iJN1463.PP_2145	84.1	333	52	1	1	333	5	336	2.99e-199	549
NZ_LN831024.1_1962	iAF987.Gmet_2684	40.0	205	120	2	3	206	5	207	1.52e-44	150
NZ_LN831024.1_1962	iAF692.Mbar_A3594	37.5	240	135	7	5	244	11	235	1.42e-44	150
NZ_LN831024.1_1962	iSynCJ816.SGL_RS12240	40.6	207	118	2	6	209	40	244	1.97e-40	141
NZ_LN831024.1_1965	iJN1463.PP_2149	88.9	488	53	1	27	514	1	487	3.25e-317	862
NZ_LN831024.1_1966	iJN1463.PP_4495	77.4	456	103	0	1	456	1	456	5.33e-252	694
NZ_LN831024.1_1967	iYL1228.KPN_00239	61.5	447	170	1	1	445	1	447	7.86e-192	540
NZ_LN831024.1_1968	iYL1228.KPN_00240	65.0	411	134	4	1	401	1	411	6.88e-195	544
NZ_LN831024.1_1969	iYL1228.KPN_00241	47.2	127	66	1	3	129	6	131	6.89e-26	98.6
NZ_LN831024.1_1970	iYL1228.KPN_00242	70.5	210	59	1	1	207	1	210	7.90e-100	288
NZ_LN831024.1_1971	iYL1228.KPN_00243	71.8	202	53	1	1	202	1	198	2.39e-97	280
NZ_LN831024.1_1972	iYL1228.KPN_00244	71.4	406	113	2	5	407	2	407	4.60e-221	610
NZ_LN831024.1_1973	iNF517.LLMG_RS07320	25.4	280	194	8	56	326	71	344	8.28e-26	105
NZ_LN831024.1_1975	iJN1463.PP_2151	85.3	464	68	0	1	464	1	464	8.40e-299	812
NZ_LN831024.1_1976	iJN1463.PP_2152	82.8	238	41	0	1	238	1	238	3.28e-144	402
NZ_LN831024.1_1979	iYO844.BSU30410	25.7	183	118	6	241	416	264	435	2.53e-10	61.6
NZ_LN831024.1_1980	iCN900.CD630_19470	41.2	216	127	0	10	225	13	228	1.28e-56	179
NZ_LN831024.1_1980	iJN1463.PP_4210	46.6	204	108	1	23	226	23	225	1.54e-51	176
NZ_LN831024.1_1981	iYO844.BSU30410	25.5	153	107	3	262	414	290	435	5.25e-07	51.2
NZ_LN831024.1_1984	iML1515.b3006	35.2	88	57	0	82	169	115	202	7.86e-09	53.5
NZ_LN831024.1_1984	iYL1228.KPN_03426	33.0	106	71	0	64	169	92	197	7.53e-09	53.5
NZ_LN831024.1_1984	iSbBS512_1146.SbBS512_E3434	35.2	88	57	0	82	169	115	202	7.86e-09	53.5
NZ_LN831024.1_1984	iSDY_1059.SDY_3067	35.2	88	57	0	82	169	115	202	7.86e-09	53.5
NZ_LN831024.1_1984	iSF_1195.SF3051	35.2	88	57	0	82	169	115	202	7.86e-09	53.5
NZ_LN831024.1_1984	iSSON_1240.SSON_3149	35.2	88	57	0	82	169	115	202	7.86e-09	53.5
NZ_LN831024.1_1984	iPC815.YPO0682	30.8	117	80	1	54	169	195	311	1.18e-08	53.5
NZ_LN831024.1_1984	STM_v1_0.STM3159	31.0	126	83	1	44	169	81	202	1.07e-08	53.1
NZ_LN831024.1_1984	iJN1463.PP_5306	32.5	114	70	2	60	169	172	282	2.72e-08	52.4
NZ_LN831024.1_1986	iJN1463.PP_1900	73.8	332	87	0	1	332	2	333	6.35e-191	528
NZ_LN831024.1_1988	iJN1463.PP_1902	77.8	252	56	0	1	252	1	252	2.27e-140	394
NZ_LN831024.1_1989	iCHOv1.100773599	38.8	147	87	2	3	147	9	154	4.37e-27	99.0
NZ_LN831024.1_1989	iMM1415.11431	38.1	147	88	2	3	147	9	154	4.37e-27	99.0
NZ_LN831024.1_1990	iJN1463.PP_1904	66.7	339	113	0	1	339	13	351	1.32e-163	460
NZ_LN831024.1_1992	iNF517.LLMG_RS07670	32.6	291	168	10	38	318	27	299	2.92e-35	129
NZ_LN831024.1_1992	iYS854.USA300HOU_RS06015	35.1	271	154	7	19	282	12	267	2.45e-33	124
NZ_LN831024.1_1993	iCN718.ABAYE_RS16760	47.1	210	107	3	6	215	7	212	1.43e-55	176
NZ_LN831024.1_1994	iAF987.Gmet_1750	32.8	244	138	4	70	297	39	272	7.50e-26	104
NZ_LN831024.1_1995	iJN1463.PP_0936	41.1	190	108	3	1	189	1	187	3.54e-35	122
NZ_LN831024.1_1995	iML1515.b3248	38.4	185	110	3	1	184	1	182	3.30e-31	112
NZ_LN831024.1_1998	iJN1463.PP_1912	74.8	325	82	0	1	325	11	335	2.85e-172	481
NZ_LN831024.1_1999	iJN1463.PP_1913	75.0	312	78	0	1	312	1	312	2.10e-160	449
NZ_LN831024.1_2000	iJN1463.PP_1914	73.6	246	65	0	1	246	1	246	1.13e-113	325
NZ_LN831024.1_2001	iML1515.b1094	88.3	77	9	0	1	77	1	77	4.38e-40	126
NZ_LN831024.1_2001	iYL1228.KPN_01092	88.3	77	9	0	1	77	1	77	4.38e-40	126
NZ_LN831024.1_2001	STM_v1_0.STM1196	88.3	77	9	0	1	77	1	77	4.38e-40	126
NZ_LN831024.1_2001	iSbBS512_1146.SbBS512_E2230	88.3	77	9	0	1	77	1	77	4.38e-40	126
NZ_LN831024.1_2001	iSDY_1059.SDY_2056	88.3	77	9	0	1	77	1	77	4.38e-40	126
NZ_LN831024.1_2001	iSF_1195.SF1098	88.3	77	9	0	1	77	1	77	4.38e-40	126
NZ_LN831024.1_2001	iSSON_1240.SSON_1114	88.3	77	9	0	1	77	1	77	4.38e-40	126
NZ_LN831024.1_2001	iJN1463.PP_1915	89.6	77	8	0	1	77	1	77	1.26e-39	125
NZ_LN831024.1_2001	iPC815.YPO1600	87.2	78	10	0	1	78	1	78	3.61e-39	124
NZ_LN831024.1_2002	iJN1463.PP_1916	83.9	403	65	0	1	403	11	413	1.88e-251	687
NZ_LN831024.1_2003	iJN1463.PP_1917	62.6	262	98	0	1	262	1	262	6.69e-113	325
NZ_LN831024.1_2004	iML1515.b1097	37.9	330	204	1	1	329	1	330	2.58e-77	240
NZ_LN831024.1_2005	iAF987.Gmet_2318	52.3	199	89	1	3	195	2	200	1.32e-54	173
NZ_LN831024.1_2005	iPC815.YPO1605	47.3	207	106	3	1	205	1	206	3.67e-53	169
NZ_LN831024.1_2005	iCN718.ABAYE_RS05175	50.3	185	88	3	4	186	1	183	8.39e-49	157
NZ_LN831024.1_2005	STM_v1_0.STM1200	48.2	197	97	3	1	193	1	196	3.59e-48	156
NZ_LN831024.1_2009	iAF987.Gmet_1300	29.3	382	239	8	16	374	4	377	3.87e-37	137
NZ_LN831024.1_2009	iCN718.ABAYE_RS11400	27.3	399	243	14	9	374	262	646	9.07e-32	126
NZ_LN831024.1_2025	iJN1463.PP_4203	84.7	554	82	1	1	551	7	560	0.0	980
NZ_LN831024.1_2026	iJN1463.PP_4202	95.2	249	12	0	1	249	1	249	1.51e-154	429
NZ_LN831024.1_2027	iJN1463.PP_4201	87.1	309	40	0	1	309	1	309	7.08e-176	488
NZ_LN831024.1_2028	iJN1463.PP_4635	60.5	395	151	3	2	391	3	397	4.59e-168	476
NZ_LN831024.1_2029	iCN718.ABAYE_RS14020	35.3	278	172	5	34	304	51	327	3.59e-46	159
NZ_LN831024.1_2029	iCHOv1.100769391	28.5	288	192	5	35	309	43	329	2.42e-40	143
NZ_LN831024.1_2030	iJN1463.PP_3410	74.4	250	64	0	1	250	1	250	1.31e-137	386
NZ_LN831024.1_2034	iJN1463.PP_4639	32.7	349	183	13	7	341	3	313	3.43e-37	135
NZ_LN831024.1_2035	iJN1463.PP_3507	76.6	1252	289	2	1	1248	1	1252	0.0	1941
NZ_LN831024.1_2036	iJN1463.PP_3080	71.8	341	95	1	21	360	13	353	1.69e-173	486
NZ_LN831024.1_2038	iEK1008.Rv2850c	57.1	280	114	1	7	280	4	283	9.20e-89	278
NZ_LN831024.1_2039	iEK1008.Rv2850c	29.4	180	116	1	44	212	438	617	6.70e-13	66.6
NZ_LN831024.1_2040	iYO844.BSU32830	42.4	387	207	3	5	376	4	389	3.02e-94	286
NZ_LN831024.1_2040	iAF987.Gmet_2058	45.7	383	180	6	22	378	19	399	1.38e-91	280
NZ_LN831024.1_2040	iEK1008.Rv1074c	42.4	399	200	5	7	376	5	402	4.67e-91	279
NZ_LN831024.1_2040	iYS854.USA300HOU_RS01190	43.3	388	203	5	8	378	6	393	1.34e-90	277
NZ_LN831024.1_2040	iYL1228.KPN_01478	44.2	385	185	7	22	378	19	401	1.48e-85	265
NZ_LN831024.1_2040	iML1515.b1397	44.9	385	182	9	22	378	19	401	2.95e-85	264
NZ_LN831024.1_2040	iCN718.ABAYE_RS17250	43.1	392	204	6	1	378	4	390	4.25e-85	263
NZ_LN831024.1_2040	STM_v1_0.STM3982	42.9	389	201	6	6	378	4	387	3.89e-85	263
NZ_LN831024.1_2040	iPC815.YPO3767	43.9	387	198	7	5	376	3	385	5.50e-85	263
NZ_LN831024.1_2040	iJN1463.PP_3280	44.9	383	181	8	22	376	24	404	5.39e-84	261
NZ_LN831024.1_2040	iSbBS512_1146.SbBS512_E4315	42.9	389	201	6	6	378	4	387	3.09e-84	261
NZ_LN831024.1_2040	iSSON_1240.SSON_4018	42.9	389	201	6	6	378	4	387	4.36e-84	260
NZ_LN831024.1_2040	iSDY_1059.SDY_3900	42.4	389	203	6	6	378	4	387	3.46e-83	258
NZ_LN831024.1_2042	iJN1463.PP_4643	82.9	503	86	0	3	505	2	504	2.45e-285	781
NZ_LN831024.1_2047	iCHOv1.100753937	25.0	280	197	6	43	316	84	356	8.79e-22	94.0
NZ_LN831024.1_2048	iYL1228.KPN_01628	34.6	367	238	2	8	373	18	383	1.34e-44	158
NZ_LN831024.1_2048	iJN1463.PP_2428	32.5	381	257	0	3	383	28	408	2.38e-40	147
NZ_LN831024.1_2048	STM_v1_0.STM1522	31.3	367	250	2	8	373	18	383	2.63e-40	147
NZ_LN831024.1_2048	iML1515.b1528	31.7	363	242	4	8	367	18	377	1.90e-39	144
NZ_LN831024.1_2048	iSbBS512_1146.SbBS512_E1677	31.7	363	242	4	8	367	18	377	1.90e-39	144
NZ_LN831024.1_2048	iSSON_1240.SSON_1600	31.7	363	242	4	8	367	18	377	1.90e-39	144
NZ_LN831024.1_2049	iJN1463.PP_2486	50.3	360	171	2	11	362	12	371	2.95e-122	357
NZ_LN831024.1_2049	iJN1463.PP_3173	50.5	364	177	3	5	366	3	365	5.78e-120	351
NZ_LN831024.1_2052	STM_v1_0.STM3959	33.5	191	123	2	12	199	13	202	6.12e-27	101
NZ_LN831024.1_2052	iML1515.b3823	32.3	201	131	2	4	199	2	202	1.21e-26	100
NZ_LN831024.1_2052	iSbBS512_1146.SbBS512_E4290	32.3	201	131	2	4	199	2	202	1.70e-26	100
NZ_LN831024.1_2052	iYL1228.KPN_04318	31.3	201	133	2	4	199	2	202	5.49e-24	94.0
NZ_LN831024.1_2055	iJN1463.PP_4483	69.4	255	77	1	1	255	1	254	1.45e-127	361
NZ_LN831024.1_2055	iCN718.ABAYE_RS06340	69.4	252	77	0	4	255	7	258	1.23e-122	349
NZ_LN831024.1_2055	STM_v1_0.STM2351	69.4	252	77	0	4	255	7	258	2.48e-122	348
NZ_LN831024.1_2055	iSDY_1059.SDY_2505	68.7	252	79	0	4	255	6	257	4.82e-122	347
NZ_LN831024.1_2055	iYL1228.KPN_02696	69.0	252	78	0	4	255	6	257	9.71e-122	347
NZ_LN831024.1_2055	iSbBS512_1146.SbBS512_E2684	68.3	252	80	0	4	255	6	257	1.96e-121	346
NZ_LN831024.1_2055	iSF_1195.SF2382	68.3	252	80	0	4	255	6	257	1.96e-121	346
NZ_LN831024.1_2055	iSSON_1240.SSON_2364	68.3	252	80	0	4	255	6	257	1.96e-121	346
NZ_LN831024.1_2055	iML1515.b2306	67.9	252	81	0	4	255	6	257	7.94e-121	344
NZ_LN831024.1_2055	iPC815.YPO2777	67.5	252	82	0	4	255	14	265	1.41e-118	339
NZ_LN831024.1_2056	iCN718.ABAYE_RS06335	64.6	237	84	0	1	237	1	237	1.61e-113	324
NZ_LN831024.1_2056	iPC815.YPO2776	64.8	236	83	0	1	236	1	236	1.29e-110	317
NZ_LN831024.1_2056	iML1515.b2307	63.1	236	87	0	1	236	1	236	2.13e-109	314
NZ_LN831024.1_2056	iSbBS512_1146.SbBS512_E2685	63.1	236	87	0	1	236	1	236	2.13e-109	314
NZ_LN831024.1_2056	iSDY_1059.SDY_2506	63.1	236	87	0	1	236	1	236	2.13e-109	314
NZ_LN831024.1_2056	iSF_1195.SF2383	63.1	236	87	0	1	236	1	236	2.13e-109	314
NZ_LN831024.1_2056	iSSON_1240.SSON_2365	63.1	236	87	0	1	236	1	236	2.13e-109	314
NZ_LN831024.1_2056	STM_v1_0.STM2352	63.8	235	85	0	1	235	1	235	5.49e-109	313
NZ_LN831024.1_2056	iYL1228.KPN_02697	61.4	236	91	0	1	236	1	236	2.34e-106	306
NZ_LN831024.1_2057	iCN718.ABAYE_RS06330	66.8	226	75	0	1	226	1	226	1.39e-103	298
NZ_LN831024.1_2057	iSbBS512_1146.SbBS512_E2686	64.3	224	80	0	3	226	2	225	8.08e-98	284
NZ_LN831024.1_2057	iYL1228.KPN_02698	65.6	224	77	0	3	226	2	225	2.31e-97	283
NZ_LN831024.1_2057	iML1515.b2308	63.8	224	81	0	3	226	2	225	3.28e-97	282
NZ_LN831024.1_2057	iSDY_1059.SDY_2507	63.8	224	81	0	3	226	2	225	4.65e-97	282
NZ_LN831024.1_2057	iSF_1195.SF2384	63.8	224	81	0	3	226	2	225	4.65e-97	282
NZ_LN831024.1_2057	iSSON_1240.SSON_2366	63.8	224	81	0	3	226	2	225	4.65e-97	282
NZ_LN831024.1_2057	STM_v1_0.STM2353	64.3	224	80	0	3	226	2	225	2.18e-95	278
NZ_LN831024.1_2057	iPC815.YPO2775	62.5	224	84	0	3	226	2	225	1.68e-92	270
NZ_LN831024.1_2058	iCN718.ABAYE_RS06325	50.4	254	121	2	8	258	10	261	1.27e-88	263
NZ_LN831024.1_2058	iPC815.YPO2774	50.2	259	129	0	1	259	3	261	5.31e-88	261
NZ_LN831024.1_2058	iML1515.b2309	50.8	254	123	1	8	259	6	259	1.42e-87	260
NZ_LN831024.1_2058	iSbBS512_1146.SbBS512_E2687	50.8	254	123	1	8	259	6	259	1.42e-87	260
NZ_LN831024.1_2058	iSSON_1240.SSON_2367	50.8	254	123	1	8	259	6	259	1.42e-87	260
NZ_LN831024.1_2058	iYL1228.KPN_02699	48.6	259	133	0	1	259	1	259	2.01e-87	260
NZ_LN831024.1_2058	STM_v1_0.STM2354	50.2	255	125	1	7	259	5	259	2.85e-87	259
NZ_LN831024.1_2058	iSDY_1059.SDY_2508	50.8	254	123	1	8	259	6	259	2.85e-87	259
NZ_LN831024.1_2058	iSbBS512_1146.SbBS512_E2688	49.6	254	126	1	8	259	6	259	4.65e-86	256
NZ_LN831024.1_2058	iML1515.b2310	49.2	254	127	1	8	259	6	259	1.88e-85	255
NZ_LN831024.1_2058	iSDY_1059.SDY_2509	49.2	254	127	1	8	259	6	259	3.77e-85	254
NZ_LN831024.1_2058	STM_v1_0.STM2355	48.8	254	128	1	8	259	6	259	7.57e-85	253
NZ_LN831024.1_2058	iSSON_1240.SSON_2368	49.2	254	127	1	8	259	6	259	7.57e-85	253
NZ_LN831024.1_2058	iYL1228.KPN_02700	51.3	232	113	0	28	259	15	246	5.70e-84	251
NZ_LN831024.1_2058	iSF_1195.SF2386	48.8	254	128	1	8	259	6	259	3.51e-83	249
NZ_LN831024.1_2058	iSF_1195.SF2385	49.2	248	126	0	1	248	1	248	5.26e-81	244
NZ_LN831024.1_2059	iSynCJ816.SGL_RS17805	39.8	400	225	6	1	387	5	401	5.63e-89	274
NZ_LN831024.1_2063	iCN718.ABAYE_RS16800	61.1	257	94	2	1	257	1	251	2.00e-101	295
NZ_LN831024.1_2065	iCN718.ABAYE_RS06960	38.7	194	117	1	1	192	1	194	1.73e-42	141
NZ_LN831024.1_2066	iCN718.ABAYE_RS09945	30.4	263	142	7	9	270	6	228	4.01e-29	110
NZ_LN831024.1_2066	iSynCJ816.SGL_RS08475	31.4	261	136	10	10	268	7	226	1.12e-28	109
NZ_LN831024.1_2067	iJN1463.PP_2417	42.0	314	174	5	32	342	27	335	4.36e-57	188
NZ_LN831024.1_2067	iJN1463.PP_4688	40.5	343	191	6	6	341	6	342	1.55e-55	184
NZ_LN831024.1_2067	iYO844.BSU33170	39.5	329	185	8	21	342	25	346	2.44e-52	176
NZ_LN831024.1_2067	iAF692.Mbar_A2398	33.9	336	209	6	12	342	30	357	4.84e-50	170
NZ_LN831024.1_2068	iJN1463.PP_2418	26.5	310	206	7	21	312	48	353	7.51e-27	108
NZ_LN831024.1_2069	iYL1228.KPN_00166	40.9	235	135	1	19	249	26	260	3.73e-53	172
NZ_LN831024.1_2069	iSbBS512_1146.SbBS512_E0143	40.4	235	136	1	19	249	26	260	1.05e-52	171
NZ_LN831024.1_2069	iML1515.b0151	40.0	235	137	1	19	249	26	260	4.18e-52	170
NZ_LN831024.1_2069	iSDY_1059.SDY_0167	40.0	235	137	1	19	249	26	260	4.18e-52	170
NZ_LN831024.1_2069	STM_v1_0.STM0192	40.0	235	137	1	19	249	26	260	5.90e-52	169
NZ_LN831024.1_2069	iSF_1195.SF0143	39.6	235	138	1	19	249	26	260	3.31e-51	167
NZ_LN831024.1_2069	iSSON_1240.SSON_0163	39.6	235	138	1	19	249	26	260	3.31e-51	167
NZ_LN831024.1_2069	iML1515.b4287	38.7	235	141	1	18	249	16	250	6.24e-49	161
NZ_LN831024.1_2069	iJN1463.PP_2416	42.9	233	128	2	15	247	22	249	7.57e-49	161
NZ_LN831024.1_2069	iSSON_1240.SSON_4459	38.7	235	141	1	18	249	16	250	6.24e-49	161
NZ_LN831024.1_2069	iYL1228.KPN_00606	37.4	235	143	1	19	249	22	256	2.25e-48	160
NZ_LN831024.1_2069	STM_v1_0.STM0590	37.4	238	145	1	16	249	19	256	2.25e-48	160
NZ_LN831024.1_2069	iML1515.b0588	38.4	229	137	1	25	249	28	256	3.84e-48	160
NZ_LN831024.1_2069	iSbBS512_1146.SbBS512_E0489	38.4	229	137	1	25	249	28	256	3.84e-48	160
NZ_LN831024.1_2069	iSDY_1059.SDY_0519	38.4	229	137	1	25	249	28	256	3.84e-48	160
NZ_LN831024.1_2069	iSF_1195.SF0502	38.4	229	137	1	25	249	28	256	3.84e-48	160
NZ_LN831024.1_2069	iSynCJ816.SGL_RS01940	37.0	235	144	1	19	249	24	258	1.40e-47	158
NZ_LN831024.1_2069	iPC815.YPO3392	39.1	235	139	1	19	249	25	259	1.77e-47	158
NZ_LN831024.1_2069	iJN1463.PP_4687	42.4	243	126	4	16	249	13	250	3.89e-47	157
NZ_LN831024.1_2069	iSSON_1240.SSON_0539	38.0	229	138	1	25	249	28	256	6.01e-47	157
NZ_LN831024.1_2070	iYL1228.KPN_00165	25.6	687	439	23	73	718	80	735	1.76e-36	146
NZ_LN831024.1_2070	iJN1463.PP_4755	25.6	656	419	22	63	693	164	775	7.08e-36	144
NZ_LN831024.1_2070	iML1515.b0150	26.6	702	424	31	74	718	80	747	3.29e-34	139
NZ_LN831024.1_2070	iSDY_1059.SDY_0166	26.2	713	435	31	63	718	69	747	4.38e-34	139
NZ_LN831024.1_2070	iSF_1195.SF0142	26.5	702	425	31	74	718	80	747	7.76e-34	138
NZ_LN831024.1_2070	iYL1228.KPN_01250	24.7	772	491	26	13	718	14	761	5.84e-32	132
NZ_LN831024.1_2071	iML1515.b1821	55.7	185	82	0	8	192	1	185	5.24e-69	208
NZ_LN831024.1_2072	iJN1463.PP_4832	67.5	234	76	0	3	236	4	237	2.56e-114	327
NZ_LN831024.1_2073	iAF987.Gmet_0478	41.1	348	188	4	11	342	5	351	4.62e-65	210
NZ_LN831024.1_2074	iJN1463.PP_4830	70.7	399	117	0	9	407	3	401	1.18e-196	549
NZ_LN831024.1_2075	iJN1463.PP_4829	54.1	440	188	8	5	443	8	434	3.67e-129	380
NZ_LN831024.1_2076	iJN1463.PP_4828	80.8	208	40	0	1	208	1	208	1.20e-110	315
NZ_LN831024.1_2077	iJN1463.PP_4827	82.4	244	43	0	2	245	1	244	2.69e-147	410
NZ_LN831024.1_2078	iJN1463.PP_4826	63.0	432	153	5	6	432	8	437	2.04e-165	477
NZ_LN831024.1_2079	iJN1463.PP_4826	69.0	116	36	0	1	116	446	561	5.11e-49	163
NZ_LN831024.1_2082	iAF987.Gmet_2727	44.8	105	58	0	152	256	289	393	7.23e-23	96.3
NZ_LN831024.1_2085	iCN900.CD630_36640	30.2	351	236	4	93	437	13	360	1.15e-47	169
NZ_LN831024.1_2089	iEK1008.Rv1206	43.6	582	311	2	15	596	20	584	3.98e-159	468
NZ_LN831024.1_2090	iAF987.Gmet_1601	33.2	247	150	3	1	241	1	238	5.96e-28	107
NZ_LN831024.1_2091	iCN718.ABAYE_RS02960	57.0	626	257	2	4	629	3	616	8.73e-240	678
NZ_LN831024.1_2092	iCN718.ABAYE_RS02955	55.0	262	113	1	7	263	13	274	1.69e-88	263
NZ_LN831024.1_2093	iEK1008.Rv0975c	37.8	376	231	3	24	398	6	379	4.40e-81	253
NZ_LN831024.1_2093	iCN718.ABAYE_RS02695	37.1	377	233	3	22	397	17	390	1.93e-78	247
NZ_LN831024.1_2093	iCHOv1.100774097	35.7	375	239	2	19	393	30	402	1.23e-75	240
NZ_LN831024.1_2093	iMM1415.11409	35.2	375	241	2	19	393	30	402	2.44e-75	239
NZ_LN831024.1_2093	iCN718.ABAYE_RS02925	36.1	385	237	6	20	398	5	386	2.66e-74	236
NZ_LN831024.1_2093	iYO844.BSU37170	34.9	375	242	2	23	397	5	377	2.99e-74	236
NZ_LN831024.1_2093	iJN1463.PP_2216	36.5	378	232	5	21	395	1	373	3.76e-74	235
NZ_LN831024.1_2093	iYO844.BSU18260	35.6	374	238	3	23	395	5	376	4.79e-73	233
NZ_LN831024.1_2093	iEK1008.Rv2724c	35.9	384	238	4	19	399	8	386	5.68e-73	233
NZ_LN831024.1_2093	iCHOv1.100759026	35.9	376	236	3	22	395	39	411	3.72e-72	231
NZ_LN831024.1_2093	iAT_PLT_636.35	35.2	375	241	2	19	393	30	402	3.25e-72	231
NZ_LN831024.1_2094	iCN718.ABAYE_RS02945	65.7	539	182	2	1	538	1	537	7.80e-255	707
NZ_LN831024.1_2095	iCN718.ABAYE_RS02940	65.1	289	98	2	1	288	1	287	4.97e-128	366
NZ_LN831024.1_2100	iAF987.Gmet_0043	33.6	107	55	3	329	423	165	267	5.08e-07	51.6
NZ_LN831024.1_2101	iAF987.Gmet_3476	53.8	119	53	2	4	120	8	126	6.00e-33	125
NZ_LN831024.1_2106	iJN1463.PP_1815	90.9	231	21	0	1	231	1	231	8.46e-146	405
NZ_LN831024.1_2112	iJN1463.PP_4405	48.5	163	79	3	356	518	171	328	1.23e-35	135
NZ_LN831024.1_2112	iAF987.Gmet_1298	42.1	171	98	1	353	522	176	346	6.31e-34	131
NZ_LN831024.1_2112	iAF987.Gmet_0069	43.6	172	95	2	351	521	132	302	3.89e-34	130
NZ_LN831024.1_2112	iAF987.Gmet_0987	32.5	305	185	8	231	522	225	521	6.87e-32	130
NZ_LN831024.1_2112	iML1515.b1341	40.9	193	99	5	332	519	224	406	3.98e-32	127
NZ_LN831024.1_2112	iSDY_1059.SDY_1050	39.1	174	105	1	347	519	378	551	5.31e-31	126
NZ_LN831024.1_2112	iJN1463.PP_0129	46.7	169	86	4	355	522	479	644	5.12e-30	124
NZ_LN831024.1_2112	iSbBS512_1146.SbBS512_E1077	38.5	174	106	1	347	519	378	551	3.21e-30	124
NZ_LN831024.1_2117	iML1515.b2558	25.8	376	245	10	40	405	36	387	2.52e-22	99.0
NZ_LN831024.1_2117	iSbBS512_1146.SbBS512_E2924	25.8	376	245	10	40	405	36	387	4.55e-22	98.2
NZ_LN831024.1_2117	iSF_1195.SF2605	26.0	354	228	10	62	405	12	341	2.28e-20	92.8
NZ_LN831024.1_2117	iSDY_1059.SDY_2748	26.0	354	228	10	62	405	12	341	3.07e-20	92.4
NZ_LN831024.1_2117	iSSON_1240.SSON_2641	25.7	354	229	10	62	405	12	341	2.39e-19	89.7
NZ_LN831024.1_2120	iCN718.ABAYE_RS02155	52.2	293	128	4	27	311	36	324	5.23e-93	278
NZ_LN831024.1_2125	iCN900.CD630_19470	43.4	219	122	1	6	222	10	228	1.59e-57	181
NZ_LN831024.1_2125	iYO844.BSU30420	46.6	191	100	1	19	207	19	209	7.93e-56	177
NZ_LN831024.1_2126	iJN1463.PP_2318	71.6	201	57	0	1	201	1	201	8.06e-94	271
NZ_LN831024.1_2128	iML1515.b0819	41.5	301	160	6	11	302	12	305	2.30e-65	207
NZ_LN831024.1_2128	STM_v1_0.STM0837	41.8	297	165	6	11	302	12	305	1.29e-64	206
NZ_LN831024.1_2128	STM_v1_0.STM1215	40.1	302	168	7	13	306	18	314	1.12e-63	204
NZ_LN831024.1_2128	iML1515.b1113	38.4	305	179	5	13	311	18	319	2.40e-62	200
NZ_LN831024.1_2128	iML1515.b1678	36.9	312	186	7	4	309	3	309	1.90e-58	191
NZ_LN831024.1_2128	iML1515.b1990	41.7	247	139	4	11	253	9	254	9.84e-59	191
NZ_LN831024.1_2128	STM_v1_0.STM1375	36.9	317	187	7	4	313	3	313	1.03e-57	189
NZ_LN831024.1_2138	iJN1463.PP_1866	89.1	448	49	0	1	448	1	448	2.96e-300	814
NZ_LN831024.1_2139	iMM904.YLR146C	24.7	182	121	4	1	171	30	206	6.67e-08	52.0
NZ_LN831024.1_2139	iMM1415.20810	26.6	184	120	7	4	178	38	215	3.14e-06	47.0
NZ_LN831024.1_2139	iLJ478.TM0654	30.4	112	72	3	62	167	88	199	3.08e-06	47.0
NZ_LN831024.1_2140	iCN718.ABAYE_RS14225	55.4	258	113	2	28	284	6	262	1.51e-88	264
NZ_LN831024.1_2144	iJN1463.PP_3427	37.2	470	281	6	4	472	8	464	5.53e-81	258
NZ_LN831024.1_2145	iML1515.b3241	26.9	294	148	6	38	324	38	271	2.04e-16	78.6
NZ_LN831024.1_2153	iJN1463.PP_1872	91.8	403	33	0	1	403	1	403	1.35e-280	761
NZ_LN831024.1_2154	STM_v1_0.STM1291	57.9	121	51	0	12	132	21	141	2.73e-55	169
NZ_LN831024.1_2154	iPC815.YPO2158	56.7	120	52	0	13	132	12	131	8.09e-55	167
NZ_LN831024.1_2154	iYL1228.KPN_01198	58.5	118	49	0	15	132	14	131	1.33e-53	164
NZ_LN831024.1_2154	iSF_1195.SF1445	55.4	121	54	0	12	132	11	131	1.89e-53	164
NZ_LN831024.1_2154	iML1515.b1778	55.4	121	54	0	12	132	11	131	3.82e-53	163
NZ_LN831024.1_2154	iSSON_1240.SSON_1385	55.4	121	54	0	12	132	11	131	3.82e-53	163
NZ_LN831024.1_2154	iSDY_1059.SDY_1489	53.7	121	56	0	12	132	11	131	4.43e-52	160
NZ_LN831024.1_2155	iJN1463.PP_1874	73.8	160	42	0	1	160	1	160	6.36e-88	253
NZ_LN831024.1_2157	iJN1463.PP_0914	31.9	254	168	3	14	263	10	262	9.66e-29	122
NZ_LN831024.1_2159	iJN1463.PP_1877	81.9	160	29	0	1	160	1	160	1.08e-92	265
NZ_LN831024.1_2160	iLB1027_lipid.PHATRDRAFT_36641	30.3	201	117	7	12	203	60	246	6.20e-14	68.6
NZ_LN831024.1_2160	iJN1463.PP_4619	32.4	207	117	9	16	209	14	210	4.23e-14	68.2
NZ_LN831024.1_2160	iAT_PLT_636.2954	29.1	199	121	7	16	207	19	204	1.69e-13	66.6
NZ_LN831024.1_2160	iMM1415.14874	30.3	165	97	6	16	173	19	172	3.23e-13	65.9
NZ_LN831024.1_2160	iCHOv1.100764455	27.6	210	125	8	16	211	66	262	2.18e-11	62.0
NZ_LN831024.1_2162	iJN1463.PP_3435	31.9	495	300	9	41	516	38	514	1.96e-63	215
NZ_LN831024.1_2165	iJN1463.PP_1893	75.1	816	201	2	1	815	1	815	0.0	1246
NZ_LN831024.1_2167	iAT_PLT_636.2954	27.2	184	118	7	44	220	28	202	9.08e-07	47.8
NZ_LN831024.1_2167	iLB1027_lipid.PHATRDRAFT_36390	28.4	176	113	5	56	220	36	209	2.67e-06	46.6
NZ_LN831024.1_2167	iCHOv1.100764455	25.5	145	94	5	44	182	75	211	5.28e-05	43.1
NZ_LN831024.1_2168	iEK1008.Rv2936	37.1	221	138	1	4	223	7	227	3.64e-40	142
NZ_LN831024.1_2168	iCN900.CD630_14890	34.1	217	137	3	5	216	2	217	6.94e-36	131
NZ_LN831024.1_2168	iCHOv1.100761226	38.7	212	127	3	5	214	899	1109	8.76e-34	130
NZ_LN831024.1_2168	iMM1415.11303	38.7	212	127	3	5	214	899	1109	1.19e-33	130
NZ_LN831024.1_2168	iIT341.HP1576	32.7	260	168	5	5	257	3	262	4.18e-35	129
NZ_LN831024.1_2169	iYO844.BSU02760	27.3	110	66	1	62	157	175	284	3.19e-04	41.2
NZ_LN831024.1_2170	iAF987.Gmet_0043	25.6	242	159	7	205	430	20	256	6.04e-09	57.8
NZ_LN831024.1_2171	iAF987.Gmet_1914	37.3	102	64	0	2	103	3	104	2.28e-13	68.2
NZ_LN831024.1_2171	iAF987.Gmet_0069	32.8	128	74	3	3	122	5	128	2.70e-13	67.4
NZ_LN831024.1_2174	iJN1463.PP_2160	73.5	275	72	1	3	276	2	276	9.52e-153	427
NZ_LN831024.1_2177	iCN718.ABAYE_RS11710	36.7	109	69	0	139	247	163	271	3.06e-14	70.1
NZ_LN831024.1_2177	STM_v1_0.STM0432	33.9	174	93	7	88	247	105	270	4.15e-14	69.7
NZ_LN831024.1_2183	iAF987.Gmet_1919	26.9	160	103	2	7	166	4	149	2.51e-15	76.3
NZ_LN831024.1_2183	iAF987.Gmet_1914	30.0	160	100	3	8	167	4	151	2.44e-13	70.9
NZ_LN831024.1_2183	iAF987.Gmet_3476	32.9	140	91	3	8	145	12	150	5.44e-13	69.7
NZ_LN831024.1_2183	iAF987.Gmet_0069	32.7	107	68	2	7	109	4	110	3.91e-13	69.3
NZ_LN831024.1_2185	iJN1463.PP_2168	77.9	307	67	1	1	306	1	307	3.33e-164	458
NZ_LN831024.1_2187	iYS854.USA300HOU_RS14375	29.2	185	127	2	12	195	5	186	1.02e-24	95.1
NZ_LN831024.1_2188	iYS854.USA300HOU_RS00620	26.7	390	273	4	13	394	7	391	2.68e-31	123
NZ_LN831024.1_2199	iML1515.b1794	31.4	70	31	1	101	153	105	174	3.14e-05	42.4
NZ_LN831024.1_2208	iJN1463.PP_1156	71.5	263	75	0	55	317	12	274	1.25e-131	376
NZ_LN831024.1_2209	iJN1463.PP_2448	87.8	426	52	0	1	426	1	426	7.02e-286	776
NZ_LN831024.1_2215	iJN1463.PP_0129	38.2	220	133	1	119	338	426	642	1.37e-33	130
NZ_LN831024.1_2218	iAF987.Gmet_0988	32.5	117	71	4	2	117	21	130	2.62e-09	52.0
NZ_LN831024.1_2220	iMM1415.93747	31.6	291	153	6	6	292	34	282	7.62e-32	120
NZ_LN831024.1_2220	iEK1008.Rv1070c	31.3	284	152	6	10	292	8	249	2.01e-30	115
NZ_LN831024.1_2220	iJN1463.PP_2217	30.9	282	152	5	10	290	8	247	7.61e-30	114
NZ_LN831024.1_2220	iCHOv1.100754654	30.6	291	156	7	6	292	34	282	2.14e-29	113
NZ_LN831024.1_2220	iAT_PLT_636.1892	30.4	286	153	6	11	292	39	282	8.01e-29	112
NZ_LN831024.1_2220	iCN718.ABAYE_RS18690	28.5	284	160	4	10	292	8	249	2.93e-28	109
NZ_LN831024.1_2223	iML1515.b2431	32.9	170	106	4	117	281	127	293	9.39e-23	95.1
NZ_LN831024.1_2230	iJN1463.PP_1206	49.7	429	199	6	2	425	4	420	3.77e-126	371
NZ_LN831024.1_2234	iCN718.ABAYE_RS16700	31.9	94	56	4	12	101	307	396	3.94e-04	38.5
NZ_LN831024.1_2248	iSynCJ816.SGL_RS14865	50.8	244	119	1	4	247	9	251	1.01e-80	243
NZ_LN831024.1_2248	iSynCJ816.SGL_RS16015	48.0	252	125	4	1	247	23	273	6.48e-79	239
NZ_LN831024.1_2254	iCN718.ABAYE_RS14020	30.4	125	82	3	7	127	61	184	6.50e-06	46.6
NZ_LN831024.1_2254	iYL1228.KPN_01542	24.5	278	158	10	13	273	5	247	1.55e-05	45.1
NZ_LN831024.1_2254	iEK1008.Rv3203	37.0	73	42	2	52	123	6	75	4.25e-05	43.5
NZ_LN831024.1_2255	iJN1463.PP_2465	90.0	640	64	0	1	640	1	640	0.0	1203
NZ_LN831024.1_2259	iJN1463.PP_2469	88.2	338	40	0	1	338	1	338	7.89e-222	607
NZ_LN831024.1_2260	iJN1463.PP_2470	79.8	793	159	1	1	792	1	793	0.0	1280
NZ_LN831024.1_2275	iPC815.YPO3455	31.9	135	84	4	16	142	4	138	1.45e-14	67.8
NZ_LN831024.1_2276	iCN900.CD630_20200	35.6	340	200	6	261	600	536	856	6.36e-48	179
NZ_LN831024.1_2284	iAF987.Gmet_0843	28.1	278	183	7	1	274	1	265	2.59e-14	70.9
NZ_LN831024.1_2286	iJN1463.PP_2008	32.4	296	182	5	8	300	66	346	2.06e-34	134
NZ_LN831024.1_2286	iJN1463.PP_1478	34.3	300	171	6	8	293	46	333	9.79e-33	125
NZ_LN831024.1_2287	iJN1463.PP_1625	68.8	109	32	1	1	109	1	107	8.22e-55	166
NZ_LN831024.1_2288	iJN1463.PP_1703	25.9	779	483	24	10	762	7	717	1.00e-39	158
NZ_LN831024.1_2291	iJN1463.PP_0873	72.4	362	96	1	1	362	1	358	1.59e-198	550
NZ_LN831024.1_2292	iPC815.YPO3832	33.0	206	135	2	1	204	1	205	2.59e-25	97.4
NZ_LN831024.1_2292	iYL1228.KPN_04318	32.0	206	137	3	1	204	1	205	2.27e-22	89.7
NZ_LN831024.1_2292	iML1515.b3823	32.9	210	130	5	1	204	1	205	1.22e-21	87.8
NZ_LN831024.1_2292	iSbBS512_1146.SbBS512_E4290	32.2	214	126	5	1	204	1	205	1.22e-21	87.8
NZ_LN831024.1_2293	iJN1463.PP_4571	85.8	324	46	0	1	324	1	324	1.72e-202	556
NZ_LN831024.1_2301	iYS854.USA300HOU_RS11805	23.7	291	212	4	18	303	3	288	1.61e-13	72.0
NZ_LN831024.1_2302	iJN1463.PP_5250	62.2	421	146	4	15	434	11	419	3.59e-181	511
NZ_LN831024.1_2308	iIT341.HP0824	29.5	88	61	1	20	106	19	106	2.66e-10	52.8
NZ_LN831024.1_2308	iMM904.YGR209C	25.2	103	70	2	3	105	9	104	1.01e-09	51.2
NZ_LN831024.1_2308	iPC815.YPO3868	30.3	76	48	2	17	89	19	92	8.51e-09	48.9
NZ_LN831024.1_2308	iML1515.b3781	28.7	87	57	2	20	103	22	106	1.22e-08	48.5
NZ_LN831024.1_2308	iYL1228.KPN_04282	28.7	87	57	2	20	103	22	106	1.22e-08	48.5
NZ_LN831024.1_2308	STM_v1_0.STM3915	28.7	87	57	2	20	103	22	106	1.22e-08	48.5
NZ_LN831024.1_2308	iSbBS512_1146.SbBS512_E4140	28.7	87	57	2	20	103	22	106	1.22e-08	48.5
NZ_LN831024.1_2308	iSDY_1059.SDY_3968	28.7	87	57	2	20	103	40	124	1.71e-08	48.5
NZ_LN831024.1_2308	iSF_1195.SF3854	28.7	87	57	2	20	103	40	124	1.71e-08	48.5
NZ_LN831024.1_2308	iSSON_1240.SSON_3952	28.7	87	57	2	20	103	40	124	1.71e-08	48.5
NZ_LN831024.1_2309	iAF987.Gmet_0769	37.4	139	87	0	9	147	6	144	2.11e-22	87.0
NZ_LN831024.1_2311	iCN718.ABAYE_RS08995	50.5	396	194	2	1	395	1	395	1.42e-127	373
NZ_LN831024.1_2312	STM_v1_0.STM2776	38.3	266	155	5	45	304	47	309	5.76e-44	152
NZ_LN831024.1_2313	iYL1228.KPN_00602	63.7	714	245	5	38	746	38	742	0.0	912
NZ_LN831024.1_2313	STM_v1_0.STM0585	62.8	721	250	6	38	746	37	751	0.0	900
NZ_LN831024.1_2313	iSDY_1059.SDY_0512	61.3	720	262	5	38	746	33	746	6.66e-319	886
NZ_LN831024.1_2313	iML1515.b0584	61.1	720	263	5	38	746	33	746	1.78e-318	885
NZ_LN831024.1_2313	iSF_1195.SF0496	61.0	720	264	5	38	746	33	746	5.18e-318	884
NZ_LN831024.1_2313	iSbBS512_1146.SbBS512_E0485	61.0	720	264	5	38	746	33	746	1.47e-317	883
NZ_LN831024.1_2313	iSSON_1240.SSON_0534	61.0	720	264	5	38	746	33	746	1.47e-317	883
NZ_LN831024.1_2314	iAF987.Gmet_0043	31.8	88	53	2	347	427	162	249	1.00e-07	53.9
NZ_LN831024.1_2315	iAF987.Gmet_2999	30.8	146	98	1	11	153	8	153	7.49e-17	78.2
NZ_LN831024.1_2319	iMM904.YKL218C	68.1	317	101	0	4	320	3	319	3.16e-158	444
NZ_LN831024.1_2319	iCN718.ABAYE_RS05860	67.9	315	101	0	4	318	6	320	1.58e-157	442
NZ_LN831024.1_2322	iJN1463.PP_3606	68.6	322	101	0	1	322	1	322	6.72e-144	408
NZ_LN831024.1_2323	iJN1463.PP_2545	26.2	233	159	8	4	228	10	237	4.10e-05	43.5
NZ_LN831024.1_2324	iJN1463.PP_1778	28.5	246	174	2	23	267	20	264	2.88e-19	84.3
NZ_LN831024.1_2336	iJN1463.PP_2341	83.9	118	19	0	1	118	1	118	2.62e-82	236
NZ_LN831024.1_2338	iJN1463.PP_0808	71.2	392	113	0	1	392	1	392	1.14e-209	580
NZ_LN831024.1_2346	iAF987.Gmet_1919	28.7	150	106	1	3	151	5	154	6.55e-12	63.5
NZ_LN831024.1_2346	iAF987.Gmet_1914	32.1	106	72	0	2	107	3	108	2.95e-10	58.9
NZ_LN831024.1_2354	iYL1228.KPN_02641	28.4	109	78	0	64	172	53	161	4.54e-04	40.4
NZ_LN831024.1_2355	iJN1463.PP_4131	75.1	490	117	2	1	486	1	489	1.43e-253	699
NZ_LN831024.1_2356	iJN1463.PP_4130	80.9	507	97	0	1	507	1	507	2.79e-297	812
NZ_LN831024.1_2356	iPC815.YPO2544	74.9	502	124	2	1	502	1	500	5.64e-269	740
NZ_LN831024.1_2357	iJN1463.PP_4129	83.3	615	103	0	1	615	1	615	0.0	1016
NZ_LN831024.1_2358	iJN1463.PP_4128	91.2	102	9	0	1	102	1	102	8.44e-58	172
NZ_LN831024.1_2359	iJN1463.PP_4127	75.3	166	41	0	1	166	1	166	1.05e-79	233
NZ_LN831024.1_2360	iJN1463.PP_4126	91.8	182	15	0	1	182	1	182	2.99e-112	317
NZ_LN831024.1_2361	iJN1463.PP_4125	83.2	327	54	1	1	327	1	326	4.84e-202	556
NZ_LN831024.1_2362	iJN1463.PP_4124	81.2	905	169	1	1	905	1	904	0.0	1484
NZ_LN831024.1_2363	iJN1463.PP_4123	89.4	443	47	0	1	443	1	443	1.94e-304	825
NZ_LN831024.1_2364	iJN1463.PP_4122	91.4	163	14	0	4	166	3	165	1.13e-108	306
NZ_LN831024.1_2365	iJN1463.PP_4121	87.0	593	77	0	1	593	1	593	0.0	1099
NZ_LN831024.1_2365	iPC815.YPO2553	78.5	578	124	0	16	593	21	598	0.0	993
NZ_LN831024.1_2366	iJN1463.PP_4120	92.4	225	17	0	1	225	1	225	7.51e-159	438
NZ_LN831024.1_2367	iJN1463.PP_4119	83.2	137	23	0	1	137	1	137	2.07e-79	230
NZ_LN831024.1_2370	iCN718.ABAYE_RS13900	74.8	532	131	2	1	530	1	531	4.61e-289	793
NZ_LN831024.1_2373	iCN718.ABAYE_RS03670	43.6	133	75	0	5	137	3	135	2.01e-31	108
NZ_LN831024.1_2375	iJN1463.PP_4016	87.5	456	57	0	1	456	1	456	1.79e-289	788
NZ_LN831024.1_2379	iML1515.b1134	41.5	142	81	2	5	146	4	143	1.83e-25	94.7
NZ_LN831024.1_2379	iSDY_1059.SDY_2018	41.5	142	81	2	5	146	4	143	1.83e-25	94.7
NZ_LN831024.1_2379	iSF_1195.SF1153	41.5	142	81	2	5	146	4	143	1.83e-25	94.7
NZ_LN831024.1_2379	iSSON_1240.SSON_1152	40.8	142	82	2	5	146	4	143	7.28e-25	93.2
NZ_LN831024.1_2379	iSbBS512_1146.SbBS512_E1312	40.1	142	83	2	5	146	4	143	1.15e-23	90.1
NZ_LN831024.1_2379	STM_v1_0.STM1235	39.3	140	83	2	5	144	4	141	1.28e-22	87.4
NZ_LN831024.1_2380	iCN718.ABAYE_RS05415	68.5	739	231	2	4	740	5	743	0.0	1022
NZ_LN831024.1_2380	iEK1008.Rv0066c	67.7	736	236	2	7	740	8	743	0.0	1003
NZ_LN831024.1_2380	iJN1463.PP_4012	66.3	741	249	1	1	740	1	741	0.0	956
NZ_LN831024.1_2381	iJN1463.PP_4011	89.5	418	44	0	26	443	1	418	2.27e-277	755
NZ_LN831024.1_2384	iCN900.CD630_20200	37.3	869	398	13	6	746	10	859	9.27e-175	523
NZ_LN831024.1_2388	iPC815.YPO1374	75.8	314	76	0	1	314	1	314	5.38e-173	481
NZ_LN831024.1_2388	iJN1463.PP_0786	75.2	314	77	1	1	314	1	313	3.61e-171	477
NZ_LN831024.1_2388	iCN718.ABAYE_RS14635	72.8	313	85	0	3	315	2	314	1.92e-167	467
NZ_LN831024.1_2388	iCN718.ABAYE_RS18170	72.4	312	86	0	3	314	2	313	8.40e-167	466
NZ_LN831024.1_2388	iSF_1195.SF0847	71.7	315	88	1	1	314	1	315	4.57e-165	461
NZ_LN831024.1_2388	iML1515.b0888	71.7	315	88	1	1	314	1	315	6.49e-165	461
NZ_LN831024.1_2388	iSDY_1059.SDY_2373	71.7	315	88	1	1	314	1	315	6.49e-165	461
NZ_LN831024.1_2388	iSSON_1240.SSON_0889	71.7	315	88	1	1	314	1	315	6.49e-165	461
NZ_LN831024.1_2388	STM_v1_0.STM0958	71.7	315	88	1	1	314	1	315	9.55e-165	461
NZ_LN831024.1_2388	iSbBS512_1146.SbBS512_E2441	71.4	315	89	1	1	314	1	315	5.31e-164	459
NZ_LN831024.1_2388	iYL1228.KPN_00920	70.5	315	92	1	1	314	10	324	1.45e-161	453
NZ_LN831024.1_2388	iAF987.Gmet_3070	70.5	312	91	1	3	314	2	312	1.55e-157	442
NZ_LN831024.1_2392	iJN1463.PP_4000	86.4	425	58	0	1	425	1	425	4.33e-268	731
NZ_LN831024.1_2393	iJN1463.PP_3999	78.1	462	100	1	1	462	1	461	1.62e-259	712
NZ_LN831024.1_2395	iNF517.LLMG_RS05245	27.3	231	163	4	26	252	12	241	1.63e-12	67.0
NZ_LN831024.1_2395	iHN637.CLJU_RS07885	23.1	303	218	7	27	316	14	314	5.39e-12	65.5
NZ_LN831024.1_2395	iJN1463.PP_0421	26.6	305	190	8	24	317	12	293	2.50e-11	63.5
NZ_LN831024.1_2401	iCN900.CD630_15350	35.6	104	63	3	61	162	87	188	1.48e-06	49.7
NZ_LN831024.1_2404	iJN1463.PP_3219	51.7	360	162	4	1	353	1	355	4.24e-113	333
NZ_LN831024.1_2405	iSF_1195.SF0935	32.1	305	202	3	1	300	13	317	9.84e-36	131
NZ_LN831024.1_2405	iYL1228.KPN_00972	32.5	292	192	3	14	300	13	304	1.05e-35	130
NZ_LN831024.1_2405	iML1515.b0936	33.6	247	163	1	55	300	57	303	1.43e-35	130
NZ_LN831024.1_2405	iJN1463.PP_0237	30.1	309	210	3	3	307	6	312	5.69e-35	129
NZ_LN831024.1_2405	iCN718.ABAYE_RS19045	27.7	253	181	1	55	305	71	323	8.99e-35	128
NZ_LN831024.1_2405	iSbBS512_1146.SbBS512_E2382	33.2	247	164	1	55	300	71	317	1.42e-34	128
NZ_LN831024.1_2405	iSDY_1059.SDY_2320	32.2	289	189	4	18	300	16	303	1.86e-34	127
NZ_LN831024.1_2405	iSSON_1240.SSON_0939	31.8	305	203	3	1	300	13	317	1.97e-34	127
NZ_LN831024.1_2405	iPC815.YPO3624	32.1	249	168	1	55	302	72	320	1.11e-30	118
NZ_LN831024.1_2406	iJN1463.PP_3219	53.3	368	158	4	1	359	1	363	3.79e-126	366
NZ_LN831024.1_2407	iYO844.BSU04520	32.7	367	229	5	13	372	15	370	5.55e-51	174
NZ_LN831024.1_2407	iYS854.USA300HOU_RS12370	31.5	356	223	5	26	374	33	374	1.36e-47	166
NZ_LN831024.1_2408	iJN1463.PP_0237	35.4	297	188	1	8	300	10	306	1.94e-48	164
NZ_LN831024.1_2408	iML1515.b0936	37.1	299	179	4	8	300	9	304	1.99e-47	162
NZ_LN831024.1_2408	iSF_1195.SF0935	37.1	299	179	4	8	300	23	318	2.82e-47	162
NZ_LN831024.1_2408	iCN718.ABAYE_RS19045	33.8	278	177	3	29	300	43	319	2.62e-46	159
NZ_LN831024.1_2408	iYL1228.KPN_00972	37.5	299	178	4	8	300	10	305	3.09e-46	159
NZ_LN831024.1_2408	iSSON_1240.SSON_0939	36.8	299	180	4	8	300	23	318	5.96e-46	158
NZ_LN831024.1_2408	iSDY_1059.SDY_2320	35.8	299	183	4	8	300	9	304	3.02e-45	156
NZ_LN831024.1_2408	iSbBS512_1146.SbBS512_E2382	36.1	299	182	4	8	300	23	318	6.38e-45	155
NZ_LN831024.1_2409	iJN1463.PP_0237	34.0	291	181	4	15	300	23	307	7.17e-45	155
NZ_LN831024.1_2409	iCN718.ABAYE_RS19040	35.0	294	183	4	13	300	24	315	1.66e-42	149
NZ_LN831024.1_2409	iCN718.ABAYE_RS19045	32.9	280	181	3	26	300	43	320	1.01e-41	147
NZ_LN831024.1_2409	iYL1228.KPN_00972	33.7	297	189	4	9	300	13	306	1.89e-39	140
NZ_LN831024.1_2410	iJN1463.PP_0237	47.5	318	161	6	1	317	1	313	5.09e-92	276
NZ_LN831024.1_2412	iJN1463.PP_0873	50.1	349	173	1	19	367	12	359	2.37e-127	369
NZ_LN831024.1_2412	iJN1463.PP_5341	48.4	345	178	0	23	367	23	367	1.54e-122	357
NZ_LN831024.1_2412	iYL1228.KPN_00885	48.1	351	181	1	17	366	19	369	3.41e-122	357
NZ_LN831024.1_2412	iJN1463.PP_5180	49.0	351	177	2	16	366	15	363	7.38e-120	350
NZ_LN831024.1_2412	iML1515.b0854	46.9	343	181	1	25	366	27	369	2.56e-119	349
NZ_LN831024.1_2412	iSbBS512_1146.SbBS512_E2477	46.9	343	181	1	25	366	27	369	2.56e-119	349
NZ_LN831024.1_2412	iSSON_1240.SSON_0839	46.9	343	181	1	25	366	27	369	2.56e-119	349
NZ_LN831024.1_2412	iSF_1195.SF0808	46.9	343	181	1	25	366	27	369	3.63e-119	349
NZ_LN831024.1_2412	iSDY_1059.SDY_0741	46.4	343	183	1	25	366	27	369	1.46e-118	347
NZ_LN831024.1_2412	iPC815.YPO1331	47.9	349	181	1	19	366	20	368	4.02e-118	346
NZ_LN831024.1_2412	STM_v1_0.STM0877	45.7	357	188	2	11	366	18	369	3.36e-117	344
NZ_LN831024.1_2413	iEK1008.Rv0386	43.1	51	29	0	202	252	1027	1077	4.66e-06	47.4
NZ_LN831024.1_2414	iJN1463.PP_2193	29.7	236	138	7	45	278	58	267	2.46e-14	77.0
NZ_LN831024.1_2414	iML1515.b2155	22.2	742	410	28	134	843	32	638	2.76e-14	76.6
NZ_LN831024.1_2414	iSSON_1240.SSON_2211	22.2	742	410	28	134	843	32	638	2.76e-14	76.6
NZ_LN831024.1_2414	iYL1228.KPN_02593	23.1	566	309	23	134	675	13	476	4.63e-14	75.9
NZ_LN831024.1_2414	STM_v1_0.STM2199	20.6	606	352	17	148	734	45	540	1.90e-13	73.9
NZ_LN831024.1_2415	iAF987.Gmet_3221	25.1	382	232	14	43	396	47	402	1.72e-11	65.1
NZ_LN831024.1_2415	iCHOv1.100757367	25.3	312	191	8	13	296	16	313	5.86e-10	60.5
NZ_LN831024.1_2417	iYS854.USA300HOU_RS12480	27.6	366	255	7	1	363	1	359	4.64e-31	121
NZ_LN831024.1_2418	iJN1463.PP_1494	31.9	116	74	3	4	116	20	133	1.55e-07	50.4
NZ_LN831024.1_2418	iAF987.Gmet_1919	24.4	123	91	2	4	126	5	125	1.28e-06	47.8
NZ_LN831024.1_2420	iJN1463.PP_4097	83.9	186	30	0	1	186	1	186	1.68e-104	297
NZ_LN831024.1_2421	iAF987.Gmet_0043	26.2	397	255	14	556	943	20	387	6.55e-18	88.2
NZ_LN831024.1_2424	iYL1228.KPN_03442	64.8	193	68	0	1	193	1	193	2.63e-96	277
NZ_LN831024.1_2424	iML1515.b3028	64.2	193	69	0	1	193	1	193	5.88e-93	269
NZ_LN831024.1_2424	iSbBS512_1146.SbBS512_E3461	64.2	193	69	0	1	193	1	193	5.88e-93	269
NZ_LN831024.1_2424	iSDY_1059.SDY_3212	63.7	193	70	0	1	193	1	193	1.68e-92	268
NZ_LN831024.1_2424	iSSON_1240.SSON_3166	63.7	193	70	0	1	193	1	193	3.39e-92	267
NZ_LN831024.1_2424	STM_v1_0.STM3179	63.5	192	70	0	1	192	1	192	6.83e-92	266
NZ_LN831024.1_2424	iSF_1195.SF3068	62.7	193	72	0	1	193	1	193	3.22e-90	262
NZ_LN831024.1_2424	iPC815.YPO0670	60.6	188	74	0	1	188	1	188	6.39e-88	256
NZ_LN831024.1_2425	iCHOv1.100768126	29.6	341	155	9	32	287	43	383	6.70e-29	113
NZ_LN831024.1_2425	iMM1415.56720	30.4	342	151	10	32	287	42	382	9.15e-29	113
NZ_LN831024.1_2428	iYL1228.KPN_01622	27.3	275	169	10	44	299	37	299	3.53e-06	47.4
NZ_LN831024.1_2430	iCN718.ABAYE_RS10300	38.4	315	183	4	57	367	69	376	1.11e-67	219
NZ_LN831024.1_2432	iAF987.Gmet_3476	31.3	432	284	7	17	442	12	436	6.76e-58	196
NZ_LN831024.1_2437	iAF987.Gmet_0987	33.1	432	264	9	169	586	364	784	7.91e-64	223
NZ_LN831024.1_2437	iAF987.Gmet_3085	32.1	421	274	8	169	581	463	879	1.61e-61	218
NZ_LN831024.1_2437	iAF987.Gmet_0782	32.8	430	272	10	167	586	303	725	1.65e-61	216
NZ_LN831024.1_2437	iAF987.Gmet_0700	32.6	432	280	8	162	586	391	818	2.30e-60	214
NZ_LN831024.1_2437	iJN1463.PP_0914	32.7	453	296	8	141	587	235	684	2.13e-59	209
NZ_LN831024.1_2437	iAF987.Gmet_0957	31.6	452	287	9	143	581	173	615	2.91e-58	205
NZ_LN831024.1_2439	iYO844.BSU01580	57.9	477	196	3	4	480	6	477	2.33e-177	506
NZ_LN831024.1_2446	iSynCJ816.SGL_RS13435	38.3	222	135	2	4	223	5	226	2.29e-45	150
NZ_LN831024.1_2447	iJN1463.PP_4063	78.0	554	122	0	1	554	1	554	0.0	891
NZ_LN831024.1_2449	iJN1463.PP_2213	69.7	544	159	1	1	544	14	551	6.56e-276	762
NZ_LN831024.1_2449	iCN718.ABAYE_RS18700	62.4	548	206	0	1	548	1	548	3.65e-258	716
NZ_LN831024.1_2450	iJN1463.PP_2214	70.6	255	75	0	1	255	1	255	1.42e-118	338
NZ_LN831024.1_2451	iJN1463.PP_2215	73.8	393	103	0	4	396	5	397	1.03e-207	576
NZ_LN831024.1_2452	iJN1463.PP_2216	77.3	375	85	0	1	375	1	375	5.26e-211	582
NZ_LN831024.1_2454	iJN1463.PP_2437	89.5	409	43	0	1	409	6	414	1.01e-277	754
NZ_LN831024.1_2457	iAF692.Mbar_A1778	31.1	225	147	6	102	325	81	298	7.31e-26	106
NZ_LN831024.1_2459	iCHOv1.100763022	26.3	133	86	4	8	133	53	180	1.21e-07	48.1
NZ_LN831024.1_2459	iMM1415.73724	26.3	133	86	4	8	133	49	176	1.54e-06	45.1
NZ_LN831024.1_2468	iAF987.Gmet_1613	35.8	95	57	3	109	203	734	824	5.39e-09	55.1
NZ_LN831024.1_2468	iLJ478.TM1693	28.4	176	106	6	13	181	53	215	1.06e-07	50.4
NZ_LN831024.1_2469	iPC815.YPO2816	44.9	305	156	9	10	310	13	309	5.18e-76	234
NZ_LN831024.1_2470	iYO844.BSU39780	34.6	318	192	6	1	311	1	309	5.26e-50	168
NZ_LN831024.1_2470	iYO844.BSU09530	34.9	292	183	5	1	289	1	288	1.94e-43	152
NZ_LN831024.1_2472	iCN900.CD630_22760	50.7	436	211	2	15	449	14	446	4.23e-137	401
NZ_LN831024.1_2472	iAF692.Mbar_A2656	49.9	411	203	2	42	449	6	416	2.05e-122	362
NZ_LN831024.1_2473	iAT_PLT_636.10935	28.8	139	84	5	18	145	63	197	1.80e-07	48.9
NZ_LN831024.1_2473	iMM1415.11757	28.8	139	84	5	18	145	64	198	1.80e-07	48.9
NZ_LN831024.1_2474	iYO844.BSU22620	28.8	326	228	2	44	365	34	359	9.04e-37	136
NZ_LN831024.1_2474	iEK1008.Rv3772	32.2	320	208	5	44	358	27	342	4.05e-33	126
NZ_LN831024.1_2477	iML1515.b0463	31.9	342	222	3	64	396	40	379	7.53e-44	157
NZ_LN831024.1_2477	iSF_1195.SF0408	31.9	342	222	3	64	396	40	379	1.46e-43	156
NZ_LN831024.1_2477	iSDY_1059.SDY_0456	31.9	342	222	3	64	396	40	379	2.03e-43	156
NZ_LN831024.1_2477	iSSON_1240.SSON_0450	31.6	342	223	3	64	396	40	379	2.03e-43	156
NZ_LN831024.1_2477	iPC815.YPO3132	31.9	345	224	3	61	396	38	380	2.74e-42	153
NZ_LN831024.1_2478	iJN1463.PP_3426	30.7	1070	695	16	1	1035	1	1059	2.30e-130	421
NZ_LN831024.1_2479	iJN1463.PP_3426	30.1	1062	701	17	1	1031	1	1052	5.65e-121	396
NZ_LN831024.1_2479	iML1515.b0462	30.2	1036	687	16	7	1015	5	1031	1.68e-116	384
NZ_LN831024.1_2479	iML1515.b3266	30.2	1036	686	19	7	1015	5	1030	2.35e-114	377
NZ_LN831024.1_2479	iSSON_1240.SSON_2550	29.7	1044	679	19	7	1015	5	1028	1.74e-112	372
NZ_LN831024.1_2479	iSF_1195.SF2512	29.8	1042	681	18	7	1015	5	1028	4.62e-112	371
NZ_LN831024.1_2479	iML1515.b2470	29.8	1042	681	18	7	1015	5	1028	8.88e-112	370
NZ_LN831024.1_2479	iJN1463.PP_1385	30.2	1047	672	19	7	1016	5	1029	1.13e-111	370
NZ_LN831024.1_2479	iSDY_1059.SDY_2654	29.8	1044	678	19	7	1015	5	1028	1.70e-111	370
NZ_LN831024.1_2479	STM_v1_0.STM3391	29.6	1045	681	22	7	1015	5	1030	2.25e-109	364
NZ_LN831024.1_2479	iYL1228.KPN_03673	28.8	1040	694	19	7	1015	5	1029	3.05e-109	363
NZ_LN831024.1_2480	iYL1228.KPN_04739	27.6	475	317	5	7	475	42	495	1.16e-45	166
NZ_LN831024.1_2480	iSF_1195.SF0473	27.4	474	318	5	7	475	6	458	1.12e-44	162
NZ_LN831024.1_2480	iJN1463.PP_3427	30.7	489	298	12	4	480	8	467	1.82e-43	159
NZ_LN831024.1_2480	iML1515.b0572	27.1	473	319	6	7	474	6	457	9.89e-43	157
NZ_LN831024.1_2480	iSSON_1240.SSON_0523	27.0	474	320	6	7	475	6	458	1.44e-42	157
NZ_LN831024.1_2480	iJN1463.PP_1384	26.7	476	334	6	4	475	2	466	2.05e-41	154
NZ_LN831024.1_2482	iAF987.Gmet_0043	27.7	271	157	9	227	470	11	269	2.02e-12	68.9
NZ_LN831024.1_2483	iAF987.Gmet_0069	41.1	90	50	1	30	116	34	123	4.01e-14	69.7
NZ_LN831024.1_2483	iAF987.Gmet_1914	33.0	106	70	1	2	106	3	108	1.81e-12	65.5
NZ_LN831024.1_2483	iAF987.Gmet_2999	34.5	116	73	1	3	115	10	125	1.27e-11	62.8
NZ_LN831024.1_2484	iJN1463.PP_0045	49.0	406	200	2	16	421	17	415	3.34e-109	328
NZ_LN831024.1_2484	iJN1463.PP_2408	50.4	403	188	5	21	421	18	410	4.02e-108	325
NZ_LN831024.1_2485	iJN1463.PP_0044	59.4	340	138	0	145	484	77	416	6.08e-131	385
NZ_LN831024.1_2485	iJN1463.PP_2409	59.8	343	135	1	142	484	65	404	1.71e-127	376
NZ_LN831024.1_2486	iJN1463.PP_0043	77.9	1043	227	1	1	1040	1	1043	0.0	1565
NZ_LN831024.1_2486	iJN1463.PP_2410	77.5	1043	232	1	1	1040	1	1043	0.0	1533
NZ_LN831024.1_2488	iJN1463.PP_3161	81.7	443	80	1	1	443	1	442	4.23e-289	786
NZ_LN831024.1_2489	iJN1463.PP_3162	79.0	162	33	1	1	162	1	161	2.77e-98	280
NZ_LN831024.1_2490	iJN1463.PP_3163	77.1	336	77	0	1	336	1	336	2.15e-193	535
NZ_LN831024.1_2491	iJN1463.PP_3164	78.7	253	54	0	1	253	1	253	6.03e-140	392
NZ_LN831024.1_2492	iJN1463.PP_3163	42.9	340	189	5	1	339	1	336	2.63e-93	281
NZ_LN831024.1_2492	iYL1228.KPN_01870	43.2	340	184	7	1	338	1	333	6.19e-84	257
NZ_LN831024.1_2493	iCN718.ABAYE_RS09740	55.2	163	73	0	1	163	1	163	2.08e-66	199
NZ_LN831024.1_2494	iCN718.ABAYE_RS09735	74.6	460	117	0	4	463	2	461	1.46e-273	748
NZ_LN831024.1_2497	iJN1463.PP_3715	72.9	373	101	0	1	373	1	373	2.04e-193	538
NZ_LN831024.1_2498	iJN1463.PP_3714	85.4	96	14	0	1	96	1	96	3.29e-59	176
NZ_LN831024.1_2499	iJN1463.PP_3713	76.5	310	73	0	1	310	1	310	4.79e-177	491
NZ_LN831024.1_2501	iJN1463.PP_3630	62.2	444	158	4	13	448	6	447	5.22e-198	555
NZ_LN831024.1_2506	iJN1463.PP_3751	65.6	381	131	0	25	405	7	387	8.22e-175	493
NZ_LN831024.1_2507	iCN718.ABAYE_RS12080	55.3	152	66	1	2	151	3	154	7.00e-54	167
NZ_LN831024.1_2511	iJN1463.PP_3427	78.5	451	96	1	21	470	14	464	5.17e-241	666
NZ_LN831024.1_2512	iJN1463.PP_3426	88.8	1062	116	2	1	1062	1	1059	0.0	1800
NZ_LN831024.1_2513	iJN1463.PP_3425	70.9	416	116	4	1	414	1	413	2.53e-193	541
NZ_LN831024.1_2515	iJN1463.PP_0072	36.8	253	151	5	1	251	1	246	4.16e-28	111
NZ_LN831024.1_2515	iEK1008.Rv3777	26.6	319	226	2	19	337	18	328	3.70e-24	100
NZ_LN831024.1_2516	STM_v1_0.STM3186	22.4	201	151	1	25	220	231	431	3.80e-07	49.7
NZ_LN831024.1_2526	iSynCJ816.SGL_RS06885	35.7	221	131	5	39	255	460	673	2.00e-35	134
NZ_LN831024.1_2528	iAF987.Gmet_0069	36.0	114	69	2	3	112	5	118	1.73e-12	65.1
NZ_LN831024.1_2528	iAF987.Gmet_1914	35.2	105	68	0	3	107	4	108	1.15e-11	63.2
NZ_LN831024.1_2529	iJN1463.PP_4235	66.6	589	177	4	1	587	1	571	5.78e-259	721
NZ_LN831024.1_2530	iML1515.b2582	31.1	90	59	2	143	231	39	126	7.53e-05	41.6
NZ_LN831024.1_2530	iSbBS512_1146.SbBS512_E2954	31.1	90	59	2	143	231	39	126	7.53e-05	41.6
NZ_LN831024.1_2530	iSDY_1059.SDY_2825	31.1	90	59	2	143	231	39	126	7.53e-05	41.6
NZ_LN831024.1_2530	iSF_1195.SF2644	31.1	90	59	2	143	231	39	126	7.53e-05	41.6
NZ_LN831024.1_2530	iSSON_1240.SSON_2708	31.1	90	59	2	143	231	39	126	7.53e-05	41.6
NZ_LN831024.1_2530	STM_v1_0.STM2649	32.8	64	42	1	143	205	39	102	2.57e-04	40.0
NZ_LN831024.1_2530	iJN1463.PP_5069	27.6	76	54	1	158	233	58	132	6.90e-04	38.9
NZ_LN831024.1_2530	iPC815.YPO3270	38.1	42	26	0	143	184	39	80	9.49e-04	38.5
NZ_LN831024.1_2531	iJN1463.PP_4237	68.0	247	78	1	10	256	7	252	7.97e-113	324
NZ_LN831024.1_2532	iEK1008.Rv3518c	31.1	392	240	9	47	434	25	390	2.02e-37	140
NZ_LN831024.1_2533	iAF987.Gmet_2127	27.2	224	144	6	83	295	84	299	1.34e-18	84.0
NZ_LN831024.1_2534	iCN718.ABAYE_RS00890	45.5	211	113	2	1	211	1	209	4.69e-57	179
NZ_LN831024.1_2534	iJN1463.PP_4619	44.3	210	113	2	1	210	1	206	1.46e-50	162
NZ_LN831024.1_2535	iJN1463.PP_1376	49.2	425	215	1	10	433	12	436	2.88e-130	383
NZ_LN831024.1_2536	iCHOv1.100766004	37.7	207	124	3	25	231	15	216	2.38e-42	142
NZ_LN831024.1_2541	iJN1463.PP_0160	61.1	809	307	2	19	820	21	828	0.0	1010
NZ_LN831024.1_2549	iYL1228.KPN_02641	28.3	106	72	2	47	152	53	154	1.11e-04	42.4
NZ_LN831024.1_2549	STM_v1_0.STM2276	27.4	106	73	2	47	152	53	154	2.67e-04	41.2
NZ_LN831024.1_2549	iML1515.b2232	28.6	105	71	2	47	151	53	153	4.76e-04	40.4
NZ_LN831024.1_2549	iSbBS512_1146.SbBS512_E2607	28.6	105	71	2	47	151	53	153	4.76e-04	40.4
NZ_LN831024.1_2549	iSDY_1059.SDY_2424	28.6	105	71	2	47	151	53	153	4.76e-04	40.4
NZ_LN831024.1_2549	iSF_1195.SF2312	28.6	105	71	2	47	151	53	153	4.76e-04	40.4
NZ_LN831024.1_2549	iSSON_1240.SSON_2290	28.6	105	71	2	47	151	53	153	4.76e-04	40.4
NZ_LN831024.1_2551	iSSON_1240.SSON_0535	29.5	373	224	11	172	519	4	362	2.90e-35	135
NZ_LN831024.1_2551	iSbBS512_1146.SbBS512_E0486	29.0	397	238	14	149	519	10	388	1.65e-34	134
NZ_LN831024.1_2551	iSDY_1059.SDY_0513	29.1	374	224	12	172	519	4	362	1.30e-33	130
NZ_LN831024.1_2551	iSF_1195.SF0497	28.7	397	239	14	149	519	10	388	2.80e-33	130
NZ_LN831024.1_2551	iML1515.b0585	28.2	397	241	14	149	519	10	388	1.84e-32	128
NZ_LN831024.1_2551	iYL1228.KPN_00603	31.3	348	211	11	178	519	46	371	1.86e-32	127
NZ_LN831024.1_2554	iYL1228.KPN_00792	33.6	110	55	4	30	126	13	117	3.22e-05	46.2
NZ_LN831024.1_2554	iYL1228.KPN_01791	29.9	87	44	1	510	579	350	436	4.46e-05	45.8
NZ_LN831024.1_2556	iJN1463.PP_0989	69.3	127	39	0	1	127	1	127	5.32e-59	177
NZ_LN831024.1_2557	iJN1463.PP_0988	84.3	949	148	1	10	958	3	950	0.0	1594
NZ_LN831024.1_2558	iJN1463.PP_0322	87.3	416	53	0	1	416	1	416	4.54e-268	730
NZ_LN831024.1_2558	iJN1463.PP_0671	78.7	418	88	1	1	418	1	417	9.61e-240	659
NZ_LN831024.1_2559	iJN1463.PP_0987	85.4	458	67	0	12	469	1	458	3.58e-286	780
NZ_LN831024.1_2560	iJN1463.PP_0986	79.6	372	75	1	3	373	2	373	2.49e-208	575
NZ_LN831024.1_2567	iJN1463.PP_5139	34.9	579	347	11	83	640	180	749	7.77e-72	246
NZ_LN831024.1_2567	iYO844.BSU33490	30.8	561	359	9	101	642	150	700	8.57e-70	240
NZ_LN831024.1_2567	iJN1463.PP_0041	33.7	584	336	10	99	641	88	661	2.18e-68	235
NZ_LN831024.1_2567	iSynCJ816.SGL_RS16085	31.7	630	376	14	47	640	30	641	2.67e-67	232
NZ_LN831024.1_2567	iSynCJ816.SGL_RS16100	31.3	524	345	7	101	611	174	695	2.86e-66	231
NZ_LN831024.1_2567	iML1515.b3469	32.5	585	368	13	72	640	157	730	8.99e-66	229
NZ_LN831024.1_2567	iSSON_1240.SSON_3707	32.3	585	369	13	72	640	157	730	1.71e-65	229
NZ_LN831024.1_2567	iSbBS512_1146.SbBS512_E3853	32.3	585	369	13	72	640	157	730	3.26e-65	228
NZ_LN831024.1_2567	iSSON_1240.SSON_0473	31.6	598	366	10	83	642	239	831	1.82e-64	228
NZ_LN831024.1_2567	iSF_1195.SF3487	32.1	585	370	13	72	640	157	730	6.21e-65	227
NZ_LN831024.1_2567	iYO844.BSU13850	31.6	564	342	10	102	640	93	637	1.69e-65	227
NZ_LN831024.1_2567	iSDY_1059.SDY_3620	32.1	585	370	13	72	640	157	730	3.10e-64	225
NZ_LN831024.1_2567	STM_v1_0.STM0498	32.4	537	337	9	128	642	298	830	1.66e-63	225
NZ_LN831024.1_2567	iSbBS512_1146.SbBS512_E0419	30.6	599	371	10	83	642	239	831	1.68e-63	225
NZ_LN831024.1_2567	iYL1228.KPN_00464	29.9	613	357	11	83	642	256	848	1.35e-62	223
NZ_LN831024.1_2567	iSF_1195.SF0429	30.6	599	371	10	83	642	239	831	2.10e-62	222
NZ_LN831024.1_2571	iML1515.b3240	22.5	546	362	10	21	547	13	516	1.82e-20	95.9
NZ_LN831024.1_2573	iML1515.b3241	34.3	321	178	5	1	319	1	290	7.28e-47	160
NZ_LN831024.1_2575	iAF987.Gmet_1092	35.1	191	113	1	79	258	72	262	1.15e-32	122
NZ_LN831024.1_2578	iEK1008.Rv2383c	29.1	223	146	7	13	230	1194	1409	1.31e-18	84.7
NZ_LN831024.1_2578	iCHOv1.100755723	24.6	228	164	6	3	225	23	247	1.17e-18	82.4
NZ_LN831024.1_2579	iJN1463.PP_4243	70.5	4358	1228	22	1	4342	1	4317	0.0	5974
NZ_LN831024.1_2592	iAF987.Gmet_2107	34.1	276	153	8	44	306	50	309	9.90e-35	127
NZ_LN831024.1_2593	iJN1463.PP_0799	43.8	434	227	6	44	472	23	444	6.38e-121	360
NZ_LN831024.1_2597	STM_v1_0.STM1796	59.6	495	199	1	50	543	47	541	4.24e-209	592
NZ_LN831024.1_2597	iML1515.b1197	57.8	495	208	1	50	543	40	534	8.25e-203	576
NZ_LN831024.1_2597	iYL1228.KPN_02303	57.7	496	209	1	49	543	44	539	4.07e-202	575
NZ_LN831024.1_2597	iSDY_1059.SDY_1246	57.6	495	209	1	50	543	40	534	1.34e-201	573
NZ_LN831024.1_2597	iSF_1195.SF1200	57.2	495	211	1	50	543	40	534	3.10e-200	570
NZ_LN831024.1_2599	iCN718.ABAYE_RS07200	52.7	433	186	6	12	434	10	433	1.28e-156	450
NZ_LN831024.1_2600	iJN1463.PP_4223	84.0	445	71	0	23	467	5	449	4.57e-276	754
NZ_LN831024.1_2601	iEK1008.Rv2377c	47.0	66	35	0	2	67	3	68	1.79e-18	71.2
NZ_LN831024.1_2602	iEK1008.Rv2383c	29.2	233	156	6	5	234	1187	1413	9.68e-19	85.1
NZ_LN831024.1_2604	iJN1463.PP_3803	86.9	297	39	0	4	300	2	298	6.98e-167	464
NZ_LN831024.1_2605	iJN1463.PP_3802	76.7	249	57	1	1	249	1	248	1.57e-131	371
NZ_LN831024.1_2606	iJN1463.PP_3801	78.5	298	64	0	20	317	3	300	2.60e-157	441
NZ_LN831024.1_2611	iJN1463.PP_4243	49.3	1514	719	19	52	1530	1721	3220	0.0	1309
NZ_LN831024.1_2612	iJN1463.PP_4243	41.5	2636	1374	57	34	2579	1758	4315	0.0	1667
NZ_LN831024.1_2612	iJN1463.PP_4220	39.5	2641	1449	52	2	2574	56	2615	0.0	1524
NZ_LN831024.1_2613	iJN1463.PP_4219	40.7	4987	1391	26	20	4982	15	3458	0.0	3227
NZ_LN831024.1_2614	iEK1008.Rv2970c	42.9	247	132	5	56	297	109	351	4.81e-46	159
NZ_LN831024.1_2615	iJN1463.PP_0350	37.9	819	471	19	25	823	10	810	2.45e-162	491
NZ_LN831024.1_2615	iYL1228.KPN_00165	39.4	709	384	17	136	823	52	735	3.80e-156	473
NZ_LN831024.1_2615	iML1515.b0150	36.9	720	413	16	131	823	42	747	2.43e-150	458
NZ_LN831024.1_2615	iSF_1195.SF0142	37.1	720	412	16	131	823	42	747	3.42e-150	458
NZ_LN831024.1_2615	iSDY_1059.SDY_0166	36.7	720	415	16	131	823	42	747	1.05e-148	454
NZ_LN831024.1_2615	STM_v1_0.STM0191	37.0	708	411	13	131	823	42	729	1.73e-148	453
NZ_LN831024.1_2615	iSSON_1240.SSON_0162	36.8	712	407	14	131	823	42	729	9.58e-148	451
NZ_LN831024.1_2615	iSbBS512_1146.SbBS512_E0142	36.5	712	409	14	131	823	42	729	2.93e-146	447
NZ_LN831024.1_2616	iJN1463.PP_4216	64.3	546	194	1	1	546	1	545	1.94e-257	714
NZ_LN831024.1_2617	iYS854.USA300HOU_RS05340	29.0	145	71	7	140	280	66	182	1.08e-04	42.0
NZ_LN831024.1_2618	iJN1463.PP_4215	72.0	279	75	2	9	284	23	301	5.25e-151	424
NZ_LN831024.1_2619	iJN1463.PP_4214	64.0	430	147	3	1	426	1	426	2.40e-198	555
NZ_LN831024.1_2620	iJN1463.PP_4213	68.0	447	140	2	1	447	16	459	1.59e-224	623
NZ_LN831024.1_2621	iJN1463.PP_4212	62.8	541	196	2	1	541	1	536	5.27e-261	723
NZ_LN831024.1_2622	iJN1463.PP_4211	59.2	463	188	1	2	464	5	466	1.65e-169	485
NZ_LN831024.1_2623	iJN1463.PP_4210	74.8	656	159	3	9	663	4	654	0.0	930
NZ_LN831024.1_2624	iJN1463.PP_4209	68.8	391	119	3	1	389	1	390	2.52e-158	450
NZ_LN831024.1_2627	iJN1463.PP_3796	64.8	429	150	1	1	428	1	429	3.76e-203	568
NZ_LN831024.1_2631	iJN1463.PP_4736	44.6	377	205	3	3	377	2	376	8.63e-109	323
NZ_LN831024.1_2631	iSDY_1059.SDY_4038	43.4	378	212	2	3	379	2	378	2.25e-107	320
NZ_LN831024.1_2631	iML1515.b3605	43.4	378	212	2	3	379	2	378	3.18e-107	320
NZ_LN831024.1_2631	iSbBS512_1146.SbBS512_E4031	43.4	378	212	2	3	379	2	378	3.18e-107	320
NZ_LN831024.1_2631	iSF_1195.SF3644	43.4	378	212	2	3	379	2	378	3.18e-107	320
NZ_LN831024.1_2631	iSSON_1240.SSON_3800	43.4	378	212	2	3	379	2	378	3.18e-107	320
NZ_LN831024.1_2631	iYL1228.KPN_03949	43.5	379	212	2	3	380	2	379	4.22e-107	320
NZ_LN831024.1_2631	STM_v1_0.STM3694	43.1	376	212	2	3	377	2	376	8.22e-105	314
NZ_LN831024.1_2631	iPC815.YPO1569	42.4	375	214	2	3	376	2	375	1.16e-103	310
NZ_LN831024.1_2631	iCN718.ABAYE_RS18840	41.1	377	218	3	3	377	2	376	1.60e-101	305
NZ_LN831024.1_2634	iJN1463.PP_3947	45.6	147	80	0	2	148	5	151	1.13e-43	141
NZ_LN831024.1_2635	iJN1463.PP_3948	28.9	723	453	18	63	761	48	733	8.32e-62	225
NZ_LN831024.1_2638	iEK1008.Rv0386	32.9	70	47	0	132	201	1005	1074	7.90e-05	42.7
NZ_LN831024.1_2644	iCN900.CD630_20200	41.3	632	360	4	178	802	166	793	8.20e-151	464
NZ_LN831024.1_2649	iJN1463.PP_3099	61.1	471	183	0	19	489	25	495	1.34e-213	599
NZ_LN831024.1_2658	iJN1463.PP_2764	51.2	172	83	1	6	176	55	226	2.22e-50	162
NZ_LN831024.1_2659	iJN1463.PP_0238	70.1	378	107	2	1	376	3	376	1.10e-192	536
NZ_LN831024.1_2659	iYL1228.KPN_00971	67.5	378	120	1	1	378	3	377	8.61e-185	516
NZ_LN831024.1_2659	iPC815.YPO3625	67.5	378	121	1	1	378	3	378	8.92e-185	516
NZ_LN831024.1_2659	iML1515.b0935	66.9	378	122	1	1	378	3	377	1.22e-184	516
NZ_LN831024.1_2659	iSF_1195.SF0934	66.4	378	124	1	1	378	3	377	2.85e-183	513
NZ_LN831024.1_2660	iCHOv1.100774097	24.5	375	243	13	14	369	39	392	1.16e-14	74.7
NZ_LN831024.1_2660	iMM1415.11409	23.2	375	248	12	14	369	39	392	1.60e-12	68.2
NZ_LN831024.1_2663	iYO844.BSU02130	33.6	304	139	8	46	349	41	281	2.57e-41	146
NZ_LN831024.1_2663	iYS854.USA300HOU_RS04760	33.3	306	139	8	46	349	57	299	5.94e-38	138
NZ_LN831024.1_2664	iJN1463.PP_0219	80.2	212	42	0	5	216	3	214	4.03e-115	327
NZ_LN831024.1_2665	iJN1463.PP_0220	65.7	341	111	3	25	363	32	368	1.91e-143	410
NZ_LN831024.1_2666	iJN1463.PP_0221	69.5	256	77	1	9	264	11	265	2.81e-123	351
NZ_LN831024.1_2667	iJN1463.PP_3219	27.4	343	208	8	78	417	48	352	8.18e-22	96.3
NZ_LN831024.1_2667	iYO844.BSU08860	26.6	365	207	10	58	415	37	347	7.54e-21	93.6
NZ_LN831024.1_2668	iEK1008.Rv0873	24.9	301	202	9	8	297	103	390	8.13e-08	53.5
NZ_LN831024.1_2668	iEK1008.Rv3274c	23.7	329	211	11	8	319	68	373	1.07e-07	52.8
NZ_LN831024.1_2668	iCN900.CD630_10540	21.2	330	220	10	7	319	56	362	2.47e-07	51.6
NZ_LN831024.1_2670	iYO844.BSU18260	25.1	358	212	12	48	380	32	358	2.75e-13	70.5
NZ_LN831024.1_2672	iLJ478.TM0296	33.0	267	167	9	1	260	1	262	1.37e-26	106
NZ_LN831024.1_2672	iYS854.USA300HOU_RS10985	28.0	311	215	6	6	310	8	315	3.65e-24	99.8
NZ_LN831024.1_2672	iYL1228.KPN_00516	33.6	286	174	9	31	310	28	303	7.65e-23	95.9
NZ_LN831024.1_2673	iLJ478.TM0116	34.1	446	278	7	4	442	3	439	2.62e-73	239
NZ_LN831024.1_2673	iHN637.CLJU_RS08965	31.6	491	318	8	5	489	3	481	6.70e-72	236
NZ_LN831024.1_2673	iYL1228.KPN_02542	37.5	464	249	13	4	448	1	442	8.66e-68	225
NZ_LN831024.1_2673	iCN900.CD630_30650	30.4	484	301	10	6	467	5	474	2.62e-64	216
NZ_LN831024.1_2674	iML1515.b4323	43.1	473	263	5	15	483	11	481	2.99e-129	384
NZ_LN831024.1_2674	iSbBS512_1146.SbBS512_E4791	43.1	473	263	5	15	483	11	481	4.24e-129	383
NZ_LN831024.1_2674	iSSON_1240.SSON_4478	43.1	473	263	5	15	483	11	481	5.99e-129	383
NZ_LN831024.1_2674	iSF_1195.SF4197	43.1	473	263	5	15	483	11	481	1.70e-128	382
NZ_LN831024.1_2674	STM_v1_0.STM3136	40.6	488	283	5	6	488	3	488	3.14e-124	371
NZ_LN831024.1_2674	iYL1228.KPN_01587	42.5	480	268	7	10	485	5	480	9.13e-123	367
NZ_LN831024.1_2675	iPC815.YPO3712	50.4	369	178	3	1	368	1	365	1.37e-119	350
NZ_LN831024.1_2675	STM_v1_0.STM4230	51.2	369	175	3	1	368	1	365	2.76e-119	349
NZ_LN831024.1_2675	iML1515.b4035	50.4	371	177	4	1	368	1	367	5.48e-117	343
NZ_LN831024.1_2675	iYL1228.KPN_04424	50.1	369	179	3	1	368	1	365	5.13e-117	343
NZ_LN831024.1_2675	iSSON_1240.SSON_4213	50.4	371	177	4	1	368	1	367	5.48e-117	343
NZ_LN831024.1_2675	iSF_1195.SF4170	50.1	371	178	4	1	368	1	367	4.43e-116	341
NZ_LN831024.1_2675	iML1515.b3450	51.1	358	164	7	1	356	1	349	2.14e-110	326
NZ_LN831024.1_2675	iSbBS512_1146.SbBS512_E3873	50.8	358	165	7	1	356	1	349	3.46e-109	323
NZ_LN831024.1_2675	iYL1228.KPN_03810	50.6	358	166	6	1	356	1	349	3.19e-107	318
NZ_LN831024.1_2676	iCN900.CD630_34150	29.2	253	174	4	28	277	36	286	3.86e-28	108
NZ_LN831024.1_2676	iEK1008.Rv1237	31.2	276	167	8	13	277	10	273	2.29e-26	103
NZ_LN831024.1_2676	iEK1008.Rv2834c	28.0	254	174	5	29	277	25	274	6.31e-26	102
NZ_LN831024.1_2677	iEK1008.Rv2040c	27.9	294	203	6	22	310	7	296	7.57e-27	106
NZ_LN831024.1_2677	iLJ478.TM1121	31.1	273	180	6	28	296	21	289	1.05e-24	100
NZ_LN831024.1_2677	iEK1008.Rv2316	28.7	265	175	6	21	281	6	260	1.60e-23	97.4
NZ_LN831024.1_2678	iEK1008.Rv2041c	25.5	333	212	13	24	333	36	355	7.65e-07	50.8
NZ_LN831024.1_2681	iYL1228.KPN_01250	22.1	761	478	30	75	789	70	761	3.06e-13	73.2
NZ_LN831024.1_2681	iML1515.b0805	23.1	770	458	33	75	789	70	760	1.59e-12	70.9
NZ_LN831024.1_2683	iJN1463.PP_0077	27.6	539	310	20	9	535	5	475	4.42e-36	140
NZ_LN831024.1_2686	iCN900.CD630_10540	26.8	246	160	9	14	247	27	264	4.72e-08	53.9
NZ_LN831024.1_2686	iCN718.ABAYE_RS11570	25.4	350	220	12	14	335	33	369	8.46e-07	50.1
NZ_LN831024.1_2686	iAF987.Gmet_3289	23.8	282	188	7	13	274	33	307	1.12e-06	49.7
NZ_LN831024.1_2687	iJN1463.PP_3637	76.2	273	63	2	1	271	1	273	5.12e-136	384
NZ_LN831024.1_2688	iJN1463.PP_3636	81.3	400	73	1	1	398	1	400	1.61e-236	649
NZ_LN831024.1_2689	iJN1463.PP_3635	80.9	251	48	0	1	251	1	251	4.11e-140	393
NZ_LN831024.1_2690	iYO844.BSU08860	25.0	308	180	9	84	385	55	317	2.00e-14	74.3
NZ_LN831024.1_2690	iSDY_1059.SDY_0987	25.9	336	183	11	88	413	89	368	1.17e-13	72.0
NZ_LN831024.1_2690	iML1515.b1012	26.2	336	182	11	88	413	89	368	1.57e-13	71.6
NZ_LN831024.1_2690	iYL1228.KPN_00971	25.6	383	190	14	57	416	39	349	2.08e-13	71.2
NZ_LN831024.1_2690	iSF_1195.SF1015	26.2	336	182	12	88	413	89	368	2.79e-13	70.9
NZ_LN831024.1_2690	iJN1463.PP_0238	24.0	379	201	15	57	416	39	349	8.84e-13	69.3
NZ_LN831024.1_2690	iSF_1195.SF0934	26.0	384	187	15	57	416	39	349	8.80e-13	69.3
NZ_LN831024.1_2690	iPC815.YPO3625	25.0	380	196	12	57	416	39	349	1.57e-12	68.6
NZ_LN831024.1_2690	iML1515.b0935	26.3	384	186	16	57	416	39	349	2.78e-12	67.8
NZ_LN831024.1_2690	iJN1463.PP_3219	26.2	225	141	5	77	301	48	247	2.57e-12	67.8
NZ_LN831024.1_2691	iYS854.USA300HOU_RS12370	22.5	218	160	4	29	240	20	234	2.13e-12	67.8
NZ_LN831024.1_2691	iYO844.BSU18260	25.8	198	133	6	49	235	32	226	3.74e-11	63.9
NZ_LN831024.1_2691	iCHOv1.100763073	27.6	185	117	6	66	235	431	613	8.76e-11	63.5
NZ_LN831024.1_2692	iYO844.BSU04520	26.5	359	232	12	38	386	28	364	4.12e-18	85.1
NZ_LN831024.1_2693	iJN1463.PP_3443	86.0	535	75	0	7	541	5	539	0.0	913
NZ_LN831024.1_2695	iJN1463.PP_3417	80.8	449	86	0	1	449	1	449	2.51e-256	703
NZ_LN831024.1_2696	iJN1463.PP_3416	65.9	170	57	1	1	170	1	169	1.57e-74	221
NZ_LN831024.1_2699	iJN1463.PP_3146	40.5	420	248	2	6	424	8	426	4.33e-110	330
NZ_LN831024.1_2699	iJN1463.PP_5273	39.6	417	250	2	9	424	11	426	1.09e-104	317
NZ_LN831024.1_2701	iEK1008.Rv3775	26.3	316	179	14	36	322	56	346	3.64e-09	57.8
NZ_LN831024.1_2702	iJN1463.PP_2428	32.0	344	228	4	27	366	30	371	1.03e-36	138
NZ_LN831024.1_2702	iML1515.b3662	31.3	390	252	6	5	385	3	385	2.72e-33	128
NZ_LN831024.1_2706	iJN1463.PP_0169	81.4	280	52	0	16	295	20	299	1.90e-174	483
NZ_LN831024.1_2708	iAF987.Gmet_1899	54.0	198	89	2	33	230	24	219	6.69e-69	214
NZ_LN831024.1_2708	iJN1463.PP_0209	51.2	209	100	2	21	229	15	221	1.56e-63	201
NZ_LN831024.1_2709	iAF987.Gmet_1900	35.9	234	144	4	52	285	22	249	9.05e-29	110
NZ_LN831024.1_2709	iCN718.ABAYE_RS19055	33.5	230	138	5	48	271	28	248	1.28e-25	102
NZ_LN831024.1_2709	iPC815.YPO3626	30.8	224	150	2	48	270	22	241	1.28e-25	102
NZ_LN831024.1_2709	iJN1463.PP_0239	31.5	257	163	6	29	284	9	253	9.29e-25	99.8
NZ_LN831024.1_2710	iPC815.YPO0181	37.8	193	118	2	3	193	1	193	3.96e-37	127
NZ_LN831024.1_2710	iCN718.ABAYE_RS06960	36.1	194	122	2	5	196	1	194	9.06e-36	124
NZ_LN831024.1_2711	iJN1463.PP_4219	35.0	1100	616	33	197	1231	455	1520	1.43e-128	438
NZ_LN831024.1_2712	iJN1463.PP_4222	46.8	312	166	0	34	345	15	326	6.47e-95	285
NZ_LN831024.1_2713	iJN1463.PP_4222	45.2	301	165	0	35	335	22	322	1.13e-89	271
NZ_LN831024.1_2714	iJN1463.PP_4219	25.4	1325	644	28	352	1652	1460	2461	1.57e-69	261
NZ_LN831024.1_2716	iNF517.LLMG_RS11045	46.9	463	226	8	27	482	43	492	1.62e-136	402
NZ_LN831024.1_2718	iEK1008.Rv1552	27.1	597	350	18	7	549	4	569	5.24e-32	130
NZ_LN831024.1_2718	iSynCJ816.SGL_RS06730	25.1	569	357	17	7	531	3	546	3.16e-30	124
NZ_LN831024.1_2719	iIT341.HP0588	39.2	74	32	4	11	74	3	73	1.23e-07	45.1
NZ_LN831024.1_2720	iJN1463.PP_0207	78.4	468	101	0	1	468	1	468	1.98e-262	720
NZ_LN831024.1_2721	iJN1463.PP_0208	77.8	248	55	0	11	258	7	254	2.77e-129	366
NZ_LN831024.1_2722	iJN1463.PP_0209	76.4	276	64	1	9	284	9	283	1.07e-148	417
NZ_LN831024.1_2725	iJN1463.PP_1019	79.9	428	84	1	25	452	22	447	1.68e-270	739
NZ_LN831024.1_2726	iJN1463.PP_1444	78.4	802	167	5	2	800	3	801	0.0	1298
NZ_LN831024.1_2727	iJN1463.PP_0350	23.1	674	393	30	44	652	147	760	6.98e-24	107
NZ_LN831024.1_2727	STM_v1_0.STM0191	24.0	579	381	22	134	677	152	706	1.23e-21	99.8
NZ_LN831024.1_2736	iSynCJ816.SGL_RS11360	69.1	194	60	0	22	215	6	199	6.19e-95	276
NZ_LN831024.1_2737	iJN1463.PP_2716	76.9	156	36	0	1	156	1	156	8.75e-81	235
NZ_LN831024.1_2738	iJN1463.PP_2717	82.2	427	76	0	1	427	1	427	2.54e-242	666
NZ_LN831024.1_2738	iJN1463.PP_1929	76.0	425	102	0	1	425	1	425	1.98e-225	623
NZ_LN831024.1_2741	iJN1463.PP_2426	68.0	344	110	0	7	350	6	349	5.74e-173	484
NZ_LN831024.1_2744	iJN1463.PP_1331	48.5	557	282	3	8	559	11	567	8.82e-186	534
NZ_LN831024.1_2748	iIT341.HP0349	27.5	229	147	1	5	214	287	515	2.44e-17	82.8
NZ_LN831024.1_2748	iJN1463.PP_1610	26.7	255	165	4	5	237	285	539	5.93e-17	81.6
NZ_LN831024.1_2748	iMM1415.51797	28.0	243	149	7	11	229	301	541	3.77e-15	76.3
NZ_LN831024.1_2748	iCHOv1.100689101	27.6	243	150	7	11	229	301	541	5.04e-15	75.9
NZ_LN831024.1_2748	iSynCJ816.SGL_RS10805	27.4	252	161	5	9	243	291	537	8.60e-15	75.1
NZ_LN831024.1_2750	iJN1463.PP_3382	74.2	414	106	1	4	417	5	417	8.46e-230	634
NZ_LN831024.1_2751	iJN1463.PP_3383	75.8	594	141	1	1	591	1	594	0.0	955
NZ_LN831024.1_2752	iJN1463.PP_3384	58.4	245	94	2	1	237	1	245	8.20e-102	295
NZ_LN831024.1_2753	iJN1463.PP_3376	75.7	317	77	0	2	318	3	319	6.35e-161	451
NZ_LN831024.1_2754	iJN1463.PP_3377	88.2	406	48	0	6	411	6	411	1.77e-268	733
NZ_LN831024.1_2755	iJN1463.PP_3378	71.8	316	89	0	1	316	1	316	5.67e-153	431
NZ_LN831024.1_2760	STM_v1_0.STM1099	44.9	490	261	6	10	492	14	501	1.66e-142	419
NZ_LN831024.1_2760	iYL1228.KPN_04780	44.9	490	261	6	10	492	14	501	2.34e-142	419
NZ_LN831024.1_2760	iSSON_1240.SSON_4489	44.8	489	261	6	11	492	15	501	2.13e-140	414
NZ_LN831024.1_2760	iSbBS512_1146.SbBS512_E4882	44.6	489	262	6	11	492	15	501	8.55e-140	412
NZ_LN831024.1_2762	iMM904.YDR403W	29.4	293	157	9	58	300	214	506	3.16e-23	99.8
NZ_LN831024.1_2763	iJN1463.PP_0495	71.2	326	92	2	4	327	4	329	2.05e-159	448
NZ_LN831024.1_2764	iJN1463.PP_0496	89.3	375	40	0	1	375	92	466	1.01e-235	650
NZ_LN831024.1_2767	iJN1463.PP_4404	73.5	464	118	1	1	464	1	459	9.01e-244	672
NZ_LN831024.1_2768	iJN1463.PP_4403	71.0	428	119	3	1	428	1	423	1.64e-202	565
NZ_LN831024.1_2769	iJN1463.PP_4402	88.4	336	39	0	15	350	4	339	1.58e-229	627
NZ_LN831024.1_2770	iJN1463.PP_4401	78.5	410	88	0	1	410	1	410	1.63e-241	662
NZ_LN831024.1_2774	iEK1008.Rv3537	34.6	573	339	14	14	568	7	561	9.15e-83	269
NZ_LN831024.1_2776	iSbBS512_1146.SbBS512_E2257	29.0	317	201	9	12	309	14	325	1.43e-14	75.5
NZ_LN831024.1_2776	iSF_1195.SF1075	29.0	317	201	9	12	309	14	325	1.43e-14	75.5
NZ_LN831024.1_2776	iSSON_1240.SSON_1089	29.0	317	201	9	12	309	14	325	1.43e-14	75.5
NZ_LN831024.1_2776	iML1515.b1069	29.0	317	201	9	12	309	14	325	1.90e-14	75.1
NZ_LN831024.1_2776	iSDY_1059.SDY_2083	29.0	317	201	9	12	309	14	325	1.90e-14	75.1
NZ_LN831024.1_2776	iJN1463.PP_0601	29.2	319	198	9	12	309	14	325	5.74e-13	70.5
NZ_LN831024.1_2778	iJN1463.PP_1801	29.2	271	150	10	81	328	86	337	2.90e-09	57.8
NZ_LN831024.1_2779	iEK1008.Rv2610c	28.4	229	144	8	182	395	145	368	1.42e-07	52.8
NZ_LN831024.1_2785	STM_v1_0.STM2085	44.7	304	164	4	1	302	1	302	2.30e-76	235
NZ_LN831024.1_2786	iJN1463.PP_1776	61.1	478	184	1	7	482	3	480	1.02e-206	580
NZ_LN831024.1_2787	iML1515.b2047	41.3	344	191	5	137	478	130	464	2.06e-82	262
NZ_LN831024.1_2789	iAF987.Gmet_2094	26.6	143	92	3	27	169	14	143	7.15e-05	41.6
NZ_LN831024.1_2790	iYO844.BSU32000	30.5	249	159	6	7	242	9	256	6.63e-24	96.3
NZ_LN831024.1_2790	iML1515.b1093	29.3	246	159	5	4	242	3	240	6.98e-22	90.5
NZ_LN831024.1_2790	iYL1228.KPN_01091	28.9	246	160	5	4	242	3	240	6.98e-22	90.5
NZ_LN831024.1_2790	iSbBS512_1146.SbBS512_E2231	29.3	246	159	5	4	242	3	240	6.98e-22	90.5
NZ_LN831024.1_2790	iSF_1195.SF1097	29.3	246	159	5	4	242	3	240	6.98e-22	90.5
NZ_LN831024.1_2790	iSSON_1240.SSON_1113	29.3	246	159	5	4	242	3	240	6.98e-22	90.5
NZ_LN831024.1_2790	iSDY_1059.SDY_2057	29.3	246	159	5	4	242	3	240	1.35e-21	89.7
NZ_LN831024.1_2790	iJN1463.PP_2794	29.4	245	157	5	7	243	14	250	3.19e-21	89.0
NZ_LN831024.1_2790	STM_v1_0.STM1195	30.1	246	157	6	4	242	3	240	5.08e-21	88.2
NZ_LN831024.1_2801	iJN1463.PP_2448	30.5	384	245	9	27	403	17	385	1.17e-38	144
NZ_LN831024.1_2801	iJN1463.PP_3146	33.8	379	234	10	32	404	23	390	1.73e-38	144
NZ_LN831024.1_2801	iJN1463.PP_5273	33.2	380	233	11	34	405	25	391	2.25e-37	141
NZ_LN831024.1_2801	iYL1228.KPN_01017	31.0	381	238	10	32	403	20	384	1.05e-36	139
NZ_LN831024.1_2801	iML1515.b1301	31.1	370	234	9	41	403	29	384	4.59e-34	132
NZ_LN831024.1_2801	iSSON_1240.SSON_1839	31.1	370	234	9	41	403	29	384	4.59e-34	132
NZ_LN831024.1_2801	iSDY_1059.SDY_1943	31.2	375	227	10	41	403	29	384	8.68e-34	131
NZ_LN831024.1_2804	iJN1463.PP_2805	86.6	508	68	0	1	508	1	508	0.0	931
NZ_LN831024.1_2805	iEK1008.Rv0646c	38.5	288	164	5	9	286	9	293	3.11e-44	152
NZ_LN831024.1_2806	iAF987.Gmet_1046	39.6	379	228	1	3	380	8	386	1.50e-86	267
NZ_LN831024.1_2806	iCN718.ABAYE_RS07700	38.2	377	232	1	5	380	13	389	5.04e-79	248
NZ_LN831024.1_2806	iYL1228.KPN_03491	38.7	382	231	2	3	381	6	387	1.30e-78	246
NZ_LN831024.1_2807	iJN1463.PP_2802	92.1	442	35	0	1	442	1	442	9.27e-290	787
NZ_LN831024.1_2808	iJN1463.PP_2801	91.8	474	39	0	1	474	1	474	6.99e-319	863
NZ_LN831024.1_2809	iJN1463.PP_2800	93.7	415	26	0	1	415	1	415	1.50e-291	790
NZ_LN831024.1_2810	iAF987.Gmet_3011	34.8	115	73	2	29	141	7	121	1.49e-08	54.7
NZ_LN831024.1_2812	iJN1463.PP_2797	94.7	552	29	0	1	552	1	552	0.0	983
NZ_LN831024.1_2813	iJN1463.PP_2796	87.9	107	13	0	1	107	1	107	7.60e-61	181
NZ_LN831024.1_2814	iJN1463.PP_2795	95.6	542	22	1	1	542	1	540	0.0	1031
NZ_LN831024.1_2815	iJN1463.PP_2794	97.6	255	6	0	1	255	1	255	1.37e-169	468
NZ_LN831024.1_2816	iJN1463.PP_2793	98.2	389	7	0	1	389	1	389	2.27e-286	774
NZ_LN831024.1_2817	iJN1463.PP_2792	87.3	118	15	0	1	118	1	118	2.23e-65	193
NZ_LN831024.1_2818	iJN1463.PP_2791	88.1	352	41	1	1	351	25	376	1.59e-229	628
NZ_LN831024.1_2823	iJN1463.PP_3602	73.4	526	140	0	1	526	1	526	1.73e-262	725
NZ_LN831024.1_2825	iML1515.b2247	33.0	345	207	10	46	382	64	392	3.38e-47	165
NZ_LN831024.1_2825	iML1515.b4478	30.1	349	233	5	47	387	15	360	1.92e-41	149
NZ_LN831024.1_2826	iJN1463.PP_4758	41.2	434	246	6	11	439	21	450	9.60e-106	320
NZ_LN831024.1_2826	iCN718.ABAYE_RS08945	41.7	415	223	5	15	420	8	412	4.56e-98	300
NZ_LN831024.1_2827	iJN1463.PP_3739	53.0	396	185	1	21	415	22	417	2.66e-143	414
NZ_LN831024.1_2827	iJN1463.PP_3939	51.8	423	191	5	4	413	5	427	2.35e-142	412
NZ_LN831024.1_2827	iJN1463.PP_1383	50.0	414	201	4	9	416	5	418	2.72e-138	401
NZ_LN831024.1_2827	iJN1463.PP_1173	48.9	409	205	2	9	416	7	412	4.47e-138	400
NZ_LN831024.1_2827	iJN1463.PP_1419	48.2	411	205	5	11	415	20	428	9.31e-129	377
NZ_LN831024.1_2828	iAF987.Gmet_3404	39.6	331	195	3	7	336	6	332	3.17e-62	201
NZ_LN831024.1_2830	iML1515.b3127	31.7	419	262	7	22	422	11	423	1.27e-50	177
NZ_LN831024.1_2830	iSF_1195.SF3164	31.5	419	263	7	22	422	11	423	4.80e-50	175
NZ_LN831024.1_2830	iHN637.CLJU_RS06685	28.9	418	287	6	25	441	21	429	1.41e-49	174
NZ_LN831024.1_2830	iSSON_1240.SSON_3282	31.5	419	263	7	22	422	11	423	4.90e-49	172
NZ_LN831024.1_2830	iHN637.CLJU_RS01890	30.9	433	268	11	22	437	3	421	9.11e-49	171
NZ_LN831024.1_2830	iML1515.b3691	33.0	440	258	12	20	440	7	428	1.38e-48	171
NZ_LN831024.1_2830	iSSON_1240.SSON_3642	33.0	440	258	12	20	440	22	443	1.88e-48	171
NZ_LN831024.1_2830	iYO844.BSU02480	30.8	428	275	9	20	431	11	433	4.46e-48	170
NZ_LN831024.1_2830	iSF_1195.SF3772	32.7	440	259	12	20	440	22	443	7.07e-48	169
NZ_LN831024.1_2830	iYL1228.KPN_03539	31.3	396	254	6	27	407	16	408	3.55e-47	167
NZ_LN831024.1_2830	iJN1463.PP_1710	30.8	416	276	6	23	433	24	432	3.80e-45	162
NZ_LN831024.1_2830	STM_v1_0.STM3827	32.0	409	245	9	19	408	21	415	3.73e-45	162
NZ_LN831024.1_2830	iYL1228.KPN_03132	29.3	443	287	10	18	439	8	445	5.69e-45	162
NZ_LN831024.1_2830	iYL1228.KPN_04094	31.8	409	246	9	19	408	21	415	1.39e-44	160
NZ_LN831024.1_2830	STM_v1_0.STM2962	28.7	439	292	9	19	439	10	445	4.23e-44	159
NZ_LN831024.1_2831	iJN1463.PP_1418	27.6	322	218	7	21	336	14	326	1.20e-19	87.8
NZ_LN831024.1_2833	iJN1463.PP_1416	40.4	490	287	3	1	487	1	488	7.91e-109	332
NZ_LN831024.1_2833	STM_v1_0.STM2788	37.4	489	295	5	7	489	7	490	1.35e-103	319
NZ_LN831024.1_2836	iYO844.BSU27440	35.8	212	128	5	44	250	59	267	3.24e-35	127
NZ_LN831024.1_2836	iCN718.ABAYE_RS11415	33.3	234	147	6	24	252	45	274	1.76e-34	125
NZ_LN831024.1_2836	iML1515.b1920	32.8	250	157	4	10	251	15	261	1.14e-33	122
NZ_LN831024.1_2836	STM_v1_0.STM1954	32.8	250	157	4	10	251	15	261	1.14e-33	122
NZ_LN831024.1_2836	iIT341.HP1172	31.5	235	153	5	22	252	33	263	8.78e-31	115
NZ_LN831024.1_2837	iJN1463.PP_1070	40.1	207	119	1	7	213	18	219	2.89e-39	135
NZ_LN831024.1_2837	iYL1228.KPN_00680	37.3	212	126	2	10	220	21	226	3.64e-36	127
NZ_LN831024.1_2837	iPC815.YPO2614	37.9	211	126	2	10	220	21	226	5.12e-36	127
NZ_LN831024.1_2837	STM_v1_0.STM0664	37.7	212	125	2	10	220	21	226	2.83e-35	125
NZ_LN831024.1_2837	iML1515.b0654	36.7	215	125	3	10	223	21	225	3.98e-35	125
NZ_LN831024.1_2837	iSF_1195.SF0627	36.7	215	125	3	10	223	21	225	5.59e-35	124
NZ_LN831024.1_2837	iSSON_1240.SSON_0608	36.3	212	128	2	10	220	21	226	7.87e-35	124
NZ_LN831024.1_2838	iSynCJ816.SGL_RS07090	38.9	193	108	5	25	210	313	502	2.02e-21	91.7
NZ_LN831024.1_2838	iML1515.b1918	36.8	174	104	3	44	213	33	204	1.47e-21	88.6
NZ_LN831024.1_2838	iML1515.b0653	35.2	162	95	3	69	222	63	222	4.30e-20	84.7
NZ_LN831024.1_2838	iJN1463.PP_1299	29.8	215	147	2	12	222	144	358	2.74e-19	84.7
NZ_LN831024.1_2838	iSF_1195.SF0628	35.2	162	95	3	69	222	63	222	4.30e-20	84.7
NZ_LN831024.1_2838	iSSON_1240.SSON_0607	35.2	162	95	3	69	222	63	222	4.30e-20	84.7
NZ_LN831024.1_2838	STM_v1_0.STM0663	34.0	162	97	3	69	222	63	222	8.35e-20	84.0
NZ_LN831024.1_2838	iYL1228.KPN_00679	35.2	162	95	3	69	222	63	222	1.16e-19	83.6
NZ_LN831024.1_2838	iPC815.YPO2613	32.6	233	130	6	2	222	5	222	1.62e-19	83.2
NZ_LN831024.1_2840	iAF987.Gmet_0782	34.4	256	157	4	277	526	476	726	5.93e-34	136
NZ_LN831024.1_2840	iJN1463.PP_3435	26.1	540	340	17	12	529	11	513	1.57e-32	130
NZ_LN831024.1_2840	iAF987.Gmet_0957	35.4	240	150	4	284	520	378	615	1.60e-30	125
NZ_LN831024.1_2840	iJN1463.PP_3581	30.8	240	161	4	285	521	444	681	1.15e-29	123
NZ_LN831024.1_2841	iYO844.BSU07990	42.5	285	159	4	1	282	1	283	6.40e-66	207
NZ_LN831024.1_2843	iJN1463.PP_2476	81.7	344	63	0	1	344	1	344	9.93e-210	577
NZ_LN831024.1_2843	iML1515.b1449	73.5	344	91	0	1	344	1	344	1.93e-191	530
NZ_LN831024.1_2845	iJN1463.PP_0612	29.2	408	223	11	6	400	4	358	8.89e-37	137
NZ_LN831024.1_2845	iYO844.BSU11670	28.4	401	235	11	1	396	1	354	1.33e-36	137
NZ_LN831024.1_2845	iSynCJ816.SGL_RS14260	26.6	413	240	8	1	405	1	358	1.94e-31	126
NZ_LN831024.1_2846	iLJ478.TM1433	28.6	287	169	7	1	276	1	262	8.86e-18	84.7
NZ_LN831024.1_2848	iYS854.USA300HOU_RS13270	24.5	106	74	2	13	117	260	360	6.50e-06	43.9
NZ_LN831024.1_2848	iJN1463.PP_1806	27.4	113	82	0	2	114	198	310	8.27e-06	43.5
NZ_LN831024.1_2848	iYO844.BSU33730	26.6	124	87	1	2	125	251	370	1.18e-05	43.1
NZ_LN831024.1_2848	iLJ478.TM1347	27.8	108	70	3	13	117	95	197	1.24e-05	43.1
NZ_LN831024.1_2848	iHN637.CLJU_RS18305	23.3	120	86	2	14	132	100	214	3.12e-05	42.0
NZ_LN831024.1_2848	iAF692.Mbar_A0964	35.2	54	35	0	1	54	93	146	1.09e-04	40.0
NZ_LN831024.1_2852	iJN1463.PP_3970	72.2	388	108	0	1	388	1	388	1.78e-209	580
NZ_LN831024.1_2855	STM_v1_0.STM1731	74.2	287	73	1	1	287	1	286	5.64e-151	424
NZ_LN831024.1_2859	iJN1463.PP_3253	43.7	357	195	4	12	363	7	362	2.51e-92	281
NZ_LN831024.1_2864	iAF987.Gmet_3085	31.9	257	152	9	19	266	89	331	4.66e-17	85.1
NZ_LN831024.1_2878	iJN1463.PP_4050	61.0	479	186	1	26	504	37	514	3.27e-214	602
NZ_LN831024.1_2879	iJN1463.PP_4051	59.7	576	227	3	6	580	3	574	2.53e-249	696
NZ_LN831024.1_2880	iJN1463.PP_4052	51.9	688	317	8	1	678	1	684	2.29e-218	626
NZ_LN831024.1_2881	iJN1463.PP_4053	59.5	921	362	4	6	919	6	922	0.0	1009
NZ_LN831024.1_2883	iJN1463.PP_4055	76.1	706	169	0	3	708	8	713	0.0	1163
NZ_LN831024.1_2884	iAF692.Mbar_A2428	30.5	118	77	3	3	119	460	573	1.75e-09	54.3
NZ_LN831024.1_2885	iJN1463.PP_3970	38.5	395	224	7	1	383	1	388	7.42e-77	243
NZ_LN831024.1_2885	iYO844.BSU26970	35.1	405	214	8	1	383	1	378	8.64e-69	222
NZ_LN831024.1_2888	iJN1463.PP_3264	63.1	388	139	3	1	385	1	387	4.50e-173	488
NZ_LN831024.1_2890	iJN1463.PP_4058	68.6	727	218	5	12	731	13	736	0.0	1077
NZ_LN831024.1_2891	iJN1463.PP_4059	66.8	1098	350	7	1	1087	1	1095	0.0	1449
NZ_LN831024.1_2892	iJN1463.PP_4060	65.2	649	225	1	13	661	12	659	0.0	902
NZ_LN831024.1_2895	iCN900.CD630_32700	42.1	133	68	4	28	154	10	139	1.03e-21	87.0
NZ_LN831024.1_2895	iSynCJ816.SGL_RS13435	46.2	117	60	2	29	145	8	121	1.09e-18	79.3
NZ_LN831024.1_2896	iJN1463.PP_0115	66.1	713	216	6	10	709	12	711	0.0	930
NZ_LN831024.1_2896	iCN718.ABAYE_RS11495	60.4	704	272	3	10	709	12	712	8.14e-304	845
NZ_LN831024.1_2900	iJN1463.PP_5041	71.3	802	228	1	12	811	12	813	0.0	1161
NZ_LN831024.1_2902	iML1515.b3003	46.8	267	140	2	17	281	24	290	1.12e-75	232
NZ_LN831024.1_2903	iML1515.b2700	34.4	160	101	2	1	159	1	157	5.49e-18	76.3
NZ_LN831024.1_2910	iAF692.Mbar_A3070	26.2	431	261	13	13	439	15	392	3.32e-14	73.9
NZ_LN831024.1_2912	iJN1463.PP_1144	35.6	132	79	3	142	271	583	710	6.14e-12	65.5
NZ_LN831024.1_2912	iJN1463.PP_3581	31.8	157	101	3	111	263	524	678	2.59e-11	63.5
NZ_LN831024.1_2918	iEK1008.Rv1285	36.8	76	47	1	11	86	45	119	1.57e-04	43.1
NZ_LN831024.1_2921	iYO844.BSU31060	38.3	480	289	5	8	482	6	483	6.96e-96	298
NZ_LN831024.1_2921	iYS854.USA300HOU_RS14160	36.4	478	299	4	6	479	10	486	1.11e-92	290
NZ_LN831024.1_2922	iJN1463.PP_5064	37.4	532	289	15	53	544	6	533	8.61e-82	265
NZ_LN831024.1_2922	iML1515.b0311	35.9	535	297	14	51	544	2	531	5.57e-80	260
NZ_LN831024.1_2922	iCHOv1.100772204	36.7	529	289	15	55	541	49	573	4.24e-79	259
NZ_LN831024.1_2922	iMM1415.218865	36.3	529	291	15	55	541	46	570	8.15e-78	256
NZ_LN831024.1_2922	iYS854.USA300HOU_RS14155	33.0	528	312	13	53	541	9	533	4.14e-72	240
NZ_LN831024.1_2933	STM_v1_0.STM3338	26.4	454	272	8	17	415	10	456	1.07e-40	150
NZ_LN831024.1_2933	iML1515.b3224	26.7	454	271	8	17	415	10	456	2.83e-40	149
NZ_LN831024.1_2933	iSbBS512_1146.SbBS512_E3552	27.1	454	269	9	17	415	10	456	3.91e-40	149
NZ_LN831024.1_2933	iSF_1195.SF3260	27.1	454	269	9	17	415	20	466	4.51e-40	149
NZ_LN831024.1_2933	iSSON_1240.SSON_3365	27.1	454	269	9	17	415	20	466	4.51e-40	149
NZ_LN831024.1_2933	iSDY_1059.SDY_3399	27.1	454	269	9	17	415	20	466	6.23e-40	149
NZ_LN831024.1_2933	iPC815.YPO3016	26.6	481	279	10	1	415	1	473	4.52e-39	146
NZ_LN831024.1_2934	iJN1463.PP_1419	49.2	417	194	7	5	409	19	429	2.42e-132	386
NZ_LN831024.1_2934	iJN1463.PP_3271	48.1	414	206	5	1	409	8	417	5.44e-123	362
NZ_LN831024.1_2936	iCN900.CD630_13860	35.9	217	134	2	11	226	12	224	2.28e-40	138
NZ_LN831024.1_2937	iCN900.CD630_13870	33.0	285	187	3	20	302	14	296	2.27e-36	132
NZ_LN831024.1_2939	iYO844.BSU04340	36.0	572	340	10	4	571	5	554	9.21e-101	317
NZ_LN831024.1_2939	iYL1228.KPN_00904	37.5	568	325	11	1	562	4	547	5.65e-99	312
NZ_LN831024.1_2939	iML1515.b0871	37.3	568	326	11	1	562	1	544	5.66e-98	309
NZ_LN831024.1_2939	iSbBS512_1146.SbBS512_E2460	37.1	568	327	11	1	562	1	544	2.21e-97	308
NZ_LN831024.1_2939	iSSON_1240.SSON_0857	37.1	568	327	11	1	562	1	544	2.21e-97	308
NZ_LN831024.1_2939	STM_v1_0.STM0935	37.4	570	323	12	1	562	1	544	8.62e-97	306
NZ_LN831024.1_2939	iSDY_1059.SDY_2392	37.0	568	328	11	1	562	1	544	4.72e-96	304
NZ_LN831024.1_2939	iSF_1195.SF0826	36.6	568	330	11	1	562	1	544	9.32e-96	303
NZ_LN831024.1_2939	iYS854.USA300HOU_RS13770	34.6	561	339	12	7	561	8	546	9.29e-94	298
NZ_LN831024.1_2939	iPC815.YPO1358	36.3	568	333	12	1	562	1	545	1.69e-92	295
NZ_LN831024.1_2941	iAF692.Mbar_A2092	30.5	249	155	7	4	243	2	241	1.35e-28	108
NZ_LN831024.1_2942	iJN1463.PP_1110	51.6	213	101	1	3	215	21	231	1.67e-69	213
NZ_LN831024.1_2943	iAF987.Gmet_2988	40.8	299	172	4	4	301	7	301	3.75e-65	206
NZ_LN831024.1_2943	iAF987.Gmet_1558	40.7	302	173	4	2	301	4	301	9.95e-63	200
NZ_LN831024.1_2943	iHN637.CLJU_RS19355	37.7	302	182	3	1	301	1	297	3.33e-62	199
NZ_LN831024.1_2943	iYO844.BSU00730	38.9	301	179	4	2	301	4	300	6.06e-61	196
NZ_LN831024.1_2943	iYS854.USA300HOU_RS02630	37.1	299	183	4	4	301	7	301	3.50e-57	186
NZ_LN831024.1_2944	iEK1008.Rv3116	44.0	384	205	4	92	472	13	389	5.46e-108	325
NZ_LN831024.1_2946	iJN1463.PP_2872	30.0	233	148	6	11	238	10	232	1.91e-15	74.7
NZ_LN831024.1_2947	iMM1415.23923	26.4	265	155	8	123	361	64	314	7.95e-19	88.2
NZ_LN831024.1_2947	iCHOv1.100771752	27.3	209	129	5	174	361	108	314	9.36e-19	87.0
NZ_LN831024.1_2947	iAT_PLT_636.51166	24.9	253	156	7	139	361	105	353	1.00e-17	85.1
NZ_LN831024.1_2948	iCN718.ABAYE_RS13080	34.1	185	116	2	5	183	18	202	1.92e-21	90.1
NZ_LN831024.1_2948	iLJ478.TM1724	34.0	188	119	3	5	187	9	196	4.22e-21	88.6
NZ_LN831024.1_2948	iCN718.ABAYE_RS13055	32.4	185	119	2	5	183	17	201	2.58e-20	87.0
NZ_LN831024.1_2948	iCN718.ABAYE_RS09790	31.7	205	135	2	6	205	12	216	3.92e-20	86.3
NZ_LN831024.1_2948	iCN718.ABAYE_RS13105	34.6	182	112	3	6	180	11	192	5.38e-19	83.6
NZ_LN831024.1_2948	iCN900.CD630_26790	30.3	188	126	2	4	186	7	194	3.67e-19	83.6
NZ_LN831024.1_2948	iNF517.LLMG_RS08260	32.6	181	119	3	6	183	7	187	3.39e-19	83.6
NZ_LN831024.1_2948	iJN1463.PP_2214	31.6	196	122	4	2	185	6	201	1.29e-18	82.0
NZ_LN831024.1_2948	iYL1228.KPN_02061	34.9	186	115	3	5	184	6	191	1.81e-18	81.6
NZ_LN831024.1_2949	iEK1008.Rv3084	34.8	287	175	6	20	298	3	285	9.63e-41	144
NZ_LN831024.1_2950	iCN718.ABAYE_RS13085	40.2	478	281	5	15	490	26	500	8.59e-120	360
NZ_LN831024.1_2950	iCN718.ABAYE_RS13050	39.6	482	276	6	15	489	25	498	4.50e-119	358
NZ_LN831024.1_2955	iJN1463.PP_2428	33.2	355	224	4	12	358	25	374	1.40e-41	150
NZ_LN831024.1_2955	iYL1228.KPN_01628	30.3	337	234	1	16	352	18	353	1.17e-37	140
NZ_LN831024.1_2955	STM_v1_0.STM1522	28.8	337	239	1	16	352	18	353	2.10e-36	136
NZ_LN831024.1_2956	iAF987.Gmet_3221	32.3	158	89	5	61	208	47	196	1.57e-05	46.6
NZ_LN831024.1_2956	iMM1415.57274	29.3	164	105	3	34	189	21	181	3.02e-05	45.8
NZ_LN831024.1_2956	iJN1463.PP_0970	23.5	375	252	9	46	406	66	419	2.83e-05	45.8
NZ_LN831024.1_2956	iJN1463.PP_3165	26.6	237	137	7	129	333	120	351	8.76e-05	44.3
NZ_LN831024.1_2956	iHN637.CLJU_RS06685	23.3	236	160	8	47	267	42	271	3.51e-04	42.4
NZ_LN831024.1_2957	iYL1228.KPN_00971	35.2	307	186	5	33	331	24	325	1.81e-39	143
NZ_LN831024.1_2957	iJN1463.PP_3219	32.6	325	207	5	41	356	30	351	1.98e-35	132
NZ_LN831024.1_2957	iJN1463.PP_0238	34.5	307	188	5	33	331	24	325	9.84e-35	130
NZ_LN831024.1_2958	iJN1463.PP_2193	33.1	254	136	11	29	278	44	267	6.55e-18	88.6
NZ_LN831024.1_2958	iYL1228.KPN_04255	24.8	525	289	20	151	664	43	472	4.42e-17	85.5
NZ_LN831024.1_2958	iJN1463.PP_2242	23.2	747	474	29	123	843	40	712	7.17e-17	85.1
NZ_LN831024.1_2958	STM_v1_0.STM2777	22.5	714	431	26	169	843	68	698	3.65e-16	82.8
NZ_LN831024.1_2958	STM_v1_0.STM0585	20.5	722	478	24	154	845	54	709	1.96e-15	80.5
NZ_LN831024.1_2959	iEK1008.Rv0294	35.6	101	56	5	29	128	21	113	4.55e-07	49.7
NZ_LN831024.1_2961	iCHOv1.100753937	25.0	296	206	7	4	292	69	355	4.04e-18	83.2
NZ_LN831024.1_2961	iCHOv1.100761937	24.8	303	209	9	4	296	63	356	6.38e-17	79.7
NZ_LN831024.1_2962	iML1515.b2539	27.7	155	103	5	15	161	12	165	1.09e-10	57.0
NZ_LN831024.1_2962	iSSON_1240.SSON_2621	27.1	155	104	5	15	161	12	165	2.91e-10	55.8
NZ_LN831024.1_2963	iYO844.BSU10790	39.0	615	366	6	1	609	1	612	1.65e-157	465
NZ_LN831024.1_2963	iHN637.CLJU_RS13170	38.3	614	372	5	1	609	1	612	1.16e-151	450
NZ_LN831024.1_2964	iYL1228.KPN_01872	33.5	388	226	6	13	385	25	395	4.17e-70	228
NZ_LN831024.1_2964	iJN1463.PP_3161	31.5	400	244	8	1	385	8	392	1.28e-65	216
NZ_LN831024.1_2967	iCN718.ABAYE_RS08330	56.7	416	180	0	1	416	1	416	8.03e-184	517
NZ_LN831024.1_2968	iCN718.ABAYE_RS08335	57.9	447	184	3	7	450	4	449	1.89e-164	472
NZ_LN831024.1_2974	iAF987.Gmet_0987	37.2	588	355	6	272	849	206	789	6.05e-111	358
NZ_LN831024.1_2974	iAF987.Gmet_2629	36.8	573	323	10	284	833	242	798	1.43e-102	336
NZ_LN831024.1_2974	iAF987.Gmet_3085	40.4	453	264	2	397	843	432	884	6.00e-101	334
NZ_LN831024.1_2974	iJN1463.PP_3581	41.4	447	251	4	417	858	255	695	4.13e-101	329
NZ_LN831024.1_2974	iAF987.Gmet_0957	40.4	443	258	3	410	846	181	623	8.79e-101	326
NZ_LN831024.1_2974	iAF987.Gmet_0782	41.8	438	250	2	410	842	287	724	1.59e-99	326
NZ_LN831024.1_2975	iEK1008.Rv0684	58.5	699	277	5	5	699	8	697	1.03e-287	803
NZ_LN831024.1_2975	iSynCJ816.SGL_RS10930	58.5	699	277	5	1	699	1	686	1.96e-280	785
NZ_LN831024.1_2976	iJN1463.PP_2242	21.8	849	477	36	56	880	59	744	3.17e-20	95.9
NZ_LN831024.1_2977	iJN1463.PP_4944	29.0	594	338	18	14	560	18	574	4.57e-55	195
NZ_LN831024.1_2978	STM_v1_0.STM2554	30.7	368	235	6	3	362	11	366	2.34e-40	146
NZ_LN831024.1_2978	iSbBS512_1146.SbBS512_E2910	30.8	364	230	7	8	362	16	366	2.37e-39	144
NZ_LN831024.1_2978	iML1515.b2536	30.9	366	227	8	8	362	16	366	3.29e-39	143
NZ_LN831024.1_2978	iYL1228.KPN_02870	30.4	369	235	8	3	362	11	366	3.23e-39	143
NZ_LN831024.1_2978	iSSON_1240.SSON_2618	30.7	365	229	7	8	362	16	366	4.58e-39	143
NZ_LN831024.1_2978	iSF_1195.SF2583	31.0	365	228	8	8	362	16	366	1.71e-38	141
NZ_LN831024.1_2978	iSDY_1059.SDY_2732	31.4	366	225	9	8	362	16	366	8.90e-38	139
NZ_LN831024.1_2979	STM_v1_0.STM2820	30.0	170	114	4	1	167	12	179	8.18e-15	69.7
NZ_LN831024.1_2979	iYL1228.KPN_03021	29.7	175	108	5	1	167	12	179	1.56e-13	66.2
NZ_LN831024.1_2979	iYO844.BSU09240	40.2	97	58	0	77	173	88	184	1.28e-12	64.3
NZ_LN831024.1_2979	iSF_1195.SF2717	46.1	76	41	0	92	167	104	179	1.10e-12	63.9
NZ_LN831024.1_2979	iML1515.b2690	46.1	76	41	0	92	167	104	179	1.52e-12	63.5
NZ_LN831024.1_2979	iSSON_1240.SSON_2834	46.1	76	41	0	92	167	104	179	1.52e-12	63.5
NZ_LN831024.1_2979	iSDY_1059.SDY_2887	28.6	175	110	5	1	167	12	179	2.90e-12	62.8
NZ_LN831024.1_2981	iJN1463.PP_5380	72.7	666	124	2	3	610	4	669	0.0	920
NZ_LN831024.1_2981	iJN1463.PP_2205	70.0	610	146	3	1	610	2	574	4.16e-307	844
NZ_LN831024.1_2984	iJN1463.PP_2435	68.8	369	115	0	1	369	22	390	1.91e-166	471
NZ_LN831024.1_2985	iJN1463.PP_4150	61.5	524	195	4	3	519	4	527	2.65e-208	588
NZ_LN831024.1_2986	iJN1463.PP_4149	67.8	338	106	2	3	337	1	338	2.50e-165	464
NZ_LN831024.1_2986	iML1515.b2179	62.1	335	125	1	5	337	4	338	2.60e-151	428
NZ_LN831024.1_2987	iJN1463.PP_4148	68.2	355	113	0	1	355	1	355	1.22e-172	484
NZ_LN831024.1_2988	iJN1463.PP_4147	54.5	596	267	2	6	601	14	605	5.10e-247	692
NZ_LN831024.1_2989	iJN1463.PP_1006	26.5	283	179	6	44	321	53	311	1.66e-16	84.3
NZ_LN831024.1_2989	iJN1463.PP_0867	29.9	274	167	9	43	306	34	292	1.42e-15	81.3
NZ_LN831024.1_2991	iYO844.BSU03070	26.1	395	279	9	23	412	26	412	1.16e-25	109
NZ_LN831024.1_2993	iML1515.b0339	63.0	211	78	0	1	211	1	211	5.89e-91	266
NZ_LN831024.1_2993	iYL1228.KPN_02014	61.1	208	81	0	1	208	1	208	1.73e-88	259
NZ_LN831024.1_2994	iML1515.b0340	71.8	156	44	0	1	156	1	156	5.36e-75	220
NZ_LN831024.1_3003	iCN718.ABAYE_RS07615	44.1	288	157	3	11	296	15	300	1.44e-76	235
NZ_LN831024.1_3004	iJN1463.PP_2443	78.4	399	86	0	7	405	3	401	1.83e-208	578
NZ_LN831024.1_3004	iPC815.YPO0584	72.1	390	109	0	16	405	20	409	4.24e-188	528
NZ_LN831024.1_3004	STM_v1_0.STM3225	71.6	398	113	0	8	405	9	406	3.70e-187	525
NZ_LN831024.1_3005	iML1515.b1296	77.7	435	97	0	10	444	15	449	8.69e-245	675
NZ_LN831024.1_3005	iYL1228.KPN_01022	75.1	453	109	1	3	451	4	456	9.35e-245	675
NZ_LN831024.1_3005	iSF_1195.SF1301	77.7	435	97	0	10	444	15	449	8.69e-245	675
NZ_LN831024.1_3005	iSSON_1240.SSON_1844	77.7	435	97	0	10	444	33	467	1.68e-244	675
NZ_LN831024.1_3005	iSbBS512_1146.SbBS512_E1532	77.0	435	100	0	10	444	15	449	1.36e-241	667
NZ_LN831024.1_3006	iJN1463.PP_5184	90.0	458	46	0	1	458	1	458	1.62e-309	838
NZ_LN831024.1_3006	iJN1463.PP_5299	84.4	449	69	1	11	458	12	460	1.68e-284	775
NZ_LN831024.1_3007	iYO844.BSU26710	27.5	131	91	4	49	177	67	195	4.55e-05	43.1
NZ_LN831024.1_3010	STM_v1_0.STM3901	31.3	547	339	9	9	541	2	525	5.85e-79	258
NZ_LN831024.1_3010	iYL1228.KPN_04267	31.7	537	350	9	9	541	2	525	8.20e-79	257
NZ_LN831024.1_3010	iAF692.Mbar_A0218	31.7	543	349	11	9	541	10	540	4.58e-76	251
NZ_LN831024.1_3010	iEK1008.Rv3003c	33.6	542	336	11	4	528	34	568	4.74e-75	249
NZ_LN831024.1_3010	iCN718.ABAYE_RS16140	32.2	521	321	9	9	508	5	514	1.45e-72	241
NZ_LN831024.1_3010	iLJ478.TM0548	31.5	542	353	10	10	542	8	540	9.60e-72	239
NZ_LN831024.1_3010	iYO844.BSU28310	28.2	542	365	9	9	538	19	548	1.56e-70	236
NZ_LN831024.1_3010	iYL1228.KPN_04074	32.0	544	347	12	10	544	5	534	1.33e-70	236
NZ_LN831024.1_3010	iPC815.YPO2293	30.3	547	362	9	1	539	1	536	1.59e-70	236
NZ_LN831024.1_3010	iYS854.USA300HOU_RS11065	29.4	555	363	11	8	547	35	575	1.59e-69	234
NZ_LN831024.1_3010	iHN637.CLJU_RS10020	29.2	545	362	9	12	546	5	535	6.87e-70	233
NZ_LN831024.1_3010	iMM904.YMR108W	30.0	570	362	14	1	541	85	646	2.06e-68	233
NZ_LN831024.1_3012	iEK1008.Rv2895c	30.5	292	163	11	12	300	10	264	1.25e-26	105
NZ_LN831024.1_3013	iCN900.CD630_36640	27.7	382	260	8	90	462	13	387	2.63e-50	176
NZ_LN831024.1_3019	iLB1027_lipid.PHATRDRAFT_3046	28.4	257	168	7	35	286	30	275	7.51e-10	58.9
NZ_LN831024.1_3020	iJN1463.PP_3819	81.2	451	85	0	1	451	1	451	8.89e-269	735
NZ_LN831024.1_3022	iJN1463.PP_3821	86.4	279	38	0	1	279	1	279	1.17e-182	503
NZ_LN831024.1_3023	iAF987.Gmet_1430	49.1	448	217	3	1	442	1	443	1.34e-148	430
NZ_LN831024.1_3023	iPC815.YPO2174	49.3	444	220	2	1	442	1	441	5.34e-145	421
NZ_LN831024.1_3026	STM_v1_0.STM3390	43.2	368	200	4	18	381	18	380	1.97e-80	251
NZ_LN831024.1_3026	iSbBS512_1146.SbBS512_E3648	42.7	370	199	5	18	381	18	380	8.69e-79	247
NZ_LN831024.1_3026	iML1515.b3265	42.4	370	200	5	18	381	18	380	3.44e-78	246
NZ_LN831024.1_3026	iYL1228.KPN_03672	42.4	375	207	5	12	383	9	377	5.04e-76	240
NZ_LN831024.1_3026	iSDY_1059.SDY_0456	41.6	344	198	3	19	361	20	361	6.60e-75	238
NZ_LN831024.1_3026	iML1515.b0463	41.6	344	198	3	19	361	20	361	9.31e-75	237
NZ_LN831024.1_3026	iPC815.YPO3132	41.6	344	199	2	19	361	20	362	1.24e-74	237
NZ_LN831024.1_3026	iSSON_1240.SSON_0450	41.3	344	199	3	19	361	20	361	2.61e-74	236
NZ_LN831024.1_3026	iSF_1195.SF0408	41.3	344	199	3	19	361	20	361	1.45e-73	234
NZ_LN831024.1_3027	iML1515.b2470	51.5	1036	498	3	1	1032	1	1036	0.0	1011
NZ_LN831024.1_3027	iSSON_1240.SSON_2550	51.4	1036	499	3	1	1032	1	1036	0.0	1008
NZ_LN831024.1_3027	iSF_1195.SF2512	51.4	1036	499	3	1	1032	1	1036	0.0	1008
NZ_LN831024.1_3027	iSDY_1059.SDY_2654	51.3	1036	501	3	1	1032	1	1036	0.0	1005
NZ_LN831024.1_3027	STM_v1_0.STM3391	51.0	1032	500	5	1	1026	1	1032	0.0	994
NZ_LN831024.1_3027	iML1515.b0462	51.4	1033	495	6	1	1026	1	1033	0.0	991
NZ_LN831024.1_3027	iYL1228.KPN_03673	50.7	1031	503	4	1	1026	1	1031	0.0	983
NZ_LN831024.1_3027	iML1515.b3266	49.2	1033	519	5	1	1027	1	1033	0.0	957
NZ_LN831024.1_3027	iJN1463.PP_1385	49.4	1050	524	6	1	1045	1	1048	0.0	942
NZ_LN831024.1_3031	iJN1463.PP_4064	86.8	387	51	0	1	387	1	387	1.24e-245	671
NZ_LN831024.1_3032	iJN1463.PP_4065	85.6	535	77	0	1	535	1	535	0.0	929
NZ_LN831024.1_3033	iJN1463.PP_4066	67.2	262	86	0	1	262	1	262	3.30e-121	346
NZ_LN831024.1_3034	iJN1463.PP_4067	81.3	241	45	0	11	251	9	249	7.77e-129	380
NZ_LN831024.1_3035	iJN1463.PP_4067	72.2	360	100	0	1	360	291	650	4.41e-178	509
NZ_LN831024.1_3036	iJN1463.PP_3540	78.3	299	65	0	1	299	1	299	4.06e-168	468
NZ_LN831024.1_3038	iJN1463.PP_4621	81.5	433	79	1	1	432	1	433	2.77e-265	724
NZ_LN831024.1_3039	iJN1463.PP_4620	79.1	430	85	2	1	426	1	429	5.11e-251	688
NZ_LN831024.1_3040	iJN1463.PP_4619	75.8	211	49	1	1	211	1	209	6.45e-112	318
NZ_LN831024.1_3041	iJN1463.PP_1376	38.4	425	239	5	12	423	18	432	5.51e-87	272
NZ_LN831024.1_3043	iJN1463.PP_3074	87.9	463	56	0	1	463	1	463	3.83e-276	754
NZ_LN831024.1_3044	iJN1463.PP_3073	73.8	256	67	0	1	256	1	256	4.17e-130	368
NZ_LN831024.1_3045	iJN1463.PP_3124	87.6	468	58	0	7	474	5	472	6.26e-294	800
NZ_LN831024.1_3046	iJN1463.PP_4636	83.4	392	65	0	1	392	1	392	1.07e-228	629
NZ_LN831024.1_3047	iJN1463.PP_3123	90.4	218	21	0	1	218	1	218	1.43e-139	389
NZ_LN831024.1_3047	iYL1228.KPN_02054	81.9	216	39	0	3	218	2	217	1.49e-125	353
NZ_LN831024.1_3048	iJN1463.PP_3122	85.8	232	33	0	1	232	1	232	9.52e-145	403
NZ_LN831024.1_3050	iJN1463.PP_3071	69.8	646	194	1	5	650	5	649	0.0	944
NZ_LN831024.1_3054	iJN1463.PP_4492	70.6	354	104	0	19	372	11	364	6.41e-166	470
NZ_LN831024.1_3056	iAF987.Gmet_1053	42.4	380	219	0	8	387	3	382	2.55e-109	325
NZ_LN831024.1_3058	iJN1463.PP_0376	77.8	369	82	0	12	380	7	375	1.07e-221	610
NZ_LN831024.1_3060	iJN1463.PP_0378	84.4	244	38	0	6	249	7	250	4.52e-159	441
NZ_LN831024.1_3062	iJN1463.PP_0380	82.6	23	4	0	19	41	1	23	2.39e-11	50.8
NZ_LN831024.1_3063	iJN1463.PP_0545	91.1	506	45	0	1	506	1	506	0.0	935
NZ_LN831024.1_3063	iJN1463.PP_2680	87.7	506	62	0	1	506	1	506	0.0	915
NZ_LN831024.1_3064	iJN1463.PP_2675	63.6	151	46	2	3	145	4	153	2.36e-63	190
NZ_LN831024.1_3065	iJN1463.PP_2674	82.1	631	105	2	1	623	1	631	0.0	1099
NZ_LN831024.1_3067	iAF987.Gmet_1914	34.3	102	65	1	2	103	3	102	3.33e-09	55.8
NZ_LN831024.1_3070	iAF987.Gmet_0069	31.4	105	67	3	4	105	5	107	4.32e-06	46.2
NZ_LN831024.1_3070	iAF987.Gmet_1914	28.3	106	71	3	1	105	1	102	7.00e-06	45.8
NZ_LN831024.1_3070	iAF987.Gmet_1919	29.4	102	69	2	4	105	5	103	2.71e-05	43.9
NZ_LN831024.1_3071	iML1515.b3943	30.1	236	148	6	33	254	36	268	2.99e-05	44.3
NZ_LN831024.1_3072	iAF987.Gmet_0043	25.3	360	233	10	487	829	20	360	5.18e-17	85.1
NZ_LN831024.1_3075	iJN1463.PP_0381	36.4	799	412	21	2	759	10	753	5.48e-88	293
NZ_LN831024.1_3076	STM_v1_0.STM3635	27.8	468	309	11	40	488	43	500	1.50e-41	157
NZ_LN831024.1_3076	iSF_1195.SF3580	28.0	439	274	13	75	488	90	511	7.18e-40	152
NZ_LN831024.1_3076	iSSON_1240.SSON_3844	28.0	439	274	13	75	488	90	511	7.18e-40	152
NZ_LN831024.1_3076	iML1515.b3546	28.0	439	274	13	75	488	79	500	1.18e-39	152
NZ_LN831024.1_3076	iSbBS512_1146.SbBS512_E3983	28.0	439	274	13	75	488	79	500	1.18e-39	152
NZ_LN831024.1_3076	iYL1228.KPN_03904	27.5	477	300	13	40	488	37	495	1.39e-39	151
NZ_LN831024.1_3077	iJN1463.PP_4184	77.8	437	97	0	1	437	1	437	2.69e-235	649
NZ_LN831024.1_3082	iCN718.ABAYE_RS07710	34.7	121	75	3	1	119	1	119	2.94e-09	50.8
NZ_LN831024.1_3084	iYS854.USA300HOU_RS08305	29.2	236	131	9	314	521	13	240	1.43e-19	88.2
NZ_LN831024.1_3084	iCN900.CD630_04310	21.7	561	303	23	4	521	16	483	1.06e-17	85.5
NZ_LN831024.1_3084	iLJ478.TM1376	26.6	229	147	5	312	521	6	232	2.86e-17	83.2
NZ_LN831024.1_3084	STM_v1_0.STM1226	29.4	231	137	8	303	509	3	231	5.59e-17	82.4
NZ_LN831024.1_3084	iCN718.ABAYE_RS05140	29.5	237	136	7	311	521	2	233	2.61e-16	80.1
NZ_LN831024.1_3084	iAF987.Gmet_2439	31.3	233	140	6	307	521	1	231	9.71e-17	79.7
NZ_LN831024.1_3084	iJN1463.PP_0118	26.8	194	137	2	312	501	6	198	1.05e-16	79.7
NZ_LN831024.1_3086	iYO844.BSU19230	40.4	109	63	1	70	176	74	182	7.62e-24	93.6
NZ_LN831024.1_3086	iNF517.LLMG_RS02035	43.1	109	58	2	81	189	84	188	1.93e-22	89.7
NZ_LN831024.1_3086	iNF517.LLMG_RS00655	38.8	165	91	4	13	168	15	178	2.69e-21	87.0
NZ_LN831024.1_3086	iYS854.USA300HOU_RS01080	42.6	101	56	1	78	176	82	182	9.13e-21	85.5
NZ_LN831024.1_3089	iJN1463.PP_2862	83.9	274	44	0	1	274	2	275	1.17e-165	459
NZ_LN831024.1_3090	iYL1228.KPN_00755	29.4	204	119	1	1	179	22	225	2.95e-23	92.4
NZ_LN831024.1_3090	iPC815.YPO1128	25.5	212	127	2	1	184	22	230	6.57e-21	86.3
NZ_LN831024.1_3091	iCHOv1.100759992	26.5	113	58	3	3	90	11	123	1.00e-04	40.8
NZ_LN831024.1_3091	iMM1415.68603	25.7	113	59	3	3	90	11	123	4.67e-04	38.9
NZ_LN831024.1_3098	iJN1463.PP_2458	64.3	300	107	0	1	300	1	300	7.37e-122	351
NZ_LN831024.1_3099	iYL1228.KPN_04156	25.0	240	157	8	48	274	11	240	5.44e-09	56.2
NZ_LN831024.1_3099	STM_v1_0.STM3884	24.2	236	164	7	48	274	11	240	9.78e-09	55.5
NZ_LN831024.1_3099	iML1515.b3751	24.6	236	163	7	48	274	11	240	1.31e-08	55.1
NZ_LN831024.1_3099	iYO844.BSU35960	26.5	249	167	10	62	302	40	280	1.88e-07	51.6
NZ_LN831024.1_3100	iJN1463.PP_2456	86.0	321	45	0	12	332	11	331	7.01e-185	513
NZ_LN831024.1_3101	iJN1463.PP_2455	75.8	500	121	0	8	507	16	515	2.93e-263	726
NZ_LN831024.1_3102	iJN1463.PP_2454	75.2	311	74	2	8	317	8	316	2.04e-159	447
NZ_LN831024.1_3104	STM_v1_0.STM1883	24.1	228	144	8	265	480	92	302	1.08e-05	47.4
NZ_LN831024.1_3104	iAF692.Mbar_A1587	23.1	242	165	9	263	491	91	324	1.16e-04	44.3
NZ_LN831024.1_3105	iML1515.b4093	28.7	129	83	3	5	125	6	133	8.57e-05	42.0
NZ_LN831024.1_3108	iCHOv1.100773774	24.0	341	212	13	63	378	79	397	2.20e-07	52.4
NZ_LN831024.1_3108	iAF692.Mbar_A0814	36.4	107	54	4	74	178	46	140	2.09e-07	52.4
NZ_LN831024.1_3108	iJN1463.PP_0481	28.7	164	98	5	82	239	50	200	8.31e-07	50.4
NZ_LN831024.1_3108	iAT_PLT_636.847	23.8	340	214	13	63	378	51	369	2.04e-06	49.3
NZ_LN831024.1_3112	iSF_1195.SF2868	27.5	765	499	19	7	732	8	755	2.34e-54	199
NZ_LN831024.1_3112	iML1515.b2866	27.4	753	501	16	14	732	2	742	4.43e-53	196
NZ_LN831024.1_3112	iCN900.CD630_20790	26.3	772	488	20	14	732	8	751	1.25e-52	194
NZ_LN831024.1_3112	iSSON_1240.SSON_3017	28.3	759	486	21	14	732	2	742	3.81e-52	193
NZ_LN831024.1_3112	iCN900.CD630_20730	27.2	783	481	23	10	732	4	757	1.12e-51	192
NZ_LN831024.1_3112	iCN900.CD630_20870	26.0	757	495	19	9	727	6	735	1.12e-51	191
NZ_LN831024.1_3112	iYO844.BSU32480	26.6	759	483	20	14	733	10	733	1.11e-47	180
NZ_LN831024.1_3113	iAF987.Gmet_2134	25.3	336	190	8	1	324	3	289	3.53e-17	80.1
NZ_LN831024.1_3113	iML1515.b2867	24.0	333	197	8	5	329	6	290	2.05e-15	75.1
NZ_LN831024.1_3113	iSF_1195.SF2869	24.0	333	197	8	5	329	6	290	5.15e-15	73.9
NZ_LN831024.1_3113	iEK1008.Rv0375c	26.8	332	175	10	12	328	1	279	6.56e-15	73.6
NZ_LN831024.1_3114	iAF987.Gmet_2135	46.2	143	77	0	11	153	16	158	2.83e-43	141
NZ_LN831024.1_3114	iCN900.CD630_20880	46.5	144	77	0	11	154	4	147	2.38e-41	135
NZ_LN831024.1_3114	iHN637.CLJU_RS11605	44.5	146	81	0	11	156	5	150	4.63e-41	135
NZ_LN831024.1_3114	iYO844.BSU32470	43.2	155	83	2	15	169	20	169	3.60e-39	130
NZ_LN831024.1_3115	iAF987.Gmet_3085	31.0	116	73	3	37	148	353	465	3.94e-09	58.5
NZ_LN831024.1_3118	iSSON_1240.SSON_4003	62.9	760	268	8	3	760	4	751	0.0	919
NZ_LN831024.1_3118	iML1515.b3829	62.6	760	270	8	3	760	4	751	0.0	917
NZ_LN831024.1_3118	iSDY_1059.SDY_3914	62.8	760	269	8	3	760	4	751	0.0	917
NZ_LN831024.1_3118	STM_v1_0.STM3965	62.6	759	272	6	3	760	4	751	0.0	916
NZ_LN831024.1_3118	iSF_1195.SF3907	62.6	760	270	8	3	760	4	751	0.0	916
NZ_LN831024.1_3118	iSbBS512_1146.SbBS512_E4295	62.6	760	270	8	3	760	4	751	0.0	915
NZ_LN831024.1_3118	iYL1228.KPN_04325	62.3	758	272	8	5	760	6	751	0.0	914
NZ_LN831024.1_3118	iPC815.YPO3788	60.7	758	291	5	3	760	4	754	0.0	901
NZ_LN831024.1_3119	iML1515.b0905	47.8	582	296	3	150	727	4	581	2.04e-184	538
NZ_LN831024.1_3122	iAF692.Mbar_A3731	33.0	1107	673	31	121	1182	294	1376	3.16e-163	527
NZ_LN831024.1_3123	iYL1228.KPN_02593	36.7	656	358	18	32	653	7	639	3.89e-128	392
NZ_LN831024.1_3123	iML1515.b2155	37.2	664	353	20	30	653	24	663	4.29e-127	390
NZ_LN831024.1_3123	iSSON_1240.SSON_2211	37.2	664	353	20	30	653	24	663	4.29e-127	390
NZ_LN831024.1_3123	STM_v1_0.STM2199	36.2	660	363	14	31	653	25	663	5.32e-121	374
NZ_LN831024.1_3124	iJN1463.PP_2545	33.6	110	60	3	26	135	27	123	1.89e-06	47.8
NZ_LN831024.1_3125	iAF692.Mbar_A1037	25.8	569	354	18	158	662	195	759	6.24e-40	156
NZ_LN831024.1_3125	iHN637.CLJU_RS00895	24.0	707	434	24	13	662	4	664	1.45e-36	145
NZ_LN831024.1_3127	iML1515.b0902	29.4	197	122	7	1	185	1	192	5.74e-08	51.6
NZ_LN831024.1_3127	iSbBS512_1146.SbBS512_E2426	29.4	197	122	7	1	185	10	201	6.07e-08	51.6
NZ_LN831024.1_3127	iSDY_1059.SDY_2359	29.4	197	122	7	1	185	1	192	5.74e-08	51.6
NZ_LN831024.1_3127	iSF_1195.SF0897	29.4	197	122	7	1	185	1	192	5.74e-08	51.6
NZ_LN831024.1_3127	iSSON_1240.SSON_0903	29.4	197	122	7	1	185	1	192	5.74e-08	51.6
NZ_LN831024.1_3127	iYL1228.KPN_00930	29.4	197	122	7	1	185	1	192	7.77e-08	51.2
NZ_LN831024.1_3127	STM_v1_0.STM0970	30.6	183	110	7	15	185	43	220	2.23e-07	50.1
NZ_LN831024.1_3127	iPC815.YPO1381	30.6	144	87	5	15	150	13	151	1.16e-06	47.8
NZ_LN831024.1_3128	iML1515.b1301	31.3	368	238	7	35	399	29	384	1.50e-40	150
NZ_LN831024.1_3128	iSSON_1240.SSON_1839	31.3	368	238	7	35	399	29	384	1.50e-40	150
NZ_LN831024.1_3128	iSDY_1059.SDY_1943	31.0	368	239	7	35	399	29	384	1.45e-39	147
NZ_LN831024.1_3128	iSF_1195.SF1306	30.7	368	240	7	35	399	29	384	1.45e-39	147
NZ_LN831024.1_3128	iYL1228.KPN_01017	29.2	387	256	8	28	408	22	396	1.01e-38	145
NZ_LN831024.1_3128	iSbBS512_1146.SbBS512_E1537	30.7	368	240	7	35	399	29	384	1.93e-38	144
NZ_LN831024.1_3128	iJN1463.PP_4548	31.0	413	248	14	11	407	14	405	4.28e-38	143
NZ_LN831024.1_3128	iJN1463.PP_3146	30.9	385	247	10	22	399	18	390	5.52e-38	143
NZ_LN831024.1_3128	iJN1463.PP_2448	27.5	375	258	6	28	400	24	386	1.28e-36	139
NZ_LN831024.1_3130	iSbBS512_1146.SbBS512_E1034	26.6	369	244	8	20	369	5	365	1.84e-18	86.3
NZ_LN831024.1_3130	iYL1228.KPN_02404	26.0	408	272	11	20	408	5	401	4.48e-18	85.1
NZ_LN831024.1_3130	iML1515.b1907	26.3	369	245	8	20	369	5	365	1.09e-17	84.0
NZ_LN831024.1_3130	iSF_1195.SF1953	26.3	369	245	8	20	369	5	365	1.09e-17	84.0
NZ_LN831024.1_3130	iSSON_1240.SSON_1211	26.3	369	245	8	20	369	5	365	4.78e-17	82.0
NZ_LN831024.1_3130	iSDY_1059.SDY_1111	26.0	369	246	8	20	369	5	365	8.62e-17	81.3
NZ_LN831024.1_3130	iPC815.YPO1209	24.9	362	251	6	20	365	5	361	8.98e-16	78.2
NZ_LN831024.1_3136	iJN1463.PP_2590	44.6	688	370	8	21	702	89	771	4.65e-189	555
NZ_LN831024.1_3137	iJN1463.PP_0860	23.8	399	266	14	7	381	3	387	4.60e-07	51.6
NZ_LN831024.1_3139	iYL1228.KPN_02116	31.8	176	97	7	31	201	35	192	1.75e-04	43.1
NZ_LN831024.1_3142	STM_v1_0.STM1448	33.0	191	126	1	26	214	28	218	2.53e-32	116
NZ_LN831024.1_3142	iYL1228.KPN_01976	33.0	191	126	1	26	214	30	220	5.28e-32	115
NZ_LN831024.1_3142	iSynCJ816.SGL_RS10830	32.8	189	125	1	28	214	42	230	9.49e-32	115
NZ_LN831024.1_3142	iPC815.YPO2370	33.9	189	123	1	28	214	29	217	1.92e-31	114
NZ_LN831024.1_3142	iML1515.b1638	32.5	191	127	1	26	214	28	218	2.78e-31	113
NZ_LN831024.1_3142	iSDY_1059.SDY_1861	32.5	191	127	1	26	214	28	218	2.78e-31	113
NZ_LN831024.1_3142	iSF_1195.SF1663	32.5	191	127	1	26	214	28	218	2.78e-31	113
NZ_LN831024.1_3142	iSbBS512_1146.SbBS512_E1830	31.9	191	128	1	26	214	28	218	2.16e-30	111
NZ_LN831024.1_3142	iSSON_1240.SSON_1518	31.9	191	128	1	26	214	28	218	2.16e-30	111
NZ_LN831024.1_3142	iCHOv1.100753308	32.5	197	129	3	9	202	39	234	6.21e-29	108
NZ_LN831024.1_3142	iMM1415.103711	32.0	197	130	3	9	202	39	234	1.71e-28	107
NZ_LN831024.1_3142	iJN1463.PP_1129	34.3	172	107	2	47	214	46	215	4.70e-28	105
NZ_LN831024.1_3144	iLB1027_lipid.PHATRDRAFT_17238	27.2	511	302	20	146	622	370	844	6.91e-28	119
NZ_LN831024.1_3145	iYO844.BSU31970	49.5	210	96	2	4	207	3	208	1.08e-71	219
NZ_LN831024.1_3145	iYL1228.KPN_00613	49.8	205	101	1	4	206	3	207	8.37e-70	214
NZ_LN831024.1_3145	iML1515.b0595	46.8	205	107	1	4	206	3	207	2.65e-66	205
NZ_LN831024.1_3145	iSF_1195.SF0509	46.8	205	107	1	4	206	3	207	2.65e-66	205
NZ_LN831024.1_3145	STM_v1_0.STM0597	47.8	207	102	2	4	206	3	207	1.07e-65	203
NZ_LN831024.1_3145	iSSON_1240.SSON_0546	46.3	205	108	1	4	206	3	207	3.02e-65	202
NZ_LN831024.1_3145	iSDY_1059.SDY_0526	46.3	205	108	1	4	206	3	207	4.28e-65	202
NZ_LN831024.1_3145	iSbBS512_1146.SbBS512_E0497	45.9	205	109	1	4	206	3	207	3.44e-64	199
NZ_LN831024.1_3146	iJN1463.PP_1866	38.4	419	205	5	15	382	17	433	4.98e-81	255
NZ_LN831024.1_3146	iEK1008.Rv2178c	38.2	421	205	8	13	382	34	450	9.71e-78	247
NZ_LN831024.1_3146	iIT341.HP0134	36.8	419	212	6	15	382	18	434	5.88e-76	242
NZ_LN831024.1_3154	iSSON_1240.SSON_4482	30.5	262	158	7	271	526	1	244	2.37e-22	97.1
NZ_LN831024.1_3157	iML1515.b2302	31.6	206	109	10	8	196	7	197	6.57e-13	64.7
NZ_LN831024.1_3163	iCN718.ABAYE_RS09345	42.2	154	89	0	20	173	18	171	4.17e-34	118
NZ_LN831024.1_3165	iJN1463.PP_4119	60.0	120	48	0	10	129	12	131	3.77e-46	145
NZ_LN831024.1_3165	iPC815.YPO2555	55.8	120	53	0	10	129	12	131	6.99e-45	143
NZ_LN831024.1_3165	iML1515.b2288	56.7	120	52	0	10	129	14	133	3.41e-44	141
NZ_LN831024.1_3165	iSbBS512_1146.SbBS512_E2664	56.7	120	52	0	10	129	14	133	3.41e-44	141
NZ_LN831024.1_3165	iSDY_1059.SDY_2484	56.7	120	52	0	10	129	14	133	3.41e-44	141
NZ_LN831024.1_3165	iSF_1195.SF2364	56.7	120	52	0	10	129	14	133	3.41e-44	141
NZ_LN831024.1_3165	iSSON_1240.SSON_2345	56.7	120	52	0	10	129	14	133	3.41e-44	141
NZ_LN831024.1_3165	STM_v1_0.STM2328	55.8	120	53	0	10	129	14	133	1.96e-43	139
NZ_LN831024.1_3166	iML1515.b0543	40.4	104	62	0	3	106	4	107	7.11e-17	69.7
NZ_LN831024.1_3167	iJN1463.PP_3947	45.9	148	79	1	4	150	6	153	2.88e-43	140
NZ_LN831024.1_3168	iJN1463.PP_3948	29.5	725	431	19	54	731	49	740	8.62e-67	239
NZ_LN831024.1_3172	iJN1463.PP_3466	30.0	367	248	5	335	695	194	557	3.50e-34	137
NZ_LN831024.1_3172	iSbBS512_1146.SbBS512_E2443	37.6	197	120	2	504	699	360	554	1.23e-32	133
NZ_LN831024.1_3172	iSDY_1059.SDY_1025	31.7	312	197	6	403	705	884	1188	1.43e-31	132
NZ_LN831024.1_3172	iSSON_1240.SSON_0887	37.6	197	120	2	504	699	360	554	2.94e-32	132
NZ_LN831024.1_3172	iSF_1195.SF0845	37.6	197	120	2	504	699	360	554	3.94e-32	131
NZ_LN831024.1_3172	iAF987.Gmet_2634	35.5	234	144	2	485	717	342	569	5.23e-32	131
NZ_LN831024.1_3172	iSDY_1059.SDY_2375	37.1	197	121	2	504	699	360	554	9.45e-32	130
NZ_LN831024.1_3172	STM_v1_0.STM2774	31.0	310	208	4	400	705	884	1191	5.82e-31	130
NZ_LN831024.1_3172	iML1515.b0886	37.1	197	121	2	504	699	360	554	1.69e-31	129
NZ_LN831024.1_3172	iYL1228.KPN_00918	31.6	294	189	5	410	699	269	554	7.24e-31	127
NZ_LN831024.1_3172	STM_v1_0.STM0956	35.7	224	140	3	486	707	341	562	7.24e-31	127
NZ_LN831024.1_3172	iAF987.Gmet_2633	37.0	211	127	5	486	694	340	546	2.50e-30	125
NZ_LN831024.1_3175	iCN900.CD630_21220	34.3	67	44	0	257	323	229	295	4.61e-08	53.5
NZ_LN831024.1_3179	iJN1463.PP_1915	53.4	73	34	0	1	73	1	73	4.21e-20	75.9
NZ_LN831024.1_3179	iPC815.YPO1600	49.3	73	37	0	1	73	1	73	9.85e-19	72.4
NZ_LN831024.1_3179	iML1515.b1094	49.3	73	37	0	1	73	1	73	1.98e-18	71.6
NZ_LN831024.1_3179	iYL1228.KPN_01092	49.3	73	37	0	1	73	1	73	1.98e-18	71.6
NZ_LN831024.1_3179	STM_v1_0.STM1196	49.3	73	37	0	1	73	1	73	1.98e-18	71.6
NZ_LN831024.1_3179	iSbBS512_1146.SbBS512_E2230	49.3	73	37	0	1	73	1	73	1.98e-18	71.6
NZ_LN831024.1_3179	iSDY_1059.SDY_2056	49.3	73	37	0	1	73	1	73	1.98e-18	71.6
NZ_LN831024.1_3179	iSF_1195.SF1098	49.3	73	37	0	1	73	1	73	1.98e-18	71.6
NZ_LN831024.1_3179	iSSON_1240.SSON_1114	49.3	73	37	0	1	73	1	73	1.98e-18	71.6
NZ_LN831024.1_3186	iJN1463.PP_3828	78.5	251	53	1	1	250	1	251	5.69e-135	380
NZ_LN831024.1_3187	iJN1463.PP_3829	78.3	226	49	0	3	228	1	226	1.68e-131	369
NZ_LN831024.1_3188	iJN1463.PP_3830	68.9	347	107	1	15	360	16	362	9.44e-163	459
NZ_LN831024.1_3193	iJN1463.PP_4255	84.7	457	70	0	10	466	7	463	3.48e-306	832
NZ_LN831024.1_3193	iJN1463.PP_4250	78.3	465	97	1	1	465	1	461	2.03e-285	779
NZ_LN831024.1_3195	iYO844.BSU29700	32.2	121	80	2	247	367	6	124	4.90e-11	61.6
NZ_LN831024.1_3198	iJN1463.PP_1494	40.9	181	105	1	215	393	155	335	2.50e-38	140
NZ_LN831024.1_3198	iAF987.Gmet_1298	40.6	192	107	3	200	390	159	344	4.98e-34	129
NZ_LN831024.1_3202	iLB1027_lipid.PHATRDRAFT_16693	31.6	79	53	1	103	180	117	195	7.71e-08	50.1
NZ_LN831024.1_3202	iYS854.USA300HOU_RS04640	34.6	81	51	2	103	183	1	79	1.06e-07	47.4
NZ_LN831024.1_3203	iJN1463.PP_2376	66.2	743	249	2	21	762	25	766	0.0	1045
NZ_LN831024.1_3206	iJN1463.PP_2375	88.3	1234	139	1	5	1233	1	1234	0.0	2174
NZ_LN831024.1_3208	iIS312.TCDM_05295	28.7	150	103	3	7	153	92	240	2.41e-10	57.8
NZ_LN831024.1_3213	iJN1463.PP_2371	84.2	552	85	1	1	552	1	550	0.0	956
NZ_LN831024.1_3218	iYS854.USA300HOU_RS12825	44.3	327	182	0	4	330	19	345	3.09e-92	278
NZ_LN831024.1_3218	iML1515.b3253	46.9	305	160	1	25	329	21	323	1.78e-85	260
NZ_LN831024.1_3219	iAF987.Gmet_1750	32.6	175	109	3	127	296	74	244	3.57e-12	65.9
NZ_LN831024.1_3220	STM_v1_0.STM0643	30.3	165	94	7	4	158	3	156	1.86e-05	43.9
NZ_LN831024.1_3221	iMM1415.15488	34.6	78	46	2	26	98	648	725	4.27e-07	46.2
NZ_LN831024.1_3221	iCHOv1.100757558	32.1	81	50	2	26	101	458	538	1.28e-05	42.0
NZ_LN831024.1_3221	iMM1415.20280	32.1	81	50	2	26	101	442	522	1.27e-05	42.0
NZ_LN831024.1_3222	iCHOv1.100763073	31.1	334	213	9	2	326	4	329	3.91e-50	178
NZ_LN831024.1_3222	iMM1415.102632	32.5	335	205	10	3	326	5	329	5.37e-50	178
NZ_LN831024.1_3222	iEK1008.Rv3761c	34.4	314	190	6	16	322	10	314	4.13e-49	168
NZ_LN831024.1_3223	iAF987.Gmet_1601	37.3	244	150	2	9	252	3	243	3.93e-44	149
NZ_LN831024.1_3223	iEK1008.Rv1928c	36.3	256	156	4	1	253	1	252	9.96e-44	148
NZ_LN831024.1_3223	iCN900.CD630_11820	34.9	252	156	4	6	254	1	247	5.22e-42	143
NZ_LN831024.1_3223	iLJ478.TM1724	35.9	251	148	5	9	254	3	245	2.68e-41	141
NZ_LN831024.1_3223	iYO844.BSU15910	37.5	248	149	4	9	254	2	245	1.06e-40	140
NZ_LN831024.1_3223	iCN718.ABAYE_RS09790	34.5	255	156	2	9	253	5	258	4.35e-40	139
NZ_LN831024.1_3223	iHN637.CLJU_RS20765	34.4	244	156	3	12	254	7	247	3.11e-40	139
NZ_LN831024.1_3223	iSynCJ816.SGL_RS07245	35.9	248	151	4	9	254	4	245	3.03e-40	139
NZ_LN831024.1_3224	iSDY_1059.SDY_2057	42.4	245	126	7	9	248	6	240	5.76e-39	135
NZ_LN831024.1_3224	iML1515.b1093	41.7	242	132	6	9	248	6	240	1.61e-38	134
NZ_LN831024.1_3224	iSbBS512_1146.SbBS512_E2231	41.7	242	132	6	9	248	6	240	1.61e-38	134
NZ_LN831024.1_3224	iSF_1195.SF1097	41.7	242	132	6	9	248	6	240	1.61e-38	134
NZ_LN831024.1_3224	iSSON_1240.SSON_1113	41.7	242	132	6	9	248	6	240	1.61e-38	134
NZ_LN831024.1_3224	iCN718.ABAYE_RS14915	40.6	244	132	6	9	248	6	240	8.89e-38	132
NZ_LN831024.1_3224	STM_v1_0.STM1195	40.9	242	134	6	9	248	6	240	4.91e-37	130
NZ_LN831024.1_3224	iYL1228.KPN_01091	41.3	242	133	6	9	248	6	240	3.80e-36	128
NZ_LN831024.1_3224	iPC815.YPO1599	40.5	242	135	6	9	248	6	240	5.35e-36	127
NZ_LN831024.1_3224	iYS854.USA300HOU_RS06185	39.0	246	137	6	9	248	3	241	1.49e-35	126
NZ_LN831024.1_3228	iJN1463.PP_4029	63.2	272	100	0	6	277	4	275	1.14e-128	366
NZ_LN831024.1_3230	iCHOv1.100768055	46.3	268	142	2	4	269	51	318	8.87e-83	251
NZ_LN831024.1_3230	iMM1415.51798	48.5	264	133	3	4	264	54	317	1.42e-82	250
NZ_LN831024.1_3231	iJN1463.PP_4031	74.0	500	130	0	1	500	1	500	6.03e-252	696
NZ_LN831024.1_3232	STM_v1_0.STM4294	39.9	434	255	3	12	445	10	437	7.14e-97	298
NZ_LN831024.1_3232	iML1515.b4115	39.2	434	258	3	12	445	10	437	2.01e-96	296
NZ_LN831024.1_3232	iSDY_1059.SDY_4098	39.2	434	258	3	12	445	10	437	2.01e-96	296
NZ_LN831024.1_3232	iSF_1195.SF4108	39.2	434	258	3	12	445	10	437	2.01e-96	296
NZ_LN831024.1_3232	iSSON_1240.SSON_4290	39.2	434	258	3	12	445	10	437	2.01e-96	296
NZ_LN831024.1_3232	iSbBS512_1146.SbBS512_E4612	38.9	434	259	3	12	445	10	437	3.16e-95	293
NZ_LN831024.1_3232	iPC815.YPO1200	37.3	434	266	3	12	445	8	435	1.87e-90	281
NZ_LN831024.1_3233	iJN1463.PP_4140	78.2	751	160	1	1	751	1	747	0.0	1194
NZ_LN831024.1_3238	iJN1463.PP_4144	68.8	260	78	2	1	258	1	259	1.36e-127	362
NZ_LN831024.1_3239	iML1515.b0211	38.1	457	249	10	21	462	5	442	1.04e-92	290
NZ_LN831024.1_3240	iJN1463.PP_4147	43.5	605	324	5	1	603	7	595	1.08e-176	514
NZ_LN831024.1_3241	iJN1463.PP_4147	67.5	603	194	2	5	606	6	607	3.80e-310	853
NZ_LN831024.1_3242	iJN1463.PP_4148	84.7	360	51	1	1	360	1	356	1.93e-214	590
NZ_LN831024.1_3243	iJN1463.PP_4149	86.1	339	47	0	1	339	1	339	4.92e-221	605
NZ_LN831024.1_3244	iJN1463.PP_4150	80.2	530	104	1	1	529	1	530	2.78e-303	829
NZ_LN831024.1_3245	iCN718.ABAYE_RS16180	72.1	258	70	1	2	259	4	259	2.04e-128	364
NZ_LN831024.1_3245	STM_v1_0.STM1700	69.2	263	78	2	1	263	1	260	7.67e-125	355
NZ_LN831024.1_3245	iML1515.b1288	69.2	263	78	2	1	263	1	260	2.19e-124	354
NZ_LN831024.1_3245	iSF_1195.SF1293	69.2	263	78	2	1	263	1	260	2.19e-124	354
NZ_LN831024.1_3245	iSSON_1240.SSON_1852	69.2	263	78	2	1	263	1	260	2.19e-124	354
NZ_LN831024.1_3245	iSDY_1059.SDY_1368	69.2	263	78	2	1	263	1	260	4.42e-124	353
NZ_LN831024.1_3245	iSbBS512_1146.SbBS512_E1522	68.8	263	79	2	1	263	1	260	3.61e-123	351
NZ_LN831024.1_3245	iYL1228.KPN_01284	69.2	263	78	2	1	263	1	260	5.13e-123	350
NZ_LN831024.1_3249	iAT_PLT_636.4905	34.3	108	58	5	116	215	256	358	4.63e-05	45.4
NZ_LN831024.1_3249	iMM1415.18195	34.3	108	58	5	116	215	256	358	4.63e-05	45.4
NZ_LN831024.1_3252	iAF987.Gmet_1706	27.4	146	95	4	8	149	2	140	2.08e-14	70.9
NZ_LN831024.1_3252	iAF987.Gmet_2999	24.0	179	113	5	9	180	10	172	6.18e-12	63.9
NZ_LN831024.1_3253	iAF987.Gmet_0043	33.3	69	45	1	354	422	196	263	1.31e-04	43.9
NZ_LN831024.1_3254	iML1515.b0376	21.0	377	257	12	1	362	1	351	2.50e-11	65.5
NZ_LN831024.1_3258	iJN1463.PP_2265	86.9	283	37	0	1	283	1	283	4.71e-180	496
NZ_LN831024.1_3259	iJN1463.PP_2905	82.4	460	81	0	1	460	1	460	7.74e-286	779
NZ_LN831024.1_3260	iJN1463.PP_2904	84.3	566	77	1	1	554	1	566	0.0	1009
NZ_LN831024.1_3262	iJN1463.PP_2902	73.3	236	63	0	3	238	2	237	1.88e-132	372
NZ_LN831024.1_3268	iJN1463.PP_2339	82.3	186	33	0	1	186	1	186	1.37e-100	309
NZ_LN831024.1_3269	iJN1463.PP_2339	94.9	669	34	0	1	669	201	869	0.0	1276
NZ_LN831024.1_3270	iSynCJ816.SGL_RS06585	36.2	389	245	3	5	391	265	652	1.34e-70	234
NZ_LN831024.1_3270	iSynCJ816.SGL_RS06595	35.2	403	247	7	2	393	45	444	3.04e-70	227
NZ_LN831024.1_3273	iJN1463.PP_2092	84.6	403	62	0	1	403	9	411	4.69e-244	669
NZ_LN831024.1_3274	iYS854.USA300HOU_RS06130	34.1	182	110	6	333	506	83	262	2.41e-23	103
NZ_LN831024.1_3275	iYO844.BSU03300	54.0	810	362	6	1	808	1	801	2.12e-308	865
NZ_LN831024.1_3276	iYO844.BSU03290	40.0	85	50	1	15	99	21	104	9.73e-22	82.0
NZ_LN831024.1_3276	iYS854.USA300HOU_RS12970	36.4	99	61	2	4	101	7	104	5.27e-21	80.1
NZ_LN831024.1_3277	iCN718.ABAYE_RS08080	38.4	937	511	17	2	900	11	919	1.09e-201	600
NZ_LN831024.1_3277	iSynCJ816.SGL_RS06575	42.2	720	394	6	4	708	2	714	2.73e-189	561
NZ_LN831024.1_3277	iJN1463.PP_1703	41.7	719	387	10	12	708	8	716	2.43e-174	541
NZ_LN831024.1_3278	iJN1463.PP_2090	77.6	232	52	0	1	232	1	232	1.05e-127	361
NZ_LN831024.1_3279	iAF987.Gmet_2727	38.5	104	63	1	242	345	293	395	9.99e-15	74.3
NZ_LN831024.1_3279	iAF987.Gmet_1832	36.9	103	64	1	241	342	412	514	7.92e-14	72.0
NZ_LN831024.1_3279	iSF_1195.SF0957	30.5	220	97	8	139	345	160	336	1.18e-12	67.8
NZ_LN831024.1_3283	iAF987.Gmet_1189	25.4	283	197	6	58	332	80	356	2.21e-14	72.8
NZ_LN831024.1_3283	iHN637.CLJU_RS10745	23.0	230	166	3	110	331	85	311	3.60e-12	65.9
NZ_LN831024.1_3285	iCHOv1.100761083	38.1	97	51	3	56	143	78	174	3.30e-08	54.3
NZ_LN831024.1_3285	iMM1415.67717	36.1	97	53	3	56	143	77	173	1.37e-07	52.4
NZ_LN831024.1_3285	iCHOv1.100759060	37.1	97	52	3	56	143	78	174	2.44e-07	51.6
NZ_LN831024.1_3285	iCHOv1.100761374	36.1	97	53	3	56	143	78	174	7.65e-07	50.1
NZ_LN831024.1_3286	iJN1463.PP_2082	93.8	791	49	0	1	791	1	791	0.0	1472
NZ_LN831024.1_3292	iML1515.b2344	23.9	222	132	6	272	490	234	421	4.37e-11	64.7
NZ_LN831024.1_3292	iSbBS512_1146.SbBS512_E2724	23.1	221	135	5	272	490	234	421	4.37e-11	64.7
NZ_LN831024.1_3292	iSF_1195.SF2421	23.9	222	132	6	272	490	234	421	4.37e-11	64.7
NZ_LN831024.1_3292	iSSON_1240.SSON_2400	23.9	222	132	6	272	490	236	423	4.39e-11	64.7
NZ_LN831024.1_3292	iSDY_1059.SDY_2545	22.3	264	151	8	272	532	236	448	7.72e-11	63.9
NZ_LN831024.1_3292	STM_v1_0.STM2391	23.7	219	136	4	272	490	225	412	2.32e-10	62.4
NZ_LN831024.1_3292	iYL1228.KPN_02726	22.4	214	132	4	272	482	228	410	4.12e-10	61.6
NZ_LN831024.1_3296	iEK1008.Rv0386	38.5	52	32	0	842	893	1025	1076	4.29e-04	43.9
NZ_LN831024.1_3298	iJN1463.PP_2329	64.9	447	155	2	1	446	1	446	1.66e-214	597
NZ_LN831024.1_3300	iJN1463.PP_2328	85.7	244	35	0	24	267	1	244	3.75e-163	451
NZ_LN831024.1_3304	iJN1463.PP_2325	67.9	315	99	2	1	315	1	313	1.82e-146	414
NZ_LN831024.1_3305	iYL1228.KPN_04282	25.3	83	53	2	19	95	6	85	8.72e-04	36.2
NZ_LN831024.1_3306	iJN1463.PP_2324	88.3	358	42	0	1	358	13	370	6.16e-232	634
NZ_LN831024.1_3308	iEK1008.Rv0632c	39.7	224	132	3	1	222	1	223	5.71e-48	157
NZ_LN831024.1_3314	iJN1463.PP_1842	74.2	240	61	1	1	240	1	239	1.87e-133	375
NZ_LN831024.1_3317	iSbBS512_1146.SbBS512_E3430	36.0	325	186	10	1	311	13	329	4.09e-44	154
NZ_LN831024.1_3317	iSF_1195.SF3047	36.0	325	186	10	1	311	13	329	8.03e-44	153
NZ_LN831024.1_3317	iSSON_1240.SSON_3145	36.0	325	186	10	1	311	13	329	8.03e-44	153
NZ_LN831024.1_3317	iML1515.b3001	36.0	325	186	10	1	311	13	329	1.13e-43	152
NZ_LN831024.1_3317	iYL1228.KPN_02741	33.5	325	200	7	1	316	1	318	6.24e-43	150
NZ_LN831024.1_3317	iYO844.BSU39780	33.1	314	199	5	1	311	1	306	2.80e-42	148
NZ_LN831024.1_3317	iYO844.BSU09530	32.3	300	183	7	1	292	1	288	2.47e-41	146
NZ_LN831024.1_3319	iCN718.ABAYE_RS03685	62.6	705	261	3	4	708	3	704	9.28e-309	858
NZ_LN831024.1_3320	iCN718.ABAYE_RS03690	71.1	401	116	0	1	401	1	401	1.45e-207	576
NZ_LN831024.1_3320	iAF987.Gmet_2197	71.7	399	113	0	3	401	4	402	2.47e-206	573
NZ_LN831024.1_3320	iEK1008.Rv0859	66.8	401	130	3	3	401	4	403	8.65e-186	521
NZ_LN831024.1_3322	iJN1463.PP_0926	24.7	300	198	11	1	279	6	298	1.34e-09	57.8
NZ_LN831024.1_3323	iAF987.Gmet_0541	28.7	87	47	4	123	196	176	260	2.15e-04	40.8
NZ_LN831024.1_3328	iAF692.Mbar_A2989	44.0	134	71	2	52	181	50	183	3.36e-34	122
NZ_LN831024.1_3328	iCN718.ABAYE_RS07665	36.6	186	115	2	4	187	11	195	4.81e-33	119
NZ_LN831024.1_3328	iAF692.Mbar_A1837	34.7	196	116	5	7	192	6	199	1.67e-30	112
NZ_LN831024.1_3330	iJN1463.PP_3581	65.9	684	233	0	1	684	1	684	4.33e-310	859
NZ_LN831024.1_3331	iJN1463.PP_1403	62.6	767	280	2	1	764	1	763	0.0	959
NZ_LN831024.1_3331	iML1515.b2132	61.7	767	289	3	1	764	1	765	0.0	939
NZ_LN831024.1_3331	iSDY_1059.SDY_2156	61.5	767	290	3	1	764	1	765	0.0	939
NZ_LN831024.1_3331	iSbBS512_1146.SbBS512_E0841	61.7	767	289	3	1	764	1	765	0.0	938
NZ_LN831024.1_3331	iSSON_1240.SSON_2189	61.5	767	290	3	1	764	1	765	0.0	937
NZ_LN831024.1_3331	iSF_1195.SF2217	61.3	767	292	3	1	764	1	765	0.0	934
NZ_LN831024.1_3331	iYL1228.KPN_02568	60.5	767	298	3	1	764	1	765	0.0	929
NZ_LN831024.1_3360	iCN900.CD630_02510	50.6	413	198	4	26	436	27	435	1.15e-130	384
NZ_LN831024.1_3368	iYS854.USA300HOU_RS03880	24.9	366	230	13	273	608	203	553	5.84e-18	87.8
NZ_LN831024.1_3370	iPC815.YPO3411	62.9	275	102	0	6	280	9	283	8.86e-128	365
NZ_LN831024.1_3370	iML1515.b0121	60.4	280	111	0	6	285	9	288	1.48e-124	356
NZ_LN831024.1_3370	iSF_1195.SF0118	60.4	280	111	0	6	285	9	288	1.48e-124	356
NZ_LN831024.1_3370	iSSON_1240.SSON_0129	60.0	280	112	0	6	285	9	288	2.10e-124	356
NZ_LN831024.1_3370	STM_v1_0.STM0166	60.1	278	111	0	6	283	9	286	1.60e-123	353
NZ_LN831024.1_3370	iSbBS512_1146.SbBS512_E0114	59.6	280	113	0	6	285	9	288	4.90e-123	352
NZ_LN831024.1_3370	iSDY_1059.SDY_0028	59.6	280	113	0	6	285	9	288	9.87e-123	352
NZ_LN831024.1_3370	iYL1228.KPN_00127	60.4	275	109	0	6	280	9	283	3.73e-122	350
NZ_LN831024.1_3373	iCHOv1.100767312	36.3	248	132	5	3	224	10	257	1.99e-45	151
NZ_LN831024.1_3373	iLB1027_lipid.PHATRDRAFT_31147	42.4	203	105	4	6	198	326	526	2.29e-40	144
NZ_LN831024.1_3374	iYL1228.KPN_00643	58.7	179	74	0	1	179	1	179	2.09e-72	216
NZ_LN831024.1_3375	iYO844.BSU13610	37.4	206	118	7	5	204	4	204	3.36e-31	112
NZ_LN831024.1_3376	STM_v1_0.STM2554	30.9	363	237	9	14	368	13	369	5.67e-34	129
NZ_LN831024.1_3376	iYL1228.KPN_02870	31.0	365	234	10	14	368	13	369	1.07e-33	128
NZ_LN831024.1_3376	iPC815.YPO2904	30.1	372	237	9	10	368	9	370	1.21e-33	128
NZ_LN831024.1_3376	iSDY_1059.SDY_2732	28.8	364	243	9	14	368	13	369	2.02e-32	125
NZ_LN831024.1_3376	iML1515.b2536	29.3	365	240	9	14	368	13	369	7.38e-32	123
NZ_LN831024.1_3376	iSSON_1240.SSON_2618	29.3	365	240	9	14	368	13	369	1.41e-31	122
NZ_LN831024.1_3376	iSbBS512_1146.SbBS512_E2910	29.0	365	241	9	14	368	13	369	3.71e-31	121
NZ_LN831024.1_3376	iSF_1195.SF2583	28.6	367	240	10	14	368	13	369	7.07e-31	120
NZ_LN831024.1_3377	iJN1463.PP_1830	91.7	362	30	0	1	362	1	362	1.46e-241	659
NZ_LN831024.1_3380	iSynCJ816.SGL_RS09640	30.5	262	153	9	11	255	10	259	3.17e-23	96.7
NZ_LN831024.1_3384	iJN1463.PP_1823	87.3	181	23	0	1	181	10	190	6.56e-113	318
NZ_LN831024.1_3387	iYS854.USA300HOU_RS06130	28.1	221	140	7	46	263	5	209	4.72e-17	81.6
NZ_LN831024.1_3388	iEK1008.Rv0018c	36.1	233	142	4	8	239	9	235	1.37e-32	123
NZ_LN831024.1_3396	iCN900.CD630_20200	40.2	691	403	5	159	848	159	840	1.14e-155	478
NZ_LN831024.1_3401	iJN1463.PP_3099	42.3	473	267	3	18	488	26	494	1.32e-128	382
NZ_LN831024.1_3404	iML1515.b2302	32.3	189	119	4	12	193	11	197	4.84e-22	89.0
NZ_LN831024.1_3405	iCN900.CD630_36640	33.7	398	247	5	3	387	5	398	1.91e-64	210
NZ_LN831024.1_3408	iJN1463.PP_4643	26.6	312	182	13	1	273	1	304	5.90e-04	41.6
NZ_LN831024.1_3409	iYO844.BSU19350	26.8	261	181	3	10	269	39	290	1.94e-22	94.7
NZ_LN831024.1_3410	iLJ478.TM1724	40.2	246	141	3	5	249	3	243	2.36e-45	152
NZ_LN831024.1_3410	iCN718.ABAYE_RS09790	38.3	261	151	2	1	252	1	260	4.99e-45	151
NZ_LN831024.1_3410	iAF987.Gmet_1531	37.8	246	146	4	5	249	4	243	6.92e-42	143
NZ_LN831024.1_3410	iSynCJ816.SGL_RS07245	40.9	247	137	4	5	249	4	243	1.02e-40	140
NZ_LN831024.1_3410	iHN637.CLJU_RS20765	37.1	245	145	4	8	249	7	245	5.81e-40	138
NZ_LN831024.1_3410	iAF987.Gmet_1601	39.8	246	142	4	5	249	3	243	7.77e-40	137
NZ_LN831024.1_3411	iML1515.b1449	46.4	336	175	2	4	334	6	341	7.34e-99	295
NZ_LN831024.1_3411	iJN1463.PP_2476	44.8	335	180	2	5	334	7	341	1.06e-95	287
NZ_LN831024.1_3412	iJN1463.PP_1407	64.7	555	196	0	1	555	1	555	4.47e-254	707
NZ_LN831024.1_3418	iJN1463.PP_0823	84.3	344	54	0	1	344	1	344	4.95e-212	582
NZ_LN831024.1_3420	iMM904.YML059C	28.3	191	124	3	3	184	1369	1555	1.65e-19	89.7
NZ_LN831024.1_3422	iYL1228.KPN_01636	64.3	300	106	1	4	302	16	315	5.61e-135	384
NZ_LN831024.1_3422	iML1515.b1524	63.0	300	110	1	4	302	9	308	4.81e-132	377
NZ_LN831024.1_3422	iSbBS512_1146.SbBS512_E1682	63.0	300	110	1	4	302	9	308	4.81e-132	377
NZ_LN831024.1_3422	iSDY_1059.SDY_1631	63.0	300	110	1	4	302	9	308	4.81e-132	377
NZ_LN831024.1_3422	iSSON_1240.SSON_1604	63.0	300	110	1	4	302	9	308	4.81e-132	377
NZ_LN831024.1_3422	STM_v1_0.STM1525	62.3	300	112	1	4	302	9	308	9.69e-132	376
NZ_LN831024.1_3422	iSF_1195.SF1569	62.7	300	111	1	4	302	9	308	1.95e-131	375
NZ_LN831024.1_3423	iAF987.Gmet_0069	28.4	222	148	5	4	216	1	220	1.69e-17	79.3
NZ_LN831024.1_3423	iAF987.Gmet_1919	28.6	231	150	6	7	226	4	230	1.51e-16	77.0
NZ_LN831024.1_3424	iSynCJ816.SGL_RS08885	40.3	345	202	3	15	358	16	357	1.04e-70	238
NZ_LN831024.1_3425	iJN1463.PP_4159	66.7	177	59	0	5	181	5	181	3.26e-73	218
NZ_LN831024.1_3426	iJN1463.PP_4160	83.4	673	110	1	19	689	11	683	0.0	1026
NZ_LN831024.1_3427	iJN1463.PP_4161	80.9	564	108	0	1	564	1	564	0.0	897
NZ_LN831024.1_3429	iYO844.BSU24150	45.2	365	198	2	15	379	14	376	6.63e-100	301
NZ_LN831024.1_3429	iCN900.CD630_10540	43.5	363	203	2	18	380	18	378	2.92e-98	296
NZ_LN831024.1_3429	iEK1008.Rv3274c	41.6	377	216	4	5	380	16	389	1.19e-94	288
NZ_LN831024.1_3429	iCN900.CD630_03990	41.2	371	216	2	10	380	9	377	3.71e-93	283
NZ_LN831024.1_3429	iYO844.BSU18260	42.3	371	213	1	10	380	11	380	8.12e-93	283
NZ_LN831024.1_3429	iJN1463.PP_2216	41.8	368	212	2	11	378	10	375	6.97e-93	283
NZ_LN831024.1_3429	iAF987.Gmet_1710	41.8	383	208	7	6	380	7	382	4.43e-88	271
NZ_LN831024.1_3431	iCN718.ABAYE_RS11650	58.9	253	104	0	9	261	10	262	1.88e-105	306
NZ_LN831024.1_3432	iCN718.ABAYE_RS11660	55.5	501	217	2	3	500	4	501	5.23e-187	532
NZ_LN831024.1_3434	iJN1463.PP_0970	70.5	410	118	2	18	424	25	434	3.37e-194	544
NZ_LN831024.1_3437	iML1515.b2302	45.6	215	112	2	1	210	1	215	4.76e-57	179
NZ_LN831024.1_3437	iJN1463.PP_2933	43.5	216	107	5	2	202	45	260	6.56e-50	163
NZ_LN831024.1_3438	iEK1008.Rv1938	32.5	114	71	3	24	133	22	133	3.58e-08	53.5
NZ_LN831024.1_3438	iEK1008.Rv1124	33.9	121	75	4	13	130	27	145	3.30e-07	50.4
NZ_LN831024.1_3438	iCHOv1.100761937	31.4	102	68	2	27	126	90	191	1.18e-06	48.9
NZ_LN831024.1_3439	iMM1415.23945	27.3	128	77	6	5	118	61	186	1.31e-04	42.4
NZ_LN831024.1_3439	iCHOv1.100767455	28.7	108	64	5	5	101	55	160	5.49e-04	40.4
NZ_LN831024.1_3439	iAT_PLT_636.11343	29.6	108	63	5	5	101	55	160	5.11e-04	40.4
NZ_LN831024.1_3440	iYL1228.KPN_04318	29.7	195	136	1	4	198	2	195	1.37e-23	93.2
NZ_LN831024.1_3440	STM_v1_0.STM3959	28.4	190	135	1	9	198	7	195	2.87e-22	89.7
NZ_LN831024.1_3440	iML1515.b3823	26.7	202	133	2	4	198	2	195	1.54e-21	87.8
NZ_LN831024.1_3440	iSbBS512_1146.SbBS512_E4290	26.7	202	133	2	4	198	2	195	1.54e-21	87.8
NZ_LN831024.1_3440	iPC815.YPO3832	28.2	195	139	1	4	198	2	195	1.54e-21	87.8
NZ_LN831024.1_3442	iML1515.b1686	52.2	136	64	1	3	138	2	136	2.80e-44	141
NZ_LN831024.1_3443	iEK1008.Rv2187	31.7	575	339	15	13	539	23	591	4.47e-65	222
NZ_LN831024.1_3444	iSynCJ816.SGL_RS13795	35.5	141	82	4	1	133	1	140	2.42e-12	60.8
NZ_LN831024.1_3446	iJN1463.PP_4169	80.6	340	66	0	1	340	1	340	1.12e-190	528
NZ_LN831024.1_3447	iYL1228.KPN_04255	29.2	209	134	6	37	238	29	230	7.10e-14	74.7
NZ_LN831024.1_3447	STM_v1_0.STM2199	21.4	472	289	16	33	493	30	430	3.01e-13	72.8
NZ_LN831024.1_3447	iML1515.b2155	30.8	143	86	3	30	166	27	162	6.90e-13	71.6
NZ_LN831024.1_3447	iSSON_1240.SSON_2211	30.8	143	86	3	30	166	27	162	6.90e-13	71.6
NZ_LN831024.1_3447	iPC815.YPO3910	31.8	170	105	6	37	203	40	201	2.64e-12	69.7
NZ_LN831024.1_3447	iYL1228.KPN_02593	31.6	136	80	3	37	166	15	143	3.52e-12	69.3
NZ_LN831024.1_3447	iJN1463.PP_1006	29.5	224	134	8	38	246	137	351	4.22e-12	69.3
NZ_LN831024.1_3447	iML1515.b3966	31.8	170	105	6	37	203	29	190	4.50e-12	68.9
NZ_LN831024.1_3447	iSF_1195.SF4048	32.4	170	104	6	37	203	29	190	4.50e-12	68.9
NZ_LN831024.1_3447	iSSON_1240.SSON_4139	31.8	170	105	6	37	203	29	190	4.50e-12	68.9
NZ_LN831024.1_3447	STM_v1_0.STM4130	30.6	170	107	6	37	203	29	190	5.93e-12	68.6
NZ_LN831024.1_3449	iAF987.Gmet_0043	22.2	369	263	7	262	624	37	387	3.27e-18	88.2
NZ_LN831024.1_3450	iJN1463.PP_4174	89.5	171	18	0	1	171	1	171	1.42e-116	327
NZ_LN831024.1_3451	iJN1463.PP_4175	89.1	405	44	0	1	405	1	405	1.34e-263	718
NZ_LN831024.1_3458	iJN1463.PP_3947	70.3	155	46	0	1	155	1	155	2.07e-81	237
NZ_LN831024.1_3459	iJN1463.PP_3948	61.0	738	285	2	6	743	8	742	7.73e-305	867
NZ_LN831024.1_3460	iJN1463.PP_3948	56.1	433	171	6	5	428	759	1181	4.65e-154	466
NZ_LN831024.1_3462	iAF987.Gmet_1642	46.2	262	139	2	11	270	6	267	3.99e-74	227
NZ_LN831024.1_3462	iSynCJ816.SGL_RS16615	51.2	242	114	4	24	263	18	257	5.90e-72	221
NZ_LN831024.1_3462	iYO844.BSU22430	45.0	251	137	1	24	273	17	267	2.28e-70	218
NZ_LN831024.1_3462	iLJ478.TM1728	44.8	261	142	2	10	269	1	260	2.16e-66	207
NZ_LN831024.1_3462	iEK1008.Rv2225	45.5	266	142	3	6	269	17	281	4.26e-66	207
NZ_LN831024.1_3464	iCHOv1.100754792	39.1	686	348	13	4	629	361	1036	9.36e-146	449
NZ_LN831024.1_3470	iJN1463.PP_4184	57.7	437	185	0	1	437	1	437	3.43e-164	469
NZ_LN831024.1_3470	iYL1228.KPN_00342	56.0	432	189	1	1	431	1	432	1.13e-160	460
NZ_LN831024.1_3470	iML1515.b0401	54.9	432	194	1	1	431	1	432	1.72e-157	452
NZ_LN831024.1_3470	iSbBS512_1146.SbBS512_E0320	54.9	432	194	1	1	431	1	432	1.72e-157	452
NZ_LN831024.1_3470	iSDY_1059.SDY_0336	54.9	432	194	1	1	431	1	432	1.72e-157	452
NZ_LN831024.1_3470	iSSON_1240.SSON_0378	54.9	432	194	1	1	431	1	432	1.72e-157	452
NZ_LN831024.1_3470	iSF_1195.SF0338	54.6	432	195	1	1	431	1	432	6.93e-157	450
NZ_LN831024.1_3470	STM_v1_0.STM0399	54.2	432	197	1	1	431	1	432	3.96e-156	448
NZ_LN831024.1_3470	iPC815.YPO3202	53.5	437	202	1	1	436	1	437	7.93e-151	435
NZ_LN831024.1_3471	iJN1463.PP_4185	97.6	294	7	0	1	294	1	294	6.76e-208	568
NZ_LN831024.1_3472	iJN1463.PP_4186	93.6	388	25	0	1	388	1	388	3.18e-260	708
NZ_LN831024.1_3473	iJN1463.PP_4187	84.1	478	76	0	1	478	1	478	1.61e-287	785
NZ_LN831024.1_3474	iJN1463.PP_4188	81.0	411	72	2	1	409	1	407	3.83e-204	568
NZ_LN831024.1_3475	iJN1463.PP_4189	87.1	943	122	0	1	943	1	943	0.0	1696
NZ_LN831024.1_3476	iJN1463.PP_4190	91.5	235	19	1	1	235	1	234	5.07e-164	452
NZ_LN831024.1_3477	iJN1463.PP_4191	91.0	590	53	0	1	590	1	590	0.0	1082
NZ_LN831024.1_3478	iJN1463.PP_4192	78.7	122	26	0	3	124	1	122	4.28e-70	205
NZ_LN831024.1_3479	iJN1463.PP_4193	84.4	128	20	0	1	128	1	128	4.49e-72	211
NZ_LN831024.1_3480	iJN1463.PP_4194	89.3	428	45	1	1	427	1	428	1.05e-290	788
NZ_LN831024.1_3485	iNF517.LLMG_RS12530	38.9	283	172	1	1	283	1	282	2.87e-59	190
NZ_LN831024.1_3485	iYO844.BSU13960	36.6	279	176	1	4	282	5	282	1.89e-52	172
NZ_LN831024.1_3492	iYO844.BSU02140	26.4	428	292	14	15	430	21	437	2.58e-32	127
NZ_LN831024.1_3492	iML1515.b2240	28.5	432	270	15	9	418	14	428	3.28e-28	115
NZ_LN831024.1_3492	iSbBS512_1146.SbBS512_E2622	28.5	432	270	15	9	418	14	428	3.28e-28	115
NZ_LN831024.1_3492	iSSON_1240.SSON_2301	28.5	432	270	15	9	418	14	428	3.28e-28	115
NZ_LN831024.1_3492	iYS854.USA300HOU_RS01785	28.9	440	285	17	9	429	13	443	4.46e-28	115
NZ_LN831024.1_3492	iYL1228.KPN_02646	27.4	424	285	13	9	418	14	428	5.82e-28	115
NZ_LN831024.1_3492	STM_v1_0.STM2283	28.0	439	277	15	9	425	14	435	6.07e-28	115
NZ_LN831024.1_3492	iSF_1195.SF2322	28.5	432	270	15	9	418	14	428	6.07e-28	115
NZ_LN831024.1_3493	iML1515.b1010	28.2	103	67	2	17	113	23	124	2.96e-09	50.8
NZ_LN831024.1_3493	iSDY_1059.SDY_0985	28.2	103	67	2	17	113	23	124	2.96e-09	50.8
NZ_LN831024.1_3493	iSF_1195.SF1013	27.2	103	68	2	17	113	23	124	1.21e-07	46.6
NZ_LN831024.1_3494	iJN1463.PP_3146	30.8	428	272	9	11	429	13	425	6.50e-47	167
NZ_LN831024.1_3494	iYL1228.KPN_01017	31.5	381	245	7	19	397	18	384	4.24e-45	162
NZ_LN831024.1_3494	iJN1463.PP_2448	30.4	392	255	7	10	397	8	385	4.32e-45	162
NZ_LN831024.1_3494	iSDY_1059.SDY_1943	30.6	389	254	7	11	397	10	384	2.96e-42	154
NZ_LN831024.1_3494	iML1515.b1301	30.3	389	255	7	11	397	10	384	7.87e-42	153
NZ_LN831024.1_3494	iSSON_1240.SSON_1839	30.3	389	255	7	11	397	10	384	7.87e-42	153
NZ_LN831024.1_3494	iSF_1195.SF1306	30.1	389	256	7	11	397	10	384	1.09e-41	153
NZ_LN831024.1_3495	iJN1463.PP_4547	83.9	454	73	0	1	454	1	454	1.60e-291	793
NZ_LN831024.1_3496	iJN1463.PP_4548	79.8	436	87	1	1	436	1	435	4.07e-264	722
NZ_LN831024.1_3499	iJN1463.PP_2112	82.7	911	157	1	1	910	1	911	0.0	1521
NZ_LN831024.1_3499	iCN718.ABAYE_RS16085	76.9	914	200	2	4	910	7	916	0.0	1407
NZ_LN831024.1_3502	iJN1463.PP_1803	27.9	204	108	9	16	209	3	177	1.40e-04	43.1
NZ_LN831024.1_3504	iJN1463.PP_4250	87.4	475	59	1	1	475	1	474	0.0	868
NZ_LN831024.1_3504	iJN1463.PP_4255	81.2	474	89	0	1	474	1	474	5.75e-306	831
NZ_LN831024.1_3505	iJN1463.PP_4256	85.6	202	29	0	1	202	1	202	3.07e-133	371
NZ_LN831024.1_3505	iJN1463.PP_4251	83.7	202	33	0	1	202	1	202	8.43e-131	365
NZ_LN831024.1_3506	iJN1463.PP_4257	67.2	58	19	0	1	58	1	58	1.83e-25	88.2
NZ_LN831024.1_3507	iJN1463.PP_4253	69.2	302	93	0	1	302	1	302	1.37e-169	472
NZ_LN831024.1_3507	iJN1463.PP_4258	65.3	317	96	1	1	303	1	317	2.59e-163	457
NZ_LN831024.1_3508	iJN1463.PP_4255	88.8	474	53	0	1	474	1	474	0.0	895
NZ_LN831024.1_3508	iJN1463.PP_4250	83.6	470	77	0	6	475	5	474	2.27e-306	832
NZ_LN831024.1_3509	iJN1463.PP_4256	91.5	200	17	0	4	203	3	202	4.41e-140	389
NZ_LN831024.1_3509	iJN1463.PP_4251	85.5	200	29	0	4	203	3	202	8.78e-131	365
NZ_LN831024.1_3510	iJN1463.PP_4257	70.7	58	17	0	1	58	1	58	1.56e-26	90.9
NZ_LN831024.1_3511	iJN1463.PP_4258	77.1	323	69	1	1	318	1	323	6.77e-194	535
NZ_LN831024.1_3511	iJN1463.PP_4253	76.2	311	65	1	1	311	1	302	1.21e-184	511
NZ_LN831024.1_3514	iEK1008.Rv0092	33.9	746	443	13	88	798	9	739	5.53e-112	358
NZ_LN831024.1_3514	iEK1008.Rv0103c	34.2	743	431	14	97	796	19	746	3.66e-109	350
NZ_LN831024.1_3514	iSynCJ816.SGL_RS05435	32.2	754	452	18	92	798	1	742	6.02e-109	350
NZ_LN831024.1_3514	iJN1463.PP_0586	33.4	811	487	17	14	796	1	786	1.70e-106	345
NZ_LN831024.1_3514	STM_v1_0.STM0353	33.2	757	457	15	96	811	12	760	5.71e-104	337
NZ_LN831024.1_3514	iYO844.BSU33500	32.0	735	454	12	99	799	79	801	2.87e-102	333
NZ_LN831024.1_3514	iML1515.b0484	31.8	735	460	17	97	798	103	829	8.08e-102	333
NZ_LN831024.1_3514	iSSON_1240.SSON_0473	31.3	734	465	15	97	798	103	829	4.25e-101	331
NZ_LN831024.1_3514	iSF_1195.SF0429	31.8	735	460	17	97	798	103	829	1.60e-100	330
NZ_LN831024.1_3514	iYS854.USA300HOU_RS13880	30.6	758	476	13	77	799	51	793	7.99e-101	330
NZ_LN831024.1_3514	iAF987.Gmet_2772	31.8	806	490	18	31	799	11	793	1.98e-100	328
NZ_LN831024.1_3514	iSDY_1059.SDY_0434	31.8	736	459	17	97	798	103	829	1.63e-99	327
NZ_LN831024.1_3514	iAF692.Mbar_A1889	30.3	824	503	14	31	798	143	951	3.28e-98	326
NZ_LN831024.1_3514	iSbBS512_1146.SbBS512_E0419	31.7	734	462	15	97	798	103	829	8.51e-99	325
NZ_LN831024.1_3514	iCN900.CD630_21150	29.6	766	475	17	84	796	70	824	6.06e-98	323
NZ_LN831024.1_3517	iJN1463.PP_4264	76.3	460	109	0	1	460	1	460	2.07e-260	714
NZ_LN831024.1_3520	iJN1463.PP_4266	80.9	178	34	0	4	181	4	181	3.26e-100	286
NZ_LN831024.1_3522	iML1515.b1600	56.2	105	46	0	4	108	5	109	9.26e-29	100
NZ_LN831024.1_3522	iSbBS512_1146.SbBS512_E1786	56.2	105	46	0	4	108	5	109	9.26e-29	100
NZ_LN831024.1_3522	iSDY_1059.SDY_1553	56.2	105	46	0	4	108	5	109	9.26e-29	100
NZ_LN831024.1_3522	iSF_1195.SF1621	56.2	105	46	0	4	108	5	109	9.26e-29	100
NZ_LN831024.1_3522	iSSON_1240.SSON_1560	56.2	105	46	0	4	108	5	109	9.26e-29	100
NZ_LN831024.1_3523	iML1515.b1599	64.8	105	37	0	5	109	5	109	5.09e-44	138
NZ_LN831024.1_3523	iSbBS512_1146.SbBS512_E1785	64.8	105	37	0	5	109	5	109	5.09e-44	138
NZ_LN831024.1_3523	iSSON_1240.SSON_1561	64.8	105	37	0	5	109	5	109	5.09e-44	138
NZ_LN831024.1_3523	iSF_1195.SF1620	63.8	105	38	0	5	109	5	109	2.07e-43	137
NZ_LN831024.1_3523	iSDY_1059.SDY_1554	64.4	104	37	0	5	108	5	108	1.19e-42	135
NZ_LN831024.1_3525	iCN718.ABAYE_RS13085	43.4	479	266	5	17	494	26	500	4.24e-135	400
NZ_LN831024.1_3525	iCN718.ABAYE_RS13050	42.9	485	267	7	3	485	11	487	2.89e-132	393
NZ_LN831024.1_3526	iCN718.ABAYE_RS13105	60.4	273	106	2	1	273	1	271	2.96e-111	323
NZ_LN831024.1_3526	iCN718.ABAYE_RS01085	58.8	272	109	3	1	271	1	270	2.23e-104	305
NZ_LN831024.1_3528	iCN718.ABAYE_RS02925	50.9	381	180	3	7	381	7	386	2.05e-121	356
NZ_LN831024.1_3528	iEK1008.Rv0975c	50.4	371	181	3	13	381	10	379	2.54e-113	335
NZ_LN831024.1_3534	iML1515.b2411	49.1	780	280	5	9	787	6	669	7.34e-236	674
NZ_LN831024.1_3534	iSDY_1059.SDY_2608	49.0	780	281	5	9	787	6	669	4.18e-235	672
NZ_LN831024.1_3534	iSSON_1240.SSON_2500	49.0	780	281	5	9	787	6	669	8.39e-235	671
NZ_LN831024.1_3534	STM_v1_0.STM2427	49.2	784	273	7	9	787	6	669	1.68e-234	671
NZ_LN831024.1_3534	iSF_1195.SF2466	48.8	780	282	5	9	787	6	669	3.37e-234	670
NZ_LN831024.1_3534	iYL1228.KPN_02758	48.0	782	290	5	9	789	6	671	8.09e-230	659
NZ_LN831024.1_3538	iCN718.ABAYE_RS10300	39.8	314	184	5	55	367	67	376	1.83e-71	228
NZ_LN831024.1_3539	iJN1463.PP_4278	74.8	484	122	0	1	484	1	484	1.16e-262	722
NZ_LN831024.1_3540	iJN1463.PP_4279	84.5	783	120	1	1	783	1	782	0.0	1332
NZ_LN831024.1_3542	iJN1463.PP_4281	78.6	434	92	1	1	433	1	434	3.88e-252	691
NZ_LN831024.1_3544	iJN1463.PP_4284	81.3	449	84	0	1	449	1	449	5.45e-255	700
NZ_LN831024.1_3545	iJN1463.PP_4285	79.5	117	24	0	10	126	1	117	2.19e-67	198
NZ_LN831024.1_3546	iJN1463.PP_4286	86.7	308	41	0	1	308	1	308	2.72e-207	567
NZ_LN831024.1_3547	iJN1463.PP_4287	77.2	171	39	0	1	171	1	171	1.28e-87	253
NZ_LN831024.1_3548	iCN718.ABAYE_RS01175	50.0	316	155	2	13	328	20	332	2.32e-115	337
NZ_LN831024.1_3549	iJN1463.PP_4288	83.6	165	27	0	1	165	1	165	1.47e-103	293
NZ_LN831024.1_3556	iJN1463.PP_4290	78.1	443	94	1	9	448	9	451	5.50e-243	670
NZ_LN831024.1_3558	iJN1463.PP_4597	58.4	327	135	1	6	331	8	334	1.71e-136	390
NZ_LN831024.1_3560	STM_v1_0.STM2050	26.0	127	91	3	12	138	209	332	6.07e-05	41.2
NZ_LN831024.1_3561	iJN1463.PP_4297	85.3	591	87	0	1	591	1	591	0.0	1025
NZ_LN831024.1_3562	iJN1463.PP_4298	81.5	260	48	0	1	260	1	260	8.38e-162	448
NZ_LN831024.1_3563	iJN1463.PP_4299	90.2	296	29	0	1	296	1	296	7.91e-192	527
NZ_LN831024.1_3564	iJN1463.PP_4300	78.1	421	92	0	1	421	1	421	2.83e-232	640
NZ_LN831024.1_3565	iJN1463.PP_4301	79.1	470	98	0	1	470	1	470	3.85e-263	723
NZ_LN831024.1_3566	iJN1463.PP_4302	40.3	278	148	5	13	288	17	278	2.07e-42	147
NZ_LN831024.1_3567	iYO844.BSU31322	45.5	66	34	1	158	223	23	86	3.91e-13	68.2
NZ_LN831024.1_3570	iJN1463.PP_4305	86.8	243	32	0	1	243	1	243	5.09e-153	429
NZ_LN831024.1_3571	iJN1463.PP_4305	75.3	85	21	0	1	85	246	330	4.36e-42	139
NZ_LN831024.1_3573	iCN900.CD630_07420	34.4	381	216	5	4	383	3	350	2.49e-68	220
NZ_LN831024.1_3573	iCN900.CD630_19240	33.2	385	224	4	3	386	2	354	4.39e-63	206
NZ_LN831024.1_3575	iLJ478.TM1432	32.8	464	287	10	16	461	5	461	1.01e-76	247
NZ_LN831024.1_3576	iLJ478.TM1433	29.9	324	214	7	6	320	2	321	5.80e-35	133
NZ_LN831024.1_3577	iAF987.Gmet_1676	38.3	493	276	9	3	470	4	493	7.48e-97	300
NZ_LN831024.1_3577	iCN900.CD630_07410	34.1	496	298	10	3	470	4	498	1.72e-91	286
NZ_LN831024.1_3577	iLJ478.TM1430	34.1	472	285	9	3	450	4	473	4.40e-88	277
NZ_LN831024.1_3577	iJN1463.PP_1075	34.3	487	299	9	3	470	10	494	9.88e-88	276
NZ_LN831024.1_3577	iIS312.TCDM_00189	36.2	469	262	10	3	436	7	473	1.18e-86	274
NZ_LN831024.1_3577	iMM1415.14933	35.2	508	282	15	3	470	13	513	2.11e-86	274
NZ_LN831024.1_3577	iCHOv1.100753140	35.0	508	283	15	3	470	13	513	2.45e-85	272
NZ_LN831024.1_3577	iCN900.CD630_13820	32.6	494	304	11	3	470	6	496	1.91e-85	271
NZ_LN831024.1_3578	iJN1463.PP_3844	66.6	368	117	5	2	365	8	373	2.43e-165	466
NZ_LN831024.1_3579	iEK1008.Rv2320c	25.3	466	303	11	11	454	31	473	6.73e-19	88.6
NZ_LN831024.1_3586	iML1515.b2197	51.0	143	64	1	1	137	1	143	7.89e-41	134
NZ_LN831024.1_3586	iSbBS512_1146.SbBS512_E0744	51.0	143	64	1	1	137	1	143	7.89e-41	134
NZ_LN831024.1_3586	iSDY_1059.SDY_0881	51.0	143	64	1	1	137	1	143	7.89e-41	134
NZ_LN831024.1_3586	iSF_1195.SF2281	51.0	143	64	1	1	137	1	143	7.89e-41	134
NZ_LN831024.1_3586	iSSON_1240.SSON_2255	51.0	143	64	1	1	137	1	143	1.12e-40	134
NZ_LN831024.1_3588	iJN1463.PP_4325	84.0	243	39	0	1	243	3	245	4.09e-154	428
NZ_LN831024.1_3589	iJN1463.PP_4326	90.0	221	22	0	3	223	2	222	9.35e-129	362
NZ_LN831024.1_3590	iJN1463.PP_4327	79.1	206	43	0	14	219	5	210	1.07e-120	341
NZ_LN831024.1_3593	iPC815.YPO2830	27.4	157	109	3	11	167	4	155	8.85e-11	57.8
NZ_LN831024.1_3593	STM_v1_0.STM1502	27.6	163	105	4	13	171	6	159	2.52e-10	56.6
NZ_LN831024.1_3593	iYS854.USA300HOU_RS00270	22.7	172	120	3	14	181	1	163	3.53e-10	55.8
NZ_LN831024.1_3593	iNF517.LLMG_RS04495	21.7	175	124	3	14	184	10	175	8.48e-10	55.1
NZ_LN831024.1_3595	iCN718.ABAYE_RS11380	65.1	238	83	0	8	245	8	245	8.94e-103	298
NZ_LN831024.1_3603	iCN900.CD630_07170	44.7	47	26	0	10	56	8	54	1.39e-04	42.0
NZ_LN831024.1_3604	iAF987.Gmet_2727	32.4	148	77	4	108	236	248	391	1.61e-11	63.9
NZ_LN831024.1_3606	iAF987.Gmet_1914	34.0	106	65	3	4	108	3	104	1.05e-07	53.1
NZ_LN831024.1_3609	iAF987.Gmet_1914	29.2	120	82	2	2	121	3	119	3.52e-13	64.3
NZ_LN831024.1_3609	iAF987.Gmet_1706	29.5	122	82	3	1	122	1	118	6.67e-12	60.5
NZ_LN831024.1_3611	iHN637.CLJU_RS02400	21.9	265	189	7	15	268	8	265	1.20e-09	57.4
NZ_LN831024.1_3628	iAF987.Gmet_0069	30.0	160	105	3	3	155	5	164	6.75e-15	72.0
NZ_LN831024.1_3628	iAF987.Gmet_1706	33.6	119	74	2	1	116	1	117	1.93e-12	65.1
NZ_LN831024.1_3629	iJN1463.PP_3426	28.4	1054	702	19	8	1021	4	1044	4.19e-106	355
NZ_LN831024.1_3629	iSSON_1240.SSON_2550	28.1	1041	708	20	7	1018	1	1030	2.66e-98	333
NZ_LN831024.1_3629	iML1515.b2470	28.2	1041	707	20	7	1018	1	1030	1.32e-97	332
NZ_LN831024.1_3629	iSF_1195.SF2512	28.2	1041	707	20	7	1018	1	1030	2.50e-97	331
NZ_LN831024.1_3629	iSDY_1059.SDY_2654	28.3	1049	696	23	7	1018	1	1030	3.00e-95	325
NZ_LN831024.1_3630	iML1515.b0463	31.4	338	221	3	46	372	40	377	4.46e-38	140
NZ_LN831024.1_3630	iSDY_1059.SDY_0456	31.7	338	220	3	46	372	40	377	4.46e-38	140
NZ_LN831024.1_3630	iSSON_1240.SSON_0450	31.1	338	222	3	46	372	40	377	1.19e-37	139
NZ_LN831024.1_3630	iSF_1195.SF0408	31.4	338	221	3	46	372	40	377	1.66e-37	139
NZ_LN831024.1_3630	iML1515.b3265	31.2	346	223	6	43	376	38	380	6.54e-34	129
NZ_LN831024.1_3630	iSbBS512_1146.SbBS512_E3648	30.9	346	224	6	43	376	38	380	1.73e-33	128
NZ_LN831024.1_3630	STM_v1_0.STM3390	30.8	328	216	3	64	380	57	384	3.32e-33	127
NZ_LN831024.1_3632	iJN1463.PP_0165	60.5	650	250	3	1	646	1	647	3.76e-261	732
NZ_LN831024.1_3636	iSynCJ816.SGL_RS08700	44.9	900	479	9	4	889	3	899	2.91e-226	662
NZ_LN831024.1_3639	iYL1228.KPN_00166	36.9	187	85	7	13	183	10	179	2.56e-18	84.7
NZ_LN831024.1_3639	iNF517.LLMG_RS09320	29.2	240	141	9	4	229	326	550	4.31e-15	77.8
NZ_LN831024.1_3639	iML1515.b0151	34.2	187	90	7	13	183	10	179	1.06e-15	77.0
NZ_LN831024.1_3639	iSbBS512_1146.SbBS512_E0143	34.2	187	90	7	13	183	10	179	1.06e-15	77.0
NZ_LN831024.1_3639	iSDY_1059.SDY_0167	34.2	187	90	7	13	183	10	179	1.06e-15	77.0
NZ_LN831024.1_3639	iSF_1195.SF0143	34.2	187	90	7	13	183	10	179	1.06e-15	77.0
NZ_LN831024.1_3639	iSSON_1240.SSON_0163	34.2	187	90	7	13	183	10	179	1.06e-15	77.0
NZ_LN831024.1_3642	iML1515.b1489	23.6	254	187	5	18	266	9	260	5.90e-07	51.6
NZ_LN831024.1_3642	iSSON_1240.SSON_1635	23.6	254	187	5	18	266	17	268	5.92e-07	51.6
NZ_LN831024.1_3642	iSbBS512_1146.SbBS512_E1752	23.6	254	187	5	18	266	17	268	7.82e-07	51.2
NZ_LN831024.1_3644	iJN1463.PP_4523	89.7	319	30	1	1	319	5	320	4.95e-218	595
NZ_LN831024.1_3646	iYO844.BSU38710	23.8	470	319	11	12	472	2	441	3.15e-22	99.0
NZ_LN831024.1_3646	iCN718.ABAYE_RS10915	23.6	470	322	13	13	472	13	455	3.76e-19	89.7
NZ_LN831024.1_3647	iJN1463.PP_4524	74.1	463	116	1	1	463	1	459	7.43e-238	657
NZ_LN831024.1_3648	iJN1463.PP_1394	61.1	543	188	7	1	527	1	536	2.28e-211	597
NZ_LN831024.1_3649	iMM904.YDL178W	33.0	473	296	4	2	459	64	530	1.33e-72	238
NZ_LN831024.1_3649	iMM904.YEL071W	31.1	479	297	8	2	459	30	496	1.70e-66	221
NZ_LN831024.1_3650	iCN900.CD630_27420	25.8	217	115	12	21	220	1	188	2.69e-05	43.5
NZ_LN831024.1_3650	iEK1008.Rv0634c	36.5	96	55	4	132	223	113	206	3.31e-05	43.5
NZ_LN831024.1_3650	iJN1463.PP_4144	31.6	95	61	3	142	233	91	184	3.64e-05	43.5
NZ_LN831024.1_3650	iEK1008.Rv2581c	26.2	145	95	5	45	187	27	161	4.46e-04	40.0
NZ_LN831024.1_3653	iIT341.HP0313	29.6	142	97	2	16	155	6	146	1.25e-04	43.5
NZ_LN831024.1_3653	iJN1463.PP_3658	31.0	126	79	3	35	158	44	163	1.38e-04	43.5
NZ_LN831024.1_3654	iYL1228.KPN_01622	29.7	283	181	11	14	288	10	282	3.74e-11	62.4
NZ_LN831024.1_3654	iML1515.b3943	23.0	305	202	11	5	295	7	292	2.43e-09	57.0
NZ_LN831024.1_3655	iML1515.b0854	59.9	359	142	2	7	363	12	370	8.19e-159	449
NZ_LN831024.1_3655	iSbBS512_1146.SbBS512_E2477	59.9	359	142	2	7	363	12	370	8.19e-159	449
NZ_LN831024.1_3655	iSSON_1240.SSON_0839	59.9	359	142	2	7	363	12	370	1.65e-158	449
NZ_LN831024.1_3655	STM_v1_0.STM0877	59.9	359	142	2	7	363	12	370	3.32e-158	448
NZ_LN831024.1_3655	iSF_1195.SF0808	59.6	359	143	2	7	363	12	370	3.32e-158	448
NZ_LN831024.1_3655	iSDY_1059.SDY_0741	59.6	359	143	2	7	363	12	370	4.71e-158	447
NZ_LN831024.1_3655	iYL1228.KPN_00885	59.1	359	145	2	7	363	12	370	3.13e-156	443
NZ_LN831024.1_3655	iJN1463.PP_5341	56.8	366	154	2	1	362	1	366	3.26e-155	440
NZ_LN831024.1_3655	iJN1463.PP_5180	58.0	355	145	2	9	363	14	364	6.44e-152	432
NZ_LN831024.1_3655	iPC815.YPO1331	57.3	356	151	1	9	363	14	369	1.09e-151	431
NZ_LN831024.1_3655	iJN1463.PP_0873	55.3	356	157	1	7	362	5	358	5.89e-149	424
NZ_LN831024.1_3655	iJN1463.PP_3147	56.2	363	158	1	1	363	1	362	1.76e-146	418
NZ_LN831024.1_3656	iJN1463.PP_5340	72.4	344	93	1	1	344	1	342	4.82e-188	522
NZ_LN831024.1_3657	iML1515.b0465	34.6	211	138	0	536	746	840	1050	6.21e-31	130
NZ_LN831024.1_3657	iML1515.b4159	35.0	200	130	0	542	741	834	1033	9.04e-29	123
NZ_LN831024.1_3663	iCN718.ABAYE_RS12870	33.8	130	82	4	66	193	37	164	2.19e-11	60.5
NZ_LN831024.1_3665	iCHOv1.100758970	45.8	454	233	8	1	448	72	518	1.61e-104	355
NZ_LN831024.1_3665	iMM1415.18563	45.8	454	233	8	1	448	41	487	1.04e-104	355
NZ_LN831024.1_3665	iJN1463.PP_5347	45.5	448	236	4	1	448	5	444	9.31e-109	347
NZ_LN831024.1_3665	iNF517.LLMG_RS03310	43.5	469	244	9	1	462	4	458	7.13e-100	341
NZ_LN831024.1_3665	iLB1027_lipid.PHATRDRAFT_49339	44.1	454	239	7	1	446	96	542	9.55e-99	340
NZ_LN831024.1_3665	iAF987.Gmet_0816	44.5	458	240	7	1	450	9	460	1.05e-98	338
NZ_LN831024.1_3665	iEK1008.Rv2967c	45.5	455	239	5	1	452	5	453	2.01e-98	337
NZ_LN831024.1_3665	iLB1027_lipid.PHATRDRAFT_30519	44.6	462	243	8	1	454	93	549	1.01e-97	337
NZ_LN831024.1_3665	iMM904.YBR218C	44.1	451	239	7	1	444	23	467	2.76e-97	334
NZ_LN831024.1_3665	iYO844.BSU14860	43.8	454	238	8	1	445	9	454	2.47e-97	334
NZ_LN831024.1_3665	iMM904.YGL062W	44.6	451	237	7	1	444	22	466	9.45e-97	333
NZ_LN831024.1_3665	iNF517.LLMG_RS08930	44.5	445	239	6	1	443	5	443	8.99e-103	330
NZ_LN831024.1_3665	iYS854.USA300HOU_RS05560	42.6	453	243	8	1	444	7	451	2.07e-95	328
NZ_LN831024.1_3665	iHN637.CLJU_RS18410	43.0	453	246	8	1	446	8	455	4.98e-95	327
NZ_LN831024.1_3665	iAF987.Gmet_0984	43.5	446	241	6	1	444	5	441	9.74e-101	325
NZ_LN831024.1_3665	iCN718.ABAYE_RS08035	42.1	451	245	7	1	447	5	443	3.56e-100	323
NZ_LN831024.1_3665	iSynCJ816.SGL_RS13980	44.1	451	238	6	1	447	6	446	2.02e-99	321
NZ_LN831024.1_3665	iYO844.BSU24340	43.1	450	243	7	1	446	5	445	5.79e-99	320
NZ_LN831024.1_3668	iAF987.Gmet_3476	29.9	117	75	3	4	117	11	123	4.67e-05	43.1
NZ_LN831024.1_3668	iEK1008.Rv0386	35.0	60	39	0	138	197	1019	1078	3.28e-04	40.8
NZ_LN831024.1_3669	iAF987.Gmet_0043	27.2	353	221	12	161	492	19	356	1.52e-17	85.5
NZ_LN831024.1_3672	iPC815.YPO3364	57.1	161	69	0	10	170	26	186	1.79e-65	200
NZ_LN831024.1_3672	iYL1228.KPN_03112	56.4	163	71	0	11	173	15	177	2.84e-64	196
NZ_LN831024.1_3672	STM_v1_0.STM2933	57.4	155	66	0	16	170	20	174	9.31e-63	192
NZ_LN831024.1_3672	iSF_1195.SF2773	55.0	171	76	1	23	193	27	196	3.76e-62	191
NZ_LN831024.1_3672	iML1515.b2750	55.0	171	76	1	23	193	27	196	7.56e-62	190
NZ_LN831024.1_3672	iSbBS512_1146.SbBS512_E3124	55.0	171	76	1	23	193	27	196	7.56e-62	190
NZ_LN831024.1_3672	iSDY_1059.SDY_2949	55.0	171	76	1	23	193	27	196	7.56e-62	190
NZ_LN831024.1_3672	iSSON_1240.SSON_2898	55.0	171	76	1	23	193	27	196	7.56e-62	190
NZ_LN831024.1_3672	iYO844.BSU15600	50.5	182	90	0	10	191	12	193	1.77e-59	184
NZ_LN831024.1_3674	iJN1463.PP_4943	30.0	267	172	8	67	323	102	363	3.59e-14	73.2
NZ_LN831024.1_3674	iEK1008.Rv0486	33.1	157	88	4	121	269	229	376	6.85e-12	66.6
NZ_LN831024.1_3679	iJN1463.PP_1779	38.8	335	198	4	11	343	32	361	3.71e-69	223
NZ_LN831024.1_3680	iEK1008.Rv3032	26.1	207	145	5	167	371	178	378	2.67e-11	64.3
NZ_LN831024.1_3681	iYO844.BSU38860	58.9	336	137	1	1	336	1	335	2.49e-141	403
NZ_LN831024.1_3681	iCHOv1.100759306	55.4	341	146	2	2	336	20	360	4.03e-129	373
NZ_LN831024.1_3681	iMM1415.74246	54.8	341	148	1	2	336	3	343	1.84e-128	370
NZ_LN831024.1_3681	iCN900.CD630_27140	53.9	336	154	1	1	336	1	335	1.51e-127	368
NZ_LN831024.1_3681	iAT_PLT_636.2582	55.1	341	147	2	2	336	4	344	2.19e-127	368
NZ_LN831024.1_3681	iYL1228.KPN_00773	53.3	336	157	0	1	336	1	336	8.95e-127	366
NZ_LN831024.1_3681	STM_v1_0.STM0776	53.9	336	155	0	1	336	1	336	1.03e-125	363
NZ_LN831024.1_3686	iCHOv1.100773401	36.3	256	136	9	5	241	6	253	1.15e-30	116
NZ_LN831024.1_3686	iMM1415.235033	34.6	260	141	8	2	241	3	253	1.76e-30	115
NZ_LN831024.1_3686	iSDY_1059.SDY_2057	37.9	182	113	0	5	186	6	187	1.53e-29	111
NZ_LN831024.1_3686	iYL1228.KPN_01091	37.4	187	116	1	1	186	1	187	5.85e-29	110
NZ_LN831024.1_3686	iML1515.b1093	37.4	182	114	0	5	186	6	187	1.60e-28	108
NZ_LN831024.1_3686	iSbBS512_1146.SbBS512_E2231	37.4	182	114	0	5	186	6	187	1.60e-28	108
NZ_LN831024.1_3686	iSF_1195.SF1097	37.4	182	114	0	5	186	6	187	1.60e-28	108
NZ_LN831024.1_3686	iSSON_1240.SSON_1113	37.4	182	114	0	5	186	6	187	1.60e-28	108
NZ_LN831024.1_3686	STM_v1_0.STM1195	37.4	187	116	1	1	186	1	187	8.55e-28	107
NZ_LN831024.1_3688	iNF517.LLMG_RS04495	26.3	167	113	4	7	169	9	169	5.45e-11	58.2
NZ_LN831024.1_3689	iYL1228.KPN_04397	46.8	564	292	6	10	570	9	567	7.43e-167	487
NZ_LN831024.1_3690	iJN1463.PP_2117	66.4	381	126	2	1	380	1	380	2.47e-174	490
NZ_LN831024.1_3692	iJN1463.PP_3303	73.5	419	111	0	3	421	15	433	3.81e-210	585
NZ_LN831024.1_3694	iJN1463.PP_3427	35.9	128	81	1	4	131	342	468	1.00e-13	66.2
NZ_LN831024.1_3694	iJN1463.PP_4211	35.8	123	79	0	3	125	342	464	2.53e-13	65.1
NZ_LN831024.1_3698	iJN1463.PP_0043	25.1	1057	704	29	12	1009	9	1036	8.88e-60	222
NZ_LN831024.1_3698	iAF987.Gmet_3509	24.3	1057	731	25	7	1021	4	1033	1.91e-59	221
NZ_LN831024.1_3698	iJN1463.PP_2410	24.7	1055	710	26	12	1009	9	1036	2.10e-57	215
NZ_LN831024.1_3699	iYL1228.KPN_01091	36.3	182	111	1	6	182	7	188	1.29e-28	108
NZ_LN831024.1_3699	iMM1415.235033	34.9	189	109	3	7	183	8	194	7.67e-28	108
NZ_LN831024.1_3699	iCHOv1.100773401	35.4	189	108	3	7	183	8	194	2.64e-27	107
NZ_LN831024.1_3699	iML1515.b1093	35.7	182	112	1	6	182	7	188	1.35e-27	106
NZ_LN831024.1_3699	iSbBS512_1146.SbBS512_E2231	35.7	182	112	1	6	182	7	188	1.35e-27	106
NZ_LN831024.1_3699	iSF_1195.SF1097	35.7	182	112	1	6	182	7	188	1.35e-27	106
NZ_LN831024.1_3699	iSSON_1240.SSON_1113	35.7	182	112	1	6	182	7	188	1.35e-27	106
NZ_LN831024.1_3699	iCHOv1.100750866	37.2	183	99	3	6	174	5	185	1.37e-26	105
NZ_LN831024.1_3699	iSDY_1059.SDY_2057	35.7	182	112	1	6	182	7	188	2.64e-27	105
NZ_LN831024.1_3699	iLJ478.TM1724	37.6	197	115	3	6	194	7	203	3.85e-27	105
NZ_LN831024.1_3699	iMM1415.15485	36.6	183	100	3	6	174	5	185	4.37e-26	104
NZ_LN831024.1_3699	STM_v1_0.STM1195	34.6	182	114	1	6	182	7	188	7.21e-27	104
NZ_LN831024.1_3699	iPC815.YPO1599	35.7	182	112	1	6	182	7	188	2.03e-25	100
NZ_LN831024.1_3701	iEK1008.Rv3913	25.1	315	199	9	1	293	14	313	4.41e-16	77.0
NZ_LN831024.1_3701	iLJ478.TM0869	25.8	295	204	8	3	287	19	308	2.07e-14	72.0
NZ_LN831024.1_3704	iJN1463.PP_2193	30.1	772	484	18	30	787	55	784	1.10e-82	281
NZ_LN831024.1_3709	iJN1463.PP_2239	73.9	295	76	1	1	295	1	294	8.15e-143	403
NZ_LN831024.1_3710	iAF692.Mbar_A2079	34.3	67	37	1	31	90	8	74	8.09e-04	38.5
NZ_LN831024.1_3712	iLJ478.TM0514	33.8	77	50	1	28	103	262	338	6.96e-05	41.6
NZ_LN831024.1_3724	STM_v1_0.STM0234	34.8	270	175	1	237	505	443	712	5.55e-48	176
NZ_LN831024.1_3724	iJN1463.PP_4140	36.1	302	167	7	219	506	460	749	1.29e-44	167
NZ_LN831024.1_3724	iSF_1195.SF0176	34.1	270	177	1	237	505	443	712	9.94e-45	167
NZ_LN831024.1_3724	iML1515.b0186	34.1	270	177	1	237	505	443	712	1.85e-44	166
NZ_LN831024.1_3724	iSSON_1240.SSON_0199	34.1	270	177	1	237	505	443	712	1.85e-44	166
NZ_LN831024.1_3724	iYL1228.KPN_00199	33.6	268	177	1	237	503	455	722	7.16e-44	165
NZ_LN831024.1_3724	iSbBS512_1146.SbBS512_E0179	33.7	270	178	1	237	505	443	712	1.61e-43	164
NZ_LN831024.1_3725	iAF987.Gmet_3193	21.8	202	139	5	297	490	93	283	7.90e-04	41.6
NZ_LN831024.1_3726	iYL1228.KPN_01091	31.6	256	151	6	8	259	6	241	1.02e-22	93.2
NZ_LN831024.1_3726	iJN1463.PP_3073	31.2	260	167	4	5	260	3	254	4.79e-22	91.7
NZ_LN831024.1_3726	iLJ478.TM1169	28.0	264	153	4	1	259	1	232	4.66e-22	91.3
NZ_LN831024.1_3726	iML1515.b1619	29.7	266	166	5	2	263	6	254	4.69e-21	89.0
NZ_LN831024.1_3726	iSDY_1059.SDY_2057	31.0	261	156	8	3	259	1	241	3.85e-21	89.0
NZ_LN831024.1_3726	iAF987.Gmet_1601	30.3	264	157	4	3	259	1	244	2.86e-20	86.7
NZ_LN831024.1_3726	iML1515.b1093	30.7	261	157	8	3	259	1	241	3.82e-20	86.3
NZ_LN831024.1_3726	iSbBS512_1146.SbBS512_E2231	30.7	261	157	8	3	259	1	241	3.82e-20	86.3
NZ_LN831024.1_3726	iSF_1195.SF1097	30.7	261	157	8	3	259	1	241	3.82e-20	86.3
NZ_LN831024.1_3726	iSSON_1240.SSON_1113	30.7	261	157	8	3	259	1	241	3.82e-20	86.3
NZ_LN831024.1_3726	iPC815.YPO1599	29.4	252	162	5	8	259	6	241	5.31e-20	85.9
NZ_LN831024.1_3726	STM_v1_0.STM1195	30.5	256	154	7	8	259	6	241	1.41e-19	84.7
NZ_LN831024.1_3726	iAM_Pv461.PVX_099555	30.1	256	158	5	8	259	60	298	4.52e-19	84.3
NZ_LN831024.1_3728	iJN1463.PP_1071	75.7	304	69	3	1	301	2	303	1.55e-158	444
NZ_LN831024.1_3729	iJN1463.PP_1070	88.7	248	28	0	1	248	1	248	7.23e-157	435
NZ_LN831024.1_3730	iJN1463.PP_1069	84.2	221	35	0	1	221	3	223	6.59e-131	367
NZ_LN831024.1_3731	iJN1463.PP_1068	89.8	244	25	0	1	244	13	256	4.07e-157	436
NZ_LN831024.1_3732	iJN1463.PP_4659	80.0	556	110	1	1	556	1	555	0.0	892
NZ_LN831024.1_3733	iJN1463.PP_2453	82.0	362	65	0	1	362	1	362	2.07e-206	570
NZ_LN831024.1_3735	iAF987.Gmet_1919	33.3	123	82	0	6	128	4	126	6.05e-15	75.5
NZ_LN831024.1_3735	iAF987.Gmet_3476	33.1	127	83	2	4	128	9	135	1.30e-14	75.1
NZ_LN831024.1_3735	iAF987.Gmet_1914	32.0	122	83	0	7	128	4	125	2.47e-13	71.2
NZ_LN831024.1_3736	iJN1463.PP_2486	57.7	371	144	4	2	364	6	371	1.72e-146	419
NZ_LN831024.1_3740	iML1515.b0493	34.6	191	121	4	3	191	15	203	1.45e-21	90.5
NZ_LN831024.1_3740	iMM1415.235033	32.1	196	124	4	2	189	4	198	5.62e-21	89.7
NZ_LN831024.1_3740	iCHOv1.100773401	33.3	195	119	5	4	189	6	198	1.91e-20	88.2
NZ_LN831024.1_3740	iCHOv1.100750866	33.3	198	121	4	1	188	1	197	1.20e-19	86.3
NZ_LN831024.1_3740	iMM1415.15485	33.0	194	119	4	6	189	6	198	1.86e-19	85.9
NZ_LN831024.1_3741	STM_v1_0.STM2050	35.6	118	74	2	16	132	212	328	3.23e-10	56.2
NZ_LN831024.1_3744	iJN1463.PP_5149	75.2	504	125	0	12	515	1	504	3.30e-282	774
NZ_LN831024.1_3744	iJN1463.PP_3446	75.0	504	126	0	12	515	27	530	5.49e-278	764
NZ_LN831024.1_3745	iYL1228.KPN_02768	45.5	123	62	2	6	124	8	129	8.48e-30	104
NZ_LN831024.1_3748	iYL1228.KPN_01250	34.5	719	400	19	61	728	59	757	1.60e-110	352
NZ_LN831024.1_3748	iML1515.b0805	32.5	724	411	20	59	728	57	756	5.04e-107	343
NZ_LN831024.1_3749	iML1515.b0428	65.9	296	101	0	1	296	1	296	7.61e-134	380
NZ_LN831024.1_3749	iSbBS512_1146.SbBS512_E0350	65.9	296	101	0	1	296	1	296	2.18e-133	379
NZ_LN831024.1_3749	iSSON_1240.SSON_0411	65.9	296	101	0	1	296	1	296	3.09e-133	379
NZ_LN831024.1_3749	iYL1228.KPN_00390	67.9	287	91	1	4	290	3	288	2.44e-132	377
NZ_LN831024.1_3749	iSF_1195.SF0369	65.9	293	100	0	4	296	3	295	3.46e-132	376
NZ_LN831024.1_3749	STM_v1_0.STM0439	66.0	291	99	0	1	291	1	291	1.02e-131	375
NZ_LN831024.1_3749	iPC815.YPO3168	66.0	285	97	0	1	285	1	285	5.26e-127	363
NZ_LN831024.1_3749	iJN1463.PP_0816	64.0	286	103	0	1	286	1	286	1.29e-122	352
NZ_LN831024.1_3750	iPC815.YPO3167	57.4	108	46	0	1	108	1	108	5.90e-32	108
NZ_LN831024.1_3750	iJN1463.PP_0815	57.6	99	41	1	5	102	4	102	7.89e-30	102
NZ_LN831024.1_3750	iML1515.b0429	49.0	102	52	0	7	108	6	107	7.21e-28	97.8
NZ_LN831024.1_3750	iSSON_1240.SSON_0412	49.0	102	52	0	7	108	6	107	7.21e-28	97.8
NZ_LN831024.1_3751	STM_v1_0.STM0441	66.0	209	66	1	1	209	1	204	3.49e-100	288
NZ_LN831024.1_3751	iML1515.b0430	66.5	209	65	1	1	209	1	204	1.42e-99	286
NZ_LN831024.1_3751	iSSON_1240.SSON_0413	66.5	209	65	1	1	209	1	204	1.42e-99	286
NZ_LN831024.1_3751	iYL1228.KPN_00392	66.5	209	64	2	1	209	1	203	1.94e-99	286
NZ_LN831024.1_3751	iSbBS512_1146.SbBS512_E0352	66.5	209	65	1	1	209	1	204	4.05e-99	285
NZ_LN831024.1_3751	iPC815.YPO3166	62.2	209	74	1	1	209	1	204	4.04e-92	268
NZ_LN831024.1_3752	iJN1463.PP_0813	75.5	656	161	0	1	656	1	656	0.0	1041
NZ_LN831024.1_3752	iYL1228.KPN_00393	66.9	656	217	0	1	656	1	656	0.0	963
NZ_LN831024.1_3752	STM_v1_0.STM0442	68.1	656	209	0	1	656	1	656	0.0	961
NZ_LN831024.1_3752	iML1515.b0431	68.3	656	208	0	1	656	1	656	0.0	960
NZ_LN831024.1_3752	iSSON_1240.SSON_0414	68.3	656	208	0	1	656	1	656	0.0	960
NZ_LN831024.1_3752	iPC815.YPO3165	67.8	656	211	0	1	656	1	656	0.0	959
NZ_LN831024.1_3752	iSbBS512_1146.SbBS512_E0353	68.1	656	209	0	1	656	1	656	0.0	957
NZ_LN831024.1_3753	iJN1463.PP_0812	64.6	285	98	2	19	303	19	300	7.52e-128	367
NZ_LN831024.1_3753	iML1515.b0432	57.8	301	123	4	9	306	9	308	5.87e-118	342
NZ_LN831024.1_3753	iSSON_1240.SSON_0415	57.8	301	123	4	9	306	9	308	5.87e-118	342
NZ_LN831024.1_3753	iSbBS512_1146.SbBS512_E0354	56.9	306	123	4	9	311	9	308	1.67e-117	341
NZ_LN831024.1_3753	STM_v1_0.STM0443	57.5	301	124	4	9	306	9	308	3.72e-117	340
NZ_LN831024.1_3753	iPC815.YPO3164	62.4	266	97	3	16	278	17	282	1.99e-114	333
NZ_LN831024.1_3753	iYL1228.KPN_00394	56.3	295	123	4	15	306	4	295	9.43e-114	331
NZ_LN831024.1_3754	iYO844.BSU03070	29.1	402	282	3	10	410	15	414	1.44e-41	155
NZ_LN831024.1_3757	iYO844.BSU03070	23.6	297	223	3	12	305	19	314	5.25e-13	70.5
NZ_LN831024.1_3759	iJN1463.PP_2208	81.7	273	50	0	1	273	1	273	1.93e-163	454
NZ_LN831024.1_3760	iJN1463.PP_2209	79.7	365	74	0	7	371	4	368	1.81e-213	588
NZ_LN831024.1_3764	iMM904.YDR305C	33.0	97	59	3	24	115	29	124	2.13e-07	48.1
NZ_LN831024.1_3768	iJN1463.PP_1006	25.3	783	485	29	34	773	52	777	9.15e-42	164
NZ_LN831024.1_3773	iYO844.BSU26650	25.0	300	187	5	31	324	19	286	5.11e-26	105
NZ_LN831024.1_3773	iSbBS512_1146.SbBS512_E0672	29.1	327	183	10	10	324	1	290	5.29e-26	105
NZ_LN831024.1_3773	iSSON_1240.SSON_0704	28.7	327	184	10	10	324	1	290	1.01e-25	104
NZ_LN831024.1_3773	iML1515.b0752	28.4	327	185	10	10	324	1	290	2.67e-25	103
NZ_LN831024.1_3773	iSDY_1059.SDY_0696	28.4	327	185	10	10	324	1	290	2.67e-25	103
NZ_LN831024.1_3773	iSF_1195.SF0552	28.4	327	185	10	10	324	1	290	2.67e-25	103
NZ_LN831024.1_3773	iYL1228.KPN_00756	29.1	323	188	7	10	324	1	290	1.36e-24	101
NZ_LN831024.1_3773	iPC815.YPO1129	26.8	299	183	4	30	324	19	285	1.32e-24	101
NZ_LN831024.1_3773	STM_v1_0.STM0758	30.8	286	152	8	10	286	1	249	9.12e-24	99.0
NZ_LN831024.1_3774	iNF517.LLMG_RS11240	31.3	278	180	6	40	310	46	319	8.56e-31	117
NZ_LN831024.1_3774	iML1515.b1033	29.5	281	186	2	37	310	37	312	9.30e-31	117
NZ_LN831024.1_3774	iSbBS512_1146.SbBS512_E2296	29.5	281	186	2	37	310	37	312	9.30e-31	117
NZ_LN831024.1_3774	iSSON_1240.SSON_1042	29.5	281	186	2	37	310	50	325	1.19e-30	117
NZ_LN831024.1_3774	iYL1228.KPN_01056	33.2	217	145	0	94	310	96	312	1.30e-30	117
NZ_LN831024.1_3774	iSDY_1059.SDY_1004	33.2	217	145	0	94	310	109	325	4.46e-30	115
NZ_LN831024.1_3774	STM_v1_0.STM1135	32.3	217	147	0	94	310	96	312	9.36e-27	106
NZ_LN831024.1_3778	iJN1463.PP_5118	69.4	284	87	0	1	284	1	284	7.07e-145	407
NZ_LN831024.1_3782	iJN1463.PP_1689	52.9	425	195	5	1	424	1	421	2.03e-153	440
NZ_LN831024.1_3783	iJN1463.PP_1686	70.7	167	48	1	18	184	37	202	2.87e-85	249
NZ_LN831024.1_3784	iJN1463.PP_3751	27.0	397	269	11	14	399	9	395	1.47e-07	52.8
NZ_LN831024.1_3784	iAF987.Gmet_2465	20.6	408	280	10	18	391	21	418	6.36e-06	47.8
NZ_LN831024.1_3786	iJN1463.PP_0368	58.0	603	247	4	1	603	1	597	9.03e-244	684
NZ_LN831024.1_3788	iYO844.BSU03070	24.9	414	296	7	8	416	18	421	5.86e-27	113
NZ_LN831024.1_3789	iJN1463.PP_1681	62.7	236	85	2	10	245	17	249	1.67e-87	259
NZ_LN831024.1_3790	iJN1463.PP_1680	68.5	178	54	2	5	181	3	179	2.76e-80	236
NZ_LN831024.1_3791	iJN1463.PP_1679	69.5	351	107	0	1	351	1	351	2.17e-158	447
NZ_LN831024.1_3792	iJN1463.PP_1678	72.3	173	48	0	1	173	1	173	3.87e-83	242
NZ_LN831024.1_3793	iJN1463.PP_1677	82.1	480	86	0	7	486	3	482	2.93e-283	775
NZ_LN831024.1_3794	iJN1463.PP_1676	62.1	327	124	0	1	327	1	327	3.18e-138	394
NZ_LN831024.1_3795	iJN1463.PP_1675	73.6	299	71	1	3	301	9	299	2.36e-151	426
NZ_LN831024.1_3796	iJN1463.PP_1674	77.8	212	47	0	6	217	4	215	3.48e-119	337
NZ_LN831024.1_3797	iJN1463.PP_1673	74.4	425	109	0	6	430	7	431	1.14e-220	612
NZ_LN831024.1_3798	iJN1463.PP_1672	75.7	202	49	0	1	202	1	202	8.81e-106	302
NZ_LN831024.1_3799	iJN1463.PP_0525	36.3	598	359	8	13	604	38	619	1.68e-107	337
NZ_LN831024.1_3800	iML1515.b3240	27.2	540	317	15	28	523	9	516	7.55e-33	134
NZ_LN831024.1_3802	iCN718.ABAYE_RS12025	70.3	313	89	1	1	313	1	309	9.48e-164	457
NZ_LN831024.1_3802	iJN1463.PP_1258	68.9	312	93	1	1	312	1	308	2.29e-159	446
NZ_LN831024.1_3803	iJN1463.PP_0612	25.4	311	183	10	1	286	1	287	1.64e-07	52.0
NZ_LN831024.1_3803	iCN718.ABAYE_RS18740	24.6	280	135	10	5	212	3	278	1.81e-06	48.9
NZ_LN831024.1_3805	iLJ478.TM1433	28.8	274	147	9	6	250	4	258	5.00e-07	51.2
NZ_LN831024.1_3805	iJN1463.PP_0325	27.0	285	166	6	1	257	167	437	9.89e-07	50.8
NZ_LN831024.1_3805	iAF987.Gmet_2764	24.3	362	184	13	5	305	6	338	3.04e-06	48.9
NZ_LN831024.1_3805	iYS854.USA300HOU_RS12975	26.1	207	132	7	94	293	97	289	2.62e-05	46.2
NZ_LN831024.1_3809	iYO844.BSU03070	30.3	208	140	2	18	225	18	220	9.15e-20	91.7
NZ_LN831024.1_3811	iYL1228.KPN_00893	26.1	226	157	4	36	258	22	240	4.37e-19	83.6
NZ_LN831024.1_3811	STM_v1_0.STM0890	27.8	227	150	5	37	258	23	240	2.13e-17	79.0
NZ_LN831024.1_3811	iJN1463.PP_0227	28.2	262	175	6	4	260	6	259	1.44e-16	77.0
NZ_LN831024.1_3811	iML1515.b0860	24.7	227	159	4	36	258	22	240	2.01e-16	76.3
NZ_LN831024.1_3811	iYL1228.KPN_00896	28.1	263	163	7	1	258	6	247	2.24e-16	76.3
NZ_LN831024.1_3811	iSF_1195.SF0814	24.7	227	159	4	36	258	22	240	3.82e-16	75.5
NZ_LN831024.1_3813	iJN1463.PP_4484	32.3	217	133	4	1	208	2	213	4.60e-27	103
NZ_LN831024.1_3813	iML1515.b1918	33.3	195	129	1	13	207	10	203	1.43e-26	101
NZ_LN831024.1_3813	iJN1463.PP_0280	30.3	218	140	3	7	214	2	217	1.34e-24	96.7
NZ_LN831024.1_3813	iJN1463.PP_3595	35.8	201	117	4	16	206	21	219	5.95e-24	95.1
NZ_LN831024.1_3813	iJN1463.PP_4426	32.6	215	140	2	6	218	4	215	1.12e-23	94.0
NZ_LN831024.1_3813	iJN1463.PP_0226	30.3	195	135	1	13	207	11	204	2.39e-23	93.2
NZ_LN831024.1_3814	iNF517.LLMG_RS09715	32.2	205	129	4	16	211	509	712	8.17e-23	95.5
NZ_LN831024.1_3814	iJN1463.PP_0281	40.0	195	99	6	34	211	28	221	1.68e-23	93.6
NZ_LN831024.1_3814	iYS854.USA300HOU_RS09930	29.3	205	135	3	13	211	280	480	9.96e-22	92.0
NZ_LN831024.1_3814	iNF517.LLMG_RS09920	31.4	210	127	4	16	211	15	221	1.21e-22	91.3
NZ_LN831024.1_3814	iML1515.b1918	32.4	210	135	2	6	211	7	213	4.11e-22	89.7
NZ_LN831024.1_3814	iYO844.BSU27460	32.2	211	131	5	9	211	10	216	3.96e-21	87.0
NZ_LN831024.1_3815	iYO844.BSU27430	52.5	240	114	0	1	240	1	240	7.86e-85	252
NZ_LN831024.1_3815	iNF517.LLMG_RS09720	51.0	239	117	0	2	240	7	245	6.12e-83	247
NZ_LN831024.1_3815	iNF517.LLMG_RS09915	53.3	240	112	0	1	240	5	244	7.86e-83	247
NZ_LN831024.1_3815	iYS854.USA300HOU_RS09925	51.3	240	117	0	1	240	3	242	5.99e-82	244
NZ_LN831024.1_3815	iPC815.YPO2514	53.6	239	111	0	1	239	1	239	9.16e-81	241
NZ_LN831024.1_3815	iSynCJ816.SGL_RS08035	51.7	242	114	1	1	239	8	249	2.72e-80	241
NZ_LN831024.1_3815	iCN900.CD630_07520	50.8	240	118	0	1	240	1	240	7.43e-80	239
NZ_LN831024.1_3815	iPC815.YPO2612	52.1	240	115	0	1	240	2	241	7.93e-80	239
NZ_LN831024.1_3815	iSDY_1059.SDY_2505	51.8	251	109	2	2	240	6	256	1.83e-79	239
NZ_LN831024.1_3815	iSbBS512_1146.SbBS512_E2684	51.4	251	110	2	2	240	6	256	7.36e-79	237
NZ_LN831024.1_3815	iSF_1195.SF2382	51.4	251	110	2	2	240	6	256	7.36e-79	237
NZ_LN831024.1_3815	iSSON_1240.SSON_2364	51.4	251	110	2	2	240	6	256	7.36e-79	237
NZ_LN831024.1_3815	iML1515.b2306	51.4	251	110	2	2	240	6	256	1.48e-78	236
NZ_LN831024.1_3815	STM_v1_0.STM2351	51.8	251	109	2	2	240	7	257	1.53e-78	236
NZ_LN831024.1_3815	iYO844.BSU03590	47.5	244	124	1	1	240	1	244	1.52e-78	236
NZ_LN831024.1_3815	iJN1463.PP_0283	50.8	248	111	1	2	238	8	255	2.97e-78	236
NZ_LN831024.1_3815	STM_v1_0.STM0828	53.1	239	112	0	1	239	1	239	2.44e-78	235
NZ_LN831024.1_3815	iSF_1195.SF0629	51.3	240	117	0	1	240	1	240	2.52e-78	235
NZ_LN831024.1_3815	iML1515.b0652	51.3	240	117	0	1	240	1	240	3.57e-78	235
NZ_LN831024.1_3815	iSSON_1240.SSON_0606	51.3	240	117	0	1	240	1	240	3.57e-78	235
NZ_LN831024.1_3815	iYL1228.KPN_00838	51.9	239	115	0	1	239	1	239	6.94e-78	234
NZ_LN831024.1_3815	iML1515.b0809	52.7	239	113	0	1	239	1	239	9.84e-78	234
NZ_LN831024.1_3815	iSbBS512_1146.SbBS512_E2539	52.7	239	113	0	1	239	1	239	9.84e-78	234
NZ_LN831024.1_3815	iSDY_1059.SDY_0787	52.7	239	113	0	1	239	1	239	9.84e-78	234
NZ_LN831024.1_3815	iSSON_1240.SSON_0789	52.7	239	113	0	1	239	1	239	1.40e-77	233
NZ_LN831024.1_3815	iJN1463.PP_1068	51.9	241	115	1	1	240	13	253	9.41e-77	232
NZ_LN831024.1_3815	iSF_1195.SF0760	52.3	239	114	0	1	239	1	239	1.13e-76	231
NZ_LN831024.1_3815	iJN1463.PP_3597	50.0	240	120	0	1	240	20	259	3.04e-76	231
NZ_LN831024.1_3815	iYL1228.KPN_02696	50.2	251	113	2	2	240	6	256	1.11e-75	229
NZ_LN831024.1_3815	iYL1228.KPN_00678	49.6	240	121	0	1	240	1	240	6.68e-76	229
NZ_LN831024.1_3815	iPC815.YPO2777	50.2	251	113	3	2	240	14	264	1.43e-75	229
NZ_LN831024.1_3816	iCN900.CD630_32370	31.2	337	229	2	1	336	1	335	2.75e-61	199
NZ_LN831024.1_3817	iYO844.BSU16770	30.3	277	188	3	5	278	1	275	1.75e-34	126
NZ_LN831024.1_3817	iCN718.ABAYE_RS18220	27.6	268	193	1	8	274	4	271	3.72e-33	123
NZ_LN831024.1_3817	iAF692.Mbar_A1150	30.5	272	180	4	7	274	2	268	3.64e-33	123
NZ_LN831024.1_3817	iCN900.CD630_32230	29.7	212	149	0	7	218	3	214	2.82e-32	120
NZ_LN831024.1_3817	iML1515.b4298	30.6	265	177	4	7	265	4	267	3.43e-31	118
NZ_LN831024.1_3817	iCN900.CD630_32250	28.3	212	152	0	7	218	3	214	8.24e-31	117
NZ_LN831024.1_3818	iJN1463.PP_3602	68.5	520	163	1	1	519	1	520	1.40e-237	662
NZ_LN831024.1_3819	iJN1463.PP_3591	43.4	334	184	3	2	333	1	331	3.90e-79	244
NZ_LN831024.1_3823	STM_v1_0.STM3186	27.1	461	304	9	1	448	1	442	1.19e-33	132
NZ_LN831024.1_3823	iSDY_1059.SDY_3205	26.5	509	325	13	1	478	1	491	1.10e-32	129
NZ_LN831024.1_3823	iSSON_1240.SSON_3173	26.3	509	326	13	1	478	1	491	2.79e-32	128
NZ_LN831024.1_3823	iSbBS512_1146.SbBS512_E3468	26.3	509	326	13	1	478	1	491	3.81e-32	128
NZ_LN831024.1_3823	iML1515.b3035	26.2	507	325	13	3	478	1	489	6.92e-32	127
NZ_LN831024.1_3823	iSF_1195.SF3075	26.0	507	326	13	3	478	1	489	3.24e-31	125
NZ_LN831024.1_3825	iJN1463.PP_3466	33.1	396	257	5	160	550	170	562	1.02e-45	169
NZ_LN831024.1_3825	iSDY_1059.SDY_1025	32.2	429	248	11	152	557	782	1190	5.64e-41	159
NZ_LN831024.1_3825	STM_v1_0.STM2774	30.9	424	260	8	152	557	785	1193	1.82e-40	157
NZ_LN831024.1_3828	iAF987.Gmet_1914	30.2	116	76	2	744	855	4	118	4.72e-09	59.3
NZ_LN831024.1_3828	iAF987.Gmet_3476	29.2	113	75	2	741	848	9	121	7.23e-08	55.5
NZ_LN831024.1_3831	iCN718.ABAYE_RS14225	59.5	257	104	0	9	265	6	262	1.09e-105	306
NZ_LN831024.1_3832	iPC815.YPO3830	25.1	263	143	12	23	248	41	286	1.61e-05	45.4
NZ_LN831024.1_3834	iJN1463.PP_3427	31.6	465	299	5	12	470	12	463	7.26e-45	163
NZ_LN831024.1_3835	iML1515.b3241	32.7	159	95	3	225	376	137	290	6.81e-12	65.5
NZ_LN831024.1_3836	iMM904.YBR293W	22.1	390	283	7	51	422	5	391	2.09e-15	78.2
NZ_LN831024.1_3840	iML1515.b3240	22.8	530	350	13	24	526	11	508	5.82e-15	78.2
NZ_LN831024.1_3841	iML1515.b3241	36.0	303	188	2	5	301	7	309	7.41e-52	172
NZ_LN831024.1_3847	iJN1463.PP_3720	33.2	187	96	5	1	164	3	183	9.11e-14	67.4
NZ_LN831024.1_3848	iJN1463.PP_3720	45.5	242	122	2	1	241	3	235	8.73e-62	194
NZ_LN831024.1_3850	iJN1463.PP_4971	70.3	374	109	2	10	383	15	386	5.27e-192	535
NZ_LN831024.1_3851	iJN1463.PP_4243	30.3	600	391	14	11	594	1123	1711	7.98e-55	201
NZ_LN831024.1_3851	iJN1463.PP_4220	30.6	562	358	15	41	575	2035	2591	8.38e-49	183
NZ_LN831024.1_3851	iJN1463.PP_4221	29.7	606	394	14	10	593	500	1095	1.44e-48	182
NZ_LN831024.1_3855	iAF692.Mbar_A2192	32.1	312	208	4	2	311	23	332	1.17e-44	160
NZ_LN831024.1_3855	iAF692.Mbar_A0942	31.0	329	217	7	2	322	6	332	4.87e-43	158
NZ_LN831024.1_3855	iAF692.Mbar_A0217	32.4	299	198	4	9	305	1	297	1.59e-39	148
NZ_LN831024.1_3855	iCN900.CD630_08320	30.5	308	209	4	2	306	12	317	6.92e-40	147
NZ_LN831024.1_3855	iLJ478.TM0553	34.0	326	193	8	2	310	4	324	1.20e-38	146
NZ_LN831024.1_3855	iYS854.USA300HOU_RS11080	31.6	316	203	5	2	305	5	319	4.07e-38	144
NZ_LN831024.1_3857	iEK1008.Rv0119	27.4	358	231	10	146	484	171	518	2.79e-25	108
NZ_LN831024.1_3857	iYO844.BSU10270	28.0	347	238	8	146	487	172	511	2.06e-24	105
NZ_LN831024.1_3857	iYO844.BSU10360	24.7	458	306	15	38	477	26	462	4.02e-24	104
NZ_LN831024.1_3857	iJN1463.PP_4219	26.3	491	298	19	40	486	2645	3115	8.85e-23	102
NZ_LN831024.1_3857	iEK1008.Rv0270	24.2	509	331	16	16	486	69	560	1.52e-22	100
NZ_LN831024.1_3857	iSbBS512_1146.SbBS512_E0488	24.2	521	331	17	9	483	456	958	3.01e-22	100
NZ_LN831024.1_3857	iSSON_1240.SSON_0537	24.7	522	327	19	9	483	456	958	1.25e-21	98.6
NZ_LN831024.1_3857	iSF_1195.SF0498	24.6	521	329	19	9	483	460	962	1.66e-21	98.2
NZ_LN831024.1_3858	iAF987.Gmet_2172	26.0	423	220	17	1	342	1	411	3.10e-13	72.0
NZ_LN831024.1_3858	iAF692.Mbar_A2257	25.5	385	207	14	1	340	1	350	2.30e-13	72.0
NZ_LN831024.1_3858	iJN1463.PP_1750	28.2	476	266	22	24	438	32	492	2.66e-12	68.9
NZ_LN831024.1_3858	iCN900.CD630_03910	24.3	301	188	10	68	334	22	316	3.16e-12	68.6
NZ_LN831024.1_3860	iAF987.Gmet_3221	29.5	139	91	3	29	166	34	166	3.40e-05	45.4
NZ_LN831024.1_3860	iHN637.CLJU_RS06685	35.4	65	41	1	45	108	53	117	2.48e-04	42.7
NZ_LN831024.1_3864	iCN718.ABAYE_RS02690	50.0	480	237	3	4	481	3	481	2.49e-177	507
NZ_LN831024.1_3864	iJN1463.PP_2805	48.3	484	248	2	1	483	7	489	2.62e-172	494
NZ_LN831024.1_3865	iJN1463.PP_5246	68.4	594	186	2	1	593	1	593	1.99e-267	744
NZ_LN831024.1_3868	iML1515.b3713	46.0	187	98	3	1	184	1	187	7.55e-46	149
NZ_LN831024.1_3870	iML1515.b1768	44.8	58	30	1	107	162	145	202	1.47e-05	43.9
NZ_LN831024.1_3870	iSbBS512_1146.SbBS512_E2023	44.8	58	30	1	107	162	145	202	1.47e-05	43.9
NZ_LN831024.1_3870	iSDY_1059.SDY_1505	44.8	58	30	1	107	162	151	208	1.52e-05	43.9
NZ_LN831024.1_3870	iSF_1195.SF1455	44.8	58	30	1	107	162	151	208	1.52e-05	43.9
NZ_LN831024.1_3870	iSSON_1240.SSON_1387	44.8	58	30	1	107	162	151	208	1.52e-05	43.9
NZ_LN831024.1_3870	STM_v1_0.STM1293	39.2	79	41	2	91	162	124	202	3.76e-05	42.7
NZ_LN831024.1_3870	iYL1228.KPN_01202	38.5	65	38	1	100	162	138	202	2.23e-04	40.4
NZ_LN831024.1_3872	iCHOv1.100762102	46.4	211	113	0	9	219	51	261	1.55e-55	177
NZ_LN831024.1_3872	iMM1415.69156	45.5	211	115	0	9	219	51	261	3.10e-55	176
NZ_LN831024.1_3873	iML1515.b1655	48.2	114	58	1	55	167	152	265	6.82e-37	128
NZ_LN831024.1_3874	iML1515.b1655	37.4	139	84	3	57	193	130	267	1.09e-28	107
NZ_LN831024.1_3874	iML1515.b2175	44.8	125	64	3	67	191	66	185	6.94e-28	103
NZ_LN831024.1_3875	STM_v1_0.STM1221	30.1	239	147	9	19	251	42	266	1.39e-19	85.1
NZ_LN831024.1_3877	iSynCJ816.SGL_RS17085	23.5	251	163	9	22	253	28	268	1.13e-07	52.0
NZ_LN831024.1_3878	iJN1463.PP_1002	50.1	481	225	6	1	472	1	475	1.06e-148	432
NZ_LN831024.1_3878	iJN1463.PP_1003	50.0	474	223	6	8	472	7	475	1.74e-139	409
NZ_LN831024.1_3878	iYL1228.KPN_01524	48.1	462	229	4	8	465	4	458	2.04e-134	395
NZ_LN831024.1_3899	iEK1008.Rv1143	38.3	332	185	6	1	328	1	316	1.73e-63	207
NZ_LN831024.1_3899	iEK1008.Rv0855	36.9	333	190	6	3	331	5	321	5.59e-61	200
NZ_LN831024.1_3899	iCHOv1.100758278	34.2	386	229	7	5	386	3	367	7.90e-60	198
NZ_LN831024.1_3899	iMM1415.17117	34.6	396	213	7	5	386	3	366	8.32e-59	195
NZ_LN831024.1_3900	iEK1008.Rv2724c	51.3	378	181	2	2	377	8	384	2.77e-128	373
NZ_LN831024.1_3900	iCN718.ABAYE_RS02695	49.9	379	187	2	1	377	13	390	2.52e-122	358
NZ_LN831024.1_3900	iCHOv1.100759026	49.5	376	186	2	3	375	37	411	7.95e-120	353
NZ_LN831024.1_3900	iCN718.ABAYE_RS06455	48.0	375	191	3	6	377	4	377	3.40e-115	340
NZ_LN831024.1_3901	iEK1008.Rv0132c	29.5	176	117	4	57	228	66	238	1.72e-07	52.0
NZ_LN831024.1_3901	iAF692.Mbar_A0420	31.4	118	75	4	57	171	26	140	1.22e-06	49.3
NZ_LN831024.1_3901	iYL1228.KPN_00971	27.4	208	120	6	51	249	34	219	1.78e-06	48.9
NZ_LN831024.1_3901	iPC815.YPO3625	28.4	208	118	7	51	249	34	219	5.60e-06	47.4
NZ_LN831024.1_3902	iML1515.b2302	41.9	203	113	1	4	201	2	204	5.21e-48	156
NZ_LN831024.1_3904	iJN1463.PP_1188	81.9	432	75	1	2	430	3	434	1.06e-244	673
NZ_LN831024.1_3904	iYL1228.KPN_03878	79.5	405	83	0	3	407	2	406	1.95e-223	619
NZ_LN831024.1_3904	STM_v1_0.STM3614	78.0	413	91	0	3	415	2	414	2.26e-222	616
NZ_LN831024.1_3904	iML1515.b3528	77.5	413	93	0	3	415	2	414	3.73e-221	613
NZ_LN831024.1_3904	iSbBS512_1146.SbBS512_E3934	77.5	413	93	0	3	415	2	414	3.73e-221	613
NZ_LN831024.1_3904	iSSON_1240.SSON_3863	77.5	413	93	0	3	415	2	414	3.73e-221	613
NZ_LN831024.1_3904	iSDY_1059.SDY_4548	77.2	413	94	0	3	415	2	414	2.15e-220	611
NZ_LN831024.1_3904	iSF_1195.SF3560	77.2	413	94	0	3	415	2	414	3.05e-220	610
NZ_LN831024.1_3906	iJN1463.PP_1761	42.1	565	318	4	544	1103	257	817	9.87e-132	421
NZ_LN831024.1_3908	iAF987.Gmet_1914	35.2	108	70	0	2	109	3	110	5.14e-16	75.9
NZ_LN831024.1_3912	STM_v1_0.STM2260	32.9	73	48	1	6	77	6	78	5.61e-09	48.9
NZ_LN831024.1_3913	iSSON_1240.SSON_2264	70.5	831	238	3	1	829	1	826	0.0	1248
NZ_LN831024.1_3913	iML1515.b2206	70.4	831	239	3	1	829	1	826	0.0	1246
NZ_LN831024.1_3913	iSF_1195.SF2290	70.4	831	239	3	1	829	1	826	0.0	1245
NZ_LN831024.1_3913	iSDY_1059.SDY_0872	70.4	831	239	3	1	829	1	826	0.0	1244
NZ_LN831024.1_3913	iSbBS512_1146.SbBS512_E0735	70.3	831	240	3	1	829	1	826	0.0	1243
NZ_LN831024.1_3913	STM_v1_0.STM2259	70.1	830	241	3	1	828	1	825	0.0	1234
NZ_LN831024.1_3913	iPC815.YPO3038	69.0	833	247	4	1	829	1	826	0.0	1227
NZ_LN831024.1_3915	STM_v1_0.STM2256	61.9	42	16	0	2	43	100	141	1.99e-15	65.1
NZ_LN831024.1_3915	iML1515.b2203	64.3	42	15	0	2	43	100	141	7.88e-15	63.5
NZ_LN831024.1_3915	iSbBS512_1146.SbBS512_E0738	64.3	42	15	0	2	43	100	141	7.88e-15	63.5
NZ_LN831024.1_3915	iSDY_1059.SDY_0875	64.3	42	15	0	2	43	107	148	9.05e-15	63.5
NZ_LN831024.1_3915	iSF_1195.SF2287	64.3	42	15	0	2	43	100	141	7.88e-15	63.5
NZ_LN831024.1_3915	iSSON_1240.SSON_2261	64.3	42	15	0	2	43	107	148	9.05e-15	63.5
NZ_LN831024.1_3915	iPC815.YPO3037	58.1	43	18	0	2	44	106	148	8.88e-15	63.5
NZ_LN831024.1_3916	iPC815.YPO3036	64.1	184	64	2	12	195	15	196	1.70e-87	255
NZ_LN831024.1_3916	STM_v1_0.STM2255	60.5	190	73	2	7	196	10	197	3.98e-86	252
NZ_LN831024.1_3916	iSF_1195.SF2286	61.6	185	69	2	12	196	15	197	6.55e-85	249
NZ_LN831024.1_3916	iML1515.b2202	61.1	185	70	2	12	196	15	197	1.08e-83	246
NZ_LN831024.1_3916	iSbBS512_1146.SbBS512_E0739	61.1	185	70	2	12	196	15	197	1.08e-83	246
NZ_LN831024.1_3916	iSDY_1059.SDY_0876	61.1	185	70	2	12	196	15	197	1.08e-83	246
NZ_LN831024.1_3916	iSSON_1240.SSON_2260	61.1	185	70	2	12	196	15	197	1.08e-83	246
NZ_LN831024.1_3917	iPC815.YPO2957	34.0	282	162	9	59	325	96	368	3.16e-32	124
NZ_LN831024.1_3917	STM_v1_0.STM2831	33.2	301	184	8	21	311	53	346	1.26e-30	120
NZ_LN831024.1_3917	iJN1463.PP_4805	31.4	271	177	4	53	318	75	341	1.99e-30	119
NZ_LN831024.1_3917	iSDY_1059.SDY_2897	32.3	303	186	9	21	311	53	348	4.73e-30	118
NZ_LN831024.1_3917	iYL1228.KPN_03036	30.1	312	202	7	21	321	22	328	5.15e-30	117
NZ_LN831024.1_3917	iML1515.b2701	32.0	303	187	9	21	311	53	348	1.24e-29	117
NZ_LN831024.1_3917	iSbBS512_1146.SbBS512_E3176	32.0	303	187	9	21	311	53	348	1.71e-29	117
NZ_LN831024.1_3917	iSF_1195.SF2724	31.7	303	188	9	21	311	53	348	1.71e-29	117
NZ_LN831024.1_3917	iSSON_1240.SSON_2845	31.7	303	188	9	21	311	53	348	4.47e-29	115
NZ_LN831024.1_3919	iAT_PLT_636.247	32.5	498	304	10	199	685	200	676	7.13e-64	224
NZ_LN831024.1_3919	iMM1415.11688	33.5	501	295	13	199	685	201	677	1.24e-61	218
NZ_LN831024.1_3923	iJN1463.PP_1183	60.9	233	88	1	8	240	4	233	5.02e-89	262
NZ_LN831024.1_3924	iSDY_1059.SDY_0761	35.9	128	82	0	18	145	24	151	4.58e-19	83.6
NZ_LN831024.1_3924	iSF_1195.SF0776	35.9	128	82	0	18	145	24	151	6.34e-19	83.2
NZ_LN831024.1_3924	iML1515.b0826	35.2	128	83	0	18	145	24	151	8.77e-19	82.8
NZ_LN831024.1_3924	iSbBS512_1146.SbBS512_E2522	35.2	128	83	0	18	145	24	151	8.77e-19	82.8
NZ_LN831024.1_3924	STM_v1_0.STM4162	32.6	138	91	1	18	153	21	158	1.27e-18	82.4
NZ_LN831024.1_3924	iSDY_1059.SDY_3734	34.1	138	89	1	18	153	15	152	1.14e-18	82.4
NZ_LN831024.1_3924	iSF_1195.SF4064	34.1	138	89	1	18	153	21	158	1.73e-18	82.0
NZ_LN831024.1_3924	iML1515.b3992	34.1	138	89	1	18	153	21	158	2.39e-18	81.6
NZ_LN831024.1_3924	iSSON_1240.SSON_0808	35.2	128	83	0	18	145	24	151	4.42e-18	80.9
NZ_LN831024.1_3924	iSSON_1240.SSON_4165	34.1	138	89	1	18	153	15	152	5.73e-18	80.5
NZ_LN831024.1_3924	iAF692.Mbar_A1238	32.4	142	94	1	14	153	15	156	1.56e-17	79.3
NZ_LN831024.1_3924	iYL1228.KPN_04374	31.9	138	92	1	18	153	21	158	2.16e-16	76.3
NZ_LN831024.1_3924	iJN1463.PP_0735	32.5	151	99	2	18	168	22	169	2.98e-16	75.9
NZ_LN831024.1_3924	iAF987.Gmet_1568	38.6	114	70	0	16	129	20	133	5.21e-16	75.5
NZ_LN831024.1_3925	iMM904.YGR282C	22.1	289	198	8	39	301	20	307	8.37e-17	82.0
NZ_LN831024.1_3925	iJN1463.PP_2635	27.2	331	215	12	345	666	202	515	1.61e-15	80.9
NZ_LN831024.1_3926	iJN1463.PP_1525	86.5	384	50	2	1	383	1	383	3.19e-246	672
NZ_LN831024.1_3927	iJN1463.PP_0365	37.1	105	56	3	73	168	45	148	7.17e-08	52.0
NZ_LN831024.1_3930	iAF987.Gmet_0043	22.7	242	171	6	300	531	32	267	2.62e-08	56.2
NZ_LN831024.1_3931	iAF987.Gmet_1706	35.3	116	68	3	7	118	2	114	8.66e-13	66.2
NZ_LN831024.1_3931	iAF987.Gmet_1914	32.7	101	67	1	7	106	3	103	4.54e-11	61.6
NZ_LN831024.1_3933	iJN1463.PP_1179	89.5	963	97	1	1	963	1	959	0.0	1711
NZ_LN831024.1_3934	iJN1463.PP_1177	84.1	416	65	1	1	415	1	416	9.84e-255	696
NZ_LN831024.1_3934	iCN718.ABAYE_RS15295	73.1	427	100	3	1	414	3	427	4.56e-228	629
NZ_LN831024.1_3943	iMM904.YDL210W	25.9	386	233	15	10	361	57	423	5.46e-13	70.9
NZ_LN831024.1_3943	iML1515.b4141	27.0	445	250	21	18	438	3	396	6.56e-13	70.1
NZ_LN831024.1_3943	iJN1463.PP_2802	26.0	407	262	13	23	417	10	389	1.27e-12	69.3
NZ_LN831024.1_3943	iMM904.YGL077C	24.2	472	322	14	23	474	54	509	2.91e-12	68.6
NZ_LN831024.1_3944	iIS312.TCDM_02375	35.7	387	218	7	16	388	23	392	2.29e-52	179
NZ_LN831024.1_3944	iAF987.Gmet_1046	35.0	363	217	4	10	364	13	364	4.21e-51	175
NZ_LN831024.1_3944	iYL1228.KPN_03491	35.6	382	224	7	16	387	17	386	1.62e-50	174
NZ_LN831024.1_3944	iMM904.YGL256W	33.0	367	233	3	1	364	1	357	4.16e-49	170
NZ_LN831024.1_3944	iCN718.ABAYE_RS07700	32.8	369	217	5	10	364	16	367	1.02e-47	166
NZ_LN831024.1_3947	iCHOv1.100758396	31.3	192	128	2	18	209	9	196	3.35e-19	85.1
NZ_LN831024.1_3947	iAT_PLT_636.2542	30.2	192	130	2	18	209	9	196	4.01e-18	82.0
NZ_LN831024.1_3947	iYS854.USA300HOU_RS01785	27.8	209	137	4	16	213	23	228	1.08e-17	80.9
NZ_LN831024.1_3947	iYO844.BSU02140	25.7	202	142	4	16	213	24	221	1.44e-17	80.5
NZ_LN831024.1_3947	iCHOv1.100765147	23.5	234	134	5	16	207	18	248	5.65e-17	79.0
NZ_LN831024.1_3947	iYL1228.KPN_02646	28.7	202	136	5	16	213	24	221	6.75e-17	78.6
NZ_LN831024.1_3947	iCHOv1.100755431	25.0	220	131	5	22	211	25	240	1.00e-16	78.2
NZ_LN831024.1_3947	iSF_1195.SF2322	27.6	203	137	4	16	213	24	221	3.14e-16	76.6
NZ_LN831024.1_3948	iCHOv1.100765147	32.0	150	91	4	12	154	340	485	3.34e-09	55.5
NZ_LN831024.1_3948	iCHOv1.100755431	32.2	174	104	5	12	175	308	477	4.42e-09	55.1
NZ_LN831024.1_3948	iYS854.USA300HOU_RS01785	32.2	171	108	5	15	180	276	443	5.75e-09	54.7
NZ_LN831024.1_3949	iEK1008.Rv0505c	34.1	223	132	4	4	217	124	340	9.01e-29	110
NZ_LN831024.1_3952	iJN1463.PP_3530	78.2	275	60	0	1	275	1	275	5.03e-172	476
NZ_LN831024.1_3955	iEK1008.Rv3777	43.2	303	168	2	36	335	26	327	2.83e-76	237
NZ_LN831024.1_3957	iYS854.USA300HOU_RS02895	60.8	283	108	2	8	289	9	289	6.80e-123	352
NZ_LN831024.1_3957	iML1515.b1967	56.0	284	119	3	7	290	5	282	3.29e-109	317
NZ_LN831024.1_3961	iYO844.BSU26590	27.8	399	264	11	19	410	9	390	1.55e-23	101
NZ_LN831024.1_3963	iYS854.USA300HOU_RS12625	35.9	131	79	2	1	126	1	131	5.12e-19	77.0
NZ_LN831024.1_3965	iYO844.BSU09530	61.0	331	124	3	1	328	1	329	4.60e-140	399
NZ_LN831024.1_3967	STM_v1_0.STM1221	40.3	243	128	8	13	250	42	272	4.90e-44	149
NZ_LN831024.1_3968	iPC815.YPO3383	49.2	516	224	9	5	497	4	504	3.48e-151	441
NZ_LN831024.1_3968	STM_v1_0.STM0208	46.7	518	236	12	4	498	3	503	2.09e-144	423
NZ_LN831024.1_3968	iML1515.b0160	46.4	515	240	10	5	498	4	503	1.19e-143	421
NZ_LN831024.1_3968	iSbBS512_1146.SbBS512_E0152	46.2	515	241	10	5	498	4	503	2.38e-143	421
NZ_LN831024.1_3968	iYL1228.KPN_00175	46.8	519	232	11	5	498	4	503	4.78e-140	412
NZ_LN831024.1_3970	iYO844.BSU15720	37.6	149	76	4	28	174	26	159	4.96e-24	92.0
NZ_LN831024.1_3972	iJN1463.PP_4670	60.8	401	157	0	12	412	11	411	9.91e-155	444
NZ_LN831024.1_3973	iAF987.Gmet_2727	31.1	135	91	1	31	165	263	395	2.14e-14	69.3
NZ_LN831024.1_3973	iAF987.Gmet_1832	42.0	112	57	5	63	168	413	522	8.31e-14	67.8
NZ_LN831024.1_3973	iYL1228.KPN_00986	37.5	120	64	3	57	165	225	344	4.30e-13	65.5
NZ_LN831024.1_3973	iML1515.b0957	38.3	120	63	3	57	165	215	334	1.06e-12	64.3
NZ_LN831024.1_3973	iSbBS512_1146.SbBS512_E2359	38.3	120	63	3	57	165	215	334	1.06e-12	64.3
NZ_LN831024.1_3973	iSDY_1059.SDY_0930	38.3	120	63	3	57	165	219	338	1.07e-12	64.3
NZ_LN831024.1_3973	iSF_1195.SF0957	38.3	120	63	3	57	165	217	336	1.07e-12	64.3
NZ_LN831024.1_3973	iSSON_1240.SSON_0961	38.3	120	63	3	57	165	215	334	1.06e-12	64.3
NZ_LN831024.1_3979	iAF987.Gmet_2349	36.8	571	349	7	18	584	9	571	1.46e-101	318
NZ_LN831024.1_3982	iYL1228.KPN_00869	66.9	344	114	0	35	378	22	365	4.11e-166	469
NZ_LN831024.1_3982	iML1515.b0837	60.9	343	134	0	36	378	25	367	1.89e-155	442
NZ_LN831024.1_3982	iSbBS512_1146.SbBS512_E2507	60.6	343	135	0	36	378	25	367	7.65e-155	440
NZ_LN831024.1_3982	iSSON_1240.SSON_0820	60.6	343	135	0	36	378	25	367	1.09e-154	440
NZ_LN831024.1_3984	iCN900.CD630_20500	25.4	236	156	5	5	230	1	226	3.63e-17	77.4
NZ_LN831024.1_3986	iPC815.YPO4048	24.2	343	240	8	21	351	31	365	1.10e-13	71.6
NZ_LN831024.1_3987	iAF987.Gmet_0069	43.7	199	112	0	199	397	115	313	2.71e-40	145
NZ_LN831024.1_3987	iJN1463.PP_1494	43.8	185	101	2	206	387	150	334	6.43e-35	131
NZ_LN831024.1_3990	iCN900.CD630_02510	47.3	421	208	5	26	442	24	434	8.02e-126	372
NZ_LN831024.1_3995	iAF987.Gmet_1914	39.3	112	68	0	4	115	3	114	2.29e-16	80.9
NZ_LN831024.1_4004	iYO844.BSU35680	25.8	120	83	4	2	117	5	122	7.25e-06	50.1
NZ_LN831024.1_4004	iSbBS512_1146.SbBS512_E4050	30.5	95	63	2	7	100	8	100	3.79e-06	50.1
NZ_LN831024.1_4004	iSSON_1240.SSON_3782	30.5	95	63	2	7	100	8	100	3.79e-06	50.1
NZ_LN831024.1_4004	iEK1008.Rv3265c	32.3	130	71	6	665	781	103	228	4.44e-06	49.7
NZ_LN831024.1_4008	iML1515.b2538	30.3	201	119	6	11	197	25	218	3.57e-20	91.3
NZ_LN831024.1_4008	iSSON_1240.SSON_2620	30.3	201	119	6	11	197	25	218	3.57e-20	91.3
NZ_LN831024.1_4008	iJN1463.PP_0315	25.7	202	136	5	4	199	31	224	9.21e-18	84.0
NZ_LN831024.1_4008	iCN718.ABAYE_RS09735	29.4	194	129	6	11	197	33	225	1.46e-17	83.6
NZ_LN831024.1_4010	iJN1463.PP_2794	34.4	244	155	5	10	251	9	249	4.55e-28	107
NZ_LN831024.1_4010	iLJ478.TM1724	31.3	246	164	3	12	254	3	246	1.50e-26	103
NZ_LN831024.1_4010	STM_v1_0.STM4483	28.2	252	172	4	10	255	5	253	2.49e-26	102
NZ_LN831024.1_4010	iNF517.LLMG_RS08950	31.0	252	154	7	12	254	3	243	2.76e-26	102
NZ_LN831024.1_4010	iCN900.CD630_11820	30.0	250	165	5	11	254	3	248	4.38e-26	102
NZ_LN831024.1_4010	iAF987.Gmet_1601	31.9	248	158	5	11	252	2	244	4.11e-26	102
NZ_LN831024.1_4010	iAF987.Gmet_1531	30.6	252	157	6	12	254	4	246	6.11e-26	101
NZ_LN831024.1_4010	iCN718.ABAYE_RS14915	33.1	239	150	5	18	252	9	241	4.09e-25	99.4
NZ_LN831024.1_4010	iAM_Pf480.PF3D7_0922900	31.7	240	157	4	18	253	64	300	1.63e-24	99.0
NZ_LN831024.1_4010	iYO844.BSU15910	29.4	248	167	5	12	254	2	246	1.62e-24	97.8
NZ_LN831024.1_4010	iYL1228.KPN_01091	30.5	249	157	4	11	252	2	241	1.55e-24	97.8
NZ_LN831024.1_4010	iPC815.YPO2539	27.0	252	179	3	8	255	3	253	1.90e-24	97.8
NZ_LN831024.1_4011	iAF987.Gmet_1599	31.9	339	205	9	6	333	1	324	7.75e-41	145
NZ_LN831024.1_4011	iNF517.LLMG_RS08965	28.4	320	220	5	18	335	13	325	2.07e-40	144
NZ_LN831024.1_4011	iAF987.Gmet_3272	32.0	331	193	8	17	333	12	324	1.18e-38	139
NZ_LN831024.1_4011	iYO844.BSU11330	30.5	325	199	9	13	333	7	308	2.45e-37	135
NZ_LN831024.1_4011	iYO844.BSU10170	29.0	335	217	4	6	333	1	321	9.13e-36	132
NZ_LN831024.1_4013	iAF987.Gmet_2351	34.8	353	211	8	23	369	24	363	1.73e-51	175
NZ_LN831024.1_4013	iML1515.b2253	30.7	374	227	7	16	362	1	369	8.04e-47	163
NZ_LN831024.1_4013	iSSON_1240.SSON_2314	30.7	374	227	7	16	362	12	380	3.91e-46	162
NZ_LN831024.1_4013	iAF987.Gmet_0886	30.2	384	244	7	1	366	1	378	5.12e-46	161
NZ_LN831024.1_4013	iSF_1195.SF2332	31.4	360	227	6	18	362	4	358	3.36e-46	161
NZ_LN831024.1_4016	iYS854.USA300HOU_RS14370	34.0	147	83	5	252	389	329	470	9.31e-10	60.1
NZ_LN831024.1_4027	iJN1463.PP_1141	69.9	366	110	0	7	372	3	368	4.65e-187	521
NZ_LN831024.1_4028	iJN1463.PP_1140	83.1	307	52	0	1	307	1	307	1.66e-173	482
NZ_LN831024.1_4029	iJN1463.PP_1139	72.9	417	112	1	1	416	1	417	5.47e-204	568
NZ_LN831024.1_4030	iJN1463.PP_1138	86.3	255	35	0	1	255	1	255	2.23e-159	442
NZ_LN831024.1_4031	iJN1463.PP_1137	87.6	233	29	0	1	233	1	233	1.34e-140	392
NZ_LN831024.1_4033	iCHOv1.100754792	20.1	407	243	8	23	354	376	775	1.78e-16	83.2
NZ_LN831024.1_4040	iYL1228.KPN_00409	59.1	345	141	0	8	352	5	349	4.64e-149	424
NZ_LN831024.1_4041	iSDY_1059.SDY_1594	39.5	81	45	1	93	169	181	261	1.12e-08	52.8
NZ_LN831024.1_4041	iYL1228.KPN_01622	28.5	172	106	4	5	164	119	285	2.34e-08	52.0
NZ_LN831024.1_4041	STM_v1_0.STM1517	28.8	170	108	4	5	164	120	286	1.47e-07	49.7
NZ_LN831024.1_4043	iJN1463.PP_2225	46.9	96	51	0	6	101	7	102	1.15e-22	85.1
NZ_LN831024.1_4044	iJN1463.PP_2226	52.6	76	36	0	14	89	17	92	6.28e-20	76.3
NZ_LN831024.1_4045	iJN1463.PP_2227	39.6	159	95	1	12	169	3	161	5.72e-25	94.4
NZ_LN831024.1_4046	iJN1463.PP_2228	43.0	537	255	10	1	489	4	537	2.21e-108	333
NZ_LN831024.1_4047	iJN1463.PP_2229	53.5	114	47	1	1	108	1	114	1.38e-31	107
NZ_LN831024.1_4048	iJN1463.PP_2230	44.9	285	130	5	2	259	669	953	1.17e-62	211
NZ_LN831024.1_4049	iJN1463.PP_2230	54.1	656	290	7	1	648	1	653	5.96e-206	603
NZ_LN831024.1_4052	iJN1463.PP_3178	63.9	377	135	1	1	376	1	377	1.06e-151	432
NZ_LN831024.1_4053	iCN900.CD630_28120	35.1	453	265	9	11	450	8	444	1.09e-64	214
NZ_LN831024.1_4053	iJN1463.PP_3417	34.2	444	270	10	14	450	21	449	4.40e-62	207
NZ_LN831024.1_4055	iJN1463.PP_1129	80.0	215	43	0	1	215	1	215	1.30e-129	363
NZ_LN831024.1_4056	iAF987.Gmet_2727	36.7	98	62	0	186	283	301	398	6.41e-12	65.1
NZ_LN831024.1_4057	iEK1008.Rv2463	40.7	364	202	5	4	358	7	365	2.44e-76	241
NZ_LN831024.1_4063	iAF987.Gmet_1832	37.7	106	66	0	102	207	412	517	1.57e-16	77.0
NZ_LN831024.1_4072	iML1515.b2302	62.4	202	76	0	1	202	1	202	5.59e-91	265
NZ_LN831024.1_4073	iSSON_1240.SSON_4482	27.1	240	157	7	282	518	1	225	2.52e-14	73.6
NZ_LN831024.1_4078	iJN1463.PP_5257	69.2	428	132	0	1	428	5	432	1.28e-220	611
NZ_LN831024.1_4079	iJN1463.PP_5258	81.5	497	91	1	1	497	1	496	4.43e-292	798
NZ_LN831024.1_4082	iJN1463.PP_1419	50.9	411	192	6	10	416	25	429	6.06e-145	419
NZ_LN831024.1_4083	iCN718.ABAYE_RS11680	55.7	323	140	2	5	325	2	323	3.21e-116	338
NZ_LN831024.1_4084	iMM1415.15488	44.7	246	124	4	1	245	1	235	2.88e-57	196
NZ_LN831024.1_4084	iCHOv1.103161104	43.9	246	126	4	1	245	1	235	3.05e-56	191
NZ_LN831024.1_4084	iMM904.YKR009C	42.1	240	128	3	9	248	10	238	1.07e-52	184
NZ_LN831024.1_4085	iEK1008.Rv1934c	41.5	390	208	5	11	380	11	400	1.12e-87	270
NZ_LN831024.1_4085	iEK1008.Rv3560c	39.4	388	210	9	8	380	3	380	1.73e-80	251
NZ_LN831024.1_4086	iML1515.b1393	35.5	256	159	2	1	252	1	254	9.09e-37	130
NZ_LN831024.1_4086	iYL1228.KPN_01475	35.1	251	151	4	12	252	13	261	5.64e-32	117
NZ_LN831024.1_4087	iEK1008.Rv3563	32.4	333	188	7	19	344	12	314	1.38e-29	115
NZ_LN831024.1_4087	iEK1008.Rv3564	32.8	332	168	9	17	337	9	296	2.60e-29	114
NZ_LN831024.1_4087	iEK1008.Rv3061c	33.9	301	174	9	50	336	44	333	5.67e-25	105
NZ_LN831024.1_4089	iJN1463.PP_3165	28.0	428	274	11	21	426	21	436	5.05e-30	120
NZ_LN831024.1_4089	iJN1463.PP_3658	26.0	388	250	8	25	386	25	401	4.89e-29	118
NZ_LN831024.1_4089	iJN1463.PP_3740	27.6	387	262	4	17	386	16	401	2.59e-27	113
NZ_LN831024.1_4089	STM_v1_0.STM3338	24.9	437	272	7	22	409	21	450	1.13e-25	108
NZ_LN831024.1_4090	iEK1008.Rv3538	39.3	267	149	7	1	261	1	260	2.53e-52	172
NZ_LN831024.1_4090	iCHOv1.103161104	34.6	286	163	7	9	280	327	602	9.23e-46	162
NZ_LN831024.1_4090	iMM1415.15488	34.3	286	164	7	9	280	327	602	7.57e-43	155
NZ_LN831024.1_4091	iCN900.CD630_21960	29.0	708	469	14	17	704	2	695	3.82e-80	269
NZ_LN831024.1_4092	iAF692.Mbar_A0550	35.7	381	225	8	10	373	5	382	4.34e-53	180
NZ_LN831024.1_4095	iYS854.USA300HOU_RS14480	26.1	203	141	4	5	201	49	248	2.85e-16	78.2
NZ_LN831024.1_4096	iJN1463.PP_1240	90.3	236	23	0	1	236	1	236	2.77e-155	430
NZ_LN831024.1_4097	iAF692.Mbar_A2125	37.3	59	36	1	12	70	22	79	4.43e-04	40.4
NZ_LN831024.1_4099	iJN1463.PP_1237	77.6	294	63	1	1	291	1	294	1.00e-158	443
NZ_LN831024.1_4101	iJN1463.PP_1235	94.4	54	3	0	1	54	104	157	9.05e-32	106
NZ_LN831024.1_4102	iML1515.b1601	24.6	317	206	11	21	324	11	307	2.84e-05	45.1
NZ_LN831024.1_4104	iAF987.Gmet_1238	30.7	225	145	3	33	256	31	245	7.11e-25	103
NZ_LN831024.1_4105	iJN1463.PP_1231	87.5	352	44	0	1	352	1	352	6.81e-230	628
NZ_LN831024.1_4107	iYL1228.KPN_01256	50.8	187	90	2	3	188	4	189	7.84e-52	174
NZ_LN831024.1_4107	iSSON_1240.SSON_1880	50.8	187	90	2	3	188	4	189	1.10e-51	173
NZ_LN831024.1_4107	iML1515.b1263	50.8	187	90	2	3	188	4	189	1.53e-51	173
NZ_LN831024.1_4107	iSbBS512_1146.SbBS512_E1488	50.8	187	90	2	3	188	4	189	1.53e-51	173
NZ_LN831024.1_4107	iSF_1195.SF1266	50.8	187	90	2	3	188	4	189	1.53e-51	173
NZ_LN831024.1_4107	STM_v1_0.STM1724	50.8	187	90	2	3	188	4	189	5.86e-51	171
NZ_LN831024.1_4107	iSDY_1059.SDY_1331	50.3	187	91	2	3	188	4	189	1.60e-50	170
NZ_LN831024.1_4108	iML1515.b1264	51.7	482	224	4	33	509	36	513	1.05e-149	438
NZ_LN831024.1_4108	iSF_1195.SF1267	51.5	482	225	4	33	509	36	513	1.05e-149	438
NZ_LN831024.1_4108	iYL1228.KPN_01257	50.8	494	225	6	33	521	36	516	1.70e-148	435
NZ_LN831024.1_4108	iSSON_1240.SSON_1879	51.5	482	225	4	33	509	36	513	2.40e-148	435
NZ_LN831024.1_4108	iPC815.YPO2208	51.2	482	226	5	33	509	37	514	4.96e-148	434
NZ_LN831024.1_4108	iSbBS512_1146.SbBS512_E1489	51.0	482	227	4	33	509	36	513	6.80e-148	434
NZ_LN831024.1_4108	iSDY_1059.SDY_1332	50.6	480	228	4	33	507	36	511	1.55e-146	430
NZ_LN831024.1_4108	STM_v1_0.STM1723	51.7	484	221	7	33	509	36	513	3.10e-146	429
NZ_LN831024.1_4109	iSynCJ816.SGL_RS02645	26.6	222	119	9	25	230	56	249	1.74e-07	52.0
NZ_LN831024.1_4110	iML1515.b1091	39.1	325	183	5	6	328	5	316	1.24e-65	209
NZ_LN831024.1_4110	iSbBS512_1146.SbBS512_E2233	39.1	325	183	5	6	328	5	316	1.24e-65	209
NZ_LN831024.1_4110	iSSON_1240.SSON_1111	39.1	325	183	5	6	328	5	316	1.24e-65	209
NZ_LN831024.1_4110	iSDY_1059.SDY_2059	38.8	325	184	5	6	328	5	316	4.92e-65	207
NZ_LN831024.1_4110	iSF_1195.SF1095	38.8	325	184	5	6	328	5	316	1.38e-64	206
NZ_LN831024.1_4110	STM_v1_0.STM1193	38.8	325	184	5	6	328	5	316	1.95e-64	206
NZ_LN831024.1_4110	iAF987.Gmet_1599	37.9	330	198	4	1	328	1	325	1.11e-62	202
NZ_LN831024.1_4110	iYL1228.KPN_01089	38.5	325	185	5	6	328	5	316	2.68e-61	198
NZ_LN831024.1_4110	iPC815.YPO1597	37.6	327	184	5	6	328	5	315	1.03e-60	196
NZ_LN831024.1_4110	iIT341.HP0202	36.9	325	195	6	6	326	7	325	2.20e-60	196
NZ_LN831024.1_4111	iSynCJ816.SGL_RS09325	28.0	328	212	8	16	339	20	327	2.88e-29	114
NZ_LN831024.1_4113	iAF987.Gmet_2143	31.8	516	321	12	6	500	6	511	1.29e-73	242
NZ_LN831024.1_4119	iSynCJ816.SGL_RS05525	31.7	101	67	1	105	205	27	125	9.35e-08	49.7
NZ_LN831024.1_4119	iJN1463.PP_4029	30.8	107	65	3	125	229	173	272	5.64e-07	48.9
NZ_LN831024.1_4119	iAF987.Gmet_0988	27.0	115	75	4	92	205	21	127	2.48e-07	48.5
NZ_LN831024.1_4119	iSynCJ816.SGL_RS14875	29.1	117	74	4	92	205	6	116	2.45e-07	48.5
NZ_LN831024.1_4122	iJN1463.PP_1226	87.5	224	28	0	1	224	1	224	6.05e-144	400
NZ_LN831024.1_4123	iJN1463.PP_1225	81.8	214	39	0	1	214	1	214	2.36e-132	370
NZ_LN831024.1_4125	iAF987.Gmet_2727	36.0	100	63	1	69	167	295	394	4.08e-10	57.0
NZ_LN831024.1_4128	iYL1228.KPN_03425	42.4	132	63	3	13	144	17	135	1.09e-21	84.3
NZ_LN831024.1_4128	iPC815.YPO0683	40.8	130	64	3	13	142	17	133	1.15e-21	84.3
NZ_LN831024.1_4128	iML1515.b3005	40.2	132	66	3	13	144	17	135	6.11e-21	82.4
NZ_LN831024.1_4128	iSbBS512_1146.SbBS512_E3433	40.2	132	66	3	13	144	17	135	6.11e-21	82.4
NZ_LN831024.1_4128	iSF_1195.SF3050	40.2	132	66	3	13	144	17	135	6.11e-21	82.4
NZ_LN831024.1_4128	iSSON_1240.SSON_3148	40.2	132	66	3	13	144	17	135	6.11e-21	82.4
NZ_LN831024.1_4128	iSDY_1059.SDY_3068	40.2	132	66	3	13	144	17	135	1.72e-20	81.3
NZ_LN831024.1_4128	STM_v1_0.STM3158	39.4	132	67	3	13	144	17	135	4.83e-20	80.1
NZ_LN831024.1_4129	iYL1228.KPN_03426	39.4	203	114	4	10	211	6	200	2.90e-34	122
NZ_LN831024.1_4129	iPC815.YPO0682	39.2	204	113	3	10	211	120	314	3.34e-33	122
NZ_LN831024.1_4129	iJN1463.PP_5306	38.0	192	114	2	10	201	93	279	2.78e-31	116
NZ_LN831024.1_4129	iSbBS512_1146.SbBS512_E3434	38.7	194	112	3	10	201	11	199	4.28e-31	114
NZ_LN831024.1_4129	iML1515.b3006	38.1	194	113	3	10	201	11	199	3.28e-30	112
NZ_LN831024.1_4129	iSDY_1059.SDY_3067	38.1	194	113	3	10	201	11	199	3.28e-30	112
NZ_LN831024.1_4129	iSSON_1240.SSON_3149	38.1	194	113	3	10	201	11	199	3.28e-30	112
NZ_LN831024.1_4129	STM_v1_0.STM3159	38.3	193	114	2	10	201	11	199	6.47e-30	111
NZ_LN831024.1_4129	iSF_1195.SF3051	38.1	194	113	3	10	201	11	199	9.08e-30	110
NZ_LN831024.1_4130	iSbBS512_1146.SbBS512_E0658	45.3	128	69	1	10	137	6	132	2.23e-31	108
NZ_LN831024.1_4130	iSF_1195.SF0561	45.3	128	69	1	10	137	6	132	2.23e-31	108
NZ_LN831024.1_4130	iSSON_1240.SSON_0688	45.3	128	69	1	10	137	6	132	2.23e-31	108
NZ_LN831024.1_4130	iSDY_1059.SDY_0684	44.5	128	70	1	10	137	6	132	2.05e-29	103
NZ_LN831024.1_4135	iJN1463.PP_1213	87.5	591	74	0	1	591	1	591	0.0	1043
NZ_LN831024.1_4137	iYS854.USA300HOU_RS11550	31.2	141	97	0	15	155	7	147	2.33e-18	76.3
NZ_LN831024.1_4142	iJN1463.PP_1206	50.8	453	179	11	1	441	1	421	5.46e-135	394
NZ_LN831024.1_4144	iJN1463.PP_1205	80.6	571	111	0	1	571	1	571	0.0	934
NZ_LN831024.1_4146	iML1515.b0968	54.7	75	33	1	1	74	1	75	2.37e-20	77.4
NZ_LN831024.1_4146	iSDY_1059.SDY_0943	54.7	75	33	1	1	74	1	75	2.37e-20	77.4
NZ_LN831024.1_4146	iSF_1195.SF0969	54.7	75	33	1	1	74	1	75	2.37e-20	77.4
NZ_LN831024.1_4146	iSSON_1240.SSON_0973	54.7	75	33	1	1	74	1	75	2.37e-20	77.4
NZ_LN831024.1_4146	iSbBS512_1146.SbBS512_E2346	54.7	75	33	1	1	74	1	75	3.37e-20	77.0
NZ_LN831024.1_4147	iIT341.HP0824	27.8	108	53	4	43	150	22	104	2.67e-05	40.8
NZ_LN831024.1_4147	iJN1463.PP_5215	31.5	54	36	1	42	95	25	77	7.48e-05	39.7
NZ_LN831024.1_4147	iJN1463.PP_0510	36.7	30	19	0	42	71	29	58	6.05e-04	38.5
NZ_LN831024.1_4147	iJN1463.PP_4235	26.1	115	61	4	30	140	463	557	7.20e-04	38.5
NZ_LN831024.1_4147	iCHOv1.100689433	26.6	79	54	2	35	109	11	89	9.44e-04	38.1
NZ_LN831024.1_4147	iMM1415.18453	26.6	79	54	2	35	109	38	116	9.54e-04	38.1
NZ_LN831024.1_4147	iJN1463.PP_5069	41.0	39	22	1	34	71	50	88	6.00e-04	37.7
NZ_LN831024.1_4147	iPC815.YPO3868	36.7	30	19	0	42	71	24	53	5.16e-04	37.4
NZ_LN831024.1_4151	iJN1463.PP_1645	75.0	116	29	0	1	116	1	116	2.13e-58	175
NZ_LN831024.1_4152	iAF987.Gmet_0771	47.1	136	70	1	17	150	66	201	9.12e-36	122
NZ_LN831024.1_4156	iJN1463.PP_1665	90.0	351	35	0	3	353	2	352	6.08e-231	631
NZ_LN831024.1_4157	iJN1463.PP_1664	76.2	214	51	0	3	216	4	217	3.14e-114	325
NZ_LN831024.1_4166	iJN1463.PP_4570	76.5	311	73	0	1	311	1	311	1.81e-177	492
NZ_LN831024.1_4167	iJN1463.PP_1657	73.5	275	72	1	2	276	3	276	1.81e-141	398
NZ_LN831024.1_4168	iJN1463.PP_1656	85.8	289	40	1	1	289	459	746	3.27e-173	496
NZ_LN831024.1_4169	iJN1463.PP_1656	87.6	453	56	0	1	453	1	453	1.64e-291	805
NZ_LN831024.1_4171	iJN1463.PP_1654	90.0	299	30	0	1	299	1	299	6.33e-197	540
NZ_LN831024.1_4172	iSDY_1059.SDY_1022	60.0	697	268	5	50	742	36	725	5.10e-302	842
NZ_LN831024.1_4172	STM_v1_0.STM2777	60.2	698	265	7	50	742	37	726	1.06e-301	842
NZ_LN831024.1_4172	iSDY_1059.SDY_0512	56.5	731	284	12	38	742	24	746	5.91e-279	785
NZ_LN831024.1_4172	iSF_1195.SF0496	56.5	731	284	12	38	742	24	746	5.91e-279	785
NZ_LN831024.1_4172	iSbBS512_1146.SbBS512_E0485	56.4	731	285	12	38	742	24	746	1.68e-278	783
NZ_LN831024.1_4172	iML1515.b0584	56.2	731	286	12	38	742	24	746	6.79e-278	782
NZ_LN831024.1_4172	iSSON_1240.SSON_0534	56.2	731	286	12	38	742	24	746	1.93e-277	781
NZ_LN831024.1_4172	iYL1228.KPN_00602	55.5	712	293	9	48	742	38	742	2.21e-270	763
NZ_LN831024.1_4173	iAF987.Gmet_0043	31.0	184	110	7	274	444	87	266	3.91e-11	64.7
NZ_LN831024.1_4175	iAF987.Gmet_2999	32.3	133	85	2	2	129	1	133	3.50e-15	71.2
NZ_LN831024.1_4176	iAF987.Gmet_0043	27.7	307	207	8	269	570	26	322	2.86e-19	92.4
NZ_LN831024.1_4177	iJN1463.PP_1649	76.8	327	76	0	1	327	14	340	4.40e-176	491
NZ_LN831024.1_4180	iJN1463.PP_0077	23.5	341	198	9	256	533	5	345	2.90e-07	53.1
NZ_LN831024.1_4180	iCHOv1.100763345	22.1	298	151	9	363	583	87	380	1.87e-06	50.4
NZ_LN831024.1_4184	iYS854.USA300HOU_RS06925	27.3	642	409	20	245	852	201	818	5.62e-45	174
NZ_LN831024.1_4187	iJN1463.PP_1200	77.0	636	144	1	1	634	1	636	0.0	979
NZ_LN831024.1_4191	iJN1463.PP_4471	86.3	482	64	1	1	482	1	480	4.99e-288	786
NZ_LN831024.1_4200	iJN1463.PP_4473	90.0	412	40	1	1	412	1	411	1.87e-257	703
NZ_LN831024.1_4201	iJN1463.PP_4474	84.4	874	136	0	1	874	1	874	0.0	1448
NZ_LN831024.1_4202	iAF987.Gmet_0270	65.9	337	111	2	1	333	1	337	5.81e-144	409
NZ_LN831024.1_4202	STM_v1_0.STM0934	63.6	330	119	1	3	331	1	330	2.63e-136	390
NZ_LN831024.1_4202	iPC815.YPO1357	62.0	332	123	2	3	331	2	333	3.04e-134	385
NZ_LN831024.1_4202	iYL1228.KPN_00903	61.8	330	125	1	3	331	1	330	9.41e-132	378
NZ_LN831024.1_4202	iSF_1195.SF0825	60.3	330	130	1	3	331	1	330	2.69e-131	377
NZ_LN831024.1_4202	iML1515.b0870	60.3	330	130	1	3	331	1	330	7.66e-131	376
NZ_LN831024.1_4202	iSSON_1240.SSON_0856	60.3	330	130	1	3	331	1	330	7.66e-131	376
NZ_LN831024.1_4202	iSDY_1059.SDY_2393	60.0	330	131	1	3	331	1	330	2.19e-130	375
NZ_LN831024.1_4202	iSbBS512_1146.SbBS512_E2461	60.0	330	131	1	3	331	1	330	6.24e-130	374
NZ_LN831024.1_4203	iJN1463.PP_4475	72.0	329	91	1	1	329	1	328	5.70e-164	460
NZ_LN831024.1_4205	iJN1463.PP_4477	84.3	446	70	0	1	446	1	446	1.70e-274	749
NZ_LN831024.1_4206	iJN1463.PP_4478	81.3	487	91	0	1	487	1	487	1.68e-282	773
NZ_LN831024.1_4207	iJN1463.PP_4479	85.8	339	47	1	1	338	1	339	5.33e-210	577
NZ_LN831024.1_4208	iJN1463.PP_4480	85.5	339	48	1	1	338	1	339	2.96e-208	572
NZ_LN831024.1_4209	iJN1463.PP_4481	79.8	406	82	0	1	406	1	406	1.08e-244	670
NZ_LN831024.1_4212	iJN1463.PP_4483	93.7	254	16	0	1	254	1	254	7.68e-171	471
NZ_LN831024.1_4214	iJN1463.PP_4484	85.3	231	34	0	1	231	1	231	4.61e-136	381
NZ_LN831024.1_4215	iJN1463.PP_4485	83.4	229	38	0	1	229	1	229	1.49e-135	379
NZ_LN831024.1_4216	iJN1463.PP_4486	70.0	257	77	0	1	257	1	257	2.16e-127	361
NZ_LN831024.1_4217	iJN1463.PP_4487	88.2	651	77	0	1	651	44	694	0.0	1208
NZ_LN831024.1_4218	iJN1463.PP_1167	41.8	385	222	1	40	422	39	423	1.16e-89	278
NZ_LN831024.1_4220	iML1515.b3579	27.5	229	165	1	29	256	28	256	3.22e-24	100
NZ_LN831024.1_4220	STM_v1_0.STM3673	26.2	229	168	1	29	256	28	256	4.86e-21	91.7
NZ_LN831024.1_4221	iEK1008.Rv2498c	42.3	267	143	7	10	273	11	269	3.19e-42	145
NZ_LN831024.1_4222	iML1515.b2371	32.8	338	224	3	1	338	1	335	8.12e-52	177
NZ_LN831024.1_4223	iEK1008.Rv1130	24.5	298	215	8	19	311	59	351	4.82e-06	48.5
NZ_LN831024.1_4224	iSbBS512_1146.SbBS512_E1843	31.5	127	73	6	5	122	2	123	1.73e-04	38.5
NZ_LN831024.1_4224	iML1515.b1651	31.5	127	73	6	5	122	2	123	2.39e-04	38.1
NZ_LN831024.1_4224	iSDY_1059.SDY_1877	31.5	127	73	6	5	122	2	123	2.39e-04	38.1
NZ_LN831024.1_4224	iSF_1195.SF1678	31.5	127	73	6	5	122	2	123	2.39e-04	38.1
NZ_LN831024.1_4224	iSSON_1240.SSON_1505	31.5	127	73	6	5	122	2	123	2.39e-04	38.1
NZ_LN831024.1_4224	iJN1463.PP_3766	61.5	26	10	0	7	32	26	51	4.65e-04	37.7
NZ_LN831024.1_4224	iPC815.YPO2381	29.5	132	69	5	5	122	2	123	4.58e-04	37.4
NZ_LN831024.1_4225	iEK1008.Rv0972c	35.2	392	232	8	5	386	9	388	9.87e-65	211
NZ_LN831024.1_4225	iCN900.CD630_03990	33.4	362	232	6	5	363	4	359	7.39e-61	200
NZ_LN831024.1_4225	iAF987.Gmet_1715	31.2	378	252	4	5	380	6	377	3.30e-59	196
NZ_LN831024.1_4225	iCN718.ABAYE_RS06455	31.7	379	247	6	7	380	7	378	1.90e-58	194
NZ_LN831024.1_4225	iYO844.BSU24150	31.8	381	247	5	5	380	4	376	5.00e-58	193
NZ_LN831024.1_4225	iCN900.CD630_10540	31.1	366	243	5	1	363	1	360	7.39e-57	190
NZ_LN831024.1_4226	iMM904.YHR067W	21.5	163	121	3	79	235	76	237	9.35e-04	39.7
NZ_LN831024.1_4229	iML1515.b3240	23.3	472	299	14	43	493	13	442	7.31e-13	71.6
NZ_LN831024.1_4232	iJN1463.PP_4490	85.5	262	38	0	1	262	1	262	8.55e-172	474
NZ_LN831024.1_4233	iJN1463.PP_4491	86.4	118	16	0	1	118	1	118	2.33e-76	221
NZ_LN831024.1_4234	iPC815.YPO1410	48.0	394	204	1	4	396	2	395	4.78e-124	363
NZ_LN831024.1_4234	iYL1228.KPN_00955	47.0	394	208	1	4	396	2	395	6.25e-122	358
NZ_LN831024.1_4234	STM_v1_0.STM0998	48.0	394	204	1	4	396	2	395	1.77e-121	357
NZ_LN831024.1_4234	iML1515.b0928	46.7	394	209	1	4	396	2	395	1.87e-118	349
NZ_LN831024.1_4234	iSbBS512_1146.SbBS512_E2390	46.7	394	209	1	4	396	2	395	1.87e-118	349
NZ_LN831024.1_4234	iSDY_1059.SDY_2329	46.7	394	209	1	4	396	2	395	1.87e-118	349
NZ_LN831024.1_4234	iSSON_1240.SSON_0931	46.7	394	209	1	4	396	2	395	1.87e-118	349
NZ_LN831024.1_4234	iSF_1195.SF0925	46.4	394	210	1	4	396	2	395	1.06e-117	347
NZ_LN831024.1_4234	iYL1228.KPN_01365	45.3	397	215	2	4	398	15	411	1.70e-112	335
NZ_LN831024.1_4234	iML1515.b4054	45.6	395	213	2	4	396	2	396	6.82e-111	330
NZ_LN831024.1_4234	iJN1463.PP_1972	43.6	397	223	1	1	396	1	397	2.82e-110	328
NZ_LN831024.1_4234	iSSON_1240.SSON_4234	45.3	395	214	2	4	396	2	396	3.87e-110	328
NZ_LN831024.1_4235	iPC815.YPO1176	67.2	305	95	2	2	303	6	308	3.11e-133	380
NZ_LN831024.1_4235	STM_v1_0.STM2168	68.2	289	87	1	12	295	8	296	5.86e-132	377
NZ_LN831024.1_4235	iYL1228.KPN_02573	67.0	291	95	1	7	296	8	298	9.95e-131	374
NZ_LN831024.1_4235	iSSON_1240.SSON_2191	65.9	302	102	1	7	307	10	311	8.97e-131	374
NZ_LN831024.1_4235	iML1515.b2134	65.9	302	102	1	7	307	7	308	1.15e-130	374
NZ_LN831024.1_4235	iSbBS512_1146.SbBS512_E0838	65.9	302	102	1	7	307	10	311	1.27e-130	374
NZ_LN831024.1_4235	iSDY_1059.SDY_2154	65.9	302	102	1	7	307	10	311	1.27e-130	374
NZ_LN831024.1_4235	iSF_1195.SF2219	65.9	302	102	1	7	307	7	308	1.15e-130	374
NZ_LN831024.1_4235	iJN1463.PP_3794	62.8	293	107	1	5	295	7	299	4.85e-122	352
NZ_LN831024.1_4238	iJN1463.PP_4495	79.7	464	94	0	1	464	1	464	4.70e-273	747
NZ_LN831024.1_4239	iJN1463.PP_3433	55.1	352	150	6	11	357	7	355	3.17e-132	381
NZ_LN831024.1_4239	iCN718.ABAYE_RS00875	50.1	351	163	5	11	357	6	348	2.51e-117	343
NZ_LN831024.1_4241	iEK1008.Rv2940c	30.3	327	212	11	70	385	1423	1744	1.03e-17	85.1
NZ_LN831024.1_4241	iEK1008.Rv3825c	28.7	327	217	11	70	385	1430	1751	1.85e-15	78.2
NZ_LN831024.1_4243	iJN1463.PP_1761	64.6	796	281	1	1	796	24	818	0.0	1044
NZ_LN831024.1_4244	iAF987.Gmet_2349	34.8	463	284	7	137	590	113	566	7.81e-71	238
NZ_LN831024.1_4244	iPC815.YPO3144	30.2	579	369	7	20	590	21	572	2.42e-62	216
NZ_LN831024.1_4250	iJN1463.PP_1755	83.2	464	78	0	1	464	1	464	7.16e-277	756
NZ_LN831024.1_4251	iJN1463.PP_3720	25.2	139	83	3	19	138	5	141	1.25e-05	44.3
NZ_LN831024.1_4253	iCN718.ABAYE_RS04015	34.0	300	187	5	22	316	30	323	6.24e-40	144
NZ_LN831024.1_4253	iLJ478.TM0356	32.7	281	186	3	29	308	28	306	7.24e-40	144
NZ_LN831024.1_4253	iYL1228.KPN_04271	31.7	303	195	5	13	308	23	320	1.04e-36	137
NZ_LN831024.1_4253	STM_v1_0.STM3905	31.0	303	197	5	13	308	23	320	7.18e-36	135
NZ_LN831024.1_4253	iSbBS512_1146.SbBS512_E4147	31.0	303	197	5	13	308	23	320	1.88e-35	134
NZ_LN831024.1_4253	iSF_1195.SF3847	31.0	303	197	5	13	308	23	320	1.88e-35	134
NZ_LN831024.1_4253	iSSON_1240.SSON_3943	31.0	303	197	5	13	308	23	320	1.88e-35	134
NZ_LN831024.1_4253	iML1515.b3772	31.0	303	197	5	13	308	23	320	4.94e-35	132
NZ_LN831024.1_4253	iSDY_1059.SDY_3976	30.7	303	198	5	13	308	23	320	4.94e-35	132
NZ_LN831024.1_4253	iML1515.b3117	32.7	275	181	3	37	308	43	316	3.86e-36	132
NZ_LN831024.1_4253	iSbBS512_1146.SbBS512_E3240	32.7	275	181	3	37	308	43	316	3.86e-36	132
NZ_LN831024.1_4253	iSDY_1059.SDY_3309	32.7	275	181	3	37	308	43	316	3.86e-36	132
NZ_LN831024.1_4253	iSF_1195.SF3157	32.7	275	181	3	37	308	43	316	3.86e-36	132
NZ_LN831024.1_4253	iSSON_1240.SSON_3274	32.7	275	181	3	37	308	43	316	3.86e-36	132
NZ_LN831024.1_4253	iCN718.ABAYE_RS05860	30.1	309	214	2	11	318	15	322	2.47e-35	130
NZ_LN831024.1_4253	iHN637.CLJU_RS07395	32.8	287	187	5	35	319	37	319	1.11e-34	130
NZ_LN831024.1_4255	iJN1463.PP_0786	90.1	312	31	0	5	316	4	315	3.09e-202	555
NZ_LN831024.1_4256	STM_v1_0.STM0402	67.8	199	62	2	3	199	2	200	6.52e-97	279
NZ_LN831024.1_4257	iAF987.Gmet_0700	31.6	376	245	6	291	657	184	556	6.40e-44	168
NZ_LN831024.1_4257	iAF987.Gmet_3085	37.0	273	166	6	391	659	354	624	2.95e-42	164
NZ_LN831024.1_4258	iML1515.b2413	44.2	233	128	2	5	236	11	242	5.50e-61	192
NZ_LN831024.1_4258	iYL1228.KPN_02760	43.3	233	130	2	5	236	11	242	1.00e-58	186
NZ_LN831024.1_4259	iLB1027_lipid.PHATRDRAFT_20082	36.3	659	363	16	48	656	1	652	2.65e-111	351
NZ_LN831024.1_4260	iCN718.ABAYE_RS18975	45.7	188	96	3	9	192	3	188	3.54e-49	170
NZ_LN831024.1_4260	iCN718.ABAYE_RS07965	44.5	182	99	1	9	188	4	185	2.31e-45	160
NZ_LN831024.1_4261	iCN718.ABAYE_RS18975	35.6	567	247	19	2	510	211	717	6.68e-87	282
NZ_LN831024.1_4261	iCN718.ABAYE_RS07965	39.5	461	218	18	79	510	313	741	2.54e-79	262
NZ_LN831024.1_4263	iSynCJ816.SGL_RS12975	34.0	374	235	6	5	375	32	396	1.80e-62	206
NZ_LN831024.1_4264	iYS854.USA300HOU_RS04050	22.0	232	143	6	1	226	1	200	1.77e-10	60.5
NZ_LN831024.1_4265	iJN1463.PP_0920	43.8	219	111	5	8	217	4	219	2.90e-49	169
NZ_LN831024.1_4265	iJN1463.PP_3173	39.5	228	117	5	8	218	3	226	1.38e-45	159
NZ_LN831024.1_4265	iJN1463.PP_2486	39.0	228	119	4	8	218	6	230	2.45e-44	156
NZ_LN831024.1_4267	iJN1463.PP_0777	81.1	159	30	0	1	159	1	159	1.43e-97	278
NZ_LN831024.1_4269	iCN718.ABAYE_RS16330	61.4	391	144	5	5	394	4	388	2.46e-156	446
NZ_LN831024.1_4270	iJN1463.PP_0774	77.8	699	146	3	1	698	1	691	0.0	1051
NZ_LN831024.1_4271	iAT_PLT_636.56894	24.0	275	164	12	42	300	81	326	2.57e-09	57.4
NZ_LN831024.1_4271	iMM1415.68262	24.2	223	130	9	90	296	91	290	1.85e-08	54.7
NZ_LN831024.1_4271	iCHOv1.100761743	23.8	223	131	9	90	296	91	290	7.87e-08	52.8
NZ_LN831024.1_4272	iAF987.Gmet_2727	40.8	103	61	0	119	221	293	395	1.02e-17	80.9
NZ_LN831024.1_4272	iAF987.Gmet_1832	48.6	70	35	1	151	219	446	515	1.79e-15	74.7
NZ_LN831024.1_4273	iEK1008.Rv2581c	34.5	220	122	6	12	213	6	221	1.67e-34	122
NZ_LN831024.1_4276	iYL1228.KPN_02120	26.4	296	172	9	40	311	12	285	3.46e-16	77.0
NZ_LN831024.1_4276	iCHOv1.100753937	24.0	292	183	13	43	313	80	353	1.63e-15	75.9
NZ_LN831024.1_4276	iEK1008.Rv3569c	26.6	278	180	12	38	301	11	278	1.24e-15	75.5
NZ_LN831024.1_4276	iML1515.b0349	25.7	296	174	9	40	311	12	285	7.65e-15	73.2
NZ_LN831024.1_4276	iJN1463.PP_0553	25.8	271	176	7	44	311	117	365	4.68e-14	71.6
NZ_LN831024.1_4276	iCHOv1.100761937	22.8	246	161	9	43	269	74	309	1.09e-13	70.5
NZ_LN831024.1_4290	iAF987.Gmet_1300	26.4	386	251	15	35	405	7	374	1.61e-10	62.0
NZ_LN831024.1_4290	iEK1008.Rv3700c	27.4	292	175	9	122	405	117	379	3.92e-10	60.8
NZ_LN831024.1_4290	iJN1463.PP_2435	40.5	79	46	1	169	247	166	243	4.11e-10	60.8
NZ_LN831024.1_4290	iLB1027_lipid.PHATRDRAFT_38946	25.5	337	181	12	32	300	43	377	8.77e-10	60.1
NZ_LN831024.1_4292	iJN1463.PP_1710	26.2	424	278	10	1	400	15	427	2.04e-14	74.3
NZ_LN831024.1_4293	iAF692.Mbar_A0742	24.0	217	141	5	1	212	2	199	1.54e-07	50.1
NZ_LN831024.1_4293	iAF692.Mbar_A2894	33.0	88	56	3	139	225	155	240	2.13e-06	47.0
NZ_LN831024.1_4294	iYS854.USA300HOU_RS05515	47.5	413	209	5	30	434	31	443	7.63e-109	328
NZ_LN831024.1_4296	iML1515.b0867	45.6	237	122	4	18	253	43	273	3.00e-57	183
NZ_LN831024.1_4299	STM_v1_0.STM1288	56.4	282	114	3	1	273	4	285	1.69e-107	312
NZ_LN831024.1_4299	iML1515.b1781	59.5	269	100	3	14	273	16	284	2.68e-106	309
NZ_LN831024.1_4299	iSSON_1240.SSON_1381	59.5	269	100	3	14	273	16	284	3.57e-104	304
NZ_LN831024.1_4299	iSbBS512_1146.SbBS512_E2029	58.7	269	102	3	14	273	16	284	1.17e-102	300
NZ_LN831024.1_4299	iYL1228.KPN_01195	53.7	281	121	3	2	273	14	294	7.63e-101	296
NZ_LN831024.1_4299	iSDY_1059.SDY_1486	58.0	269	103	4	14	273	16	283	4.96e-99	291
NZ_LN831024.1_4304	iAM_Pc455.PCYB_113330	34.6	182	107	5	301	473	339	517	2.40e-24	109
NZ_LN831024.1_4305	iAM_Pc455.PCYB_031480	27.6	127	88	2	14	138	73	197	1.15e-05	44.7
NZ_LN831024.1_4305	iAM_Pf480.PF3D7_0407100	26.0	127	90	2	14	138	64	188	2.10e-05	43.9
NZ_LN831024.1_4305	iAM_Pv461.PVX_000890	26.8	127	89	2	14	138	64	188	2.77e-05	43.5
NZ_LN831024.1_4307	iJN1463.PP_2334	91.0	290	26	0	7	296	6	295	2.94e-185	511
NZ_LN831024.1_4307	iCN718.ABAYE_RS18820	83.3	288	48	0	9	296	7	294	1.27e-167	466
NZ_LN831024.1_4308	iJN1463.PP_2335	88.5	375	43	0	1	375	1	375	1.35e-243	665
NZ_LN831024.1_4309	iJN1463.PP_2336	87.2	865	106	1	1	865	1	860	0.0	1503
NZ_LN831024.1_4309	iCN718.ABAYE_RS18810	80.1	869	163	5	1	864	1	864	0.0	1392
NZ_LN831024.1_4310	iJN1463.PP_2513	36.2	392	210	11	6	395	3	356	4.82e-60	198
NZ_LN831024.1_4311	iJN1463.PP_2338	81.8	494	90	0	1	494	1	494	1.33e-301	822
NZ_LN831024.1_4314	iJN1463.PP_1059	83.7	461	75	0	7	467	11	471	2.08e-282	771
NZ_LN831024.1_4318	iML1515.b0543	35.9	78	50	0	20	97	21	98	3.62e-09	49.7
NZ_LN831024.1_4318	iML1515.b1599	30.4	102	68	1	3	101	6	107	1.08e-07	45.8
NZ_LN831024.1_4318	iSbBS512_1146.SbBS512_E1785	30.4	102	68	1	3	101	6	107	1.08e-07	45.8
NZ_LN831024.1_4318	iSSON_1240.SSON_1561	30.4	102	68	1	3	101	6	107	1.08e-07	45.8
NZ_LN831024.1_4319	iYO844.BSU19230	29.2	192	126	5	1	189	1	185	1.23e-19	82.8
NZ_LN831024.1_4319	iNF517.LLMG_RS02035	27.4	201	133	5	1	200	1	189	5.98e-17	75.5
NZ_LN831024.1_4321	iJN1463.PP_4946	83.2	489	80	2	4	492	52	538	6.04e-285	782
NZ_LN831024.1_4321	iML1515.b1015	78.4	495	106	1	1	495	1	494	7.55e-276	757
NZ_LN831024.1_4321	iSbBS512_1146.SbBS512_E2302	78.2	495	107	1	1	495	1	494	3.07e-275	756
NZ_LN831024.1_4321	iSDY_1059.SDY_0990	78.0	495	108	1	1	495	1	494	1.02e-273	752
NZ_LN831024.1_4321	iSSON_1240.SSON_1035	78.0	495	108	1	1	495	1	494	1.45e-273	751
NZ_LN831024.1_4321	iYL1228.KPN_01042	77.8	492	108	1	1	492	1	491	4.14e-273	750
NZ_LN831024.1_4321	STM_v1_0.STM1125	77.2	495	112	1	1	495	1	494	1.12e-270	744
NZ_LN831024.1_4322	iJN1463.PP_4947	50.2	1036	475	11	24	1038	93	1108	0.0	931
NZ_LN831024.1_4322	iPC815.YPO1851	48.5	1059	494	13	4	1038	83	1114	0.0	925
NZ_LN831024.1_4322	iYL1228.KPN_01041	50.1	1018	463	12	45	1038	123	1119	4.44e-317	915
NZ_LN831024.1_4322	iML1515.b1014	48.6	1042	492	11	24	1041	95	1116	9.46e-312	902
NZ_LN831024.1_4322	iSSON_1240.SSON_1034	48.6	1042	492	11	24	1041	95	1116	1.34e-311	901
NZ_LN831024.1_4322	iSbBS512_1146.SbBS512_E2304	48.5	1042	493	11	24	1041	95	1116	3.00e-310	898
NZ_LN831024.1_4322	iCN718.ABAYE_RS10755	47.6	1053	508	13	18	1045	25	1058	4.99e-302	874
NZ_LN831024.1_4323	iJN1463.PP_1006	22.3	658	414	20	59	638	154	792	7.27e-15	78.2
NZ_LN831024.1_4329	iML1515.b1870	53.5	245	110	1	7	251	1	241	7.66e-87	258
NZ_LN831024.1_4330	iJN1463.PP_1765	32.5	126	70	5	106	226	36	151	1.25e-05	45.4
NZ_LN831024.1_4330	iCN718.ABAYE_RS19010	29.8	124	78	5	106	226	38	155	1.73e-05	45.1
NZ_LN831024.1_4330	iMM1415.230027	31.4	118	69	4	116	226	142	254	2.69e-04	42.0
NZ_LN831024.1_4331	iJN1463.PP_1436	83.6	244	40	0	1	244	1	244	9.05e-139	389
NZ_LN831024.1_4333	iAF692.Mbar_A1452	27.3	176	108	6	17	184	8	171	1.07e-08	55.8
NZ_LN831024.1_4337	iEK1008.Rv0684	23.2	495	248	9	1	376	7	488	1.13e-24	108
NZ_LN831024.1_4337	iSynCJ816.SGL_RS17200	25.5	494	230	13	3	375	4	480	1.48e-24	108
NZ_LN831024.1_4338	iEK1008.Rv0125	31.7	268	159	8	94	346	75	333	3.74e-25	105
NZ_LN831024.1_4343	iJN1463.PP_1426	86.1	533	74	0	1	533	1	533	0.0	937
NZ_LN831024.1_4349	iAF987.Gmet_0069	33.3	138	87	3	3	136	5	141	1.35e-16	76.6
NZ_LN831024.1_4349	iAF987.Gmet_1914	35.1	111	72	0	2	112	3	113	8.64e-14	69.3
NZ_LN831024.1_4350	iJN1463.PP_1419	65.4	407	136	4	24	427	25	429	7.12e-198	553
NZ_LN831024.1_4351	iJN1463.PP_1418	86.5	326	43	1	3	327	1	326	4.69e-199	548
NZ_LN831024.1_4352	iJN1463.PP_1417	58.5	147	61	0	8	154	13	159	2.03e-52	163
NZ_LN831024.1_4353	iJN1463.PP_1416	86.7	505	66	1	1	505	1	504	1.70e-307	837
NZ_LN831024.1_4358	iJN1463.PP_4667	59.2	495	198	1	8	502	18	508	1.24e-203	574
NZ_LN831024.1_4358	iCN718.ABAYE_RS18710	57.4	495	207	1	8	502	15	505	1.06e-196	556
NZ_LN831024.1_4359	iMM1415.66948	54.8	374	169	0	5	378	39	412	5.65e-149	427
NZ_LN831024.1_4359	iAT_PLT_636.27034	54.9	375	169	0	5	379	41	415	1.99e-147	423
NZ_LN831024.1_4359	iCHOv1.100751213	54.0	374	172	0	5	378	37	410	4.94e-147	422
NZ_LN831024.1_4360	iCN900.CD630_08000	36.7	256	160	2	17	271	5	259	3.10e-45	152
NZ_LN831024.1_4360	iML1515.b1393	38.2	254	153	3	18	270	3	253	5.38e-45	152
NZ_LN831024.1_4360	iYL1228.KPN_01474	37.0	254	154	4	19	270	4	253	1.66e-43	148
NZ_LN831024.1_4360	iYO844.BSU18220	39.3	247	143	3	23	265	10	253	1.05e-42	146
NZ_LN831024.1_4360	iCN900.CD630_10570	34.6	260	168	2	11	269	4	262	5.15e-41	142
NZ_LN831024.1_4360	iYO844.BSU28540	36.6	246	151	4	28	270	13	256	2.37e-40	140
NZ_LN831024.1_4360	iCN718.ABAYE_RS11650	40.0	245	141	4	28	270	20	260	3.70e-40	139
NZ_LN831024.1_4360	iAF987.Gmet_1572	34.8	253	163	2	18	269	5	256	1.89e-39	137
NZ_LN831024.1_4361	iCN718.ABAYE_RS10550	39.7	330	184	7	12	337	20	338	1.07e-60	199
NZ_LN831024.1_4362	iJN1463.PP_4666	53.8	286	132	0	3	288	2	287	1.30e-98	291
NZ_LN831024.1_4364	iCHOv1.100768929	47.1	68	34	1	2	67	5	72	7.20e-07	47.8
NZ_LN831024.1_4364	iMM1415.233016	45.6	68	35	1	2	67	5	72	1.33e-06	47.0
NZ_LN831024.1_4364	iAT_PLT_636.645	44.1	68	36	1	2	67	5	72	6.16e-06	45.1
NZ_LN831024.1_4374	iYS854.USA300HOU_RS09310	36.0	228	142	3	1	227	1	225	1.14e-38	133
NZ_LN831024.1_4377	iJN1463.PP_1408	60.9	279	109	0	1	279	1	279	1.23e-121	350
NZ_LN831024.1_4389	iAF987.Gmet_1188	48.3	60	25	2	4	60	6	62	4.07e-05	43.9
NZ_LN831024.1_4446	iCN718.ABAYE_RS05715	65.1	126	44	0	1	126	1	126	4.83e-55	168
NZ_LN831024.1_4446	iSynCJ816.SGL_RS12955	56.5	131	57	0	1	131	1	131	8.27e-51	157
NZ_LN831024.1_4447	iML1515.b1518	34.1	82	53	1	6	87	5	85	2.14e-07	44.7
NZ_LN831024.1_4450	iYS854.USA300HOU_RS13870	32.9	85	50	1	83	167	110	187	1.51e-12	63.5
NZ_LN831024.1_4450	iCN718.ABAYE_RS12475	33.9	112	68	3	55	164	95	202	5.84e-12	62.0
NZ_LN831024.1_4450	iYL1228.KPN_00440	47.8	69	35	1	96	163	114	182	6.45e-12	61.6
NZ_LN831024.1_4451	iML1515.b1022	26.7	202	142	2	15	210	73	274	3.15e-16	78.2
NZ_LN831024.1_4451	iSbBS512_1146.SbBS512_E4050	36.2	116	71	2	13	127	2	115	1.46e-15	75.5
NZ_LN831024.1_4451	iSSON_1240.SSON_3782	36.2	116	71	2	13	127	2	115	1.46e-15	75.5
NZ_LN831024.1_4451	iYO844.BSU35550	41.3	92	52	1	17	106	6	97	3.06e-15	73.6
NZ_LN831024.1_4452	iAF987.Gmet_0075	30.0	483	289	13	4	449	3	473	4.69e-45	163
NZ_LN831024.1_4452	iCN718.ABAYE_RS04050	28.5	487	298	11	1	449	1	475	3.72e-44	161
NZ_LN831024.1_4452	iJN1463.PP_0931	30.1	479	293	12	4	449	1	470	8.46e-44	160
NZ_LN831024.1_4452	iSynCJ816.SGL_RS07160	28.9	460	294	12	19	449	14	469	5.20e-40	149
NZ_LN831024.1_4453	iJN1463.PP_2703	41.0	402	231	3	14	413	23	420	1.09e-85	268
NZ_LN831024.1_4453	STM_v1_0.STM0689	39.0	403	238	4	15	410	9	410	7.26e-80	253
NZ_LN831024.1_4463	iYL1228.KPN_03425	32.3	124	84	0	11	134	10	133	3.22e-15	67.4
NZ_LN831024.1_4463	STM_v1_0.STM3158	29.8	124	87	0	11	134	10	133	6.37e-15	66.6
NZ_LN831024.1_4463	iML1515.b3005	29.8	124	87	0	11	134	10	133	1.77e-14	65.5
NZ_LN831024.1_4463	iSbBS512_1146.SbBS512_E3433	29.8	124	87	0	11	134	10	133	1.77e-14	65.5
NZ_LN831024.1_4463	iSF_1195.SF3050	29.8	124	87	0	11	134	10	133	1.77e-14	65.5
NZ_LN831024.1_4463	iSSON_1240.SSON_3148	29.8	124	87	0	11	134	10	133	1.77e-14	65.5
NZ_LN831024.1_4463	iPC815.YPO0683	29.0	124	88	0	11	134	10	133	5.54e-13	61.6
NZ_LN831024.1_4464	iPC815.YPO0682	32.2	177	108	5	394	568	139	305	1.17e-09	60.1
NZ_LN831024.1_4464	iYL1228.KPN_03426	57.1	56	24	0	513	568	136	191	5.97e-10	59.7
NZ_LN831024.1_4464	iML1515.b3006	47.9	73	38	0	496	568	124	196	1.16e-09	58.9
NZ_LN831024.1_4464	iSbBS512_1146.SbBS512_E3434	47.9	73	38	0	496	568	124	196	1.16e-09	58.9
NZ_LN831024.1_4464	iSDY_1059.SDY_3067	47.9	73	38	0	496	568	124	196	1.16e-09	58.9
NZ_LN831024.1_4464	iSF_1195.SF3051	47.9	73	38	0	496	568	124	196	1.16e-09	58.9
NZ_LN831024.1_4464	iSSON_1240.SSON_3149	47.9	73	38	0	496	568	124	196	1.16e-09	58.9
NZ_LN831024.1_4464	iJN1463.PP_5306	55.4	56	25	0	513	568	221	276	9.65e-09	57.0
NZ_LN831024.1_4464	STM_v1_0.STM3159	55.4	56	25	0	513	568	141	196	5.12e-09	57.0
NZ_LN831024.1_4468	iSynCJ816.SGL_RS08390	26.8	317	166	13	20	315	27	298	6.00e-15	74.7
NZ_LN831024.1_4469	iSynCJ816.SGL_RS08390	28.7	310	169	11	20	313	25	298	4.77e-14	72.0
NZ_LN831024.1_4469	iSynCJ816.SGL_RS14200	25.2	333	202	10	19	334	57	359	2.87e-12	67.0
NZ_LN831024.1_4483	iJN1463.PP_1006	40.4	104	54	2	8	105	14	115	5.52e-07	49.7
NZ_LN831024.1_4483	iML1515.b4291	35.9	78	50	0	44	121	37	114	5.59e-06	46.6
NZ_LN831024.1_4483	iSDY_1059.SDY_4297	35.9	78	50	0	44	121	37	114	5.59e-06	46.6
NZ_LN831024.1_4483	iSSON_1240.SSON_4463	35.9	78	50	0	44	121	37	114	5.59e-06	46.6
NZ_LN831024.1_4485	iJN1463.PP_1005	57.5	186	78	1	13	198	7	191	8.72e-68	205
NZ_LN831024.1_4494	iYS854.USA300HOU_RS03080	30.0	120	78	3	61	180	54	167	1.68e-08	53.1
NZ_LN831024.1_4495	iJN1463.PP_2872	28.6	308	181	9	4	294	7	292	7.60e-08	52.4
NZ_LN831024.1_4497	iJN1463.PP_2556	28.4	422	258	11	16	394	23	443	8.15e-29	116
NZ_LN831024.1_4500	iJN1463.PP_1373	84.0	489	78	0	1	489	1	489	4.43e-300	817
NZ_LN831024.1_4505	iAF987.Gmet_1914	27.7	112	77	2	11	122	4	111	7.01e-06	46.6
NZ_LN831024.1_4520	iSynCJ816.SGL_RS12975	28.2	380	252	12	1	365	32	405	1.35e-27	112
NZ_LN831024.1_4525	iJN1463.PP_1367	83.7	283	46	0	1	283	1	283	8.24e-185	508
NZ_LN831024.1_4533	iEK1008.Rv0958	23.3	206	107	2	43	197	52	257	3.22e-04	42.0
NZ_LN831024.1_4540	iJN1463.PP_1362	83.2	483	81	0	1	483	1	483	5.18e-289	789
NZ_LN831024.1_4541	iCN718.ABAYE_RS11685	44.0	248	135	3	10	255	21	266	9.11e-61	192
NZ_LN831024.1_4542	iYL1228.KPN_01870	31.6	228	132	10	15	226	21	240	1.11e-14	73.2
NZ_LN831024.1_4542	STM_v1_0.STM2093	29.1	230	141	9	18	234	21	241	3.53e-14	71.6
NZ_LN831024.1_4542	iYL1228.KPN_04338	31.3	166	107	4	92	252	4	167	4.37e-14	70.1
NZ_LN831024.1_4542	STM_v1_0.STM3979	31.3	166	107	4	92	252	4	167	5.98e-14	69.7
NZ_LN831024.1_4542	iSbBS512_1146.SbBS512_E4314	31.3	163	105	4	92	249	4	164	3.87e-13	67.4
NZ_LN831024.1_4543	iAF987.Gmet_0069	43.4	175	95	2	197	367	128	302	3.69e-34	128
NZ_LN831024.1_4543	iML1515.b1341	40.4	161	93	2	206	365	248	406	6.15e-29	115
NZ_LN831024.1_4544	iJN1463.PP_0897	95.9	507	21	0	1	507	1	507	0.0	977
NZ_LN831024.1_4545	iYS854.USA300HOU_RS05515	46.2	411	213	5	32	434	31	441	2.68e-115	345
NZ_LN831024.1_4547	iCN900.CD630_33570	38.5	65	35	2	79	139	65	128	5.89e-04	38.9
NZ_LN831024.1_4550	iAF987.Gmet_3078	34.7	366	220	10	12	369	34	388	1.10e-51	177
NZ_LN831024.1_4550	iJN1463.PP_5364	32.5	348	225	4	7	352	117	456	5.14e-48	169
NZ_LN831024.1_4550	STM_v1_0.STM0812	33.6	363	224	12	8	362	5	358	5.25e-47	165
NZ_LN831024.1_4550	iSbBS512_1146.SbBS512_E2563	32.8	363	227	12	8	362	5	358	1.47e-45	161
NZ_LN831024.1_4550	iSSON_1240.SSON_0768	32.8	363	227	12	8	362	5	358	2.06e-45	160
NZ_LN831024.1_4550	iYO844.BSU37240	27.0	345	244	4	10	352	137	475	1.40e-44	160
NZ_LN831024.1_4550	iML1515.b0789	32.8	363	227	12	8	362	5	358	5.58e-45	159
NZ_LN831024.1_4550	iSF_1195.SF0739	32.5	363	228	12	8	362	5	358	5.58e-45	159
NZ_LN831024.1_4553	iSynCJ816.SGL_RS07160	31.5	476	295	9	29	483	14	479	8.74e-55	190
NZ_LN831024.1_4553	iAF987.Gmet_0075	31.5	495	300	14	13	482	2	482	6.64e-54	188
NZ_LN831024.1_4553	iCN718.ABAYE_RS04050	29.8	484	306	11	22	482	12	484	2.87e-50	178
NZ_LN831024.1_4553	iJN1463.PP_0931	29.0	486	307	14	22	483	9	480	4.66e-50	177
NZ_LN831024.1_4554	iJN1463.PP_3666	41.1	411	236	2	16	421	29	438	5.29e-96	295
NZ_LN831024.1_4554	iJN1463.PP_2703	41.6	423	232	5	2	419	16	428	1.52e-95	293
NZ_LN831024.1_4554	iJN1463.PP_2914	34.7	430	269	4	12	431	26	453	1.29e-85	270
NZ_LN831024.1_4554	iSF_1195.SF4112	34.2	430	264	5	12	424	25	452	2.81e-84	266
NZ_LN831024.1_4554	STM_v1_0.STM4290	34.0	430	265	5	12	424	25	452	3.95e-84	266
NZ_LN831024.1_4554	iSSON_1240.SSON_4286	34.2	430	264	5	12	424	25	452	5.56e-84	266
NZ_LN831024.1_4555	iSynCJ816.SGL_RS17805	34.9	395	239	5	2	390	22	404	4.07e-68	220
NZ_LN831024.1_4558	iAF692.Mbar_A1202	23.7	312	164	10	65	341	41	313	8.51e-20	89.0
NZ_LN831024.1_4559	iSynCJ816.SGL_RS02635	28.2	216	116	10	27	226	59	251	3.80e-06	47.4
NZ_LN831024.1_4562	iCN718.ABAYE_RS03025	43.3	201	113	1	40	239	51	251	4.83e-52	170
NZ_LN831024.1_4564	iJN1463.PP_0922	64.0	186	67	0	1	186	1	186	9.20e-84	245
NZ_LN831024.1_4566	STM_v1_0.STM1522	29.2	342	242	0	8	349	18	359	9.01e-40	145
NZ_LN831024.1_4566	iML1515.b1528	30.0	343	238	2	8	349	18	359	9.03e-39	142
NZ_LN831024.1_4566	iSbBS512_1146.SbBS512_E1677	30.0	343	238	2	8	349	18	359	9.03e-39	142
NZ_LN831024.1_4566	iSSON_1240.SSON_1600	30.0	343	238	2	8	349	18	359	9.03e-39	142
NZ_LN831024.1_4566	iSF_1195.SF1566	30.3	340	235	2	8	346	18	356	1.25e-38	141
NZ_LN831024.1_4566	iYL1228.KPN_01628	29.1	368	260	1	8	375	18	384	4.93e-38	140
NZ_LN831024.1_4566	iJN1463.PP_2647	31.1	350	234	4	4	349	25	371	5.62e-36	135
NZ_LN831024.1_4567	iJN1463.PP_0920	81.7	349	64	0	1	349	1	349	7.22e-210	577
NZ_LN831024.1_4569	iPC815.YPO0132	71.8	745	205	2	1	741	1	744	0.0	1042
NZ_LN831024.1_4569	iYL1228.KPN_03779	67.3	773	245	4	1	766	1	772	0.0	992
NZ_LN831024.1_4569	STM_v1_0.STM3506	67.6	744	237	2	1	741	1	743	0.0	982
NZ_LN831024.1_4569	iML1515.b3409	67.3	744	239	2	1	741	1	743	0.0	970
NZ_LN831024.1_4569	iSbBS512_1146.SbBS512_E3790	67.2	744	240	2	1	741	1	743	0.0	969
NZ_LN831024.1_4569	iSDY_1059.SDY_3667	67.2	744	240	2	1	741	1	743	0.0	969
NZ_LN831024.1_4569	iSSON_1240.SSON_3540	67.1	744	241	2	1	741	1	743	0.0	966
NZ_LN831024.1_4569	iSF_1195.SF3428	67.1	745	239	3	1	741	1	743	0.0	966
NZ_LN831024.1_4570	iCN900.CD630_14780	40.5	42	25	0	24	65	25	66	3.57e-07	42.7
NZ_LN831024.1_4570	iHN637.CLJU_RS06855	38.1	42	26	0	24	65	28	69	6.35e-06	39.7
NZ_LN831024.1_4570	iHN637.CLJU_RS10630	41.5	41	24	0	25	65	25	65	5.98e-06	39.7
NZ_LN831024.1_4570	iCN900.CD630_32730	39.0	41	25	0	25	65	25	65	1.59e-05	38.5
NZ_LN831024.1_4573	iMM1415.18194	29.0	324	215	8	5	318	31	349	1.31e-31	121
NZ_LN831024.1_4573	iCHOv1.100764429	29.0	324	215	8	5	318	27	345	1.68e-30	118
NZ_LN831024.1_4577	iPC815.YPO0918	48.6	179	87	3	1	176	1	177	3.30e-50	160
NZ_LN831024.1_4577	STM_v1_0.STM3066	48.6	175	88	1	1	173	1	175	2.06e-47	153
NZ_LN831024.1_4577	iML1515.b2923	46.9	175	91	2	1	173	1	175	6.64e-46	149
NZ_LN831024.1_4577	iSSON_1240.SSON_3075	46.9	175	91	2	1	173	1	175	9.40e-46	149
NZ_LN831024.1_4577	iSDY_1059.SDY_3159	46.3	175	92	2	1	173	1	175	1.88e-45	148
NZ_LN831024.1_4577	iSbBS512_1146.SbBS512_E3348	45.7	175	93	2	1	173	1	175	7.54e-45	147
NZ_LN831024.1_4577	iSF_1195.SF2908	45.7	175	93	2	1	173	1	175	7.54e-45	147
NZ_LN831024.1_4577	iYL1228.KPN_03352	46.9	175	91	1	1	173	1	175	1.51e-44	146
NZ_LN831024.1_4578	iJN1463.PP_0915	94.2	191	11	0	1	191	1	191	4.05e-137	380
NZ_LN831024.1_4579	iJN1463.PP_0914	83.0	681	116	0	9	689	7	687	0.0	1101
NZ_LN831024.1_4586	iJN1463.PP_1386	26.9	372	235	7	10	366	10	359	9.90e-24	100
NZ_LN831024.1_4586	iSDY_1059.SDY_0456	29.2	353	205	10	40	364	38	373	2.12e-23	100
NZ_LN831024.1_4586	iSSON_1240.SSON_0450	29.2	353	205	10	40	364	38	373	7.31e-23	98.6
NZ_LN831024.1_4586	iML1515.b0463	28.9	353	206	10	40	364	38	373	1.84e-22	97.4
NZ_LN831024.1_4586	iSF_1195.SF0408	28.6	353	207	10	40	364	38	373	2.16e-21	94.4
NZ_LN831024.1_4587	iML1515.b0462	33.5	1031	649	18	7	1004	5	1031	2.24e-165	513
NZ_LN831024.1_4587	iML1515.b3266	32.6	1035	652	15	7	1004	5	1030	8.13e-160	498
NZ_LN831024.1_4587	STM_v1_0.STM3391	32.4	1034	655	15	7	1004	5	1030	8.77e-160	498
NZ_LN831024.1_4587	iYL1228.KPN_03673	32.7	1038	646	18	7	1004	5	1029	3.30e-159	496
NZ_LN831024.1_4587	iSF_1195.SF2512	31.3	1030	670	15	7	1004	5	1028	2.70e-151	476
NZ_LN831024.1_4587	iML1515.b2470	31.2	1030	671	15	7	1004	5	1028	7.41e-151	474
NZ_LN831024.1_4587	iSSON_1240.SSON_2550	31.2	1030	671	15	7	1004	5	1028	1.45e-150	474
NZ_LN831024.1_4587	iJN1463.PP_1385	33.2	1034	643	19	7	1003	5	1027	2.78e-150	473
NZ_LN831024.1_4587	iSDY_1059.SDY_2654	31.4	1035	662	19	7	1004	5	1028	1.60e-148	468
NZ_LN831024.1_4587	iJN1463.PP_3426	30.6	1040	685	12	1	1004	1	1039	7.76e-147	464
NZ_LN831024.1_4588	iJN1463.PP_4868	75.8	397	96	0	1	397	2	398	1.63e-222	613
NZ_LN831024.1_4590	iJN1463.PP_0346	39.0	205	119	4	4	207	9	208	7.52e-31	114
NZ_LN831024.1_4593	iAF987.Gmet_1706	34.4	151	94	3	1	150	1	147	6.19e-17	77.8
NZ_LN831024.1_4593	iAF987.Gmet_2999	36.9	122	74	2	3	121	10	131	4.64e-15	72.8
NZ_LN831024.1_4596	iML1515.b0624	57.3	89	36	1	35	121	36	124	3.14e-29	102
NZ_LN831024.1_4602	iLJ478.TM1724	43.9	253	130	4	1	250	1	244	3.19e-57	182
NZ_LN831024.1_4602	iAF987.Gmet_1601	41.1	253	137	4	1	250	1	244	6.55e-51	166
NZ_LN831024.1_4606	iJN1463.PP_1355	54.8	593	189	4	1	593	1	514	2.42e-204	580
NZ_LN831024.1_4607	iML1515.b2924	32.8	274	171	4	2	266	3	272	1.13e-43	149
NZ_LN831024.1_4609	iAF987.Gmet_1706	28.6	241	160	5	51	284	1	236	2.15e-21	93.2
NZ_LN831024.1_4610	iJN1463.PP_1351	65.7	300	103	0	2	301	4	303	6.04e-130	371
NZ_LN831024.1_4612	iCN718.ABAYE_RS03570	45.5	187	99	2	1	186	1	185	4.16e-48	155
NZ_LN831024.1_4613	iPC815.YPO0565	45.2	124	68	0	1	124	1	124	3.16e-31	113
NZ_LN831024.1_4614	iJN1463.PP_4619	28.5	179	121	6	10	185	8	182	1.14e-07	50.1
NZ_LN831024.1_4614	iCN718.ABAYE_RS00890	25.0	200	144	5	13	208	9	206	2.11e-07	49.3
NZ_LN831024.1_4615	iJN1463.PP_1346	86.4	405	55	0	1	405	1	405	9.53e-243	665
NZ_LN831024.1_4617	iAF987.Gmet_3012	49.1	110	55	1	179	287	25	134	4.42e-26	102
NZ_LN831024.1_4617	iML1515.b1856	44.4	124	68	1	174	296	284	407	1.79e-23	99.4
NZ_LN831024.1_4617	iAF987.Gmet_1350	46.2	132	69	2	170	301	78	207	2.21e-24	98.6
NZ_LN831024.1_4619	iJN1463.PP_1343	91.7	303	25	0	1	303	1	303	2.47e-196	539
NZ_LN831024.1_4623	iJN1463.PP_1339	79.1	311	65	0	9	319	8	318	9.68e-181	501
NZ_LN831024.1_4624	iJN1463.PP_1338	89.6	463	48	0	12	474	13	475	3.07e-305	830
NZ_LN831024.1_4625	iJN1463.PP_1337	75.7	354	85	1	4	357	7	359	6.59e-187	520
NZ_LN831024.1_4626	iJN1463.PP_1336	80.9	398	76	0	1	398	2	399	8.05e-240	657
NZ_LN831024.1_4627	iJN1463.PP_1335	80.8	448	86	0	1	448	3	450	6.64e-256	702
NZ_LN831024.1_4628	iJN1463.PP_1334	90.8	360	33	0	1	360	1	360	4.13e-235	642
NZ_LN831024.1_4629	iJN1463.PP_1333	70.6	459	130	2	1	458	1	455	6.87e-215	599
NZ_LN831024.1_4630	iJN1463.PP_1332	73.9	495	121	1	1	487	2	496	3.50e-256	706
NZ_LN831024.1_4631	iJN1463.PP_1331	78.4	578	120	2	7	579	5	582	0.0	899
NZ_LN831024.1_4633	iNF517.LLMG_RS08455	43.5	248	132	5	3	247	70	312	1.02e-55	180
NZ_LN831024.1_4638	iJN1463.PP_1323	91.8	195	16	0	3	197	1	195	2.35e-125	351
NZ_LN831024.1_4641	iMM1415.14874	26.7	150	102	3	20	161	19	168	3.18e-08	51.6
NZ_LN831024.1_4641	iAT_PLT_636.2954	25.3	150	104	3	20	161	19	168	1.50e-07	49.7
NZ_LN831024.1_4641	iCN718.ABAYE_RS00890	25.7	167	112	4	19	173	13	179	2.66e-07	48.9
NZ_LN831024.1_4641	iCHOv1.100764455	24.7	150	105	3	20	161	66	215	8.52e-07	48.1
NZ_LN831024.1_4641	iJN1463.PP_4619	27.5	167	107	5	19	173	13	177	6.72e-07	47.8
NZ_LN831024.1_4642	iJN1463.PP_1319	83.5	260	42	1	1	260	1	259	6.93e-163	451
NZ_LN831024.1_4643	iJN1463.PP_1318	89.6	403	42	0	1	403	1	403	2.01e-266	725
NZ_LN831024.1_4644	iJN1463.PP_1317	78.2	197	43	0	1	197	1	197	7.40e-118	332
NZ_LN831024.1_4647	iCN718.ABAYE_RS12975	57.0	349	146	1	1	345	1	349	9.32e-146	415
NZ_LN831024.1_4648	iCN718.ABAYE_RS02695	60.7	379	148	1	1	378	12	390	1.08e-160	456
NZ_LN831024.1_4648	iEK1008.Rv2724c	57.7	376	158	1	4	378	9	384	6.38e-154	438
NZ_LN831024.1_4648	iCHOv1.100759026	54.9	377	168	1	4	378	37	413	3.27e-149	427
NZ_LN831024.1_4652	iJN1463.PP_1311	77.9	448	99	0	1	448	1	448	5.52e-250	687
NZ_LN831024.1_4655	iJN1463.PP_1304	86.1	633	88	0	1	633	1	633	0.0	1072
NZ_LN831024.1_4656	iJN1463.PP_1303	92.8	305	22	0	1	305	1	305	4.96e-213	582
NZ_LN831024.1_4657	iPC815.YPO2957	70.2	362	99	3	1	359	7	362	1.95e-184	514
NZ_LN831024.1_4657	STM_v1_0.STM2831	67.6	361	111	2	2	361	4	359	4.55e-178	498
NZ_LN831024.1_4657	iML1515.b2701	67.9	358	105	3	2	355	4	355	2.81e-177	496
NZ_LN831024.1_4657	iSSON_1240.SSON_2845	67.9	358	105	3	2	355	4	355	1.62e-176	494
NZ_LN831024.1_4657	iSbBS512_1146.SbBS512_E3176	67.6	358	106	3	2	355	4	355	4.63e-176	493
NZ_LN831024.1_4657	iSDY_1059.SDY_2897	67.6	358	106	3	2	355	4	355	4.63e-176	493
NZ_LN831024.1_4657	iSF_1195.SF2724	67.3	358	107	3	2	355	4	355	6.58e-176	493
NZ_LN831024.1_4657	iYL1228.KPN_03036	73.0	311	84	0	49	359	16	326	2.81e-174	487
NZ_LN831024.1_4659	iEK1008.Rv0125	30.4	270	153	9	107	356	79	333	2.55e-18	85.1
NZ_LN831024.1_4660	iJN1463.PP_0967	81.3	347	65	0	1	347	1	347	2.53e-210	578
NZ_LN831024.1_4661	iJN1463.PP_0966	86.8	438	58	0	1	438	1	438	2.18e-266	728
NZ_LN831024.1_4662	iJN1463.PP_0965	92.4	210	16	0	1	210	1	210	9.01e-135	376
NZ_LN831024.1_4663	iJN1463.PP_0964	87.2	421	54	0	1	421	1	421	5.68e-266	725
NZ_LN831024.1_4667	iJN1463.PP_0960	83.7	153	25	0	1	153	1	153	1.23e-86	250
NZ_LN831024.1_4668	iJN1463.PP_0959	85.7	265	38	0	1	265	2	266	8.17e-158	439
NZ_LN831024.1_4669	iJN1463.PP_0958	87.4	269	34	0	1	269	1	269	4.19e-171	473
NZ_LN831024.1_4670	iJN1463.PP_0957	81.8	324	59	0	1	324	1	324	5.37e-183	507
NZ_LN831024.1_4671	iJN1463.PP_0956	81.3	171	32	0	9	179	4	174	2.86e-96	276
NZ_LN831024.1_4672	iJN1463.PP_0955	58.9	190	77	1	1	190	2	190	1.01e-72	217
NZ_LN831024.1_4673	iJN1463.PP_0954	62.5	176	63	2	1	175	1	174	2.61e-70	210
NZ_LN831024.1_4674	iJN1463.PP_0953	90.9	241	22	0	1	241	1	241	8.56e-157	434
NZ_LN831024.1_4677	iYO844.BSU14400	29.5	146	103	0	2	147	1	146	7.32e-20	84.7
NZ_LN831024.1_4677	iNF517.LLMG_RS07900	30.0	150	105	0	2	151	1	150	9.97e-20	84.3
NZ_LN831024.1_4677	iYS854.USA300HOU_RS03780	28.8	146	104	0	2	147	1	146	5.57e-18	79.3
NZ_LN831024.1_4679	iYO844.BSU13900	38.9	72	43	1	13	84	13	83	5.66e-10	50.8
NZ_LN831024.1_4679	iYS854.USA300HOU_RS05395	31.6	76	51	1	8	83	8	82	5.66e-10	50.8
NZ_LN831024.1_4679	iYL1228.KPN_02762	37.2	78	48	1	5	82	5	81	1.50e-09	49.7
NZ_LN831024.1_4679	iML1515.b2415	35.9	78	49	1	5	82	5	81	2.99e-09	48.9
NZ_LN831024.1_4679	STM_v1_0.STM2431	35.9	78	49	1	5	82	5	81	2.99e-09	48.9
NZ_LN831024.1_4679	iSbBS512_1146.SbBS512_E2765	35.9	78	49	1	5	82	5	81	2.99e-09	48.9
NZ_LN831024.1_4679	iSDY_1059.SDY_2612	35.9	78	49	1	5	82	5	81	2.99e-09	48.9
NZ_LN831024.1_4679	iSF_1195.SF2470	35.9	78	49	1	5	82	5	81	2.99e-09	48.9
NZ_LN831024.1_4679	iSSON_1240.SSON_2504	35.9	78	49	1	5	82	5	81	2.99e-09	48.9
NZ_LN831024.1_4679	STM_v1_0.STM3256	37.7	77	46	1	8	82	161	237	8.92e-08	47.4
NZ_LN831024.1_4680	iYL1228.KPN_03453	30.5	246	151	5	56	292	3	237	1.98e-14	71.2
NZ_LN831024.1_4680	STM_v1_0.STM3190	29.2	257	155	7	47	292	4	244	3.53e-13	67.8
NZ_LN831024.1_4681	iJN1463.PP_0946	85.3	68	10	0	1	68	142	209	3.40e-39	127
NZ_LN831024.1_4682	iJN1463.PP_0946	74.3	109	28	0	1	109	8	116	5.25e-54	167
NZ_LN831024.1_4684	iJN1463.PP_0944	79.3	458	95	0	1	458	2	459	3.05e-252	694
NZ_LN831024.1_4687	iCN718.ABAYE_RS15815	26.9	156	105	2	15	166	21	171	6.79e-13	63.2
NZ_LN831024.1_4689	iCN900.CD630_04870	34.2	202	128	3	1	202	69	265	9.94e-40	137
NZ_LN831024.1_4689	iMM904.YJL126W	39.5	210	100	5	19	202	94	302	2.12e-39	137
NZ_LN831024.1_4689	iMM904.YLR351C	33.8	204	130	3	1	203	83	282	3.74e-36	128
NZ_LN831024.1_4689	iLB1027_lipid.PHATRDRAFT_15536	33.8	210	127	4	1	202	98	303	3.29e-35	126
NZ_LN831024.1_4689	iCHOv1.100756446	32.2	202	132	3	1	202	115	311	5.54e-35	125
NZ_LN831024.1_4693	iJN1463.PP_0936	66.5	200	64	1	1	200	1	197	3.30e-84	247
NZ_LN831024.1_4696	STM_v1_0.STM0659	27.8	180	108	4	13	174	8	183	5.78e-08	53.9
NZ_LN831024.1_4696	iML1515.b0650	28.3	180	107	6	13	174	8	183	2.38e-07	52.0
NZ_LN831024.1_4696	iSbBS512_1146.SbBS512_E0599	28.3	180	107	6	13	174	8	183	2.38e-07	52.0
NZ_LN831024.1_4696	iSSON_1240.SSON_0604	28.3	180	107	6	13	174	8	183	2.38e-07	52.0
NZ_LN831024.1_4697	iJN1463.PP_0932	77.9	95	21	0	1	95	8	102	2.78e-50	153
NZ_LN831024.1_4698	iJN1463.PP_0931	82.4	483	85	0	2	484	1	483	2.09e-295	805
NZ_LN831024.1_4699	iJN1463.PP_0930	85.4	480	70	0	1	480	1	480	2.44e-295	805
NZ_LN831024.1_4701	iJN1463.PP_3648	52.5	118	56	0	2	119	3	120	4.99e-39	127
NZ_LN831024.1_4708	iAF987.Gmet_1919	38.4	112	69	0	13	124	3	114	2.37e-15	72.4
NZ_LN831024.1_4711	iJN1463.PP_0885	80.0	540	99	2	7	537	2	541	0.0	890
NZ_LN831024.1_4712	iJN1463.PP_0882	51.2	523	253	2	11	531	21	543	1.23e-190	544
NZ_LN831024.1_4713	iYS854.USA300HOU_RS08170	33.2	238	153	2	156	392	112	344	1.05e-39	144
NZ_LN831024.1_4714	iLJ478.TM1287	33.8	68	44	1	1	67	50	117	1.42e-06	42.4
NZ_LN831024.1_4715	iJN1463.PP_0885	76.1	528	118	1	11	530	11	538	1.67e-305	835
NZ_LN831024.1_4716	iJN1463.PP_0883	47.9	438	220	3	46	483	30	459	2.21e-144	421
NZ_LN831024.1_4717	iJN1463.PP_0882	63.9	527	184	3	10	530	18	544	1.27e-241	673
NZ_LN831024.1_4718	iJN1463.PP_0881	89.9	336	34	0	1	336	1	336	1.55e-211	580
NZ_LN831024.1_4719	iJN1463.PP_0880	89.0	299	31	1	7	303	10	308	7.21e-181	500
NZ_LN831024.1_4720	iJN1463.PP_0879	80.6	324	61	1	1	324	1	322	4.09e-182	505
NZ_LN831024.1_4721	iJN1463.PP_0878	87.6	322	40	0	1	322	1	322	7.28e-201	552
NZ_LN831024.1_4722	iAF987.Gmet_0798	32.8	204	131	2	6	209	9	206	3.67e-27	102
NZ_LN831024.1_4722	iAF692.Mbar_A2583	32.2	202	130	2	6	206	10	205	2.44e-24	95.1
NZ_LN831024.1_4722	iPC815.YPO3831	33.2	205	130	3	6	210	9	206	6.45e-24	94.0
NZ_LN831024.1_4724	iCN900.CD630_13870	32.1	293	194	3	3	293	2	291	4.90e-39	139
NZ_LN831024.1_4725	iCN900.CD630_13860	33.3	219	140	3	7	221	8	224	3.43e-32	116
NZ_LN831024.1_4725	iYS854.USA300HOU_RS08570	34.0	194	125	1	31	221	30	223	5.47e-30	111
NZ_LN831024.1_4727	iJN1463.PP_2423	69.4	297	90	1	1	296	1	297	2.39e-155	435
NZ_LN831024.1_4728	iJN1463.PP_0860	65.0	854	290	6	1	850	1	849	0.0	1107
NZ_LN831024.1_4729	iYL1228.KPN_01250	35.9	758	401	18	55	766	43	761	7.98e-134	414
NZ_LN831024.1_4729	iML1515.b0805	34.9	776	410	20	38	766	33	760	2.11e-129	402
NZ_LN831024.1_4732	STM_v1_0.STM3635	26.7	300	168	11	240	518	250	518	9.09e-21	95.9
NZ_LN831024.1_4732	iML1515.b3546	26.1	299	171	10	240	518	250	518	1.60e-20	95.1
NZ_LN831024.1_4732	iSbBS512_1146.SbBS512_E3983	26.1	299	171	10	240	518	250	518	1.60e-20	95.1
NZ_LN831024.1_4732	iSF_1195.SF3580	26.1	299	171	10	240	518	261	529	1.66e-20	95.1
NZ_LN831024.1_4732	iSSON_1240.SSON_3844	26.1	299	171	10	240	518	261	529	1.66e-20	95.1
NZ_LN831024.1_4734	iJN1463.PP_0864	88.9	387	43	0	1	387	1	387	8.59e-253	689
NZ_LN831024.1_4737	iJN1463.PP_0789	71.3	188	52	1	1	186	1	188	3.30e-101	289
NZ_LN831024.1_4739	iJN1463.PP_0787	75.9	282	68	0	1	282	1	282	4.97e-151	423
NZ_LN831024.1_4745	iJN1463.PP_0631	71.2	198	57	0	4	201	8	205	1.02e-98	284
NZ_LN831024.1_4752	iAF987.Gmet_0302	33.1	124	78	4	22	142	21	142	1.27e-07	47.8
NZ_LN831024.1_4754	iJN1463.PP_0626	76.8	436	95	3	1	435	1	431	3.64e-238	656
NZ_LN831024.1_4758	iCN900.CD630_20200	52.4	850	397	4	1	842	1	850	2.15e-305	861
NZ_LN831024.1_4760	iSbBS512_1146.SbBS512_E2975	57.1	317	135	1	1	316	1	317	4.56e-122	353
NZ_LN831024.1_4760	iSF_1195.SF2653	56.8	317	136	1	1	316	1	317	9.17e-122	352
NZ_LN831024.1_4760	iSSON_1240.SSON_2720	56.8	317	136	1	1	316	1	317	9.17e-122	352
NZ_LN831024.1_4760	iSDY_1059.SDY_2837	55.5	317	140	1	1	316	1	317	2.82e-118	343
NZ_LN831024.1_4760	STM_v1_0.STM2662	54.9	317	142	1	1	316	1	317	6.54e-117	340
NZ_LN831024.1_4764	iAF987.Gmet_1919	33.9	121	80	0	7	127	6	126	1.15e-13	71.6
NZ_LN831024.1_4765	iJN1463.PP_0612	70.8	363	106	0	42	404	2	364	4.31e-187	523
NZ_LN831024.1_4774	iJN1463.PP_0606	85.7	314	45	0	1	314	1	314	3.60e-197	542
NZ_LN831024.1_4774	iCN718.ABAYE_RS02095	77.2	311	71	0	1	311	1	311	2.02e-178	495
NZ_LN831024.1_4776	STM_v1_0.STM0047	46.2	156	82	2	10	165	10	163	6.49e-38	127
NZ_LN831024.1_4777	iJN1463.PP_0603	83.0	943	160	0	1	943	1	943	0.0	1648
NZ_LN831024.1_4778	iJN1463.PP_0602	72.3	311	86	0	1	311	1	311	9.84e-160	447
NZ_LN831024.1_4779	iJN1463.PP_0601	84.3	511	80	0	1	511	1	511	6.45e-302	824
NZ_LN831024.1_4779	iSbBS512_1146.SbBS512_E2257	75.1	511	127	0	1	511	1	511	1.39e-270	744
NZ_LN831024.1_4779	iSF_1195.SF1075	75.1	511	127	0	1	511	1	511	1.39e-270	744
NZ_LN831024.1_4779	iSSON_1240.SSON_1089	75.1	511	127	0	1	511	1	511	1.39e-270	744
NZ_LN831024.1_4779	iML1515.b1069	75.1	511	127	0	1	511	1	511	1.98e-270	744
NZ_LN831024.1_4779	iSDY_1059.SDY_2083	75.0	511	128	0	1	511	1	511	3.99e-270	743
NZ_LN831024.1_4782	iJN1463.PP_0691	85.5	372	54	0	1	372	1	372	1.31e-221	609
NZ_LN831024.1_4783	iML1515.b4173	31.1	148	87	5	150	290	185	324	2.22e-08	55.5
NZ_LN831024.1_4786	iJN1463.PP_0687	82.9	322	55	0	1	322	1	322	1.19e-185	514
NZ_LN831024.1_4788	iJN1463.PP_3382	49.8	402	187	7	23	412	19	417	1.48e-127	383
NZ_LN831024.1_4789	iAF987.Gmet_2161	37.9	206	119	5	6	204	387	590	1.92e-32	122
NZ_LN831024.1_4804	iAF987.Gmet_3091	60.7	321	126	0	24	344	23	343	1.65e-143	409
NZ_LN831024.1_4805	iJN1463.PP_0675	84.1	446	70	1	1	445	4	449	2.12e-281	766
NZ_LN831024.1_4806	iJN1463.PP_1689	27.8	474	279	13	14	478	2	421	3.54e-44	160
NZ_LN831024.1_4810	iJN1463.PP_4210	29.7	404	225	12	24	397	280	654	2.46e-31	125
NZ_LN831024.1_4811	iJN1463.PP_4210	49.1	226	113	2	9	233	4	228	7.58e-59	196
NZ_LN831024.1_4811	iCN900.CD630_19470	45.0	218	120	0	11	228	10	227	1.73e-59	187
NZ_LN831024.1_4811	iEK1008.Rv0073	45.8	227	117	2	11	237	4	224	2.54e-54	177
NZ_LN831024.1_4812	iCN900.CD630_04310	24.7	518	305	14	22	521	21	471	9.52e-21	95.1
NZ_LN831024.1_4815	iJN1463.PP_1384	43.3	467	254	3	8	467	6	468	5.14e-106	323
NZ_LN831024.1_4816	STM_v1_0.STM3391	52.8	721	334	5	1	715	306	1026	9.17e-241	697
NZ_LN831024.1_4816	iJN1463.PP_1385	52.6	728	341	2	1	724	306	1033	5.52e-237	688
NZ_LN831024.1_4816	iYL1228.KPN_03673	52.4	720	338	5	1	715	306	1025	5.10e-237	688
NZ_LN831024.1_4816	iML1515.b0462	51.1	738	354	5	1	731	306	1043	1.21e-235	685
NZ_LN831024.1_4816	iML1515.b2470	51.0	728	353	3	4	727	309	1036	1.51e-233	679
NZ_LN831024.1_4816	iSDY_1059.SDY_2654	50.8	728	354	3	4	727	309	1036	1.51e-233	679
NZ_LN831024.1_4816	iSSON_1240.SSON_2550	51.0	728	353	3	4	727	309	1036	1.51e-233	679
NZ_LN831024.1_4816	iSF_1195.SF2512	51.0	728	353	3	4	727	309	1036	2.13e-233	679
NZ_LN831024.1_4816	iML1515.b3266	52.4	721	337	6	1	715	306	1026	4.38e-232	675
NZ_LN831024.1_4817	iYL1228.KPN_03673	47.3	298	155	1	1	298	1	296	3.52e-84	273
NZ_LN831024.1_4817	STM_v1_0.STM3391	46.0	298	159	1	1	298	1	296	1.31e-83	271
NZ_LN831024.1_4817	iML1515.b3266	45.5	299	159	2	1	298	1	296	1.25e-82	268
NZ_LN831024.1_4817	iML1515.b0462	46.6	298	157	1	1	298	1	296	2.02e-82	268
NZ_LN831024.1_4817	iJN1463.PP_1385	45.6	298	160	1	1	298	1	296	4.58e-77	253
NZ_LN831024.1_4817	iML1515.b2470	43.0	298	168	1	1	298	1	296	3.78e-75	248
NZ_LN831024.1_4817	iSDY_1059.SDY_2654	43.0	298	168	1	1	298	1	296	3.78e-75	248
NZ_LN831024.1_4817	iSSON_1240.SSON_2550	43.0	298	168	1	1	298	1	296	9.93e-75	247
NZ_LN831024.1_4818	iML1515.b0463	47.9	334	172	1	5	336	40	373	5.87e-100	300
NZ_LN831024.1_4818	iSF_1195.SF0408	47.9	334	172	1	5	336	40	373	8.31e-100	300
NZ_LN831024.1_4818	iSSON_1240.SSON_0450	47.9	334	172	1	5	336	40	373	8.31e-100	300
NZ_LN831024.1_4818	iSDY_1059.SDY_0456	47.6	334	173	1	5	336	40	373	4.71e-99	298
NZ_LN831024.1_4818	STM_v1_0.STM3390	48.4	335	169	2	5	336	39	372	1.34e-95	289
NZ_LN831024.1_4818	iYL1228.KPN_03672	47.6	334	169	3	5	336	38	367	1.62e-92	281
NZ_LN831024.1_4818	iSbBS512_1146.SbBS512_E3648	46.9	337	171	2	5	336	39	372	1.56e-91	278
NZ_LN831024.1_4818	iML1515.b3265	46.6	337	172	2	5	336	39	372	6.24e-91	277
NZ_LN831024.1_4818	iPC815.YPO3132	44.9	334	182	1	5	336	41	374	3.80e-89	273
NZ_LN831024.1_4820	iAF987.Gmet_3085	40.4	730	408	8	683	1406	177	885	9.11e-158	499
NZ_LN831024.1_4821	iJN1463.PP_0671	91.8	417	34	0	1	417	1	417	5.12e-283	768
NZ_LN831024.1_4823	iJN1463.PP_4639	72.8	323	85	2	12	333	3	323	1.99e-164	461
NZ_LN831024.1_4832	iYO844.BSU38630	48.3	478	233	5	32	495	34	511	9.77e-152	444
NZ_LN831024.1_4832	iYO844.BSU08820	43.7	476	263	4	33	503	6	481	3.56e-141	415
NZ_LN831024.1_4832	iJN1463.PP_0481	45.5	475	252	4	33	501	5	478	4.42e-141	414
NZ_LN831024.1_4832	iIT341.HP0875	44.6	484	257	4	38	510	13	496	1.93e-135	401
NZ_LN831024.1_4833	iML1515.b3291	64.2	137	48	1	1	137	1	136	8.61e-58	175
NZ_LN831024.1_4834	iJN1463.PP_4646	82.9	258	44	0	1	258	1	258	4.24e-154	429
NZ_LN831024.1_4835	iML1515.b3579	23.6	301	227	3	30	328	28	327	1.38e-18	84.7
NZ_LN831024.1_4835	STM_v1_0.STM3673	23.8	235	178	1	30	263	28	262	4.14e-17	80.5
NZ_LN831024.1_4837	iYO844.BSU32500	33.7	187	110	6	12	187	11	194	1.53e-13	65.9
NZ_LN831024.1_4838	iYO844.BSU32510	22.7	322	216	6	20	318	16	327	2.74e-15	75.1
NZ_LN831024.1_4839	iJN1463.PP_3948	39.6	376	212	7	26	390	802	1173	1.22e-73	249
NZ_LN831024.1_4839	iJN1463.PP_3382	37.5	392	214	9	20	388	19	402	1.08e-77	246
NZ_LN831024.1_4840	iCN900.CD630_20880	32.4	170	97	5	5	174	3	154	1.60e-24	93.2
NZ_LN831024.1_4840	iYO844.BSU32470	33.5	155	84	5	5	159	15	150	2.94e-22	87.8
NZ_LN831024.1_4840	iCN900.CD630_31770	30.6	160	90	4	6	165	2	140	1.94e-20	87.4
NZ_LN831024.1_4840	iEK1008.Rv0374c	33.5	155	86	5	5	159	2	139	1.63e-21	85.5
NZ_LN831024.1_4840	iMM1415.11761	30.4	161	94	4	5	159	5	153	2.40e-19	84.3
NZ_LN831024.1_4841	iML1515.b2866	24.3	687	393	17	270	942	174	747	1.17e-30	129
NZ_LN831024.1_4841	iSF_1195.SF2868	24.3	687	393	17	270	942	187	760	1.62e-30	129
NZ_LN831024.1_4841	iSSON_1240.SSON_3017	24.2	687	394	16	270	942	174	747	4.75e-30	127
NZ_LN831024.1_4842	iYL1228.KPN_00609	25.2	385	269	7	6	388	11	378	7.09e-14	72.4
NZ_LN831024.1_4846	iJN1463.PP_0762	76.6	316	74	0	6	321	6	321	4.03e-170	474
NZ_LN831024.1_4848	iYL1228.KPN_02594	71.5	480	137	0	1	480	2	481	3.31e-257	709
NZ_LN831024.1_4848	STM_v1_0.STM2200	72.6	474	130	0	7	480	8	481	1.91e-256	707
NZ_LN831024.1_4848	iML1515.b2156	71.0	480	139	0	1	480	2	481	7.74e-256	705
NZ_LN831024.1_4848	iSbBS512_1146.SbBS512_E0810	71.0	480	139	0	1	480	2	481	7.74e-256	705
NZ_LN831024.1_4848	iSDY_1059.SDY_2110	71.0	480	139	0	1	480	2	481	7.74e-256	705
NZ_LN831024.1_4848	iSF_1195.SF2241	71.2	479	138	0	2	480	3	481	1.10e-255	705
NZ_LN831024.1_4848	iSSON_1240.SSON_2212	71.2	479	138	0	2	480	3	481	1.10e-255	705
NZ_LN831024.1_4852	iAF987.Gmet_1238	36.0	172	98	5	99	264	81	246	3.51e-24	97.8
NZ_LN831024.1_4855	iSynCJ816.SGL_RS13435	48.3	232	116	4	1	230	1	230	8.19e-61	190
NZ_LN831024.1_4861	iJN1463.PP_0751	76.7	494	112	2	1	494	1	491	2.74e-276	758
NZ_LN831024.1_4866	iJN1463.PP_0747	80.0	185	37	0	1	185	1	185	4.37e-111	314
NZ_LN831024.1_4867	iJN1463.PP_0746	88.7	212	24	0	1	212	1	212	4.42e-131	367
NZ_LN831024.1_4868	iJN1463.PP_0745	89.3	420	45	0	1	420	1	420	2.16e-267	729
NZ_LN831024.1_4875	iAF987.Gmet_3221	29.3	399	256	6	1	393	1	379	5.49e-41	150
NZ_LN831024.1_4876	iJN1463.PP_0744	67.7	334	106	2	1	332	1	334	1.06e-171	480
NZ_LN831024.1_4878	iYS854.USA300HOU_RS13900	42.0	50	29	0	5	54	3	52	1.37e-04	43.1
NZ_LN831024.1_4879	iCN718.ABAYE_RS00870	31.5	111	68	3	14	116	4	114	7.56e-06	45.1
NZ_LN831024.1_4883	iJN1463.PP_0736	69.2	260	80	0	1	260	1	260	9.88e-124	352
NZ_LN831024.1_4884	iJN1463.PP_0735	84.1	251	40	0	1	251	1	251	1.43e-151	422
NZ_LN831024.1_4885	iIT341.HP0381	30.7	254	167	6	21	272	23	269	1.22e-22	94.0
NZ_LN831024.1_4885	iSynCJ816.SGL_RS09640	30.4	227	148	5	57	273	70	296	1.71e-21	91.3
NZ_LN831024.1_4887	iJN1463.PP_0732	86.6	419	56	0	1	419	1	419	4.73e-250	685
NZ_LN831024.1_4890	iJN1463.PP_0723	76.0	279	67	0	4	282	3	281	5.46e-149	418
NZ_LN831024.1_4891	iJN1463.PP_0722	95.2	313	15	0	30	342	1	313	5.66e-210	576
NZ_LN831024.1_4894	iSynCJ816.SGL_RS05125	34.1	88	39	3	8	93	24	94	1.92e-05	46.2
NZ_LN831024.1_4894	iAF987.Gmet_2444	48.8	41	21	0	2	42	21	61	3.22e-04	42.4
NZ_LN831024.1_4896	iJN1463.PP_2193	51.3	709	308	6	37	742	143	817	5.34e-241	691
NZ_LN831024.1_4897	iML1515.b0126	54.6	207	93	1	1	207	1	206	5.21e-86	253
NZ_LN831024.1_4897	iSbBS512_1146.SbBS512_E0119	54.6	207	93	1	1	207	1	206	5.21e-86	253
NZ_LN831024.1_4897	iSDY_1059.SDY_0035	54.6	207	93	1	1	207	1	206	5.21e-86	253
NZ_LN831024.1_4897	iSF_1195.SF0123	54.6	207	93	1	1	207	1	206	5.21e-86	253
NZ_LN831024.1_4897	iSSON_1240.SSON_0134	54.6	207	93	1	1	207	1	206	5.21e-86	253
NZ_LN831024.1_4897	STM_v1_0.STM0171	52.7	207	97	1	1	207	1	206	5.36e-81	240
NZ_LN831024.1_4897	iYL1228.KPN_00134	56.8	190	81	1	18	207	2	190	6.35e-81	239
NZ_LN831024.1_4897	iPC815.YPO3407	51.7	207	99	1	1	207	1	206	1.08e-80	239
NZ_LN831024.1_4908	iJN1463.PP_4881	58.3	333	138	1	2	334	5	336	1.52e-141	403
NZ_LN831024.1_4909	iJN1463.PP_4882	66.7	519	172	1	1	518	1	519	6.58e-226	632
NZ_LN831024.1_4915	iJN1463.PP_4677	82.3	282	36	1	1	268	1	282	2.71e-157	438
NZ_LN831024.1_4916	iJN1463.PP_4678	90.6	117	11	0	1	117	222	338	7.77e-72	217
NZ_LN831024.1_4916	iCN718.ABAYE_RS16130	86.3	117	16	0	1	117	222	338	9.28e-68	206
NZ_LN831024.1_4917	iJN1463.PP_4678	93.8	161	10	0	1	161	1	161	2.76e-104	303
NZ_LN831024.1_4918	iJN1463.PP_4679	96.3	163	6	0	1	163	1	163	1.05e-105	298
NZ_LN831024.1_4919	iJN1463.PP_4680	86.4	566	77	0	1	566	9	574	0.0	1004
NZ_LN831024.1_4923	iJN1463.PP_4683	77.9	775	168	2	1	774	1	773	0.0	1244
NZ_LN831024.1_4927	iMM904.YML059C	26.5	113	67	2	153	249	963	1075	1.47e-04	42.7
NZ_LN831024.1_4928	iJN1463.PP_4686	56.0	291	120	3	6	293	9	294	5.44e-114	330
NZ_LN831024.1_4929	iJN1463.PP_4687	68.6	255	80	0	1	255	1	255	2.46e-119	340
NZ_LN831024.1_4930	iJN1463.PP_4688	80.5	344	67	0	1	344	1	344	3.04e-181	504
NZ_LN831024.1_4931	iJN1463.PP_4689	61.2	289	111	1	1	289	2	289	1.78e-115	334
NZ_LN831024.1_4933	iJN1463.PP_1006	67.5	751	219	6	25	764	126	862	0.0	1033
NZ_LN831024.1_4934	iAM_Pf480.PF3D7_0720400	31.0	84	51	3	2	83	102	180	1.25e-04	39.3
NZ_LN831024.1_4938	iML1515.b2379	90.1	405	40	0	1	405	1	405	1.33e-273	744
NZ_LN831024.1_4938	iSSON_1240.SSON_2470	89.9	405	41	0	1	405	1	405	5.39e-273	742
NZ_LN831024.1_4938	iSDY_1059.SDY_2577	89.9	405	41	0	1	405	1	405	3.12e-272	740
NZ_LN831024.1_4938	iSF_1195.SF2445	89.9	405	41	0	1	405	1	405	4.42e-272	740
NZ_LN831024.1_4938	iSbBS512_1146.SbBS512_E2748	89.4	405	43	0	1	405	1	405	5.16e-271	737
NZ_LN831024.1_4938	iJN1463.PP_0817	91.0	399	36	0	1	399	1	399	5.03e-271	737
NZ_LN831024.1_4943	iJN1463.PP_4653	87.9	431	52	0	1	431	1	431	7.96e-255	698
NZ_LN831024.1_4946	iAF692.Mbar_A1546	36.4	376	237	2	6	381	11	384	2.70e-82	256
NZ_LN831024.1_4946	iEK1008.Rv3565	37.3	381	232	4	12	390	11	386	1.11e-78	247
NZ_LN831024.1_4948	iIT341.HP0476	37.9	243	137	4	3	232	2	243	3.43e-44	155
NZ_LN831024.1_4948	iPC815.YPO2984	37.0	238	136	4	8	232	6	242	3.93e-44	155
NZ_LN831024.1_4948	iAF987.Gmet_1736	38.0	237	134	4	8	232	7	242	1.92e-42	151
NZ_LN831024.1_4948	iML1515.b2400	37.4	238	135	5	8	232	6	242	2.99e-41	148
NZ_LN831024.1_4948	iSbBS512_1146.SbBS512_E2779	37.4	238	135	5	8	232	6	242	2.99e-41	148
NZ_LN831024.1_4948	iSF_1195.SF2462	37.4	238	135	5	8	232	6	242	2.99e-41	148
NZ_LN831024.1_4948	iSSON_1240.SSON_2491	37.4	238	135	5	8	232	6	242	2.99e-41	148
NZ_LN831024.1_4948	STM_v1_0.STM2415	36.6	238	137	5	8	232	6	242	5.78e-41	147
NZ_LN831024.1_4948	iYO844.BSU00920	35.7	249	133	5	8	230	8	255	2.59e-40	145
NZ_LN831024.1_4948	iSDY_1059.SDY_2600	37.0	238	136	5	8	232	6	242	4.19e-40	145
NZ_LN831024.1_4948	iYL1228.KPN_02750	35.7	238	139	5	8	232	6	242	5.91e-40	144
NZ_LN831024.1_4950	iAF987.Gmet_0043	24.5	269	172	9	733	983	19	274	2.72e-08	57.4
NZ_LN831024.1_4951	iAF987.Gmet_1914	33.9	121	76	2	1	117	1	121	5.26e-13	70.5
NZ_LN831024.1_4951	iAF987.Gmet_1919	33.1	124	76	2	4	120	5	128	3.24e-12	67.4
NZ_LN831024.1_4953	iJN1463.PP_4698	68.8	160	48	2	1	159	1	159	2.26e-69	206
NZ_LN831024.1_4954	iJN1463.PP_4699	76.3	266	63	0	1	266	1	266	2.26e-139	392
NZ_LN831024.1_4955	iJN1463.PP_4700	75.6	283	69	0	1	283	1	283	6.49e-153	428
NZ_LN831024.1_4956	iCN718.ABAYE_RS14875	61.5	122	47	0	5	126	5	126	1.67e-50	156
NZ_LN831024.1_4956	iPC815.YPO3403	59.0	122	50	0	5	126	5	126	2.48e-45	143
NZ_LN831024.1_4957	iJN1463.PP_4701	80.7	554	107	0	1	554	1	554	0.0	929
NZ_LN831024.1_4957	iJN1463.PP_1808	77.8	554	123	0	1	554	1	554	0.0	894
NZ_LN831024.1_4958	iJN1463.PP_4702	78.4	645	138	1	1	645	1	644	0.0	1066
NZ_LN831024.1_4966	iHN637.CLJU_RS10465	56.2	73	31	1	622	693	562	634	7.93e-15	77.8
NZ_LN831024.1_4968	iSynCJ816.SGL_RS18050	39.3	298	167	8	13	302	3	294	9.09e-57	184
NZ_LN831024.1_4968	iYS854.USA300HOU_RS06405	37.2	304	174	8	12	301	3	303	2.32e-56	184
NZ_LN831024.1_4970	iML1515.b3590	31.9	248	153	10	344	581	2	243	2.82e-16	82.8
NZ_LN831024.1_4973	iJN1463.PP_4715	78.5	251	54	0	1	251	1	251	6.70e-136	382
NZ_LN831024.1_4974	iJN1463.PP_4716	83.4	445	73	1	1	444	1	445	1.41e-276	754
NZ_LN831024.1_4975	iJN1463.PP_4717	75.3	259	64	0	1	259	25	283	1.15e-134	380
NZ_LN831024.1_4976	iAT_PLT_636.4905	38.8	237	114	7	176	388	242	471	1.06e-32	134
NZ_LN831024.1_4976	iMM1415.18195	38.8	237	114	7	176	388	242	471	1.06e-32	134
NZ_LN831024.1_4981	iJN1463.PP_4723	89.4	1073	114	0	1	1073	4	1076	0.0	1903
NZ_LN831024.1_4982	iML1515.b1798	49.5	208	101	2	5	212	6	209	4.42e-61	189
NZ_LN831024.1_4983	iJN1463.PP_4724	87.6	378	47	0	1	378	1	378	1.17e-250	683
NZ_LN831024.1_4984	iJN1463.PP_4725	86.6	268	35	1	1	268	1	267	1.30e-155	433
NZ_LN831024.1_4986	STM_v1_0.STM0659	34.6	506	276	9	5	501	8	467	3.05e-79	261
NZ_LN831024.1_4986	iSbBS512_1146.SbBS512_E0599	34.0	503	254	11	5	486	8	453	7.75e-79	260
NZ_LN831024.1_4986	iSSON_1240.SSON_0604	35.4	489	266	11	5	486	8	453	7.75e-79	260
NZ_LN831024.1_4986	iML1515.b0650	34.0	503	254	11	5	486	8	453	2.12e-78	259
NZ_LN831024.1_4995	iJN1463.PP_4735	84.1	561	82	2	1	560	1	555	0.0	885
NZ_LN831024.1_4995	iML1515.b2975	77.1	559	128	0	1	559	1	559	7.94e-304	833
NZ_LN831024.1_4996	iJN1463.PP_4736	88.5	381	44	0	1	381	1	381	6.42e-245	669
NZ_LN831024.1_4996	STM_v1_0.STM3694	87.4	380	48	0	1	380	1	380	1.69e-239	655
NZ_LN831024.1_4996	iML1515.b3605	86.6	380	51	0	1	380	1	380	2.80e-238	652
NZ_LN831024.1_4996	iSbBS512_1146.SbBS512_E4031	86.6	380	51	0	1	380	1	380	2.80e-238	652
NZ_LN831024.1_4996	iSDY_1059.SDY_4038	86.6	380	51	0	1	380	1	380	2.80e-238	652
NZ_LN831024.1_4996	iSF_1195.SF3644	86.6	380	51	0	1	380	1	380	2.80e-238	652
NZ_LN831024.1_4996	iSSON_1240.SSON_3800	86.6	380	51	0	1	380	1	380	2.80e-238	652
NZ_LN831024.1_4996	iCN718.ABAYE_RS18840	85.0	379	57	0	1	379	1	379	3.88e-235	644
NZ_LN831024.1_4996	iPC815.YPO1569	85.6	381	54	1	1	380	1	381	5.69e-232	636
NZ_LN831024.1_4996	iYL1228.KPN_03949	84.8	381	58	0	1	381	1	381	3.74e-231	634
NZ_LN831024.1_4997	iJN1463.PP_4737	81.5	934	173	0	1	934	1	934	0.0	1540
NZ_LN831024.1_4998	iLJ478.TM0655	50.9	110	54	0	14	123	4	113	3.07e-36	121
NZ_LN831024.1_4999	iYL1228.KPN_00127	36.5	252	147	6	65	311	13	256	1.59e-46	160
NZ_LN831024.1_4999	STM_v1_0.STM0166	36.4	250	146	6	65	309	13	254	2.39e-45	157
NZ_LN831024.1_4999	iSF_1195.SF0118	36.0	250	147	6	65	309	13	254	3.53e-45	156
NZ_LN831024.1_4999	iSSON_1240.SSON_0129	36.0	250	147	6	65	309	13	254	3.53e-45	156
NZ_LN831024.1_4999	iML1515.b0121	36.0	250	147	6	65	309	13	254	4.96e-45	156
NZ_LN831024.1_4999	iPC815.YPO3411	36.1	233	140	5	67	298	15	239	9.07e-44	153
NZ_LN831024.1_4999	iSbBS512_1146.SbBS512_E0114	35.2	250	149	6	65	309	13	254	1.45e-43	152
NZ_LN831024.1_4999	iSDY_1059.SDY_0028	35.6	250	148	6	65	309	13	254	1.45e-43	152
NZ_LN831024.1_5001	iAF987.Gmet_0069	34.8	115	71	2	3	113	5	119	1.16e-12	65.5
NZ_LN831024.1_5001	iAF987.Gmet_1914	32.4	111	75	0	2	112	3	113	3.12e-12	64.7
NZ_LN831024.1_5002	iAF987.Gmet_0043	34.2	111	66	3	356	460	161	270	4.26e-10	61.6
NZ_LN831024.1_5003	iSynCJ816.SGL_RS16080	29.5	122	76	4	11	126	18	135	1.02e-07	48.9
NZ_LN831024.1_5005	iJN1463.PP_2872	45.1	288	158	0	1	288	1	288	1.35e-71	222
NZ_LN831024.1_5007	iAF987.Gmet_2999	42.5	346	196	3	13	357	10	353	2.80e-82	255
NZ_LN831024.1_5009	iYL1228.KPN_01622	24.3	284	181	8	20	283	15	284	8.12e-14	70.1
NZ_LN831024.1_5009	iJN1463.PP_2872	24.8	274	184	8	21	283	16	278	4.87e-13	67.8
NZ_LN831024.1_5009	iML1515.b1533	22.6	297	185	10	20	290	15	292	2.32e-12	65.9
NZ_LN831024.1_5009	iML1515.b3943	27.3	216	144	7	78	284	77	288	7.87e-12	64.3
NZ_LN831024.1_5009	STM_v1_0.STM1517	25.4	291	192	11	20	295	16	296	1.43e-11	63.5
NZ_LN831024.1_5011	iCN718.ABAYE_RS07930	69.6	425	125	2	4	425	99	522	2.97e-202	568
NZ_LN831024.1_5012	iCN718.ABAYE_RS07935	52.8	464	203	6	1	450	1	462	5.02e-144	421
NZ_LN831024.1_5014	iJN1463.PP_4552	38.0	71	41	1	187	254	32	102	3.44e-06	45.8
NZ_LN831024.1_5014	iMM904.YKL182W	30.1	123	73	5	166	278	1534	1653	4.30e-05	44.7
NZ_LN831024.1_5015	iCHOv1.100769832	34.7	98	61	2	5	99	30	127	3.88e-13	61.2
NZ_LN831024.1_5016	iJN1463.PP_1765	29.4	109	77	0	44	152	50	158	6.34e-10	57.4
NZ_LN831024.1_5016	STM_v1_0.STM2276	29.5	105	74	0	44	148	59	163	1.09e-08	53.9
NZ_LN831024.1_5016	iPC815.YPO1215	30.5	105	73	0	44	148	59	163	1.09e-08	53.9
NZ_LN831024.1_5016	iYL1228.KPN_02641	28.6	105	75	0	44	148	59	163	2.01e-08	53.1
NZ_LN831024.1_5018	iEK1008.Rv2277c	47.0	266	136	4	31	294	31	293	2.35e-72	225
NZ_LN831024.1_5022	iJN1463.PP_0989	38.3	107	64	2	23	129	12	116	3.67e-15	67.4
NZ_LN831024.1_5022	iYL1228.KPN_03340	31.7	126	83	2	11	136	5	127	2.11e-14	65.5
NZ_LN831024.1_5022	iMM1415.68133	30.9	94	64	1	23	116	56	148	1.01e-12	62.0
NZ_LN831024.1_5022	iML1515.b2904	30.2	126	85	2	11	136	5	127	8.85e-13	61.2
NZ_LN831024.1_5022	iSbBS512_1146.SbBS512_E3325	30.2	126	85	2	11	136	5	127	8.85e-13	61.2
NZ_LN831024.1_5022	iSF_1195.SF2890	30.2	126	85	2	11	136	5	127	8.85e-13	61.2
NZ_LN831024.1_5022	iSSON_1240.SSON_3057	30.2	126	85	2	11	136	5	127	8.85e-13	61.2
NZ_LN831024.1_5022	iCHOv1.100765652	30.9	94	64	1	23	116	56	148	2.75e-12	60.8
NZ_LN831024.1_5027	iJN1463.PP_0382	30.7	238	154	6	4	234	3	236	5.13e-15	72.0
NZ_LN831024.1_5043	iYL1228.KPN_00499	25.4	374	236	13	32	386	33	382	1.52e-17	84.3
NZ_LN831024.1_5043	STM_v1_0.STM2558	25.9	367	229	14	32	379	33	375	1.51e-17	84.3
NZ_LN831024.1_5043	iML1515.b4132	25.4	374	236	14	32	386	33	382	8.67e-16	79.0
NZ_LN831024.1_5044	iJN1463.PP_2180	39.3	420	247	5	42	460	37	449	2.44e-107	325
NZ_LN831024.1_5044	iJN1463.PP_5182	38.3	420	252	5	42	460	37	450	2.24e-102	313
NZ_LN831024.1_5044	iJN1463.PP_4421	38.7	426	254	6	42	462	38	461	1.20e-101	311
NZ_LN831024.1_5046	iML1515.b3590	44.6	637	327	9	1	634	1	614	5.16e-156	462
NZ_LN831024.1_5047	iJN1463.PP_0493	78.9	460	97	0	5	464	11	470	6.31e-249	686
NZ_LN831024.1_5048	iJN1463.PP_0492	60.2	304	121	0	5	308	14	317	2.45e-124	358
NZ_LN831024.1_5049	iJN1463.PP_0491	75.3	198	49	0	5	202	7	204	8.93e-106	303
NZ_LN831024.1_5050	iJN1463.PP_0490	83.3	305	51	0	1	305	1	305	1.42e-202	556
NZ_LN831024.1_5051	iJN1463.PP_0489	77.2	812	181	2	1	812	214	1021	0.0	1357
NZ_LN831024.1_5052	iJN1463.PP_0489	82.7	196	34	0	1	196	1	196	2.83e-114	348
NZ_LN831024.1_5053	iCN718.ABAYE_RS02155	44.3	327	161	6	1	309	1	324	3.33e-88	266
NZ_LN831024.1_5054	iJN1463.PP_2008	61.3	680	255	6	8	681	16	693	2.25e-279	781
NZ_LN831024.1_5058	iAF987.Gmet_0887	36.3	328	184	10	25	345	34	343	2.23e-42	157
NZ_LN831024.1_5059	iAF987.Gmet_0885	31.1	305	197	5	17	313	6	305	8.42e-41	144
NZ_LN831024.1_5059	iML1515.b2254	30.4	309	199	6	18	315	11	314	1.64e-39	141
NZ_LN831024.1_5059	iSF_1195.SF2333	30.4	309	199	6	18	315	11	314	1.64e-39	141
NZ_LN831024.1_5059	iSSON_1240.SSON_2315	30.4	309	199	6	18	315	11	314	1.64e-39	141
NZ_LN831024.1_5059	iYL1228.KPN_03846	31.6	307	194	5	18	313	11	312	7.04e-39	139
NZ_LN831024.1_5059	STM_v1_0.STM2298	28.8	309	204	4	18	315	11	314	2.16e-35	130
NZ_LN831024.1_5063	iML1515.b4020	35.0	535	342	3	7	536	4	537	1.23e-76	251
NZ_LN831024.1_5063	iJN1463.PP_0145	33.6	533	341	3	7	530	4	532	2.36e-74	246
NZ_LN831024.1_5066	iJN1463.PP_2645	76.3	899	211	1	7	903	22	920	0.0	1322
NZ_LN831024.1_5066	iPC815.YPO1661	75.0	891	223	0	12	902	8	898	0.0	1306
NZ_LN831024.1_5069	iSSON_1240.SSON_1662	32.8	241	153	5	28	263	21	257	3.67e-28	108
NZ_LN831024.1_5069	iNF517.LLMG_RS02545	31.0	226	152	3	4	228	8	230	5.38e-28	108
NZ_LN831024.1_5069	iML1515.b1463	32.8	241	153	5	28	263	21	257	1.39e-27	107
NZ_LN831024.1_5069	STM_v1_0.STM1582	31.3	249	165	4	10	256	6	250	1.39e-27	107
NZ_LN831024.1_5069	iYL1228.KPN_01884	32.5	240	151	6	28	261	21	255	1.41e-26	104
NZ_LN831024.1_5071	iJN1463.PP_5366	75.1	465	116	0	1	465	1	465	2.55e-257	707
NZ_LN831024.1_5074	iCHOv1.100751291	31.4	188	124	3	10	193	53	239	5.97e-21	89.7
NZ_LN831024.1_5074	iSynCJ816.SGL_RS12965	36.8	190	117	3	7	193	5	194	1.90e-20	87.4
NZ_LN831024.1_5076	iML1515.b3943	26.7	195	134	3	97	283	100	293	3.12e-11	62.4
NZ_LN831024.1_5077	iYS854.USA300HOU_RS13380	31.0	422	275	5	8	417	1	418	3.42e-67	220
NZ_LN831024.1_5078	iYS854.USA300HOU_RS13385	25.0	232	171	2	33	262	34	264	1.10e-18	82.8
NZ_LN831024.1_5079	iYL1228.KPN_00165	28.9	716	462	16	25	708	35	735	9.06e-76	258
NZ_LN831024.1_5079	STM_v1_0.STM0191	28.3	722	482	15	11	708	20	729	3.87e-72	248
NZ_LN831024.1_5079	iSSON_1240.SSON_0162	27.7	722	486	14	11	708	20	729	9.94e-71	244
NZ_LN831024.1_5079	iSbBS512_1146.SbBS512_E0142	27.6	722	487	14	11	708	20	729	6.94e-70	242
NZ_LN831024.1_5079	iML1515.b0150	27.9	746	472	19	11	708	20	747	1.12e-66	233
NZ_LN831024.1_5079	iSF_1195.SF0142	28.2	740	477	19	11	708	20	747	2.12e-66	233
NZ_LN831024.1_5081	iJN1463.PP_0567	88.4	636	74	0	1	636	1	636	0.0	1137
NZ_LN831024.1_5083	iJN1463.PP_0565	76.0	171	41	0	5	175	3	173	3.59e-88	255
NZ_LN831024.1_5086	iAF987.Gmet_0069	33.9	301	181	4	252	536	5	303	6.84e-48	168
NZ_LN831024.1_5088	iJN1463.PP_0561	52.4	145	64	3	1	142	1	143	5.74e-44	153
NZ_LN831024.1_5089	iJN1463.PP_0561	65.6	393	134	1	1	392	191	583	4.22e-166	478
NZ_LN831024.1_5090	iJN1463.PP_0560	93.1	144	10	0	1	144	1	144	1.40e-94	269
NZ_LN831024.1_5091	iML1515.b3255	59.4	155	63	0	1	155	1	155	1.84e-54	168
NZ_LN831024.1_5091	iSbBS512_1146.SbBS512_E3287	59.4	155	63	0	1	155	1	155	1.84e-54	168
NZ_LN831024.1_5091	iSF_1195.SF3293	59.4	155	63	0	1	155	1	155	1.84e-54	168
NZ_LN831024.1_5091	iSSON_1240.SSON_3396	59.4	155	63	0	1	155	1	155	1.84e-54	168
NZ_LN831024.1_5091	iSDY_1059.SDY_3432	59.4	155	63	0	1	155	1	155	3.71e-54	167
NZ_LN831024.1_5091	STM_v1_0.STM3379	58.7	155	64	0	1	155	1	155	7.46e-54	167
NZ_LN831024.1_5091	iJN1463.PP_0559	72.0	157	39	2	1	156	1	153	3.68e-51	160
NZ_LN831024.1_5091	iPC815.YPO3659	58.7	155	62	1	1	155	1	153	3.79e-51	160
NZ_LN831024.1_5091	iYL1228.KPN_03664	65.2	155	53	1	1	155	1	154	3.19e-50	157
NZ_LN831024.1_5092	iJN1463.PP_0558	89.6	443	46	0	2	444	5	447	5.46e-297	806
NZ_LN831024.1_5094	iCN718.ABAYE_RS19010	31.2	125	77	4	141	257	32	155	1.10e-05	45.4
NZ_LN831024.1_5098	iJN1463.PP_4822	89.2	535	58	0	1	535	1	535	0.0	956
NZ_LN831024.1_5099	iJN1463.PP_4823	83.4	428	71	0	1	428	1	428	3.32e-251	689
NZ_LN831024.1_5100	iAF987.Gmet_1914	28.9	121	76	3	638	757	3	114	7.63e-07	52.4
NZ_LN831024.1_5100	iAF987.Gmet_2999	27.3	121	81	3	781	899	2	117	1.73e-05	47.8
NZ_LN831024.1_5102	iJN1463.PP_4841	89.3	421	45	0	1	421	1	421	6.98e-283	768
NZ_LN831024.1_5103	iJN1463.PP_4842	73.4	515	112	1	15	529	6	495	1.74e-243	676
NZ_LN831024.1_5104	iJN1463.PP_4843	82.5	359	61	2	1	358	1	358	6.64e-213	586
NZ_LN831024.1_5105	iJN1463.PP_4844	83.3	281	43	1	5	285	9	285	3.37e-162	451
NZ_LN831024.1_5106	iJN1463.PP_4845	84.9	232	35	0	1	232	1	232	9.11e-143	398
NZ_LN831024.1_5108	iJN1463.PP_2842	42.8	269	145	4	14	280	16	277	6.21e-61	194
NZ_LN831024.1_5109	iSynCJ816.SGL_RS08455	82.8	99	17	0	1	99	1	99	9.97e-56	167
NZ_LN831024.1_5109	iCN718.ABAYE_RS13880	82.8	99	17	0	1	99	1	99	5.77e-55	165
NZ_LN831024.1_5109	iYL1228.KPN_03465	80.8	99	19	0	1	99	1	99	7.88e-53	160
NZ_LN831024.1_5109	iJN1463.PP_2843	80.8	99	19	0	1	99	1	99	3.21e-52	158
NZ_LN831024.1_5110	iJN1463.PP_4846	72.5	167	45	1	1	167	1	166	2.33e-81	238
NZ_LN831024.1_5111	iCN718.ABAYE_RS13875	72.3	101	28	0	1	101	1	101	2.80e-49	151
NZ_LN831024.1_5111	iJN1463.PP_2844	69.3	101	31	0	1	101	1	101	3.58e-48	148
NZ_LN831024.1_5111	iYL1228.KPN_03466	68.3	101	32	0	1	101	1	101	5.85e-45	140
NZ_LN831024.1_5111	iSynCJ816.SGL_RS11790	65.3	101	35	0	1	101	1	101	1.73e-43	136
NZ_LN831024.1_5112	iJN1463.PP_2845	75.7	564	137	0	3	566	4	567	0.0	877
NZ_LN831024.1_5112	iCN718.ABAYE_RS13870	75.8	566	137	0	1	566	1	566	2.54e-317	867
NZ_LN831024.1_5112	iYL1228.KPN_03467	75.7	564	137	0	3	566	4	567	3.05e-316	865
NZ_LN831024.1_5112	iSynCJ816.SGL_RS04480	73.7	566	148	1	2	566	4	569	4.89e-304	834
NZ_LN831024.1_5116	iAF987.Gmet_1122	29.6	240	165	3	1	236	10	249	1.03e-27	108
NZ_LN831024.1_5116	iML1515.b0331	31.5	248	162	6	2	241	10	257	4.64e-27	106
NZ_LN831024.1_5116	STM_v1_0.STM0368	31.0	248	163	6	2	241	10	257	4.61e-26	103
NZ_LN831024.1_5116	iYO844.BSU24120	32.5	237	151	7	2	233	18	250	1.37e-25	102
NZ_LN831024.1_5117	STM_v1_0.STM0659	22.4	384	224	10	6	388	4	314	6.09e-12	67.0
NZ_LN831024.1_5117	iML1515.b0650	23.1	416	244	10	6	419	4	345	1.03e-10	63.2
NZ_LN831024.1_5117	iSSON_1240.SSON_0604	22.8	416	245	12	6	419	4	345	1.36e-10	62.8
NZ_LN831024.1_5117	iSbBS512_1146.SbBS512_E0599	21.0	415	254	9	6	419	4	345	5.59e-10	60.8
NZ_LN831024.1_5119	iAF987.Gmet_2094	32.5	169	89	3	1	169	1	144	4.57e-19	79.0
NZ_LN831024.1_5124	iML1515.b3336	32.6	135	79	5	36	167	7	132	3.29e-06	44.7
NZ_LN831024.1_5126	iCHOv1.100768542	26.1	184	104	6	101	253	222	404	1.28e-09	57.8
NZ_LN831024.1_5126	iAT_PLT_636.6821	27.7	184	101	8	101	253	229	411	1.29e-09	57.8
NZ_LN831024.1_5126	iMM1415.211389	26.6	184	103	6	101	253	223	405	1.29e-09	57.8
NZ_LN831024.1_5127	STM_v1_0.STM4035	28.7	94	62	2	108	198	101	192	5.39e-04	39.3
NZ_LN831024.1_5129	iAF987.Gmet_0069	38.7	119	68	3	39	152	5	123	3.67e-18	82.0
NZ_LN831024.1_5131	iCHOv1.100765147	27.8	176	117	3	207	372	336	511	8.11e-06	47.8
NZ_LN831024.1_5132	iEK1008.Rv3229c	46.9	343	176	2	7	347	12	350	7.36e-105	314
NZ_LN831024.1_5133	iEK1008.Rv3571	29.8	289	168	10	69	333	43	320	1.12e-20	91.7
NZ_LN831024.1_5133	iML1515.b1392	28.2	280	178	9	75	333	37	314	6.85e-18	83.6
NZ_LN831024.1_5133	iPC815.YPO2908	30.5	197	119	6	75	258	184	375	1.25e-17	83.2
NZ_LN831024.1_5135	iJN1463.PP_2846	52.9	121	55	2	21	140	22	141	7.50e-31	109
NZ_LN831024.1_5136	iJN1463.PP_2848	39.2	227	131	4	1	223	1	224	4.34e-26	100
NZ_LN831024.1_5137	iSynCJ816.SGL_RS03920	73.5	196	52	0	1	196	1	196	1.68e-104	299
NZ_LN831024.1_5137	iJN1463.PP_2849	70.2	198	59	0	4	201	6	203	2.13e-98	283
NZ_LN831024.1_5137	iIT341.HP0068	67.3	196	64	0	6	201	2	197	3.27e-98	283
NZ_LN831024.1_5138	iJN1463.PP_2847	44.4	151	77	5	10	160	9	152	2.02e-20	83.6
NZ_LN831024.1_5141	iJN1463.PP_4613	34.1	176	106	5	72	238	27	201	1.91e-13	74.3
NZ_LN831024.1_5142	iJN1463.PP_3739	74.6	394	100	0	23	416	23	416	2.80e-220	609
NZ_LN831024.1_5143	iYO844.BSU38830	45.8	485	260	2	6	489	3	485	2.26e-144	422
NZ_LN831024.1_5144	iJN1463.PP_3165	49.4	421	211	2	9	428	9	428	8.87e-130	382
NZ_LN831024.1_5145	iEK1008.Rv3509c	32.2	528	302	20	16	521	15	508	7.59e-38	145
NZ_LN831024.1_5145	iYL1228.KPN_04074	28.2	532	346	14	11	521	12	528	3.60e-34	135
NZ_LN831024.1_5147	iJN1463.PP_3740	73.9	445	112	2	1	443	1	443	1.42e-208	582
NZ_LN831024.1_5148	iJN1463.PP_3736	78.9	341	72	0	1	341	1	341	2.94e-213	586
NZ_LN831024.1_5149	iJN1463.PP_3737	56.5	317	137	1	1	317	1	316	2.05e-122	353
NZ_LN831024.1_5151	iJN1463.PP_4862	79.7	251	51	0	1	251	1	251	1.77e-146	409
NZ_LN831024.1_5152	iNF517.LLMG_RS05835	35.1	248	156	3	62	305	67	313	1.70e-36	132
NZ_LN831024.1_5153	iJN1463.PP_4863	86.1	238	33	0	1	238	1	238	3.69e-145	404
NZ_LN831024.1_5154	iJN1463.PP_4864	79.4	287	59	0	3	289	4	290	5.60e-166	461
NZ_LN831024.1_5155	iJN1463.PP_4865	80.0	425	85	0	1	425	11	435	2.01e-238	656
NZ_LN831024.1_5156	iJN1463.PP_4866	83.9	304	49	0	1	304	1	304	1.67e-183	507
NZ_LN831024.1_5157	iJN1463.PP_4867	78.3	374	80	1	1	373	1	374	3.59e-214	590
NZ_LN831024.1_5161	iIT341.HP1337	29.6	135	85	4	11	142	13	140	7.35e-05	41.2
NZ_LN831024.1_5161	iLJ478.TM0097	34.5	58	36	1	11	66	16	73	3.11e-04	39.7
NZ_LN831024.1_5162	iPC815.YPO2160	28.3	226	135	9	6	216	2	215	4.59e-15	70.9
NZ_LN831024.1_5162	iCN718.ABAYE_RS00855	29.6	206	134	7	1	200	3	203	6.26e-15	70.5
NZ_LN831024.1_5162	iEK1008.Rv2043c	30.5	197	109	8	12	201	7	182	2.73e-13	65.5
NZ_LN831024.1_5163	iJN1463.PP_4868	78.2	399	87	0	1	399	2	400	1.37e-235	647
NZ_LN831024.1_5164	iJN1463.PP_4869	72.4	275	76	0	1	275	1	275	2.43e-136	385
NZ_LN831024.1_5168	iAF987.Gmet_1854	40.0	120	63	3	115	226	273	391	5.82e-20	87.0
NZ_LN831024.1_5169	iML1515.b2924	25.8	256	186	2	18	269	16	271	6.34e-24	97.8
NZ_LN831024.1_5173	iAF987.Gmet_2629	44.0	166	93	0	442	607	379	544	5.13e-33	135
NZ_LN831024.1_5173	iAF987.Gmet_0987	44.8	163	90	0	442	604	354	516	6.45e-33	134
NZ_LN831024.1_5173	iAF987.Gmet_0782	43.3	164	93	0	444	607	297	460	9.89e-32	130
NZ_LN831024.1_5173	iJN1463.PP_1144	41.7	168	97	1	437	604	278	444	2.46e-31	129
NZ_LN831024.1_5173	iAF987.Gmet_1706	37.4	187	117	0	431	617	132	318	3.73e-32	126
NZ_LN831024.1_5173	iAF987.Gmet_3085	41.3	167	97	1	442	607	453	619	1.29e-29	124
NZ_LN831024.1_5173	iJN1463.PP_3581	38.7	186	110	2	424	609	241	422	6.43e-29	122
NZ_LN831024.1_5174	iJN1463.PP_5269	50.3	356	175	2	1	356	1	354	3.22e-104	310
NZ_LN831024.1_5174	iSDY_1059.SDY_4521	46.4	358	189	3	1	356	1	357	1.50e-97	293
NZ_LN831024.1_5174	iML1515.b4053	45.8	358	191	3	1	356	1	357	8.54e-97	291
NZ_LN831024.1_5174	iSF_1195.SF4152	45.8	358	191	3	1	356	1	357	8.54e-97	291
NZ_LN831024.1_5174	iSSON_1240.SSON_4233	45.8	358	191	3	1	356	1	357	8.54e-97	291
NZ_LN831024.1_5174	iSbBS512_1146.SbBS512_E4542	45.8	358	191	3	1	356	1	357	1.71e-96	290
NZ_LN831024.1_5174	iYL1228.KPN_04440	45.8	358	191	3	1	356	1	357	9.70e-96	288
NZ_LN831024.1_5174	iYL1228.KPN_02308	47.9	355	177	5	2	353	3	352	5.69e-94	284
NZ_LN831024.1_5174	STM_v1_0.STM4247	45.0	358	194	3	1	356	1	357	3.54e-93	282
NZ_LN831024.1_5182	iJN1463.PP_4889	88.4	430	50	0	1	430	1	430	1.32e-287	781
NZ_LN831024.1_5183	iJN1463.PP_4890	80.5	394	76	1	1	393	1	394	1.45e-227	626
NZ_LN831024.1_5187	iJN1463.PP_4893	79.0	433	91	0	1	433	1	433	8.50e-237	652
NZ_LN831024.1_5191	iJN1463.PP_4897	71.2	489	110	4	5	475	1	476	4.36e-230	639
NZ_LN831024.1_5193	iML1515.b4167	46.5	467	236	7	35	494	39	498	3.43e-109	333
NZ_LN831024.1_5194	iJN1463.PP_4900	78.9	351	74	0	9	359	2	352	4.90e-212	583
NZ_LN831024.1_5196	iJN1463.PP_4903	77.6	343	73	1	1	339	1	343	2.23e-188	522
NZ_LN831024.1_5200	iJN1463.PP_4907	75.6	271	64	1	1	271	1	269	3.35e-150	420
NZ_LN831024.1_5201	iJN1463.PP_4908	82.9	286	49	0	4	289	2	287	1.13e-173	481
NZ_LN831024.1_5203	iJN1463.PP_1761	25.4	693	469	14	18	678	138	814	1.33e-43	168
NZ_LN831024.1_5204	iJN1463.PP_4909	77.2	403	92	0	1	403	12	414	1.28e-219	607
NZ_LN831024.1_5213	iML1515.b3032	44.0	266	147	1	9	272	10	275	2.07e-70	218
NZ_LN831024.1_5215	iJN1463.PP_4919	76.0	204	49	0	1	204	5	208	7.35e-116	328
NZ_LN831024.1_5217	iJN1463.PP_4922	87.7	620	74	1	8	627	9	626	0.0	1122
NZ_LN831024.1_5218	iSDY_1059.SDY_3205	35.0	423	272	2	31	453	26	445	2.65e-68	226
NZ_LN831024.1_5218	iML1515.b3035	34.8	423	273	2	31	453	24	443	1.36e-67	224
NZ_LN831024.1_5218	iSSON_1240.SSON_3173	34.8	423	273	2	31	453	26	445	1.43e-67	224
NZ_LN831024.1_5218	iSbBS512_1146.SbBS512_E3468	34.5	423	274	2	31	453	26	445	2.00e-67	224
NZ_LN831024.1_5218	iSF_1195.SF3075	34.5	423	274	2	31	453	24	443	7.35e-67	222
NZ_LN831024.1_5218	STM_v1_0.STM3186	35.5	423	263	4	31	451	26	440	2.69e-66	221
NZ_LN831024.1_5219	iJN1463.PP_3720	77.3	233	53	0	1	233	3	235	1.85e-134	377
NZ_LN831024.1_5220	iJN1463.PP_3721	81.0	390	74	0	1	390	1	390	1.24e-228	629
NZ_LN831024.1_5221	iJN1463.PP_3723	82.4	529	93	0	6	534	5	533	9.06e-314	856
NZ_LN831024.1_5222	iCN900.CD630_21960	28.9	719	454	16	5	691	2	695	1.32e-75	256
NZ_LN831024.1_5223	iYO844.BSU37170	44.2	385	202	4	1	380	1	377	1.36e-88	272
NZ_LN831024.1_5223	iYO844.BSU18260	42.0	388	211	4	1	382	1	380	3.15e-84	261
NZ_LN831024.1_5223	iAT_PLT_636.35	40.2	383	216	5	5	382	34	408	3.96e-81	254
NZ_LN831024.1_5223	iYO844.BSU24150	39.5	382	218	3	5	381	3	376	6.05e-81	252
NZ_LN831024.1_5223	iMM1415.11409	37.9	383	225	5	5	382	34	408	1.37e-78	247
NZ_LN831024.1_5223	iAF987.Gmet_1715	38.0	389	222	5	1	381	1	378	1.06e-78	246
NZ_LN831024.1_5224	iYL1228.KPN_01475	38.6	259	148	4	11	263	9	262	2.60e-41	142
NZ_LN831024.1_5224	iML1515.b1394	37.9	261	151	4	9	263	7	262	4.01e-40	139
NZ_LN831024.1_5224	iAF987.Gmet_1572	36.2	257	161	1	7	263	6	259	7.36e-40	138
NZ_LN831024.1_5224	iCN718.ABAYE_RS11945	34.5	252	162	2	14	263	13	263	1.25e-38	135
NZ_LN831024.1_5224	iAF987.Gmet_2224	35.2	247	160	0	14	260	13	259	5.33e-36	128
NZ_LN831024.1_5225	iJN1463.PP_3727	84.3	465	72	1	1	465	1	464	2.12e-276	756
NZ_LN831024.1_5226	iAF987.Gmet_0043	29.8	393	246	9	232	613	14	387	6.36e-28	119
NZ_LN831024.1_5228	iAF987.Gmet_1919	35.1	111	66	2	3	112	1	106	1.54e-14	71.6
NZ_LN831024.1_5228	iAF987.Gmet_2999	32.5	120	73	2	5	121	8	122	1.17e-12	66.2
NZ_LN831024.1_5228	iAF987.Gmet_0069	37.5	120	65	4	7	121	5	119	1.27e-12	65.9
NZ_LN831024.1_5228	iAF987.Gmet_1706	36.1	119	66	3	6	121	2	113	1.83e-12	65.5
NZ_LN831024.1_5230	iJN1463.PP_0412	50.3	320	158	1	44	363	25	343	9.96e-117	342
NZ_LN831024.1_5231	iJN1463.PP_0310	30.6	689	424	14	1	643	1	681	3.41e-90	294
NZ_LN831024.1_5233	iJN1463.PP_4928	72.3	423	114	2	1	421	1	422	1.05e-209	583
NZ_LN831024.1_5235	iML1515.b0543	45.5	110	60	0	1	110	1	110	5.06e-23	85.5
NZ_LN831024.1_5236	iAF987.Gmet_1677	39.1	64	39	0	8	71	17	80	2.14e-06	49.3
NZ_LN831024.1_5236	iYL1228.KPN_02647	33.3	60	40	0	1	60	1	60	1.55e-05	46.6
NZ_LN831024.1_5237	iYO844.BSU09530	34.8	198	112	8	13	203	6	193	2.05e-16	77.4
NZ_LN831024.1_5237	iYO844.BSU39780	33.0	200	119	7	13	206	6	196	2.83e-15	73.9
NZ_LN831024.1_5239	iCN718.ABAYE_RS10295	74.7	403	99	3	1	402	1	401	1.23e-206	573
NZ_LN831024.1_5240	iEK1008.Rv3139	45.3	426	221	4	9	423	40	464	2.50e-114	342
NZ_LN831024.1_5241	iAF987.Gmet_2172	51.8	670	293	7	1	648	1	662	1.96e-232	659
NZ_LN831024.1_5242	iJN1463.PP_4934	86.9	472	62	0	1	472	1	472	2.21e-287	784
NZ_LN831024.1_5243	iJN1463.PP_4935	86.3	592	79	1	11	602	12	601	0.0	977
NZ_LN831024.1_5245	iJN1463.PP_4936	29.2	373	242	10	23	383	12	374	4.34e-24	102
NZ_LN831024.1_5246	iYO844.BSU35550	30.0	213	130	7	9	215	5	204	3.15e-16	76.3
NZ_LN831024.1_5250	iJN1463.PP_4943	72.3	376	104	0	1	376	1	376	2.05e-195	543
NZ_LN831024.1_5251	iJN1463.PP_4944	87.5	583	73	0	1	583	1	583	0.0	1072
NZ_LN831024.1_5253	iJN1463.PP_0346	60.6	251	98	1	1	251	1	250	8.91e-106	306
NZ_LN831024.1_5254	iJN1463.PP_0345	75.4	244	60	0	1	244	1	244	9.31e-135	379
NZ_LN831024.1_5255	iJN1463.PP_0344	79.9	268	54	0	1	268	1	268	1.79e-160	446
NZ_LN831024.1_5256	iJN1463.PP_0343	81.4	371	69	0	1	371	1	371	5.61e-226	620
NZ_LN831024.1_5257	iJN1463.PP_0342	74.7	352	87	2	1	352	1	350	3.17e-192	533
NZ_LN831024.1_5258	iJN1463.PP_0341	83.4	338	56	0	1	338	1	338	7.91e-215	590
NZ_LN831024.1_5259	iCN718.ABAYE_RS03435	59.1	308	125	1	1	307	1	308	2.95e-139	395
NZ_LN831024.1_5261	iJN1463.PP_0339	89.0	882	96	1	1	882	1	881	0.0	1628
NZ_LN831024.1_5262	iJN1463.PP_0338	77.8	549	117	3	1	547	1	546	6.18e-242	675
NZ_LN831024.1_5263	iAF987.Gmet_3085	38.9	560	335	3	269	821	324	883	4.99e-126	400
NZ_LN831024.1_5263	iAF987.Gmet_0957	42.5	440	249	3	380	815	174	613	6.51e-117	368
NZ_LN831024.1_5264	iJN1463.PP_0336	64.4	216	75	2	1	214	1	216	2.01e-100	290
NZ_LN831024.1_5266	iJN1463.PP_0368	38.4	596	356	6	9	600	9	597	1.68e-123	377
NZ_LN831024.1_5266	iAF987.Gmet_2211	36.4	602	364	3	1	585	1	600	5.54e-122	373
NZ_LN831024.1_5266	iJN1463.PP_2048	39.4	586	336	10	9	589	8	579	7.39e-112	346
NZ_LN831024.1_5267	iJN1463.PP_5066	79.5	581	117	2	1	580	18	597	0.0	911
NZ_LN831024.1_5268	iML1515.b0465	41.5	957	558	2	134	1089	148	1103	6.43e-216	650
NZ_LN831024.1_5271	iJN1463.PP_2528	89.2	333	36	0	1	333	1	333	4.79e-219	604
NZ_LN831024.1_5272	iJN1463.PP_2528	80.3	66	13	0	1	66	358	423	8.69e-29	105
NZ_LN831024.1_5272	iCN718.ABAYE_RS01840	73.8	65	17	0	1	65	360	424	6.19e-28	102
NZ_LN831024.1_5278	iJN1463.PP_1376	32.4	179	117	1	50	228	36	210	2.26e-11	65.1
NZ_LN831024.1_5279	iMM1415.17252	46.0	198	105	1	11	208	35	230	4.57e-46	157
NZ_LN831024.1_5279	iCHOv1.100757118	36.6	303	166	6	14	304	44	332	5.43e-45	155
NZ_LN831024.1_5279	iMM1415.105014	37.3	303	164	6	14	304	44	332	5.43e-45	155
NZ_LN831024.1_5279	iCHOv1.100759877	37.2	298	163	7	11	304	35	312	5.32e-44	152
NZ_LN831024.1_5279	iCHOv1.100759583	43.4	198	110	1	11	208	36	231	2.22e-42	148
NZ_LN831024.1_5279	iMM1415.77974	42.9	198	111	1	11	208	36	231	2.52e-40	142
NZ_LN831024.1_5282	iJN1463.PP_5074	88.4	354	40	1	1	354	1	353	5.22e-233	636
NZ_LN831024.1_5283	iJN1463.PP_5075	91.7	471	39	0	7	477	2	472	0.0	889
NZ_LN831024.1_5284	iJN1463.PP_5076	87.6	1481	183	0	1	1481	1	1481	0.0	2591
NZ_LN831024.1_5286	iJN1463.PP_5078	78.9	365	77	0	1	365	1	365	5.33e-209	577
NZ_LN831024.1_5287	iJN1463.PP_5079	78.5	172	37	0	1	172	1	172	6.44e-93	267
NZ_LN831024.1_5293	iJN1463.PP_5084	72.9	826	209	3	2	823	3	817	0.0	1215
NZ_LN831024.1_5294	iJN1463.PP_5085	90.3	422	41	0	1	422	1	422	1.89e-276	752
NZ_LN831024.1_5295	iAF987.Gmet_1238	35.7	258	150	6	1	256	1	244	2.16e-41	147
NZ_LN831024.1_5299	iJN1463.PP_5089	78.0	587	120	3	1	587	1	578	0.0	891
NZ_LN831024.1_5302	iCN900.CD630_20200	35.6	87	46	3	11	93	572	652	6.86e-05	45.1
NZ_LN831024.1_5304	iJN1463.PP_5003	79.8	559	113	0	1	559	1	559	0.0	934
NZ_LN831024.1_5305	iJN1463.PP_5004	85.7	279	40	0	1	279	1	279	4.24e-183	504
NZ_LN831024.1_5306	iJN1463.PP_5005	69.8	560	169	0	1	560	1	560	1.07e-301	827
NZ_LN831024.1_5311	iJN1463.PP_5011	87.5	256	32	0	1	256	1	256	1.17e-166	460
NZ_LN831024.1_5313	iJN1463.PP_5013	76.5	540	120	1	1	533	1	540	9.77e-300	820
NZ_LN831024.1_5314	iJN1463.PP_5014	88.5	131	14	1	1	131	1	130	3.45e-87	249
NZ_LN831024.1_5315	iJN1463.PP_5015	90.1	111	11	0	1	111	1	111	3.29e-66	194
NZ_LN831024.1_5322	iYO844.BSU27430	62.0	221	84	0	24	244	20	240	1.87e-96	281
NZ_LN831024.1_5322	iML1515.b0652	57.0	244	101	1	1	244	1	240	2.80e-93	273
NZ_LN831024.1_5322	iJN1463.PP_3597	60.4	222	88	0	23	244	38	259	5.27e-93	273
NZ_LN831024.1_5322	iSSON_1240.SSON_0606	57.0	244	101	1	1	244	1	240	2.80e-93	273
NZ_LN831024.1_5322	iPC815.YPO2612	57.4	244	100	2	1	244	2	241	8.26e-93	272
NZ_LN831024.1_5322	iCN900.CD630_07520	56.1	244	103	1	1	244	1	240	3.13e-92	271
NZ_LN831024.1_5322	iSF_1195.SF0629	56.6	244	102	1	1	244	1	240	4.58e-92	270
NZ_LN831024.1_5322	iJN1463.PP_1068	56.5	246	101	2	1	244	13	254	3.06e-91	269
NZ_LN831024.1_5322	iNF517.LLMG_RS09915	58.6	244	97	2	1	244	5	244	4.13e-91	268
NZ_LN831024.1_5322	iYO844.BSU23960	57.4	244	100	1	1	244	1	240	5.12e-91	268
NZ_LN831024.1_5322	iJN1463.PP_1300	60.4	222	88	0	23	244	32	253	3.30e-90	266
NZ_LN831024.1_5322	iYL1228.KPN_00678	56.1	244	103	1	1	244	1	240	3.04e-90	266
NZ_LN831024.1_5322	iCN718.ABAYE_RS10970	55.5	245	103	2	1	243	3	243	7.47e-90	265
NZ_LN831024.1_5322	iNF517.LLMG_RS09720	58.0	243	98	2	2	244	7	245	1.50e-89	264
NZ_LN831024.1_5322	STM_v1_0.STM0828	54.7	243	106	1	1	243	1	239	1.29e-86	256
NZ_LN831024.1_5322	iYL1228.KPN_00838	54.3	243	107	1	1	243	1	239	3.68e-86	255
NZ_LN831024.1_5322	iSDY_1059.SDY_0787	54.7	243	106	1	1	243	1	239	1.05e-85	254
NZ_LN831024.1_5322	iSSON_1240.SSON_0789	54.7	243	106	1	1	243	1	239	2.11e-85	253
NZ_LN831024.1_5323	iCN900.CD630_07510	41.8	184	99	2	145	320	42	225	1.83e-40	140
NZ_LN831024.1_5323	iYS854.USA300HOU_RS09930	43.3	178	99	1	145	320	308	485	1.01e-36	137
NZ_LN831024.1_5323	iSynCJ816.SGL_RS07090	48.4	161	76	1	160	313	352	512	1.70e-36	137
NZ_LN831024.1_5323	iML1515.b0810	43.0	165	91	1	155	316	52	216	2.76e-37	132
NZ_LN831024.1_5323	iSDY_1059.SDY_0786	43.0	165	91	1	155	316	52	216	2.76e-37	132
NZ_LN831024.1_5323	iSF_1195.SF0761	43.0	165	91	1	155	316	52	216	2.76e-37	132
NZ_LN831024.1_5323	iSSON_1240.SSON_0790	43.0	165	91	1	155	316	52	216	2.76e-37	132
NZ_LN831024.1_5323	iSbBS512_1146.SbBS512_E2538	42.4	165	92	1	155	316	52	216	3.87e-37	132
NZ_LN831024.1_5323	iYL1228.KPN_00839	42.4	165	92	1	155	316	52	216	7.63e-37	131
NZ_LN831024.1_5323	STM_v1_0.STM0829	42.4	165	92	1	155	316	52	216	7.63e-37	131
NZ_LN831024.1_5323	iJN1463.PP_0226	43.5	177	99	1	145	320	43	219	1.16e-36	130
NZ_LN831024.1_5323	iYO844.BSU27450	42.5	174	99	1	147	319	42	215	2.73e-36	129
NZ_LN831024.1_5323	iPC815.YPO2513	41.7	175	100	1	144	316	41	215	7.96e-36	128
NZ_LN831024.1_5324	STM_v1_0.STM1954	30.6	252	167	3	10	256	12	260	2.41e-36	129
NZ_LN831024.1_5324	iML1515.b1920	29.7	232	160	2	25	256	32	260	3.65e-35	126
NZ_LN831024.1_5324	iSynCJ816.SGL_RS07090	33.9	239	147	6	31	262	39	273	2.07e-31	121
NZ_LN831024.1_5324	iJN1463.PP_0227	29.5	227	154	4	32	256	36	258	1.10e-32	120
NZ_LN831024.1_5328	iAF987.Gmet_0843	33.3	111	65	4	23	132	12	114	4.74e-07	50.1
NZ_LN831024.1_5330	iJN1463.PP_1071	61.9	278	101	4	20	294	22	297	3.84e-113	328
NZ_LN831024.1_5332	iPC815.YPO2147	39.3	407	239	5	3	403	1	405	6.44e-88	273
NZ_LN831024.1_5332	iJN1463.PP_5270	38.3	413	246	5	3	408	1	411	3.60e-87	271
NZ_LN831024.1_5332	iJN1463.PP_4434	37.3	413	250	6	3	408	1	411	5.93e-85	265
NZ_LN831024.1_5332	STM_v1_0.STM1803	36.9	407	249	5	3	403	1	405	8.08e-82	257
NZ_LN831024.1_5332	iML1515.b1189	36.9	407	249	5	3	403	1	405	1.14e-81	257
NZ_LN831024.1_5332	iSSON_1240.SSON_1181	36.9	407	249	5	3	403	1	405	1.14e-81	257
NZ_LN831024.1_5332	iYL1228.KPN_02309	36.9	407	249	5	3	403	1	405	1.61e-81	256
NZ_LN831024.1_5332	iSDY_1059.SDY_1226	36.9	407	249	5	3	403	1	405	2.26e-81	256
NZ_LN831024.1_5332	iSF_1195.SF1178	36.6	407	250	5	3	403	1	405	2.26e-81	256
NZ_LN831024.1_5332	iSbBS512_1146.SbBS512_E1347	36.9	407	249	5	3	403	1	405	3.19e-81	256
NZ_LN831024.1_5332	iCN718.ABAYE_RS18740	35.7	415	253	9	3	408	1	410	1.02e-79	251
NZ_LN831024.1_5338	iMM904.YKR031C	25.0	216	106	6	17	187	777	981	4.32e-09	58.9
NZ_LN831024.1_5338	iJN1463.PP_5364	29.9	147	71	5	42	187	224	339	3.57e-09	58.5
NZ_LN831024.1_5341	iJN1463.PP_5029	71.3	265	76	0	1	265	1	265	3.85e-145	407
NZ_LN831024.1_5342	iJN1463.PP_5030	80.7	399	77	0	1	399	1	399	1.82e-236	649
NZ_LN831024.1_5342	iCN718.ABAYE_RS00945	75.7	399	97	0	1	399	1	399	9.59e-225	619
NZ_LN831024.1_5343	iHN637.CLJU_RS16185	40.6	483	287	0	4	486	16	498	2.26e-111	340
NZ_LN831024.1_5343	iHN637.CLJU_RS10535	39.6	467	276	2	17	480	14	477	1.75e-109	334
NZ_LN831024.1_5343	iYO844.BSU39350	40.9	452	262	2	38	486	33	482	1.35e-102	317
NZ_LN831024.1_5343	iYL1228.KPN_00796	40.5	499	289	4	4	496	1	497	2.97e-101	313
NZ_LN831024.1_5343	iCN718.ABAYE_RS00935	41.6	471	268	3	28	493	24	492	5.20e-100	310
NZ_LN831024.1_5343	STM_v1_0.STM0791	41.1	489	281	3	12	495	9	495	6.17e-100	310
NZ_LN831024.1_5344	iAF692.Mbar_A2376	58.8	262	108	0	8	269	6	267	4.29e-106	317
NZ_LN831024.1_5344	iPC815.YPO2647	59.8	261	105	0	8	268	4	264	7.78e-106	312
NZ_LN831024.1_5344	iML1515.b2677	59.4	261	106	0	8	268	4	264	3.23e-105	311
NZ_LN831024.1_5344	iSbBS512_1146.SbBS512_E3202	59.4	261	106	0	8	268	4	264	3.23e-105	311
NZ_LN831024.1_5344	iSSON_1240.SSON_2822	59.4	261	106	0	8	268	4	264	3.23e-105	311
NZ_LN831024.1_5344	iSF_1195.SF2705	59.0	261	107	0	8	268	4	264	1.30e-104	309
NZ_LN831024.1_5344	iYO844.BSU02980	56.7	263	114	0	8	270	9	271	3.22e-104	309
NZ_LN831024.1_5344	STM_v1_0.STM2809	59.0	261	107	0	8	268	4	264	2.61e-104	308
NZ_LN831024.1_5344	iYL1228.KPN_03008	58.2	261	109	0	8	268	4	264	2.98e-103	306
NZ_LN831024.1_5344	iNF517.LLMG_RS05325	56.3	263	115	0	8	270	4	266	9.68e-101	300
NZ_LN831024.1_5345	iAF692.Mbar_A2377	50.0	268	133	1	6	272	2	269	2.36e-77	236
NZ_LN831024.1_5345	iPC815.YPO2646	47.7	266	138	1	13	278	99	363	3.59e-73	229
NZ_LN831024.1_5345	iNF517.LLMG_RS05330	46.0	265	140	2	10	272	11	274	1.00e-69	225
NZ_LN831024.1_5345	iSSON_1240.SSON_2823	45.8	273	147	1	4	276	58	329	1.74e-71	223
NZ_LN831024.1_5345	iML1515.b2678	45.8	273	147	1	4	276	58	329	2.46e-71	223
NZ_LN831024.1_5345	iSbBS512_1146.SbBS512_E3201	45.8	273	147	1	4	276	58	329	2.46e-71	223
NZ_LN831024.1_5345	iSF_1195.SF2706	45.4	273	148	1	4	276	58	329	9.79e-71	221
NZ_LN831024.1_5345	iYO844.BSU02990	46.0	263	141	1	10	272	9	270	1.87e-70	218
NZ_LN831024.1_5345	STM_v1_0.STM2810	45.1	273	149	1	4	276	58	329	9.80e-68	214
NZ_LN831024.1_5345	iYL1228.KPN_03009	44.7	273	150	1	4	276	59	330	4.01e-67	212
NZ_LN831024.1_5346	iPC815.YPO2645	29.6	186	108	9	46	224	42	211	2.80e-12	66.2
NZ_LN831024.1_5346	iYL1228.KPN_03010	22.8	263	162	10	77	310	69	319	2.89e-11	63.2
NZ_LN831024.1_5347	iJN1463.PP_5031	76.0	462	110	1	1	462	1	461	5.53e-250	689
NZ_LN831024.1_5348	iCN718.ABAYE_RS00935	88.0	509	61	0	1	509	1	509	4.10e-318	865
NZ_LN831024.1_5348	iJN1463.PP_5032	82.1	507	91	0	3	509	4	510	1.39e-290	795
NZ_LN831024.1_5349	iCN718.ABAYE_RS10915	65.4	451	156	0	4	454	6	456	4.36e-211	591
NZ_LN831024.1_5350	iJN1463.PP_5033	91.7	556	46	0	1	556	1	556	0.0	1051
NZ_LN831024.1_5350	iCN718.ABAYE_RS00930	90.6	555	52	0	2	556	3	557	0.0	1032
NZ_LN831024.1_5350	iYL1228.KPN_00795	87.7	553	68	0	5	557	4	556	0.0	1004
NZ_LN831024.1_5352	iSynCJ816.SGL_RS06460	23.4	252	147	10	41	277	39	259	2.19e-06	48.1
NZ_LN831024.1_5353	iYL1228.KPN_03010	24.3	341	215	14	25	344	8	326	3.93e-14	72.0
NZ_LN831024.1_5353	STM_v1_0.STM2811	25.3	336	218	14	25	344	12	330	4.69e-12	65.9
NZ_LN831024.1_5356	iJN1463.PP_5036	75.1	277	66	2	1	275	1	276	2.08e-145	416
NZ_LN831024.1_5357	iJN1463.PP_5036	83.7	172	28	0	1	172	282	453	4.39e-98	290
NZ_LN831024.1_5361	iJN1463.PP_5040	89.6	336	35	0	1	336	1	336	1.00e-223	611
NZ_LN831024.1_5362	iMM1415.109801	58.3	156	63	2	12	165	20	175	1.36e-65	198
NZ_LN831024.1_5362	iCHOv1.100764266	54.1	170	76	2	6	173	14	183	2.73e-65	197
NZ_LN831024.1_5362	iAT_PLT_636.2739	55.6	162	70	2	6	165	14	175	7.35e-63	191
NZ_LN831024.1_5362	iJN1463.PP_3766	58.1	160	65	2	9	166	10	169	1.57e-62	190
NZ_LN831024.1_5363	iJN1463.PP_0418	62.0	627	214	9	24	646	23	629	2.46e-268	749
NZ_LN831024.1_5367	iSynCJ816.SGL_RS17200	24.7	486	246	9	6	387	9	478	1.49e-34	139
NZ_LN831024.1_5367	iSynCJ816.SGL_RS10930	25.7	544	274	15	2	447	7	518	3.88e-31	128
NZ_LN831024.1_5367	iEK1008.Rv0684	24.2	492	251	11	2	387	10	485	7.17e-31	127
NZ_LN831024.1_5368	iJN1463.PP_5045	78.7	484	103	0	1	484	1	484	1.48e-279	765
NZ_LN831024.1_5369	iJN1463.PP_5046	91.0	465	42	0	4	468	3	467	0.0	866
NZ_LN831024.1_5371	iML1515.b0808	31.7	303	201	4	447	745	439	739	1.66e-36	146
NZ_LN831024.1_5375	iAF987.Gmet_1919	36.0	114	73	0	6	119	4	117	2.21e-15	77.0
NZ_LN831024.1_5375	iAF987.Gmet_1914	29.9	107	75	0	5	111	2	108	6.93e-13	70.1
NZ_LN831024.1_5379	iJN1463.PP_5054	70.2	84	25	0	1	84	1	84	1.03e-43	135
NZ_LN831024.1_5380	iNF517.LLMG_RS08890	33.7	92	56	3	38	128	449	536	1.33e-05	43.1
NZ_LN831024.1_5381	iJN1463.PP_5056	84.0	512	78	1	1	512	1	508	3.25e-314	855
NZ_LN831024.1_5384	iAF987.Gmet_1854	41.7	132	75	1	296	425	263	394	4.06e-28	114
NZ_LN831024.1_5386	iML1515.b3614	36.6	216	132	2	33	244	26	240	6.69e-40	140
NZ_LN831024.1_5391	iJN1463.PP_0293	93.8	256	16	0	1	256	1	256	1.55e-171	473
NZ_LN831024.1_5392	iJN1463.PP_0292	90.2	244	24	0	1	244	1	244	1.09e-161	447
NZ_LN831024.1_5394	iJN1463.PP_0290	90.6	212	20	0	1	212	1	212	1.52e-147	408
NZ_LN831024.1_5395	iJN1463.PP_0289	90.4	197	19	0	1	197	14	210	2.62e-130	364
NZ_LN831024.1_5398	iML1515.b2660	30.1	276	178	7	5	274	3	269	8.05e-33	126
NZ_LN831024.1_5398	iJN1463.PP_2910	30.4	276	176	7	5	274	3	268	2.09e-28	114
NZ_LN831024.1_5402	iSynCJ816.SGL_RS02995	30.0	210	126	8	70	269	71	269	2.89e-11	63.5
NZ_LN831024.1_5402	iYL1228.KPN_00507	34.0	191	106	6	12	198	5	179	4.02e-11	63.2
NZ_LN831024.1_5403	iCN718.ABAYE_RS14915	32.8	250	151	9	3	245	4	243	9.48e-30	111
NZ_LN831024.1_5403	iYL1228.KPN_01091	34.5	252	144	10	3	245	4	243	2.61e-29	110
NZ_LN831024.1_5403	STM_v1_0.STM1195	34.1	252	145	10	3	245	4	243	1.50e-27	105
NZ_LN831024.1_5403	iSDY_1059.SDY_2057	32.9	252	148	10	3	245	4	243	1.50e-27	105
NZ_LN831024.1_5403	iLJ478.TM1724	32.8	253	144	8	3	242	4	243	4.28e-27	104
NZ_LN831024.1_5403	iEK1008.Rv1928c	33.5	248	147	7	5	242	12	251	7.24e-27	103
NZ_LN831024.1_5403	iML1515.b1093	32.9	252	148	10	3	245	4	243	8.04e-27	103
NZ_LN831024.1_5403	iSbBS512_1146.SbBS512_E2231	32.9	252	148	10	3	245	4	243	8.04e-27	103
NZ_LN831024.1_5403	iSF_1195.SF1097	32.9	252	148	10	3	245	4	243	8.04e-27	103
NZ_LN831024.1_5403	iSSON_1240.SSON_1113	32.9	252	148	10	3	245	4	243	8.04e-27	103
NZ_LN831024.1_5403	iSynCJ816.SGL_RS07245	33.5	245	144	8	8	243	10	244	1.68e-26	102
NZ_LN831024.1_5403	iAF987.Gmet_1601	32.9	255	147	9	3	245	4	246	3.21e-26	102
NZ_LN831024.1_5403	iCN900.CD630_25770	31.8	258	141	10	3	242	2	242	6.15e-26	101
NZ_LN831024.1_5405	iJN1463.PP_0283	89.9	257	26	0	1	257	1	257	2.96e-165	457
NZ_LN831024.1_5406	iJN1463.PP_0282	78.4	250	52	2	1	249	1	249	1.87e-137	386
NZ_LN831024.1_5407	iJN1463.PP_0281	67.0	230	76	0	1	230	1	230	7.38e-109	312
NZ_LN831024.1_5408	iJN1463.PP_0280	72.7	227	62	0	4	230	3	229	5.62e-115	327
NZ_LN831024.1_5411	iJN1463.PP_4211	30.7	433	291	5	52	479	39	467	6.51e-39	147
NZ_LN831024.1_5412	iML1515.b3241	27.7	311	166	9	21	324	13	271	4.09e-18	84.0
NZ_LN831024.1_5413	iYO844.BSU03070	29.0	493	326	8	17	495	16	498	1.57e-55	193
NZ_LN831024.1_5414	iJN1463.PP_1785	69.4	360	99	1	3	351	2	361	6.64e-192	533
NZ_LN831024.1_5415	iJN1463.PP_1784	60.0	300	114	2	3	297	2	300	1.85e-115	334
NZ_LN831024.1_5415	iYL1228.KPN_02489	57.0	298	118	3	3	296	2	293	7.18e-107	312
NZ_LN831024.1_5415	iYL1228.KPN_02495	57.0	298	118	3	3	296	2	293	7.18e-107	312
NZ_LN831024.1_5415	iSDY_1059.SDY_2205	54.5	297	125	3	4	296	3	293	2.43e-103	303
NZ_LN831024.1_5415	iSbBS512_1146.SbBS512_E1193	54.9	297	124	3	4	296	3	293	9.83e-103	302
NZ_LN831024.1_5415	iML1515.b2040	54.9	297	124	3	4	296	3	293	1.39e-102	301
NZ_LN831024.1_5416	iJN1463.PP_1783	78.5	293	63	0	1	293	1	293	9.08e-171	474
NZ_LN831024.1_5416	iML1515.b2039	76.1	289	69	0	3	291	4	292	1.12e-164	458
NZ_LN831024.1_5416	iSF_1195.SF2102	76.2	286	68	0	3	288	4	289	2.54e-163	455
NZ_LN831024.1_5416	STM_v1_0.STM2095	75.5	286	70	0	3	288	4	289	3.60e-163	454
NZ_LN831024.1_5416	iSbBS512_1146.SbBS512_E1194	76.2	286	68	0	3	288	4	289	1.03e-162	453
NZ_LN831024.1_5416	iSDY_1059.SDY_2206	76.2	286	68	0	3	288	4	289	1.46e-162	453
NZ_LN831024.1_5417	iJN1463.PP_1782	66.3	181	60	1	1	180	1	181	2.76e-87	253
NZ_LN831024.1_5417	iSF_1195.SF2101	64.1	181	63	2	1	180	1	180	8.88e-86	249
NZ_LN831024.1_5417	iSbBS512_1146.SbBS512_E1195	63.6	176	63	1	1	175	1	176	5.57e-83	243
NZ_LN831024.1_5417	iJN1463.PP_0265	62.3	175	66	0	7	181	7	181	1.39e-82	241
NZ_LN831024.1_5417	iYL1228.KPN_02488	62.8	183	65	3	1	180	1	183	1.79e-81	239
NZ_LN831024.1_5417	iSynCJ816.SGL_RS12335	61.7	180	69	0	1	180	1	180	1.68e-81	239
NZ_LN831024.1_5417	iYL1228.KPN_02494	62.3	183	66	3	1	180	1	183	3.61e-81	238
NZ_LN831024.1_5417	STM_v1_0.STM2094	65.7	169	57	1	1	168	2	170	4.95e-81	238
NZ_LN831024.1_5417	iSDY_1059.SDY_2207	63.8	177	61	3	1	174	1	177	2.15e-80	236
NZ_LN831024.1_5419	iAF987.Gmet_1914	35.7	129	81	2	12	139	3	130	6.78e-16	79.3
NZ_LN831024.1_5419	iAF987.Gmet_3476	35.6	135	85	2	6	138	5	139	2.61e-15	77.4
NZ_LN831024.1_5420	iML1515.b3579	27.2	302	211	6	29	325	28	325	1.99e-30	117
NZ_LN831024.1_5420	STM_v1_0.STM3673	26.8	302	212	5	29	325	28	325	9.96e-28	110
NZ_LN831024.1_5422	iJN1463.PP_1167	42.9	385	218	1	40	422	39	423	4.12e-90	279
NZ_LN831024.1_5423	iJN1463.PP_1002	84.6	479	68	1	4	482	3	475	3.24e-285	779
NZ_LN831024.1_5424	iJN1463.PP_1001	84.7	418	63	1	1	418	1	417	1.81e-274	746
NZ_LN831024.1_5425	iJN1463.PP_1000	92.0	336	27	0	1	336	1	336	9.80e-231	629
NZ_LN831024.1_5426	iJN1463.PP_0999	79.7	310	62	1	1	310	1	309	2.57e-176	489
NZ_LN831024.1_5427	iHN637.CLJU_RS20760	28.1	406	233	18	152	540	40	403	1.01e-25	109
NZ_LN831024.1_5427	iEK1008.Rv2524c	25.8	515	336	16	57	544	2491	2986	1.28e-24	109
NZ_LN831024.1_5427	iYO844.BSU11340	30.2	374	203	18	185	541	73	405	1.16e-23	103
NZ_LN831024.1_5427	iYS854.USA300HOU_RS04880	28.2	369	215	15	185	540	74	405	1.58e-23	103
NZ_LN831024.1_5429	iJN1463.PP_0261	68.4	263	81	1	8	268	3	265	1.79e-126	360
NZ_LN831024.1_5430	iJN1463.PP_0260	83.2	184	31	0	1	184	1	184	1.50e-108	308
NZ_LN831024.1_5431	iAF987.Gmet_1630	44.7	215	119	0	3	217	2	216	6.62e-63	195
NZ_LN831024.1_5431	iML1515.b3399	42.8	215	123	0	6	220	7	221	4.69e-59	185
NZ_LN831024.1_5434	iEK1008.Rv2899c	31.8	264	146	7	38	278	24	276	1.82e-24	99.0
NZ_LN831024.1_5434	iAF987.Gmet_1062	31.3	227	143	4	36	260	16	231	1.53e-20	90.5
NZ_LN831024.1_5435	iCN718.ABAYE_RS04780	55.0	758	338	1	9	763	18	775	6.48e-298	836
NZ_LN831024.1_5435	iEK1008.Rv2900c	52.9	760	338	8	12	764	30	776	2.25e-267	758
NZ_LN831024.1_5439	iEK1008.Rv1885c	30.3	175	118	1	10	180	19	193	6.07e-11	58.5
NZ_LN831024.1_5441	iCN718.ABAYE_RS07975	55.0	387	172	1	1	387	1	385	4.09e-127	370
NZ_LN831024.1_5442	iJN1463.PP_2048	75.7	596	140	1	1	596	1	591	0.0	888
NZ_LN831024.1_5443	iJN1463.PP_2047	67.6	404	131	0	1	404	1	404	8.18e-184	516
NZ_LN831024.1_5445	iSynCJ816.SGL_RS08770	46.4	196	105	0	5	200	5	200	1.53e-62	192
NZ_LN831024.1_5447	iYO844.BSU30560	51.7	509	242	4	8	513	19	526	2.76e-180	516
NZ_LN831024.1_5447	iHN637.CLJU_RS03050	47.2	509	262	4	8	512	16	521	2.67e-161	468
NZ_LN831024.1_5449	iSSON_1240.SSON_2230	29.4	221	133	6	20	233	24	228	1.26e-14	71.2
NZ_LN831024.1_5449	iML1515.b2174	28.2	220	137	6	20	233	12	216	1.47e-14	70.9
NZ_LN831024.1_5449	iSbBS512_1146.SbBS512_E0784	29.4	221	133	6	20	233	24	228	1.72e-14	70.9
NZ_LN831024.1_5449	iSDY_1059.SDY_0905	28.2	220	137	6	20	233	24	228	1.72e-14	70.9
NZ_LN831024.1_5449	iSF_1195.SF2261	31.0	203	111	7	44	233	30	216	1.35e-13	68.2
NZ_LN831024.1_5452	iAF692.Mbar_A3203	26.7	330	194	7	2	288	3	327	1.35e-24	100
NZ_LN831024.1_5453	iSynCJ816.SGL_RS10890	33.2	256	145	6	55	303	58	294	1.85e-31	119
NZ_LN831024.1_5453	iJN1463.PP_4799	33.3	306	178	8	9	301	5	297	8.69e-31	117
NZ_LN831024.1_5455	iAF987.Gmet_1706	40.7	118	66	2	12	127	2	117	2.08e-18	82.4
NZ_LN831024.1_5455	iAF987.Gmet_1914	38.3	107	66	0	11	117	2	108	9.70e-17	78.6
NZ_LN831024.1_5456	iHN637.CLJU_RS10465	41.9	74	40	2	652	724	475	546	1.22e-08	58.2
NZ_LN831024.1_5457	iML1515.b1686	29.5	88	62	0	25	112	31	118	3.62e-07	45.8
NZ_LN831024.1_5457	iML1515.b0597	32.6	89	58	2	18	105	24	111	7.19e-06	42.4
NZ_LN831024.1_5458	iJN1463.PP_0243	74.2	527	133	2	1	526	1	525	8.45e-277	761
NZ_LN831024.1_5459	iJN1463.PP_5185	85.9	432	61	0	1	432	1	432	3.07e-271	739
NZ_LN831024.1_5461	iJN1463.PP_5186	76.5	379	89	0	1	379	1	379	3.10e-225	619
NZ_LN831024.1_5462	iLJ478.TM0261	41.0	395	221	3	12	406	4	386	3.80e-86	268
NZ_LN831024.1_5462	iEK1008.Rv2281	36.8	494	216	8	12	420	70	552	1.03e-77	250
NZ_LN831024.1_5468	iJN1463.PP_5192	79.1	957	200	0	31	987	1	957	0.0	1527
NZ_LN831024.1_5469	iJN1463.PP_5193	81.6	125	23	0	14	138	1	125	9.28e-73	213
NZ_LN831024.1_5470	iJN1463.PP_5194	75.8	360	87	0	1	360	1	360	5.39e-201	556
NZ_LN831024.1_5471	iJN1463.PP_5195	81.7	536	97	1	1	536	1	535	8.70e-300	821
NZ_LN831024.1_5472	iJN1463.PP_5196	84.5	329	50	1	5	332	5	333	3.45e-204	561
NZ_LN831024.1_5474	iEK1008.Rv0191	24.8	375	240	13	8	355	17	376	6.19e-07	50.8
NZ_LN831024.1_5476	iJN1463.PP_5197	79.0	404	85	0	1	404	3	406	7.71e-231	635
NZ_LN831024.1_5478	iJN1463.PP_5199	76.1	393	94	0	1	393	1	393	1.69e-220	608
NZ_LN831024.1_5479	iYS854.USA300HOU_RS08170	30.7	261	149	5	163	422	114	343	2.31e-30	120
NZ_LN831024.1_5483	iJN1463.PP_5203	73.3	202	54	0	1	202	1	202	3.84e-102	293
NZ_LN831024.1_5487	iNF517.LLMG_RS04060	26.5	491	318	16	11	483	5	470	2.26e-36	144
NZ_LN831024.1_5487	iCN900.CD630_16140	34.7	222	143	2	286	506	36	256	2.78e-38	143
NZ_LN831024.1_5487	iEK1008.Rv2936	31.6	269	157	6	11	263	10	267	2.58e-35	137
NZ_LN831024.1_5487	iYL1228.KPN_00886	35.7	252	152	5	245	492	8	253	3.08e-34	135
NZ_LN831024.1_5487	iPC815.YPO1332	35.6	236	147	4	260	492	4	237	3.06e-34	135
NZ_LN831024.1_5487	STM_v1_0.STM0878	36.0	236	145	4	261	492	4	237	1.38e-33	133
NZ_LN831024.1_5487	iYS854.USA300HOU_RS01050	26.2	519	326	22	14	494	12	511	1.88e-32	132
NZ_LN831024.1_5487	iJN1463.PP_5179	35.9	223	139	3	272	492	20	240	2.67e-33	132
NZ_LN831024.1_5487	iYL1228.KPN_04154	25.6	503	332	15	11	495	7	485	7.73e-32	130
NZ_LN831024.1_5487	iSDY_1059.SDY_0740	35.9	234	144	4	263	492	6	237	1.14e-32	130
NZ_LN831024.1_5487	iML1515.b0855	35.9	234	144	4	263	492	6	237	1.54e-32	130
NZ_LN831024.1_5487	iSF_1195.SF0809	35.9	234	144	4	263	492	33	264	2.50e-32	130
NZ_LN831024.1_5490	iEK1008.Rv3141	39.1	327	192	6	1	325	1	322	2.50e-63	203
NZ_LN831024.1_5491	STM_v1_0.STM2283	73.6	435	115	0	1	435	1	435	5.00e-247	680
NZ_LN831024.1_5491	iML1515.b2240	74.3	428	110	0	1	428	1	428	3.35e-245	675
NZ_LN831024.1_5491	iSbBS512_1146.SbBS512_E2622	74.3	428	110	0	1	428	1	428	3.35e-245	675
NZ_LN831024.1_5491	iSSON_1240.SSON_2301	74.3	428	110	0	1	428	1	428	3.35e-245	675
NZ_LN831024.1_5491	iSF_1195.SF2322	74.3	428	110	0	1	428	1	428	6.75e-245	674
NZ_LN831024.1_5491	iSDY_1059.SDY_2435	74.5	428	109	0	1	428	1	428	9.58e-245	674
NZ_LN831024.1_5491	iYL1228.KPN_02646	73.8	428	112	0	1	428	1	428	2.75e-243	670
NZ_LN831024.1_5492	STM_v1_0.STM2093	30.5	308	198	13	18	316	20	320	1.19e-33	125
NZ_LN831024.1_5493	iJN1463.PP_5213	91.0	488	44	0	1	488	1	488	0.0	933
NZ_LN831024.1_5494	STM_v1_0.STM2232	32.5	517	314	16	6	513	6	496	3.70e-65	225
NZ_LN831024.1_5495	iCN900.CD630_02510	27.5	240	152	5	160	387	151	380	4.57e-10	60.8
NZ_LN831024.1_5496	iJN1463.PP_5215	81.3	107	20	0	2	108	3	109	7.22e-62	183
NZ_LN831024.1_5496	iML1515.b3781	72.2	108	30	0	1	108	1	108	6.65e-58	173
NZ_LN831024.1_5496	STM_v1_0.STM3915	72.2	108	30	0	1	108	1	108	6.65e-58	173
NZ_LN831024.1_5496	iSbBS512_1146.SbBS512_E4140	72.2	108	30	0	1	108	1	108	6.65e-58	173
NZ_LN831024.1_5496	iSDY_1059.SDY_3968	72.2	108	30	0	1	108	19	126	1.18e-57	173
NZ_LN831024.1_5496	iSF_1195.SF3854	72.2	108	30	0	1	108	19	126	1.18e-57	173
NZ_LN831024.1_5496	iSSON_1240.SSON_3952	72.2	108	30	0	1	108	19	126	1.18e-57	173
NZ_LN831024.1_5496	iYL1228.KPN_04282	72.2	108	30	0	1	108	1	108	1.91e-57	172
NZ_LN831024.1_5496	iPC815.YPO3868	70.4	108	32	0	1	108	1	108	2.62e-57	172
NZ_LN831024.1_5497	iJN1463.PP_5216	73.9	501	130	1	1	501	1	500	1.73e-270	743
NZ_LN831024.1_5498	iJN1463.PP_5217	84.2	697	110	0	40	736	31	727	0.0	1178
NZ_LN831024.1_5499	iPC815.YPO3771	69.8	325	97	1	10	333	9	333	2.24e-161	454
NZ_LN831024.1_5499	iCN718.ABAYE_RS14480	64.7	334	118	0	1	334	1	334	4.80e-148	420
NZ_LN831024.1_5500	iNF517.LLMG_RS09290	25.4	201	119	5	5	180	7	201	1.16e-09	55.5
NZ_LN831024.1_5504	iYO844.BSU38280	27.9	251	168	5	387	629	214	459	1.74e-19	91.7
NZ_LN831024.1_5505	iPC815.YPO3831	44.1	211	107	4	1	206	1	205	4.98e-49	158
NZ_LN831024.1_5505	STM_v1_0.STM3960	43.1	211	111	3	1	207	1	206	5.66e-48	155
NZ_LN831024.1_5505	iYL1228.KPN_04320	42.0	207	119	1	1	207	1	206	8.01e-48	155
NZ_LN831024.1_5505	iML1515.b3824	42.0	212	112	2	1	207	1	206	1.60e-47	154
NZ_LN831024.1_5505	iSbBS512_1146.SbBS512_E4291	42.0	212	112	2	1	207	1	206	1.60e-47	154
NZ_LN831024.1_5508	iPC815.YPO2060	38.0	192	111	4	312	498	4	192	2.16e-26	108
NZ_LN831024.1_5508	iYL1228.KPN_02373	37.5	192	112	4	312	498	4	192	1.12e-24	103
NZ_LN831024.1_5508	iJN1463.PP_0118	35.1	194	118	4	308	496	1	191	2.03e-23	99.8
NZ_LN831024.1_5508	iSDY_1059.SDY_1145	36.5	192	114	4	312	498	4	192	6.06e-23	98.2
NZ_LN831024.1_5508	iML1515.b1858	36.5	192	114	4	312	498	4	192	8.23e-23	97.8
NZ_LN831024.1_5508	iSSON_1240.SSON_1283	36.5	192	114	4	312	498	4	192	8.23e-23	97.8
NZ_LN831024.1_5511	iAF987.Gmet_2161	28.4	222	140	4	7	209	370	591	3.49e-17	79.0
NZ_LN831024.1_5513	iJN1463.PP_0190	37.8	143	87	1	7	149	7	147	2.08e-23	90.1
NZ_LN831024.1_5514	iJN1463.PP_0189	53.3	407	189	1	1	407	1	406	1.17e-134	392
NZ_LN831024.1_5515	iJN1463.PP_0188	49.3	357	178	2	1	356	10	364	5.73e-98	295
NZ_LN831024.1_5516	iJN1463.PP_0187	61.4	251	97	0	1	251	1	251	9.88e-99	288
NZ_LN831024.1_5517	iJN1463.PP_0186	87.5	313	39	0	1	313	1	313	1.69e-192	530
NZ_LN831024.1_5519	iAF987.Gmet_2999	39.3	112	61	4	2	109	9	117	2.94e-11	59.7
NZ_LN831024.1_5521	iJN1463.PP_0184	90.9	464	42	0	1	464	5	468	2.31e-313	849
NZ_LN831024.1_5526	iYL1228.KPN_04313	31.1	334	214	4	5	335	12	332	4.10e-53	177
NZ_LN831024.1_5526	iPC815.YPO3837	31.3	326	214	3	10	335	1	316	4.13e-52	174
NZ_LN831024.1_5526	iML1515.b3816	31.6	329	209	4	10	335	1	316	5.81e-52	174
NZ_LN831024.1_5526	iSbBS512_1146.SbBS512_E4281	31.6	329	209	4	10	335	1	316	5.81e-52	174
NZ_LN831024.1_5526	iSDY_1059.SDY_3929	31.6	329	209	4	10	335	1	316	5.81e-52	174
NZ_LN831024.1_5526	iSF_1195.SF3894	31.6	329	209	4	10	335	1	316	5.81e-52	174
NZ_LN831024.1_5526	iSSON_1240.SSON_3991	31.6	329	209	4	10	335	1	316	5.81e-52	174
NZ_LN831024.1_5526	STM_v1_0.STM3952	31.3	329	210	4	10	335	1	316	1.15e-51	173
NZ_LN831024.1_5526	iAF987.Gmet_0134	31.7	300	190	4	38	335	31	317	4.53e-47	161
NZ_LN831024.1_5530	iJN1463.PP_5222	58.3	952	383	8	1	947	1	943	0.0	1026
NZ_LN831024.1_5533	iSDY_1059.SDY_3938	47.7	109	49	3	4	108	1	105	2.18e-26	94.0
NZ_LN831024.1_5533	iSF_1195.SF3880	47.7	109	49	3	4	108	1	105	2.18e-26	94.0
NZ_LN831024.1_5533	iSSON_1240.SSON_3980	47.7	109	49	3	4	108	1	105	2.18e-26	94.0
NZ_LN831024.1_5533	iSbBS512_1146.SbBS512_E4266	47.7	109	49	3	4	108	1	105	3.09e-26	93.6
NZ_LN831024.1_5534	iJN1463.PP_5226	57.5	40	17	0	1	40	1	40	6.10e-10	48.5
NZ_LN831024.1_5535	iJN1463.PP_5227	83.6	415	68	0	1	415	1	415	7.87e-247	676
NZ_LN831024.1_5536	iJN1463.PP_5228	79.0	276	58	0	1	276	12	287	2.78e-166	461
NZ_LN831024.1_5539	iML1515.b3812	34.1	232	149	2	1	228	7	238	5.91e-34	121
NZ_LN831024.1_5541	iCN900.CD630_36640	23.7	337	250	5	122	451	44	380	1.60e-27	113
NZ_LN831024.1_5541	iAT_PLT_636.51166	27.7	346	215	11	142	455	112	454	4.80e-24	103
NZ_LN831024.1_5546	iJN1463.PP_5233	86.7	443	58	1	1	442	1	443	2.64e-275	751
NZ_LN831024.1_5549	iAF692.Mbar_A1776	32.9	70	47	0	277	346	121	190	3.32e-05	46.2
NZ_LN831024.1_5549	iSynCJ816.SGL_RS02940	28.2	195	100	6	185	346	9	196	3.30e-05	46.2
NZ_LN831024.1_5549	iSynCJ816.SGL_RS04915	27.0	111	59	1	277	387	129	217	3.10e-05	45.8
NZ_LN831024.1_5549	iEK1008.Rv2850c	26.1	134	83	3	287	414	94	217	2.23e-04	43.5
NZ_LN831024.1_5550	iJN1463.PP_3957	82.7	654	109	1	7	660	7	656	0.0	1081
NZ_LN831024.1_5551	iJN1463.PP_5130	76.5	298	68	1	1	296	54	351	1.92e-175	488
NZ_LN831024.1_5555	iAF987.Gmet_3085	39.9	444	257	4	108	547	450	887	9.59e-99	319
NZ_LN831024.1_5555	iAF987.Gmet_0957	39.8	437	259	3	112	544	184	620	7.34e-99	312
NZ_LN831024.1_5555	iAF987.Gmet_0700	39.5	476	282	5	75	545	345	819	1.47e-96	311
NZ_LN831024.1_5555	iAF987.Gmet_0987	38.1	446	271	4	112	553	349	793	3.70e-93	301
NZ_LN831024.1_5555	iAF987.Gmet_0782	38.8	436	262	3	112	543	290	724	1.17e-92	299
NZ_LN831024.1_5555	iAF987.Gmet_2629	38.5	436	262	5	112	543	374	807	3.68e-90	294
NZ_LN831024.1_5555	iJN1463.PP_3581	39.6	432	247	6	120	543	259	684	7.75e-90	290
NZ_LN831024.1_5557	iPC815.YPO1358	44.6	569	313	2	6	572	5	573	4.10e-173	502
NZ_LN831024.1_5557	iSDY_1059.SDY_2392	44.3	569	314	3	6	572	5	572	2.07e-170	495
NZ_LN831024.1_5557	iML1515.b0871	44.5	569	313	3	6	572	5	572	5.87e-170	494
NZ_LN831024.1_5557	STM_v1_0.STM0935	44.6	569	312	3	6	572	5	572	8.31e-170	493
NZ_LN831024.1_5557	iSbBS512_1146.SbBS512_E2460	44.5	569	313	3	6	572	5	572	1.18e-169	493
NZ_LN831024.1_5557	iSSON_1240.SSON_0857	44.5	569	313	3	6	572	5	572	1.18e-169	493
NZ_LN831024.1_5557	iSF_1195.SF0826	44.3	569	314	3	6	572	5	572	1.67e-169	493
NZ_LN831024.1_5557	iYL1228.KPN_00904	44.1	569	315	3	6	572	8	575	1.68e-167	488
NZ_LN831024.1_5558	iYO844.BSU22070	67.9	190	61	0	1	190	1	190	4.81e-86	251
NZ_LN831024.1_5559	iCN900.CD630_23390	26.1	383	200	15	153	528	126	432	2.11e-14	75.5
NZ_LN831024.1_5559	iAF987.Gmet_2142	26.6	410	206	14	143	533	118	451	7.36e-13	71.2
NZ_LN831024.1_5562	iJN1463.PP_5269	71.3	356	102	0	1	356	1	356	1.94e-183	511
NZ_LN831024.1_5564	iJN1463.PP_5270	85.6	432	62	0	1	432	1	432	1.64e-271	740
NZ_LN831024.1_5564	iJN1463.PP_4434	77.5	431	97	0	1	431	1	431	2.73e-251	689
NZ_LN831024.1_5569	iJN1463.PP_5273	77.8	427	95	0	9	435	2	428	1.23e-246	677
NZ_LN831024.1_5570	iAF987.Gmet_0078	31.8	450	295	5	35	476	36	481	1.84e-62	212
NZ_LN831024.1_5571	iJN1463.PP_3740	30.3	238	137	8	18	243	37	257	8.28e-07	50.4
NZ_LN831024.1_5572	iJN1463.PP_5278	86.3	497	68	0	1	497	1	497	1.11e-319	868
NZ_LN831024.1_5573	iJN1463.PP_0596	50.5	432	207	5	12	440	17	444	4.79e-146	423
NZ_LN831024.1_5573	iCN718.ABAYE_RS06905	50.0	428	207	5	16	440	31	454	7.86e-137	400
NZ_LN831024.1_5577	iJN1463.PP_0882	50.6	510	248	2	20	525	35	544	8.55e-187	534
NZ_LN831024.1_5580	iJN1463.PP_5285	86.0	401	56	0	1	401	1	401	1.12e-242	665
NZ_LN831024.1_5581	iJN1463.PP_5286	90.7	151	14	0	1	151	1	151	5.35e-100	283
NZ_LN831024.1_5583	iJN1463.PP_5288	78.0	455	100	0	287	741	9	463	6.20e-263	733
NZ_LN831024.1_5584	iJN1463.PP_5289	92.6	299	22	0	1	299	1	299	9.00e-198	543
NZ_LN831024.1_5586	iAF987.Gmet_2107	29.9	324	189	13	8	314	7	309	3.76e-27	107
NZ_LN831024.1_5588	iCHOv1.100760306	27.8	449	307	8	25	460	24	468	2.51e-53	185
NZ_LN831024.1_5590	iSbBS512_1146.SbBS512_E0658	34.9	126	77	4	9	131	2	125	4.10e-10	54.3
NZ_LN831024.1_5590	iSF_1195.SF0561	34.1	126	78	4	9	131	2	125	5.73e-10	53.9
NZ_LN831024.1_5590	iSSON_1240.SSON_0688	34.1	126	78	4	9	131	2	125	5.73e-10	53.9
NZ_LN831024.1_5590	iYS854.USA300HOU_RS06875	28.5	123	82	4	16	133	8	129	8.31e-10	53.9
NZ_LN831024.1_5590	iSDY_1059.SDY_0684	33.3	126	79	4	9	131	2	125	2.23e-08	49.7
NZ_LN831024.1_5592	iJN1463.PP_5291	85.4	213	31	0	1	213	1	213	1.52e-127	358
NZ_LN831024.1_5595	iCN900.CD630_33080	58.2	239	100	0	1	239	1	239	1.07e-90	274
NZ_LN831024.1_5597	iJN1463.PP_5296	67.7	201	65	0	2	202	5	205	4.62e-90	262
NZ_LN831024.1_5597	iYL1228.KPN_03996	61.6	203	76	1	3	203	4	206	9.49e-83	244
NZ_LN831024.1_5597	STM_v1_0.STM3740	61.6	203	76	1	3	203	4	206	3.85e-82	242
NZ_LN831024.1_5597	iML1515.b3648	61.6	203	76	1	3	203	4	206	1.10e-81	241
NZ_LN831024.1_5597	iSbBS512_1146.SbBS512_E4099	61.6	203	76	1	3	203	4	206	1.10e-81	241
NZ_LN831024.1_5597	iSF_1195.SF3688	61.6	203	76	1	3	203	4	206	1.10e-81	241
NZ_LN831024.1_5597	iSSON_1240.SSON_3757	61.6	203	76	1	3	203	4	206	1.10e-81	241
NZ_LN831024.1_5597	iSDY_1059.SDY_4080	61.1	203	77	1	3	203	4	206	1.27e-80	238
NZ_LN831024.1_5599	iJN1463.PP_5302	89.9	702	70	1	1	701	1	702	0.0	1262
NZ_LN831024.1_5600	iML1515.b1010	33.3	123	81	1	1	122	1	123	1.97e-13	62.0
NZ_LN831024.1_5600	iSDY_1059.SDY_0985	33.3	123	81	1	1	122	1	123	1.97e-13	62.0
NZ_LN831024.1_5600	iSF_1195.SF1013	33.3	123	81	1	1	122	1	123	3.91e-13	61.2
NZ_LN831024.1_5602	iML1515.b3823	28.8	212	136	5	1	204	1	205	4.09e-13	65.1
NZ_LN831024.1_5602	iSbBS512_1146.SbBS512_E4290	28.8	212	136	5	1	204	1	205	4.09e-13	65.1
NZ_LN831024.1_5602	iYL1228.KPN_04318	29.4	221	123	8	1	204	1	205	7.83e-13	64.3
NZ_LN831024.1_5602	STM_v1_0.STM3959	28.1	210	140	4	1	204	1	205	7.54e-12	61.6
NZ_LN831024.1_5610	iJN1463.PP_5314	77.1	380	87	0	5	384	3	382	3.03e-221	609
NZ_LN831024.1_5611	iJN1463.PP_5315	74.1	54	14	0	1	54	1	54	1.57e-32	105
NZ_LN831024.1_5611	iCN718.ABAYE_RS05795	68.5	54	17	0	1	54	1	54	2.12e-26	98.2
NZ_LN831024.1_5611	iJN1463.PP_5371	63.6	55	20	0	1	55	1	55	3.09e-26	97.8
NZ_LN831024.1_5612	iJN1463.PP_5315	85.5	55	8	0	1	55	1	55	1.74e-38	120
NZ_LN831024.1_5612	iJN1463.PP_5371	77.8	54	12	0	1	54	1	54	3.64e-31	111
NZ_LN831024.1_5614	iJN1463.PP_3747	72.0	404	113	0	1	404	1	404	1.51e-218	604
NZ_LN831024.1_5614	iML1515.b4467	66.3	404	136	0	1	404	1	404	4.06e-201	560
NZ_LN831024.1_5615	iJN1463.PP_3746	65.4	347	118	1	13	359	6	350	1.09e-155	441
NZ_LN831024.1_5615	iML1515.b4468	60.5	347	135	1	13	359	6	350	3.09e-143	409
NZ_LN831024.1_5616	iJN1463.PP_3745	83.2	499	84	0	1	499	1	499	5.78e-310	843
NZ_LN831024.1_5616	iML1515.b2979	79.6	499	102	0	1	499	1	499	1.25e-297	812
NZ_LN831024.1_5618	iJN1463.PP_5317	64.3	168	59	1	7	173	13	180	1.15e-74	221
NZ_LN831024.1_5619	iJN1463.PP_5318	71.6	296	84	0	1	296	1	296	1.28e-153	431
NZ_LN831024.1_5621	iAF987.Gmet_1706	38.5	117	70	1	6	122	3	117	4.12e-20	86.7
NZ_LN831024.1_5621	iAF987.Gmet_0069	36.3	124	77	1	4	125	3	126	1.34e-19	85.1
NZ_LN831024.1_5621	iAF987.Gmet_1919	35.3	119	75	1	5	123	4	120	1.30e-18	82.8
NZ_LN831024.1_5622	iAF987.Gmet_0043	24.6	240	156	7	202	426	33	262	5.79e-14	73.6
NZ_LN831024.1_5624	iML1515.b1856	38.1	118	60	5	158	271	293	401	1.82e-11	63.9
NZ_LN831024.1_5626	iAF987.Gmet_0069	35.2	125	81	0	3	127	2	126	2.14e-20	86.7
NZ_LN831024.1_5627	iCN900.CD630_32860	25.4	205	138	4	27	223	345	542	3.67e-08	53.1
NZ_LN831024.1_5628	iJN1463.PP_5326	88.1	277	33	0	1	277	5	281	3.72e-179	494
NZ_LN831024.1_5629	iJN1463.PP_5327	79.6	554	113	0	4	557	2	555	9.93e-320	872
NZ_LN831024.1_5630	iJN1463.PP_5328	75.3	762	187	1	1	761	1	762	0.0	1139
NZ_LN831024.1_5631	iJN1463.PP_5329	86.4	323	44	0	1	323	1	323	1.34e-203	560
NZ_LN831024.1_5632	iPC815.YPO0465	66.5	412	138	0	13	424	30	441	2.69e-194	546
NZ_LN831024.1_5633	iAF987.Gmet_0769	34.7	118	77	0	14	131	4	121	4.06e-16	69.7
NZ_LN831024.1_5634	iJN1463.PP_5064	86.3	560	77	0	1	560	1	560	0.0	1029
NZ_LN831024.1_5634	iML1515.b0311	79.7	552	112	0	4	555	2	553	0.0	947
NZ_LN831024.1_5634	iCN718.ABAYE_RS14300	79.4	548	112	1	3	549	4	551	0.0	928
NZ_LN831024.1_5635	iJN1463.PP_5063	82.9	490	84	0	1	490	1	490	5.68e-294	802
NZ_LN831024.1_5635	iCN718.ABAYE_RS14295	78.0	490	108	0	1	490	1	490	1.82e-283	775
NZ_LN831024.1_5635	iML1515.b0312	77.3	490	111	0	1	490	1	490	2.23e-277	760
NZ_LN831024.1_5635	iYL1228.KPN_00585	78.4	485	105	0	6	490	3	487	9.42e-276	756
NZ_LN831024.1_5635	iPC815.YPO1166	76.1	490	117	0	1	490	1	490	1.00e-273	751
NZ_LN831024.1_5637	iJN1463.PP_5061	76.0	513	121	2	1	512	1	512	5.24e-279	773
NZ_LN831024.1_5638	iJN1463.PP_0294	76.0	392	94	0	1	392	1	392	1.48e-214	593
NZ_LN831024.1_5639	iJN1463.PP_0295	81.2	271	51	0	3	273	2	272	6.67e-155	432
NZ_LN831024.1_5640	iJN1463.PP_0296	69.7	310	91	2	1	307	1	310	2.56e-150	424
NZ_LN831024.1_5641	iJN1463.PP_0297	82.1	458	82	0	1	458	1	458	1.29e-276	755
NZ_LN831024.1_5641	iJN1463.PP_3144	75.8	458	111	0	1	458	1	458	1.14e-249	687
NZ_LN831024.1_5646	iEK1008.Rv1400c	40.4	260	150	4	50	306	54	311	1.50e-44	154
NZ_LN831024.1_5646	iEK1008.Rv1399c	43.5	230	118	6	63	285	67	291	1.78e-41	146
NZ_LN831024.1_5646	iEK1008.Rv2970c	40.3	295	156	11	7	287	61	349	6.41e-40	143
NZ_LN831024.1_5647	iJN1463.PP_0301	59.2	152	62	0	5	156	4	155	2.44e-60	183
NZ_LN831024.1_5648	iJN1463.PP_0302	83.5	321	53	0	1	321	1	321	2.16e-199	548
NZ_LN831024.1_5649	iJN1463.PP_0303	82.0	294	53	0	1	294	1	294	6.80e-178	492
NZ_LN831024.1_5650	iJN1463.PP_0304	57.1	303	128	1	1	301	1	303	1.05e-120	348
NZ_LN831024.1_5652	iYL1228.KPN_01464	64.5	377	132	1	6	382	3	377	8.01e-173	486
NZ_LN831024.1_5655	iYO844.BSU26640	31.2	397	208	13	21	413	3	338	1.33e-47	166
NZ_LN831024.1_5656	iJN1463.PP_5364	68.6	475	149	0	17	491	7	481	4.92e-244	675
NZ_LN831024.1_5658	iJN1463.PP_4213	23.0	335	164	8	56	325	144	449	3.04e-18	84.7
NZ_LN831024.1_5660	iJN1463.PP_0310	93.1	686	47	0	1	686	1	686	0.0	1315
NZ_LN831024.1_5661	iJN1463.PP_0311	83.4	655	102	3	1	653	1	650	0.0	1106
NZ_LN831024.1_5662	iHN637.CLJU_RS19400	41.7	132	74	1	275	403	204	335	1.11e-26	108
NZ_LN831024.1_5673	iJN1463.PP_0315	85.2	425	63	0	1	425	1	425	1.26e-287	781
NZ_LN831024.1_5675	iJN1463.PP_0316	82.0	366	66	0	1	366	3	368	9.17e-231	632
NZ_LN831024.1_5677	iJN1463.PP_0321	85.8	345	49	0	1	345	1	345	1.01e-228	625
NZ_LN831024.1_5679	iJN1463.PP_0322	90.2	417	41	0	1	417	1	417	1.82e-276	751
NZ_LN831024.1_5680	iJN1463.PP_0323	92.3	416	32	0	1	416	1	416	1.45e-293	795
NZ_LN831024.1_5681	iJN1463.PP_0324	83.3	96	16	0	1	96	1	96	8.62e-63	186
NZ_LN831024.1_5682	iJN1463.PP_0325	81.4	1005	185	2	1	1004	1	1004	0.0	1670
NZ_LN831024.1_5683	iJN1463.PP_0326	60.2	211	83	1	1	211	1	210	1.16e-81	241
NZ_LN831024.1_5684	iJN1463.PP_0327	87.0	285	37	0	1	285	1	285	1.43e-186	513
NZ_LN831024.1_5685	iJN1463.PP_0328	86.7	399	53	0	1	399	1	399	3.53e-258	704
NZ_LN831024.1_5689	iJN1463.PP_5335	89.9	358	36	0	1	358	1	358	1.24e-236	646
NZ_LN831024.1_5690	iJN1463.PP_5336	94.5	163	9	0	1	163	1	163	4.27e-105	297
NZ_LN831024.1_5691	iYL1228.KPN_01853	46.3	339	174	5	7	342	1	334	7.28e-99	295
NZ_LN831024.1_5691	STM_v1_0.STM1567	46.4	336	176	3	7	341	1	333	2.93e-98	293
NZ_LN831024.1_5691	iML1515.b1478	46.9	311	162	2	32	341	25	333	1.08e-95	287
NZ_LN831024.1_5691	iJN1463.PP_3839	45.9	338	175	5	7	341	1	333	1.08e-95	287
NZ_LN831024.1_5691	iSDY_1059.SDY_1608	45.2	341	175	4	6	341	10	343	3.69e-95	287
NZ_LN831024.1_5691	iSF_1195.SF1747	46.6	311	163	2	32	341	25	333	2.47e-94	283
NZ_LN831024.1_5691	iMM904.YBR145W	43.7	343	189	3	3	341	6	348	1.59e-93	282
NZ_LN831024.1_5691	iMM904.YMR303C	43.2	345	192	3	1	341	1	345	5.82e-93	280
NZ_LN831024.1_5691	iMM904.YOL086C	42.3	345	195	3	1	341	1	345	3.01e-90	273
NZ_LN831024.1_5691	iNF517.LLMG_RS09975	41.9	339	191	4	7	341	1	337	3.77e-89	270
NZ_LN831024.1_5693	iJN1463.PP_5338	89.7	474	49	0	1	474	5	478	2.83e-303	824
NZ_LN831024.1_5695	iCN900.CD630_36640	28.0	282	193	5	120	394	32	310	1.41e-28	116
NZ_LN831024.1_5696	iMM1415.69215	34.5	87	49	3	65	146	98	181	2.22e-07	47.8
NZ_LN831024.1_5696	iMM1415.20229	25.9	139	93	3	6	135	5	142	2.34e-06	44.7
NZ_LN831024.1_5696	iCHOv1.100689427	31.9	72	48	1	64	135	72	142	3.22e-06	44.3
NZ_LN831024.1_5696	iCHOv1.100757665	37.5	72	42	2	65	136	75	143	3.16e-06	44.3
NZ_LN831024.1_5698	STM_v1_0.STM3279	65.8	398	135	1	1	398	18	414	3.77e-184	517
NZ_LN831024.1_5698	iSbBS512_1146.SbBS512_E3611	65.6	398	136	1	1	398	18	414	5.36e-184	516
NZ_LN831024.1_5698	iSSON_1240.SSON_3307	65.6	398	136	1	1	398	18	414	5.36e-184	516
NZ_LN831024.1_5698	iML1515.b3161	65.6	398	136	1	1	398	18	414	7.60e-184	516
NZ_LN831024.1_5698	iSF_1195.SF3202	65.6	398	136	1	1	398	18	414	7.60e-184	516
NZ_LN831024.1_5698	iSDY_1059.SDY_3340	65.3	398	137	1	1	398	18	414	8.80e-183	513
NZ_LN831024.1_5698	iYL1228.KPN_03569	65.3	398	137	1	1	398	18	414	2.51e-182	512
NZ_LN831024.1_5698	iPC815.YPO1285	59.5	398	159	1	1	398	19	414	5.96e-164	466
NZ_LN831024.1_5699	iJN1463.PP_5346	87.5	601	75	0	7	607	2	602	0.0	1033
NZ_LN831024.1_5700	iJN1463.PP_5347	93.0	471	33	0	1	471	1	471	0.0	875
NZ_LN831024.1_5703	iYS854.USA300HOU_RS01685	24.6	240	164	5	16	251	16	242	2.75e-16	76.6
NZ_LN831024.1_5704	iJN1463.PP_5351	73.0	477	126	2	10	486	10	483	4.65e-254	701
NZ_LN831024.1_5708	iAF987.Gmet_3085	41.0	561	326	3	388	943	319	879	3.37e-128	409
NZ_LN831024.1_5708	iAF987.Gmet_0987	41.1	555	325	2	396	949	232	785	1.57e-120	385
NZ_LN831024.1_5708	iAF987.Gmet_0700	41.3	545	315	3	406	948	277	818	9.05e-118	379
NZ_LN831024.1_5711	iJN1463.PP_0154	89.1	496	54	0	1	496	1	496	3.33e-319	866
NZ_LN831024.1_5713	iJN1463.PP_1802	57.5	353	150	0	1	353	2	354	1.08e-146	419
NZ_LN831024.1_5714	iJN1463.PP_1801	37.5	381	229	4	1	374	1	379	2.92e-72	229
NZ_LN831024.1_5715	iJN1463.PP_1801	35.3	116	73	2	275	389	205	319	2.00e-12	68.2
NZ_LN831024.1_5715	STM_v1_0.STM2086	29.7	145	96	4	268	411	181	320	1.30e-11	65.5
NZ_LN831024.1_5716	iJN1463.PP_1779	57.4	399	167	2	1	398	1	397	5.18e-159	454
NZ_LN831024.1_5717	iJN1463.PP_1778	43.6	264	149	0	2	265	1	264	7.38e-77	233
NZ_LN831024.1_5718	iJN1463.PP_1776	57.1	476	203	1	2	477	3	477	7.93e-182	517
NZ_LN831024.1_5719	iJN1463.PP_1799	59.0	334	118	2	5	319	15	348	1.22e-134	386
NZ_LN831024.1_5719	iAF987.Gmet_1488	53.1	343	139	3	3	323	2	344	1.57e-121	352
NZ_LN831024.1_5719	iAF692.Mbar_A0034	51.8	342	137	4	1	316	1	340	4.02e-120	350
NZ_LN831024.1_5720	iJN1463.PP_1800	34.1	305	179	10	2	296	5	297	6.34e-38	135
NZ_LN831024.1_5720	iEK1008.Rv0112	28.9	311	206	6	4	300	2	311	8.45e-34	125
NZ_LN831024.1_5723	iJN1463.PP_1765	26.6	154	99	6	55	198	51	200	7.06e-07	48.9
NZ_LN831024.1_5723	iYL1228.KPN_02641	28.5	123	76	3	55	171	60	176	1.37e-06	48.1
NZ_LN831024.1_5723	iCN718.ABAYE_RS19010	25.5	157	98	5	55	198	54	204	3.23e-06	47.0
NZ_LN831024.1_5723	STM_v1_0.STM2276	27.7	119	82	2	55	171	60	176	1.46e-05	45.1
NZ_LN831024.1_5723	iML1515.b2232	26.8	123	78	3	55	171	60	176	1.93e-05	44.7
NZ_LN831024.1_5723	iSbBS512_1146.SbBS512_E2607	26.8	123	78	3	55	171	60	176	1.93e-05	44.7
NZ_LN831024.1_5723	iSDY_1059.SDY_2424	26.8	123	78	3	55	171	60	176	1.93e-05	44.7
NZ_LN831024.1_5723	iSF_1195.SF2312	26.8	123	78	3	55	171	60	176	1.93e-05	44.7
NZ_LN831024.1_5723	iSSON_1240.SSON_2290	26.8	123	78	3	55	171	60	176	1.93e-05	44.7
NZ_LN831024.1_5724	iYS854.USA300HOU_RS13930	23.6	402	211	13	2	358	14	364	4.73e-11	63.9
NZ_LN831024.1_5725	iAF987.Gmet_1167	26.6	169	100	5	63	208	73	240	1.42e-06	48.1
NZ_LN831024.1_5725	iSynCJ816.SGL_RS11800	31.7	101	66	2	62	161	96	194	1.37e-05	45.4
NZ_LN831024.1_5725	iLB1027_lipid.PHATRDRAFT_10824	26.4	110	80	1	50	158	51	160	5.63e-05	43.5
NZ_LN831024.1_5725	iJN1463.PP_5365	33.7	92	58	3	49	138	183	273	6.94e-05	43.5
NZ_LN831024.1_5731	iJN1463.PP_3561	41.2	301	175	1	14	312	15	315	2.41e-58	189
NZ_LN831024.1_5733	iJN1463.PP_0147	81.8	434	79	0	1	434	1	434	8.57e-247	678
NZ_LN831024.1_5738	iJN1463.PP_0145	69.0	536	166	0	1	536	1	536	1.77e-237	665
NZ_LN831024.1_5738	iML1515.b4020	67.9	536	171	1	1	536	1	535	1.04e-236	663
NZ_LN831024.1_5739	iJN1463.PP_0381	31.7	126	85	1	25	149	5	130	6.23e-07	51.6
NZ_LN831024.1_5741	STM_v1_0.STM0689	61.3	416	161	0	10	425	16	431	1.00e-182	515
NZ_LN831024.1_5744	iJN1463.PP_0137	83.3	438	70	1	1	435	1	438	3.83e-252	692
NZ_LN831024.1_5747	iAF987.Gmet_1919	37.2	121	76	0	11	131	5	125	1.57e-13	71.2
NZ_LN831024.1_5747	iAF987.Gmet_1914	31.7	120	82	0	10	129	3	122	8.07e-13	69.7
NZ_LN831024.1_5748	iAF987.Gmet_0043	30.0	250	156	7	362	594	19	266	4.22e-16	81.3
NZ_LN831024.1_5749	iML1515.b0867	38.9	270	150	4	1	256	1	269	6.77e-51	167
NZ_LN831024.1_5751	iJN1463.PP_0129	51.8	679	276	9	4	669	3	643	2.75e-202	583
NZ_LN831024.1_5753	iJN1463.PP_0127	70.3	209	61	1	1	208	1	209	1.88e-106	304
NZ_LN831024.1_5759	iJN1463.PP_0121	70.6	316	93	0	1	316	1	316	9.89e-161	450
NZ_LN831024.1_5761	iAF987.Gmet_1297	31.3	649	333	16	38	671	13	563	4.93e-78	265
NZ_LN831024.1_5761	iCN900.CD630_12610	28.1	658	370	18	40	691	101	661	8.87e-72	248
NZ_LN831024.1_5761	iEK1008.Rv0570	30.2	655	341	17	33	672	104	657	7.79e-69	239
NZ_LN831024.1_5762	iJN1463.PP_0120	63.3	300	91	2	18	307	12	302	1.81e-129	370
NZ_LN831024.1_5764	iJN1463.PP_0118	76.2	269	52	2	1	269	1	257	1.92e-148	415
NZ_LN831024.1_5765	iJN1463.PP_0117	85.0	260	39	0	1	260	1	260	6.99e-143	400
NZ_LN831024.1_5767	iJN1463.PP_0114	82.1	335	60	0	1	335	1	335	1.21e-196	543
NZ_LN831024.1_5768	iJN1463.PP_0113	89.4	217	23	0	9	225	7	223	1.17e-125	354
NZ_LN831024.1_5769	iJN1463.PP_0112	83.5	260	39	1	1	260	1	256	7.51e-148	413
NZ_LN831024.1_5771	iSSON_1240.SSON_1030	31.8	214	123	7	9	204	22	230	1.39e-18	80.9
NZ_LN831024.1_5771	iML1515.b1011	31.3	214	124	7	9	204	8	216	4.11e-18	79.3
NZ_LN831024.1_5771	iSF_1195.SF1014	31.3	214	124	7	9	204	22	230	3.70e-17	77.0
NZ_LN831024.1_5772	iEK1008.Rv1878	31.1	412	265	7	18	423	30	428	4.28e-46	165
NZ_LN831024.1_5773	iJN1463.PP_5029	28.7	129	77	4	24	141	9	133	5.40e-05	43.1
NZ_LN831024.1_5774	iJN1463.PP_2802	37.8	429	249	10	12	432	10	428	7.59e-82	259
NZ_LN831024.1_5774	iYL1228.KPN_01022	36.3	446	265	11	9	444	15	451	3.67e-81	258
NZ_LN831024.1_5774	iJN1463.PP_1229	36.0	444	273	8	11	448	12	450	7.18e-81	256
NZ_LN831024.1_5774	iML1515.b1296	36.3	444	264	11	9	442	15	449	2.30e-78	250
NZ_LN831024.1_5774	iSF_1195.SF1301	36.3	444	264	11	9	442	15	449	2.30e-78	250
NZ_LN831024.1_5774	iSSON_1240.SSON_1844	36.3	444	264	11	9	442	33	467	3.70e-78	250
NZ_LN831024.1_5774	iSbBS512_1146.SbBS512_E1532	36.0	444	265	11	9	442	15	449	1.50e-75	243
NZ_LN831024.1_5775	iAF987.Gmet_1919	34.8	187	110	4	1	181	1	181	2.10e-18	85.9
NZ_LN831024.1_5775	iAF987.Gmet_3476	38.9	131	78	2	4	132	11	141	1.35e-15	78.2
NZ_LN831024.1_5775	iAF987.Gmet_1914	33.6	134	89	0	3	136	2	135	1.96e-15	77.8
NZ_LN831024.1_5778	iYO844.BSU02090	42.0	205	118	1	38	242	48	251	2.25e-47	158
NZ_LN831024.1_5780	iJN1463.PP_5357	79.7	290	59	0	1	290	1	290	3.59e-171	474
NZ_LN831024.1_5783	iPC815.YPO3094	62.9	558	194	5	1	553	1	550	7.24e-226	635
NZ_LN831024.1_5784	iAF987.Gmet_0769	37.5	144	90	0	5	148	2	145	9.82e-22	85.1
NZ_LN831024.1_5784	iCHOv1.100755154	37.1	132	81	1	7	136	168	299	1.11e-17	77.8
NZ_LN831024.1_5786	iLJ478.TM1724	37.2	253	135	5	5	248	7	244	1.23e-41	142
NZ_LN831024.1_5787	iJN1463.PP_4547	74.7	455	114	1	1	455	1	454	2.62e-258	709
NZ_LN831024.1_5788	iYO844.BSU28120	28.4	408	267	11	57	455	36	427	1.21e-45	164
NZ_LN831024.1_5788	iSynCJ816.SGL_RS13390	29.5	376	244	9	57	425	41	402	3.24e-41	152
NZ_LN831024.1_5789	iYL1228.KPN_01091	41.7	254	133	6	6	255	2	244	4.95e-46	154
NZ_LN831024.1_5789	iML1515.b1093	40.9	254	135	6	6	255	2	244	4.33e-44	149
NZ_LN831024.1_5789	iSbBS512_1146.SbBS512_E2231	40.9	254	135	6	6	255	2	244	4.33e-44	149
NZ_LN831024.1_5789	iSF_1195.SF1097	40.9	254	135	6	6	255	2	244	4.33e-44	149
NZ_LN831024.1_5789	iSSON_1240.SSON_1113	40.9	254	135	6	6	255	2	244	4.33e-44	149
NZ_LN831024.1_5789	iSDY_1059.SDY_2057	40.9	254	135	6	6	255	2	244	8.61e-44	148
NZ_LN831024.1_5789	STM_v1_0.STM1195	40.6	254	136	6	6	255	2	244	3.40e-43	146
NZ_LN831024.1_5789	iPC815.YPO1599	41.2	255	133	7	6	255	2	244	3.76e-42	144
NZ_LN831024.1_5789	iAF987.Gmet_1531	41.8	251	131	6	9	254	6	246	2.63e-40	139
NZ_LN831024.1_5794	iPC815.YPO3094	33.0	388	250	4	2	381	3	388	1.83e-47	174
NZ_LN831024.1_5794	iAF987.Gmet_1105	28.2	393	279	2	5	397	4	393	9.45e-44	165
NZ_LN831024.1_5794	iAF692.Mbar_A0669	32.3	378	237	4	5	374	4	370	2.19e-43	164
NZ_LN831024.1_5794	iAF692.Mbar_A1651	30.3	357	246	2	23	379	22	375	3.21e-43	164
NZ_LN831024.1_5795	iJN1463.PP_1400	86.3	432	58	1	4	435	9	439	2.47e-268	733
NZ_LN831024.1_5796	iSbBS512_1146.SbBS512_E1421	51.4	70	34	0	258	327	156	225	5.12e-17	79.0
NZ_LN831024.1_5796	iSDY_1059.SDY_1316	52.9	70	33	0	258	327	156	225	7.02e-17	78.6
NZ_LN831024.1_5796	iML1515.b1252	51.4	70	34	0	258	327	156	225	1.31e-16	77.8
NZ_LN831024.1_5796	iSF_1195.SF1255	51.4	70	34	0	258	327	159	228	1.38e-16	77.8
NZ_LN831024.1_5796	iSSON_1240.SSON_1914	51.4	70	34	0	258	327	156	225	1.31e-16	77.8
NZ_LN831024.1_5796	STM_v1_0.STM1737	50.0	70	35	0	258	327	159	228	3.13e-15	73.9
NZ_LN831024.1_5797	iML1515.b2173	35.8	330	186	8	7	319	4	324	2.61e-44	154
NZ_LN831024.1_5800	iJN1463.PP_4639	29.7	377	195	12	5	371	3	319	2.39e-29	115
NZ_LN831024.1_5803	iJN1463.PP_4897	48.6	395	177	3	22	391	21	414	9.03e-125	368
NZ_LN831024.1_5804	iJN1463.PP_3324	48.9	307	142	10	1	297	10	311	2.44e-68	215
NZ_LN831024.1_5805	iAF692.Mbar_A3020	33.2	196	104	5	5	179	56	245	5.64e-24	94.4
NZ_LN831024.1_5806	iAF692.Mbar_A1783	29.9	422	271	10	1	407	1	412	2.33e-48	171
NZ_LN831024.1_5806	iYS854.USA300HOU_RS06035	29.3	433	289	8	5	431	3	424	7.10e-47	166
NZ_LN831024.1_5806	iYO844.BSU15500	31.2	433	287	9	3	432	2	426	2.91e-43	157
NZ_LN831024.1_5807	iAF692.Mbar_A1202	26.4	311	172	11	99	385	38	315	4.43e-19	87.4
NZ_LN831024.1_5809	iJN1463.PP_1167	26.9	182	130	1	185	366	61	239	6.35e-12	67.8
NZ_LN831024.1_5811	iJN1463.PP_5365	68.2	393	125	0	1	393	35	427	2.04e-200	558
NZ_LN831024.1_5812	iEK1008.Rv3042c	27.9	154	98	5	49	198	208	352	9.98e-06	45.1
NZ_LN831024.1_5812	iHN637.CLJU_RS04615	26.1	161	110	4	15	170	4	160	1.51e-05	43.9
NZ_LN831024.1_5813	iYO844.BSU26590	27.6	163	114	3	15	176	11	170	2.85e-11	64.3
NZ_LN831024.1_5813	iJN1463.PP_2428	26.7	187	135	1	8	192	19	205	2.93e-11	64.3
NZ_LN831024.1_5814	iJN1463.PP_5409	85.6	611	88	0	1	611	1	611	0.0	1019
NZ_LN831024.1_5817	iJN1463.PP_5411	70.9	454	132	0	1	454	1	454	2.30e-219	610
NZ_LN831024.1_5818	iJN1463.PP_5412	86.1	137	19	0	1	137	1	137	1.18e-75	221
NZ_LN831024.1_5819	iJN1463.PP_5413	93.9	458	28	0	1	458	1	458	1.69e-311	843
NZ_LN831024.1_5819	iPC815.YPO4121	86.3	460	61	1	1	458	1	460	5.28e-288	784
NZ_LN831024.1_5819	iML1515.b3732	85.7	460	64	1	1	458	1	460	5.04e-286	779
NZ_LN831024.1_5819	iSbBS512_1146.SbBS512_E4189	85.7	460	64	1	1	458	1	460	5.04e-286	779
NZ_LN831024.1_5819	iSF_1195.SF3812	85.7	460	64	1	1	458	1	460	5.04e-286	779
NZ_LN831024.1_5819	iSSON_1240.SSON_3887	85.7	460	64	1	1	458	1	460	5.04e-286	779
NZ_LN831024.1_5819	STM_v1_0.STM3865	85.4	460	65	1	1	458	1	460	1.02e-285	778
NZ_LN831024.1_5819	iSDY_1059.SDY_4016	85.7	460	64	1	1	458	1	460	1.02e-285	778
NZ_LN831024.1_5819	iYL1228.KPN_04137	85.9	460	63	2	1	458	1	460	1.44e-285	778
NZ_LN831024.1_5820	iJN1463.PP_5414	91.3	286	25	0	1	286	1	286	2.00e-182	503
NZ_LN831024.1_5821	iJN1463.PP_5415	91.4	514	44	0	1	514	1	514	0.0	910
NZ_LN831024.1_5822	iJN1463.PP_5416	78.1	178	39	0	1	178	1	178	1.30e-88	256
NZ_LN831024.1_5823	iJN1463.PP_5417	91.0	156	14	0	1	156	1	156	7.46e-54	167
NZ_LN831024.1_5824	iJN1463.PP_5418	100	85	0	0	1	85	1	85	3.03e-50	152
NZ_LN831024.1_5825	iJN1463.PP_5419	81.3	289	54	0	1	289	1	289	2.85e-172	477
NZ_LN831024.1_5826	iJN1463.PP_5420	68.5	130	36	1	2	126	6	135	9.90e-54	164
NZ_LN831024.1_5830	iSynCJ816.SGL_RS13580	42.0	88	50	1	311	397	292	379	1.05e-06	51.2
NZ_LN831024.1_5832	iJN1463.PP_4893	28.7	164	114	3	218	378	200	363	7.69e-06	47.8
