NC_010376.1_12	iCN900.CD630_32150	35.2	196	113	5	3	186	4	197	6.60e-28	105
NC_010376.1_12	iNF517.LLMG_RS09490	34.7	202	117	5	17	205	26	225	3.01e-24	95.9
NC_010376.1_14	iIT341.HP1325	60.7	455	174	1	2	451	4	458	6.44e-187	528
NC_010376.1_14	iYO844.BSU33040	58.6	454	184	1	2	451	4	457	8.97e-182	515
NC_010376.1_14	iYS854.USA300HOU_RS09890	55.8	455	197	1	1	451	3	457	1.02e-170	487
NC_010376.1_14	iCN718.ABAYE_RS08160	55.2	455	199	1	2	451	4	458	3.71e-169	483
NC_010376.1_14	iSF_1195.SF1634	57.0	456	191	1	1	451	4	459	5.83e-169	483
NC_010376.1_14	iML1515.b1611	57.0	456	191	1	1	451	4	459	2.35e-168	481
NC_010376.1_14	iSbBS512_1146.SbBS512_E1796	57.0	456	191	1	1	451	4	459	2.35e-168	481
NC_010376.1_14	iSSON_1240.SSON_1549	56.8	456	192	1	1	451	4	459	6.70e-168	480
NC_010376.1_14	iSDY_1059.SDY_1827	56.4	456	194	1	1	451	4	459	4.41e-166	475
NC_010376.1_25	iYO844.BSU02850	35.9	320	184	6	1	308	1	311	3.42e-52	174
NC_010376.1_27	iHN637.CLJU_RS15670	41.5	258	151	0	5	262	3	260	8.77e-56	179
NC_010376.1_32	iCN900.CD630_36160	42.5	454	257	2	8	457	10	463	1.59e-115	349
NC_010376.1_33	iCN900.CD630_28320	34.7	386	249	2	5	387	6	391	6.17e-80	250
NC_010376.1_37	iYO844.BSU35620	32.1	287	183	4	1681	1958	30	313	5.86e-39	153
NC_010376.1_38	iYO844.BSU35620	32.4	287	182	4	1275	1552	30	313	4.67e-38	150
NC_010376.1_41	iYO844.BSU09240	25.6	199	142	3	1	194	1	198	2.34e-09	55.1
NC_010376.1_41	iAF692.Mbar_A2894	25.1	171	122	3	2	166	23	193	7.23e-09	53.9
NC_010376.1_44	iYO844.BSU02750	34.3	204	129	3	23	222	26	228	2.39e-35	127
NC_010376.1_51	iYO844.BSU35620	28.2	291	202	4	2264	2553	28	312	2.38e-29	124
NC_010376.1_53	iCN900.CD630_35580	31.9	229	146	4	21	240	89	316	4.53e-28	108
NC_010376.1_53	iHN637.CLJU_RS13140	31.3	240	151	6	14	240	82	320	3.55e-25	100
NC_010376.1_53	iAF692.Mbar_A1588	30.3	231	146	5	20	238	91	318	1.26e-24	99.4
NC_010376.1_53	iNF517.LLMG_RS09820	29.5	234	149	7	20	240	88	318	2.33e-24	98.6
NC_010376.1_56	iYO844.BSU33490	32.4	71	48	0	1	71	4	74	3.01e-09	50.8
NC_010376.1_56	iCN900.CD630_03130	31.9	72	48	1	1	71	7	78	3.71e-08	47.8
NC_010376.1_57	iCN900.CD630_03130	55.9	612	257	6	2	601	185	795	3.14e-212	611
NC_010376.1_57	iYO844.BSU33490	53.3	600	272	5	11	602	100	699	2.01e-203	585
NC_010376.1_57	iSynCJ816.SGL_RS16100	49.8	615	289	7	1	598	107	718	3.50e-190	552
NC_010376.1_66	iCN900.CD630_17050	42.6	352	190	5	33	381	22	364	1.26e-85	264
NC_010376.1_67	iCN900.CD630_17040	58.9	253	101	3	3	253	2	253	1.83e-102	298
NC_010376.1_68	iCN900.CD630_17030	35.9	198	116	5	4	193	72	266	6.16e-29	108
NC_010376.1_69	iCN900.CD630_17021	30.6	62	43	0	4	65	3	64	2.53e-08	45.1
NC_010376.1_71	iAF692.Mbar_A1776	25.4	189	100	6	191	347	11	190	7.13e-07	51.6
NC_010376.1_72	iCN718.ABAYE_RS12385	34.3	315	196	4	10	321	9	315	2.29e-54	179
NC_010376.1_82	iSynCJ816.SGL_RS10925	71.6	401	106	5	1	396	1	398	2.56e-204	567
NC_010376.1_84	iYO844.BSU35620	29.0	290	182	7	43	314	30	313	3.79e-25	109
NC_010376.1_85	iYO844.BSU35620	29.7	327	202	10	2	309	1	318	3.96e-30	121
NC_010376.1_89	iHN637.CLJU_RS06465	26.3	331	207	10	338	652	10	319	2.05e-20	92.4
NC_010376.1_92	iYO844.BSU26600	32.5	80	48	3	69	142	56	135	7.67e-04	38.1
NC_010376.1_95	iAM_Pf480.PF3D7_1459700	32.9	213	129	7	3	207	63	269	6.65e-20	85.1
NC_010376.1_95	iAM_Pb448.PBANKA_132330	32.5	194	120	5	20	207	23	211	1.41e-17	77.8
NC_010376.1_101	iJN1463.PP_4803	23.3	253	162	9	59	302	37	266	6.31e-09	56.2
NC_010376.1_102	iCN900.CD630_00140	61.1	422	162	2	1	420	1	422	5.29e-173	490
NC_010376.1_102	iHN637.CLJU_RS00085	54.3	420	188	2	1	416	1	420	1.63e-155	446
NC_010376.1_103	iAF692.Mbar_A1731	28.9	239	143	6	118	344	110	333	2.67e-16	79.3
NC_010376.1_104	iHN637.CLJU_RS05525	30.0	323	211	7	30	346	47	360	2.34e-30	120
NC_010376.1_108	iYO844.BSU29600	35.5	423	259	5	8	421	11	428	1.24e-76	244
NC_010376.1_108	iYS854.USA300HOU_RS01625	35.4	429	256	8	4	421	2	420	1.48e-71	231
NC_010376.1_108	iYO844.BSU26690	34.6	431	259	10	7	423	10	431	9.26e-71	229
NC_010376.1_109	iHN637.CLJU_RS03010	38.3	60	37	0	19	78	204	263	5.91e-05	40.4
NC_010376.1_114	iYL1228.KPN_01020	34.5	200	113	7	22	208	26	220	3.66e-23	93.6
NC_010376.1_114	iML1515.b1298	32.3	198	120	5	22	208	30	224	1.54e-20	86.7
NC_010376.1_114	iSSON_1240.SSON_1842	32.3	198	120	5	22	208	34	228	1.65e-20	86.7
NC_010376.1_114	iJN1463.PP_3598	27.6	221	146	5	19	227	35	253	1.41e-19	84.3
NC_010376.1_114	iSF_1195.SF1303	31.8	198	121	5	22	208	34	228	1.19e-19	84.3
NC_010376.1_116	iCN900.CD630_21660	40.7	322	173	5	1	311	1	315	4.86e-77	238
NC_010376.1_119	iCN900.CD630_19930	35.8	81	52	0	25	105	27	107	1.18e-12	58.9
NC_010376.1_120	iAF692.Mbar_A1778	31.6	316	184	10	3	308	6	299	4.27e-37	134
NC_010376.1_120	iCN900.CD630_32680	30.9	262	155	7	48	307	39	276	8.79e-33	122
NC_010376.1_121	iAF692.Mbar_A1779	33.0	288	182	3	5	281	3	290	6.43e-45	153
NC_010376.1_121	iCN900.CD630_32630	33.2	283	184	4	5	284	25	305	2.32e-39	139
NC_010376.1_122	iAF692.Mbar_A1780	32.9	252	161	3	23	268	48	297	6.60e-28	108
NC_010376.1_122	iLJ478.TM1262	34.2	225	137	5	14	235	16	232	1.96e-26	104
NC_010376.1_122	iYS854.USA300HOU_RS07060	31.3	208	134	3	34	234	56	261	8.83e-25	100
NC_010376.1_123	iYO844.BSU24950	42.7	225	125	3	3	223	13	237	1.59e-47	157
NC_010376.1_123	iAF692.Mbar_A1781	41.5	224	128	2	4	224	13	236	2.38e-46	154
NC_010376.1_123	iHN637.CLJU_RS06095	43.1	225	123	4	1	221	1	224	4.16e-45	150
NC_010376.1_123	iYO844.BSU24960	40.8	223	128	3	3	221	22	244	2.21e-43	146
NC_010376.1_123	iLJ478.TM1261	41.3	223	127	3	3	221	4	226	1.53e-42	144
NC_010376.1_123	iYS854.USA300HOU_RS07055	40.3	221	128	3	8	224	41	261	6.93e-42	143
NC_010376.1_123	iML1515.b3725	39.7	224	131	3	2	221	9	232	5.04e-42	142
NC_010376.1_123	iSbBS512_1146.SbBS512_E4203	39.7	224	131	3	2	221	9	232	5.04e-42	142
NC_010376.1_123	iSDY_1059.SDY_4025	39.7	224	131	3	2	221	9	232	5.04e-42	142
NC_010376.1_123	iSF_1195.SF3730	39.7	224	131	3	2	221	9	232	5.04e-42	142
NC_010376.1_123	iSSON_1240.SSON_3909	39.7	224	131	3	2	221	9	232	5.04e-42	142
NC_010376.1_123	iNF517.LLMG_RS09495	40.9	225	128	4	4	223	22	246	9.68e-42	142
NC_010376.1_123	iNF517.LLMG_RS09490	38.7	230	131	4	2	224	5	231	9.03e-42	142
NC_010376.1_123	STM_v1_0.STM3854	39.7	224	131	3	2	221	9	232	1.41e-41	141
NC_010376.1_124	iAF987.Gmet_2999	32.5	120	76	2	3	117	10	129	1.32e-14	71.6
NC_010376.1_124	iAF987.Gmet_1914	32.1	106	71	1	2	106	3	108	7.81e-14	69.7
NC_010376.1_124	iAF987.Gmet_0069	33.6	116	68	2	10	116	8	123	4.19e-13	67.0
NC_010376.1_127	iCN900.CD630_14890	38.9	216	125	5	8	218	2	215	7.74e-40	139
NC_010376.1_127	iCN900.CD630_19470	36.6	216	130	4	8	216	10	225	1.72e-39	135
NC_010376.1_127	iYO844.BSU30420	36.3	201	125	2	22	219	24	224	2.91e-38	132
NC_010376.1_127	iCN900.CD630_17760	36.2	221	129	4	8	219	2	219	2.35e-38	132
NC_010376.1_127	iYO844.BSU27430	38.4	216	125	5	8	218	2	214	1.53e-37	130
NC_010376.1_127	iIT341.HP1171	35.8	215	132	4	8	218	5	217	2.75e-36	127
NC_010376.1_127	iCN900.CD630_07520	36.7	215	130	3	8	218	2	214	4.47e-36	127
NC_010376.1_127	iPC815.YPO2514	36.3	215	131	3	8	218	2	214	6.29e-36	126
NC_010376.1_127	iML1515.b0809	35.8	215	132	3	8	218	2	214	8.86e-36	126
NC_010376.1_127	iSbBS512_1146.SbBS512_E2539	35.8	215	132	3	8	218	2	214	8.86e-36	126
NC_010376.1_127	iSDY_1059.SDY_0787	35.8	215	132	3	8	218	2	214	8.86e-36	126
NC_010376.1_127	iSSON_1240.SSON_0789	35.8	215	132	3	8	218	2	214	8.86e-36	126
NC_010376.1_127	iYO844.BSU29340	38.1	202	117	4	8	203	2	201	1.99e-35	125
NC_010376.1_129	iYS854.USA300HOU_RS00870	40.8	402	226	5	2	397	3	398	3.67e-102	309
NC_010376.1_130	iYO844.BSU35660	63.5	359	129	1	3	359	5	363	7.08e-160	452
NC_010376.1_130	iCN900.CD630_10330	59.3	364	145	2	3	363	5	368	6.83e-154	437
NC_010376.1_130	iYS854.USA300HOU_RS11400	56.6	366	155	2	1	363	1	365	1.26e-149	426
NC_010376.1_130	iYS854.USA300HOU_RS00875	55.1	361	160	1	1	359	1	361	2.75e-145	416
NC_010376.1_137	iAF987.Gmet_1919	29.5	156	97	5	4	152	5	154	4.49e-10	58.2
NC_010376.1_139	iCN900.CD630_14890	26.7	311	192	10	1	285	1	301	2.20e-22	94.4
NC_010376.1_139	iCN900.CD630_16140	26.9	219	144	5	3	207	26	242	6.17e-21	89.4
NC_010376.1_139	iNF517.LLMG_RS05770	30.4	224	136	8	1	208	1	220	1.01e-20	88.2
NC_010376.1_139	iNF517.LLMG_RS08170	30.4	191	126	4	25	211	54	241	5.06e-19	86.3
NC_010376.1_142	iLJ478.TM1096	45.6	412	205	9	1	409	1	396	1.11e-114	340
NC_010376.1_144	iYS854.USA300HOU_RS01090	52.6	367	141	5	1	337	1	364	5.55e-120	350
NC_010376.1_145	iYO844.BSU06970	23.5	452	293	19	1	425	1	426	2.60e-10	61.6
NC_010376.1_146	iEK1008.Rv1236	28.2	280	195	2	1	280	20	293	2.35e-30	115
NC_010376.1_146	iCN900.CD630_34160	28.9	277	192	4	2	276	3	276	8.71e-30	113
NC_010376.1_146	iEK1008.Rv2040c	27.0	274	191	5	2	270	7	276	4.09e-29	112
NC_010376.1_146	iLJ478.TM1121	29.9	278	185	8	8	280	21	293	3.16e-26	104
NC_010376.1_147	iSynCJ816.SGL_RS16650	25.5	286	201	4	2	280	17	297	5.11e-22	92.8
NC_010376.1_147	iYS854.USA300HOU_RS01105	25.3	281	204	3	2	281	4	279	1.00e-21	91.7
NC_010376.1_147	iEK1008.Rv1237	24.2	264	189	5	21	281	19	274	3.29e-20	87.4
NC_010376.1_151	iAF987.Gmet_1354	49.4	567	281	5	1	564	1	564	4.34e-186	535
NC_010376.1_151	iCN900.CD630_00490	48.7	571	289	4	1	569	1	569	2.36e-183	528
NC_010376.1_151	iLJ478.TM0514	48.7	567	284	4	1	564	1	563	6.61e-182	525
NC_010376.1_151	iYS854.USA300HOU_RS06365	47.2	553	287	4	1	551	1	550	3.23e-177	512
NC_010376.1_154	iNF517.LLMG_RS03890	38.1	113	61	2	64	176	46	149	5.63e-12	64.7
NC_010376.1_155	iHN637.CLJU_RS05835	35.3	255	159	3	15	266	2	253	4.34e-45	152
NC_010376.1_155	iCHOv1.100772598	31.0	277	172	6	14	277	8	278	1.35e-39	139
NC_010376.1_157	iML1515.b1985	24.3	445	323	8	6	442	38	476	3.50e-33	130
NC_010376.1_181	iHN637.CLJU_RS20110	62.0	213	81	0	1	213	1	213	6.81e-93	270
NC_010376.1_181	iCN900.CD630_00910	59.1	215	88	0	1	215	1	215	1.33e-92	270
NC_010376.1_189	iYO844.BSU35620	30.7	287	198	1	258	544	28	313	9.52e-40	152
NC_010376.1_200	iLJ478.TM1253	23.9	155	112	3	1	154	4	153	2.01e-09	57.0
NC_010376.1_206	STM_v1_0.STM0984	26.1	563	406	5	12	570	23	579	7.61e-58	203
NC_010376.1_206	iML1515.b0914	26.4	565	402	6	12	570	23	579	1.05e-57	202
NC_010376.1_206	iSbBS512_1146.SbBS512_E2410	26.4	565	402	6	12	570	23	579	1.05e-57	202
NC_010376.1_206	iSDY_1059.SDY_2344	26.4	565	402	6	12	570	23	579	1.05e-57	202
NC_010376.1_206	iSF_1195.SF0910	26.2	565	403	6	12	570	23	579	2.80e-57	201
NC_010376.1_206	iSSON_1240.SSON_0916	26.2	565	403	6	12	570	23	579	3.88e-57	201
NC_010376.1_206	iYL1228.KPN_00941	25.9	568	407	6	12	573	23	582	1.42e-56	199
NC_010376.1_206	iJN1463.PP_4935	28.2	472	332	6	94	563	119	585	7.09e-55	195
NC_010376.1_206	iPC815.YPO1395	26.8	557	396	7	12	563	23	572	5.05e-55	195
NC_010376.1_206	iAF987.Gmet_2349	26.9	483	341	5	90	567	91	566	4.03e-54	192
NC_010376.1_206	iCHOv1.100682535	29.5	516	326	10	66	563	129	624	4.74e-51	189
NC_010376.1_206	iMM1415.18670	28.7	527	338	10	66	574	126	632	6.88e-50	186
NC_010376.1_207	iPC815.YPO3144	32.7	477	317	2	1	476	102	575	3.06e-74	244
NC_010376.1_208	iSynCJ816.SGL_RS03010	42.9	501	269	10	1	486	1	499	1.86e-131	390
NC_010376.1_208	iAF987.Gmet_2391	39.9	499	280	7	1	486	1	492	1.21e-118	357
NC_010376.1_209	iCN900.CD630_15990	54.9	255	115	0	5	259	9	263	3.50e-83	249
NC_010376.1_209	iHN637.CLJU_RS16285	51.7	261	125	1	1	261	1	260	1.44e-80	243
NC_010376.1_210	iCN900.CD630_16010	43.6	195	110	0	7	201	11	205	1.49e-52	167
NC_010376.1_210	iHN637.CLJU_RS16295	42.5	200	114	1	4	202	2	201	7.81e-51	163
NC_010376.1_217	iJN1463.PP_3598	32.0	228	141	6	1	220	13	234	3.60e-31	115
NC_010376.1_217	iYL1228.KPN_01020	30.4	250	152	8	1	239	1	239	2.52e-30	112
NC_010376.1_217	iML1515.b1298	31.2	250	150	8	1	239	5	243	2.09e-29	110
NC_010376.1_217	iSSON_1240.SSON_1842	31.2	250	150	8	1	239	9	247	2.28e-29	110
NC_010376.1_217	iSF_1195.SF1303	31.2	250	150	8	1	239	9	247	6.28e-29	109
NC_010376.1_218	iYS854.USA300HOU_RS07350	23.6	466	305	15	6	456	9	438	7.60e-19	88.2
NC_010376.1_218	iCHOv1.100768258	28.5	249	161	6	6	246	97	336	2.79e-16	80.9
NC_010376.1_220	iCN900.CD630_07080	43.5	480	259	5	1	471	4	480	6.05e-117	351
NC_010376.1_221	iEK1008.Rv0858c	33.8	385	243	2	6	378	4	388	4.13e-70	225
NC_010376.1_221	iYL1228.KPN_00645	34.2	366	240	1	14	378	18	383	8.54e-70	224
NC_010376.1_221	iMM904.YJL060W	31.6	389	233	7	29	385	57	444	6.88e-62	205
NC_010376.1_222	iAF692.Mbar_A2872	35.7	440	262	11	21	450	2	430	1.33e-80	255
NC_010376.1_222	iAF987.Gmet_1825	35.8	438	264	7	22	450	3	432	1.10e-79	253
NC_010376.1_222	iAF987.Gmet_1818	36.9	436	259	7	23	450	4	431	4.47e-78	249
NC_010376.1_222	iAF692.Mbar_A0211	34.3	437	271	7	22	450	4	432	1.53e-75	242
NC_010376.1_223	iAF692.Mbar_A0999	46.3	257	136	2	17	271	13	269	1.23e-75	233
NC_010376.1_223	iAF692.Mbar_A3180	45.7	267	143	2	7	271	3	269	3.16e-73	226
NC_010376.1_224	iAF692.Mbar_A1000	41.6	370	209	3	5	367	13	382	2.83e-95	290
NC_010376.1_226	iAF692.Mbar_A1002	37.2	156	89	3	1	148	1	155	1.23e-26	99.4
NC_010376.1_233	iYO844.BSU02850	24.4	401	179	4	10	410	39	315	3.27e-35	132
NC_010376.1_233	iHN637.CLJU_RS10895	25.4	410	170	5	2	411	37	310	3.68e-33	126
NC_010376.1_233	iHN637.CLJU_RS18655	24.9	410	172	6	2	411	36	309	1.33e-32	124
NC_010376.1_234	iYS854.USA300HOU_RS08305	39.5	195	117	1	6	200	13	206	1.63e-40	139
NC_010376.1_234	iLJ478.TM0124	36.0	200	111	3	1	200	1	183	4.14e-39	134
NC_010376.1_234	iAF987.Gmet_0492	35.5	197	127	0	3	199	5	201	7.55e-37	129
NC_010376.1_234	iYO844.BSU02860	36.8	204	127	1	1	204	1	202	3.15e-36	127
NC_010376.1_234	iYO844.BSU30760	34.8	204	129	3	1	204	1	200	1.01e-35	126
NC_010376.1_235	iHN637.CLJU_RS15670	34.8	256	167	0	1	256	1	256	1.58e-48	161
NC_010376.1_235	iYS854.USA300HOU_RS08300	33.7	282	177	3	1	273	5	285	2.37e-43	149
NC_010376.1_238	iML1515.b2173	33.3	150	85	5	6	143	3	149	9.62e-14	70.1
NC_010376.1_238	iML1515.b4352	36.4	110	60	4	9	108	8	117	2.24e-13	68.9
NC_010376.1_240	iAF692.Mbar_A3604	50.0	178	88	1	37	213	36	213	6.18e-54	171
NC_010376.1_240	iAF692.Mbar_A1501	45.2	208	110	3	8	213	2	207	2.07e-53	170
NC_010376.1_240	iAF692.Mbar_A1503	39.5	215	128	1	1	213	1	215	7.23e-48	156
NC_010376.1_241	iHN637.CLJU_RS18480	31.0	638	311	14	1	522	2	626	4.13e-86	279
NC_010376.1_241	iCN900.CD630_07300	32.4	605	290	14	30	522	29	626	7.74e-86	278
NC_010376.1_246	iYO844.BSU29600	37.4	438	257	9	6	430	8	441	1.06e-72	234
NC_010376.1_246	iYO844.BSU26690	33.3	444	277	9	1	429	1	440	2.27e-65	215
NC_010376.1_247	iEK1008.Rv2936	32.1	308	203	3	5	306	8	315	6.22e-46	158
NC_010376.1_247	iCN900.CD630_16140	35.4	226	143	1	2	224	19	244	1.32e-44	152
NC_010376.1_247	iCN900.CD630_10240	34.0	262	166	4	1	260	2	258	3.18e-41	146
NC_010376.1_247	iCHOv1.100761226	37.8	225	136	3	5	226	899	1122	1.05e-38	145
NC_010376.1_247	iYO844.BSU02750	35.2	216	139	1	8	222	9	224	7.45e-42	145
NC_010376.1_247	iMM1415.11303	37.8	225	136	3	5	226	899	1122	1.93e-38	144
NC_010376.1_250	iCN900.CD630_17370	51.1	413	200	1	7	419	4	414	1.44e-133	389
NC_010376.1_251	iCN900.CD630_30840	46.4	375	198	3	1	372	1	375	1.43e-111	330
NC_010376.1_256	iAF987.Gmet_2349	37.6	481	294	3	96	574	90	566	1.72e-97	308
NC_010376.1_256	iJN1463.PP_4935	36.2	489	295	5	96	577	114	592	1.35e-93	298
NC_010376.1_256	iYL1228.KPN_00941	35.7	487	310	2	89	574	92	576	2.97e-89	286
NC_010376.1_256	iPC815.YPO1395	32.7	568	373	4	9	573	14	575	2.26e-88	284
NC_010376.1_256	iML1515.b0914	35.1	487	313	2	89	574	92	576	6.24e-88	283
NC_010376.1_256	iSbBS512_1146.SbBS512_E2410	35.1	487	313	2	89	574	92	576	6.24e-88	283
NC_010376.1_256	iSDY_1059.SDY_2344	35.1	487	313	2	89	574	92	576	6.24e-88	283
NC_010376.1_256	iSF_1195.SF0910	35.1	487	313	2	89	574	92	576	6.24e-88	283
NC_010376.1_256	iSSON_1240.SSON_0916	35.1	487	313	2	89	574	92	576	6.24e-88	283
NC_010376.1_256	STM_v1_0.STM0984	34.7	487	315	2	89	574	92	576	9.94e-86	277
NC_010376.1_260	iYS854.USA300HOU_RS01090	48.8	371	150	4	6	346	4	364	3.29e-112	330
NC_010376.1_260	iEK1008.Rv1238	50.6	318	136	5	6	302	4	321	1.21e-100	302
NC_010376.1_261	iLJ478.TM1120	22.6	399	266	13	53	410	30	426	2.55e-13	70.9
NC_010376.1_261	iPC815.YPO3714	25.1	415	267	16	13	410	16	403	3.03e-13	70.5
NC_010376.1_261	iYO844.BSU34610	21.5	424	287	13	1	403	4	402	4.26e-13	70.1
NC_010376.1_261	iYO844.BSU06970	22.0	386	260	13	3	366	2	368	3.29e-12	67.4
NC_010376.1_262	iLJ478.TM1121	32.6	282	187	2	2	282	14	293	1.36e-45	155
NC_010376.1_262	iCN900.CD630_34160	31.6	288	194	2	1	288	1	285	5.87e-44	150
NC_010376.1_263	iEK1008.Rv1237	32.3	226	150	2	51	274	50	274	5.11e-36	129
NC_010376.1_265	iAM_Pb448.PBANKA_113700	24.0	1075	689	18	3	954	65	1134	4.91e-82	288
NC_010376.1_265	iAM_Pv461.PVX_115000	24.5	1090	683	24	3	961	65	1145	7.01e-80	282
NC_010376.1_265	iAM_Pc455.PCYB_111980	24.2	1098	679	26	3	959	65	1150	1.73e-77	275
NC_010376.1_265	iAM_Pf480.PF3D7_1360800	23.5	1116	684	20	4	954	68	1178	6.64e-73	262
NC_010376.1_267	iHN637.CLJU_RS02625	35.3	289	172	3	5	278	2	290	1.66e-53	175
NC_010376.1_267	iHN637.CLJU_RS02740	35.1	291	174	3	5	280	2	292	6.40e-53	174
NC_010376.1_268	iCN718.ABAYE_RS16630	36.0	425	250	8	6	418	5	419	1.00e-68	223
NC_010376.1_268	iYO844.BSU02340	35.4	376	236	3	50	421	34	406	2.95e-67	219
NC_010376.1_268	iHN637.CLJU_RS10210	34.8	425	255	7	2	418	5	415	1.08e-66	218
NC_010376.1_268	iJN1463.PP_0137	34.1	416	261	4	3	410	2	412	1.68e-66	218
NC_010376.1_268	iYL1228.KPN_04480	33.6	431	262	7	1	418	1	420	5.76e-66	216
NC_010376.1_268	iPC815.YPO0254	34.4	387	242	4	41	418	36	419	1.63e-65	215
NC_010376.1_268	iYO844.BSU10220	33.9	413	253	6	6	410	5	405	1.00e-64	213
NC_010376.1_268	iYS854.USA300HOU_RS12895	34.8	379	234	4	50	418	42	417	1.78e-64	212
NC_010376.1_268	iSbBS512_1146.SbBS512_E4598	34.3	394	240	6	37	418	33	419	3.38e-64	212
NC_010376.1_268	iSSON_1240.SSON_4258	34.3	394	240	6	37	418	33	419	3.38e-64	212
NC_010376.1_268	iML1515.b4077	34.3	394	240	6	37	418	33	419	6.66e-64	211
NC_010376.1_268	iSF_1195.SF4137	34.0	394	241	6	37	418	33	419	5.09e-63	209
NC_010376.1_268	STM_v1_0.STM4283	34.6	382	230	6	50	418	45	419	2.70e-62	207
NC_010376.1_270	iYO844.BSU04570	40.4	458	263	6	1	453	1	453	5.62e-112	337
NC_010376.1_271	iYS854.USA300HOU_RS11245	38.3	358	207	8	2	349	3	356	2.41e-79	246
NC_010376.1_272	iCN900.CD630_08850	49.3	754	347	9	57	784	65	809	8.32e-242	694
NC_010376.1_272	iSynCJ816.SGL_RS07100	46.5	752	369	6	61	788	86	828	6.57e-238	686
NC_010376.1_272	iSynCJ816.SGL_RS06895	44.6	753	382	8	61	788	86	828	1.30e-222	647
NC_010376.1_272	iNF517.LLMG_RS09365	45.9	756	362	11	57	786	61	795	9.73e-221	640
NC_010376.1_272	iMM1415.110095	44.7	759	388	8	57	790	81	832	6.86e-220	640
NC_010376.1_272	iCHOv1.100757350	44.5	759	391	7	57	791	124	876	1.17e-218	638
NC_010376.1_272	iMM1415.19309	44.7	759	390	7	57	791	81	833	3.01e-219	638
NC_010376.1_272	iAT_PLT_636.5834	43.8	758	396	7	57	790	81	832	6.32e-216	629
NC_010376.1_273	iIT341.HP0824	28.0	93	62	1	16	108	18	105	7.41e-07	43.9
NC_010376.1_274	iLJ478.TM0561	37.1	329	202	4	24	349	25	351	2.54e-77	241
NC_010376.1_274	iAF692.Mbar_A2983	37.7	334	202	4	20	349	23	354	6.15e-73	229
NC_010376.1_274	iAF987.Gmet_1189	38.1	299	175	4	56	349	63	356	1.03e-71	226
NC_010376.1_274	iSynCJ816.SGL_RS16695	37.2	347	195	7	16	349	42	378	1.68e-68	219
NC_010376.1_276	iYO844.BSU21810	33.7	163	97	5	4	162	5	160	4.42e-22	86.7
NC_010376.1_276	iCN718.ABAYE_RS16490	36.4	129	74	4	4	127	11	136	1.95e-20	82.4
NC_010376.1_278	iYO844.BSU14390	29.0	303	215	0	1	303	1	303	7.31e-47	159
NC_010376.1_278	iCN900.CD630_22700	29.1	306	211	3	1	302	1	304	1.38e-43	150
NC_010376.1_278	iYS854.USA300HOU_RS03775	30.4	306	209	3	1	304	1	304	7.71e-43	149
NC_010376.1_279	iLJ478.TM1064	47.8	322	162	3	7	323	4	324	7.04e-98	292
NC_010376.1_279	iYL1228.KPN_02194	47.8	314	161	3	7	320	19	329	2.93e-90	273
NC_010376.1_279	iLJ478.TM0058	45.7	326	169	4	5	323	2	326	3.43e-90	272
NC_010376.1_279	iYO844.BSU12950	45.0	320	168	4	5	320	2	317	2.21e-89	270
NC_010376.1_279	iYS854.USA300HOU_RS04900	48.6	317	160	3	5	319	3	318	6.79e-89	270
NC_010376.1_279	STM_v1_0.STM1743	46.8	314	164	3	7	320	17	327	2.51e-88	268
NC_010376.1_279	iSbBS512_1146.SbBS512_E1415	46.4	321	161	5	7	324	19	331	3.78e-88	267
NC_010376.1_279	iSDY_1059.SDY_1304	46.4	317	161	4	7	320	19	329	3.04e-87	265
NC_010376.1_279	iSF_1195.SF1247	46.4	317	161	4	7	320	19	329	3.04e-87	265
NC_010376.1_279	iSSON_1240.SSON_1934	46.4	317	161	4	7	320	19	329	3.04e-87	265
NC_010376.1_279	STM_v1_0.STM3627	43.6	314	176	1	7	320	3	315	1.26e-86	263
NC_010376.1_280	iYL1228.KPN_02193	47.7	266	136	2	4	266	12	277	9.87e-80	245
NC_010376.1_280	iYS854.USA300HOU_RS04905	48.3	261	127	4	4	262	8	262	1.67e-78	241
NC_010376.1_280	STM_v1_0.STM1742	47.3	264	136	2	4	264	12	275	1.79e-77	239
NC_010376.1_280	iML1515.b1247	47.0	266	138	2	4	266	12	277	5.05e-77	238
NC_010376.1_280	iSDY_1059.SDY_1305	47.0	266	138	2	4	266	12	277	5.05e-77	238
NC_010376.1_280	iSF_1195.SF1248	47.0	266	138	2	4	266	12	277	5.05e-77	238
NC_010376.1_280	iSbBS512_1146.SbBS512_E1416	47.0	266	138	2	4	266	12	277	1.01e-76	237
NC_010376.1_280	iSSON_1240.SSON_1933	46.2	266	140	2	4	266	12	277	8.06e-76	235
NC_010376.1_280	iPC815.YPO3999	43.6	264	148	1	4	267	34	296	1.63e-75	235
NC_010376.1_280	iLJ478.TM1063	47.4	270	134	4	1	262	1	270	3.96e-75	233
NC_010376.1_280	iLJ478.TM0057	44.1	272	148	3	1	268	1	272	5.12e-75	233
NC_010376.1_280	iML1515.b3540	42.4	264	151	1	4	267	13	275	1.82e-74	231
NC_010376.1_280	iSF_1195.SF3575	42.4	264	151	1	4	267	13	275	1.82e-74	231
NC_010376.1_280	iSSON_1240.SSON_3850	42.4	264	151	1	4	267	13	275	1.82e-74	231
NC_010376.1_280	iYL1228.KPN_03895	42.0	264	152	1	4	267	13	275	2.24e-73	229
NC_010376.1_280	iSDY_1059.SDY_4563	42.0	264	152	1	4	267	13	275	4.09e-73	228
NC_010376.1_280	STM_v1_0.STM3626	41.7	264	153	1	4	267	13	275	8.92e-73	227
NC_010376.1_280	iSF_1195.SF0779	40.5	309	178	2	4	311	303	606	1.15e-68	224
NC_010376.1_280	iML1515.b0829	40.5	309	178	2	4	311	314	617	2.79e-68	223
NC_010376.1_280	iSbBS512_1146.SbBS512_E2519	40.5	309	178	2	4	311	314	617	2.79e-68	223
NC_010376.1_280	iSSON_1240.SSON_0811	40.5	309	178	2	4	311	303	606	2.26e-68	223
NC_010376.1_280	iLJ478.TM1750	45.0	242	133	0	19	260	22	263	2.17e-71	223
NC_010376.1_281	iYS854.USA300HOU_RS04930	43.2	324	174	3	1	320	1	318	8.46e-86	260
NC_010376.1_282	iLJ478.TM0059	39.1	225	129	3	82	300	136	358	2.32e-40	144
NC_010376.1_282	iEK1008.Rv1282c	33.9	280	178	6	27	304	10	284	4.99e-40	141
NC_010376.1_282	iLJ478.TM1065	38.5	231	132	4	78	300	134	362	5.76e-36	132
NC_010376.1_283	iYS854.USA300HOU_RS13375	24.6	488	304	16	127	595	79	521	6.60e-26	111
NC_010376.1_283	iML1515.b3544	25.7	499	312	18	127	608	79	535	9.00e-26	111
NC_010376.1_283	iSDY_1059.SDY_4567	25.7	499	312	18	127	608	79	535	9.00e-26	111
NC_010376.1_283	iSF_1195.SF3579	25.7	499	312	18	127	608	79	535	9.00e-26	111
NC_010376.1_283	iSSON_1240.SSON_3846	25.7	499	312	18	127	608	79	535	9.00e-26	111
NC_010376.1_283	iLJ478.TM1223	24.8	541	297	28	92	578	30	514	1.37e-25	110
NC_010376.1_283	STM_v1_0.STM3630	25.5	501	310	19	127	608	79	535	1.21e-24	107
NC_010376.1_283	iAF692.Mbar_A0473	24.5	424	272	16	198	609	149	536	2.93e-24	106
NC_010376.1_283	iYL1228.KPN_03899	25.7	499	300	21	127	602	70	520	4.87e-24	105
NC_010376.1_283	iPC815.YPO4003	25.4	503	312	19	119	602	71	529	1.62e-23	104
NC_010376.1_290	iCN900.CD630_32850	56.0	420	178	2	13	425	18	437	4.42e-162	463
NC_010376.1_290	iYS854.USA300HOU_RS04775	54.9	428	188	3	3	425	5	432	7.23e-162	462
NC_010376.1_290	iHN637.CLJU_RS18285	56.4	408	171	1	25	425	32	439	5.26e-161	461
NC_010376.1_290	iYO844.BSU31350	54.6	401	175	1	32	425	37	437	3.99e-158	453
NC_010376.1_290	iNF517.LLMG_RS12290	52.9	433	194	3	3	425	5	437	2.62e-153	441
NC_010376.1_293	iMM1415.14711	28.9	149	82	5	23	153	50	192	2.42e-07	50.1
NC_010376.1_296	iJN1463.PP_0416	24.1	220	162	1	1	220	12	226	2.17e-21	89.4
NC_010376.1_296	iPC815.YPO0156	26.4	212	150	2	3	214	8	213	7.82e-21	87.0
NC_010376.1_296	iYL1228.KPN_03756	25.9	239	164	3	3	229	8	245	3.07e-20	85.9
NC_010376.1_296	iML1515.b3385	25.6	238	165	3	3	229	8	244	1.13e-19	84.3
NC_010376.1_296	iSF_1195.SF3403	25.2	238	166	2	3	229	8	244	1.13e-19	84.3
NC_010376.1_296	iCN718.ABAYE_RS17405	24.2	219	160	1	2	220	9	221	9.21e-20	84.0
NC_010376.1_296	iSbBS512_1146.SbBS512_E3762	25.2	238	166	2	3	229	8	244	1.57e-19	84.0
NC_010376.1_296	iSSON_1240.SSON_3516	25.6	238	165	3	3	229	8	244	1.57e-19	84.0
NC_010376.1_296	STM_v1_0.STM3482	24.4	238	168	2	3	229	8	244	3.02e-19	83.2
NC_010376.1_296	iSDY_1059.SDY_3694	25.2	238	166	2	3	229	8	244	3.02e-19	83.2
NC_010376.1_298	iYO844.BSU36710	30.7	244	160	2	9	243	11	254	6.52e-34	122
NC_010376.1_299	iCN900.CD630_34030	32.7	214	119	7	8	198	32	243	2.77e-17	77.4
NC_010376.1_300	iML1515.b0827	35.0	286	186	0	31	316	36	321	1.43e-52	180
NC_010376.1_300	iSbBS512_1146.SbBS512_E2521	35.0	286	186	0	31	316	36	321	2.01e-52	179
NC_010376.1_300	iSSON_1240.SSON_0809	35.0	286	186	0	31	316	36	321	2.01e-52	179
NC_010376.1_300	iSF_1195.SF0777	35.0	286	186	0	31	316	36	321	3.93e-52	179
NC_010376.1_300	iYS854.USA300HOU_RS12310	34.8	325	204	4	27	343	32	356	9.65e-51	175
NC_010376.1_300	iSDY_1059.SDY_0760	33.9	286	189	0	31	316	36	321	2.21e-50	174
NC_010376.1_301	iAF987.Gmet_0300	27.9	355	226	10	7	333	13	365	8.62e-30	116
NC_010376.1_302	iPC815.YPO3736	33.3	66	43	1	6	71	130	194	1.03e-05	43.5
NC_010376.1_302	iAF987.Gmet_0988	40.4	57	31	1	14	70	33	86	6.58e-05	40.4
NC_010376.1_303	STM_v1_0.STM1221	31.5	222	132	9	5	216	31	242	2.23e-23	95.1
NC_010376.1_305	iYS854.USA300HOU_RS07285	33.5	284	172	7	4	282	6	277	8.40e-40	139
NC_010376.1_308	iSynCJ816.SGL_RS18145	38.0	79	49	0	156	234	67	145	1.34e-10	58.2
NC_010376.1_308	iML1515.b1308	35.0	80	52	0	71	150	24	103	1.36e-09	53.9
NC_010376.1_308	iSbBS512_1146.SbBS512_E1544	35.0	80	52	0	71	150	24	103	1.36e-09	53.9
NC_010376.1_308	iSSON_1240.SSON_1832	35.0	80	52	0	71	150	24	103	1.36e-09	53.9
NC_010376.1_308	iSDY_1059.SDY_1936	35.0	80	52	0	71	150	24	103	2.59e-09	53.1
NC_010376.1_308	iSF_1195.SF1313	35.0	80	52	0	71	150	35	114	3.30e-09	53.1
NC_010376.1_310	iAF987.Gmet_0885	32.7	113	61	4	2	102	6	115	2.58e-06	47.0
NC_010376.1_312	iAF987.Gmet_2823	25.5	106	77	1	13	118	60	163	1.78e-04	42.0
NC_010376.1_315	iYS854.USA300HOU_RS11885	35.6	315	194	2	1	314	1	307	7.37e-60	193
NC_010376.1_316	iYO844.BSU00090	65.1	482	166	1	2	481	5	486	4.44e-223	622
NC_010376.1_316	iHN637.CLJU_RS18305	65.0	480	167	1	2	481	3	481	7.31e-221	616
NC_010376.1_316	iYS854.USA300HOU_RS02065	61.8	484	180	3	2	481	5	487	1.35e-212	595
NC_010376.1_316	iLJ478.TM1347	60.7	476	186	1	6	480	3	478	4.26e-205	576
NC_010376.1_316	iNF517.LLMG_RS01210	57.5	485	201	2	2	481	7	491	2.25e-200	565
NC_010376.1_316	iAF987.Gmet_2293	59.6	480	191	1	4	480	6	485	2.42e-199	562
NC_010376.1_317	iLJ478.TM0446	48.7	158	78	1	3	157	4	161	2.19e-44	143
NC_010376.1_317	iCN900.CD630_02180	49.0	157	76	2	1	154	1	156	3.19e-41	135
NC_010376.1_318	iHN637.CLJU_RS04220	53.9	334	147	3	3	336	2	328	2.53e-118	344
NC_010376.1_318	iAF987.Gmet_1844	54.3	335	150	2	2	333	5	339	4.48e-118	344
NC_010376.1_318	iCN900.CD630_02210	53.8	312	140	3	3	310	2	313	3.81e-114	335
NC_010376.1_318	iCN718.ABAYE_RS04960	51.8	336	159	2	2	336	11	344	1.16e-112	331
NC_010376.1_318	iPC815.YPO2828	51.5	328	155	3	3	328	7	332	1.74e-112	330
NC_010376.1_318	iSbBS512_1146.SbBS512_E2873	49.7	338	166	3	3	338	7	342	6.56e-112	328
NC_010376.1_318	iSF_1195.SF2543	49.7	338	166	3	3	338	12	347	7.73e-112	328
NC_010376.1_318	iSSON_1240.SSON_2581	49.7	338	166	3	3	338	7	342	6.56e-112	328
NC_010376.1_318	iML1515.b2499	49.7	338	166	3	3	338	7	342	9.29e-112	328
NC_010376.1_318	iSDY_1059.SDY_2688	49.4	338	167	3	3	338	7	342	2.64e-111	327
NC_010376.1_318	iYL1228.KPN_02824	49.4	338	167	3	3	338	7	342	3.75e-111	327
NC_010376.1_318	iYS854.USA300HOU_RS05335	48.7	335	172	0	1	335	1	335	4.81e-111	326
NC_010376.1_318	iNF517.LLMG_RS05020	54.2	301	137	1	5	304	6	306	1.58e-108	320
NC_010376.1_318	iYO844.BSU06500	49.7	336	166	2	1	333	1	336	1.66e-107	317
NC_010376.1_319	iCN900.CD630_17330	29.8	205	130	5	150	351	131	324	1.10e-21	94.4
NC_010376.1_319	iAF692.Mbar_A3639	24.2	343	242	9	15	351	3	333	1.79e-20	90.9
NC_010376.1_319	iAF692.Mbar_A3585	27.3	198	133	4	154	351	144	330	1.29e-18	85.9
NC_010376.1_320	iYS854.USA300HOU_RS09925	26.3	232	137	5	1	223	3	209	2.51e-17	81.3
NC_010376.1_320	iYO844.BSU23960	27.7	235	144	5	1	230	1	214	2.74e-16	78.2
NC_010376.1_320	iYS854.USA300HOU_RS08305	27.1	236	123	9	4	222	13	216	7.80e-15	74.3
NC_010376.1_320	iCN900.CD630_14890	26.6	237	145	6	1	230	1	215	2.18e-14	73.9
NC_010376.1_320	iCN900.CD630_04310	22.9	536	312	22	2	509	5	467	5.61e-14	73.9
NC_010376.1_320	iCN900.CD630_03010	20.7	527	333	15	1	505	5	468	1.02e-13	73.2
NC_010376.1_321	iHN637.CLJU_RS18300	64.8	511	178	2	1	510	1	510	6.58e-247	684
NC_010376.1_321	iCN900.CD630_01980	61.6	513	192	4	1	510	1	511	7.75e-239	664
NC_010376.1_321	iYO844.BSU06360	59.5	509	204	2	3	510	6	513	3.39e-226	632
NC_010376.1_321	iYS854.USA300HOU_RS02070	59.6	512	200	4	2	510	6	513	5.71e-220	616
NC_010376.1_325	iHN637.CLJU_RS16210	41.2	430	249	3	3	430	6	433	1.22e-109	330
NC_010376.1_325	iYS854.USA300HOU_RS06745	38.9	450	256	5	1	433	1	448	1.10e-101	310
NC_010376.1_326	iCN900.CD630_32240	65.5	322	106	2	2	318	3	324	8.41e-147	416
NC_010376.1_326	iHN637.CLJU_RS17045	63.5	323	113	2	1	318	1	323	3.89e-142	404
NC_010376.1_327	iHN637.CLJU_RS04950	35.0	414	230	10	1	380	4	412	5.08e-72	231
NC_010376.1_327	iYO844.BSU32260	36.9	339	207	5	1	334	4	340	1.12e-66	218
NC_010376.1_327	iYS854.USA300HOU_RS06750	39.5	314	187	3	1	311	4	317	1.19e-63	209
NC_010376.1_327	iCN900.CD630_15800	37.0	316	192	4	1	315	5	314	1.38e-63	209
NC_010376.1_327	iHN637.CLJU_RS03520	34.9	373	234	6	3	370	4	372	1.73e-63	209
NC_010376.1_328	iHN637.CLJU_RS16355	49.7	489	228	8	3	473	6	494	1.28e-141	425
NC_010376.1_328	iCN900.CD630_21180	49.1	493	232	7	1	475	1	492	2.30e-141	424
NC_010376.1_329	iAF692.Mbar_A2103	50.5	838	411	1	3	840	9	842	3.35e-283	803
NC_010376.1_332	iSynCJ816.SGL_RS17805	36.6	383	222	8	56	427	31	403	1.09e-74	238
NC_010376.1_332	iYS854.USA300HOU_RS02885	36.7	387	234	4	42	426	5	382	5.89e-74	236
NC_010376.1_333	iCN900.CD630_30040	32.0	300	204	0	1	300	3	302	1.91e-51	172
NC_010376.1_343	iCN900.CD630_20200	43.4	854	374	16	12	779	16	846	4.45e-211	618
NC_010376.1_348	iHN637.CLJU_RS12255	47.1	391	191	5	4	384	2	386	1.04e-117	347
NC_010376.1_348	iHN637.CLJU_RS19680	48.5	388	184	4	8	385	6	387	5.93e-117	345
NC_010376.1_350	iCN900.CD630_23200	57.8	147	62	0	1	147	1	147	1.39e-55	171
NC_010376.1_350	iNF517.LLMG_RS04880	51.4	148	72	0	1	148	1	148	2.74e-53	165
NC_010376.1_350	iHN637.CLJU_RS01130	53.8	145	67	0	1	145	1	145	3.00e-50	157
NC_010376.1_350	iLJ478.TM1080	54.3	140	64	0	1	140	1	140	1.43e-49	155
NC_010376.1_352	iYO844.BSU29060	37.1	197	113	3	7	198	4	194	2.40e-29	107
NC_010376.1_352	iAM_Pc455.PCYB_127140	34.7	196	123	3	7	199	74	267	2.71e-28	107
NC_010376.1_352	iAM_Pb448.PBANKA_130760	36.1	180	109	4	7	183	74	250	1.04e-27	105
NC_010376.1_352	iAM_Pv461.PVX_118305	34.2	196	124	3	7	199	74	267	5.61e-27	103
NC_010376.1_352	iAM_Pf480.PF3D7_1443700	34.2	196	124	3	7	199	74	267	8.23e-26	100
NC_010376.1_353	STM_v1_0.STM4582	34.5	177	100	5	34	202	489	657	2.26e-21	91.3
NC_010376.1_353	iAF987.Gmet_1377	35.3	153	97	2	34	185	548	699	2.68e-20	88.2
NC_010376.1_353	iML1515.b4392	36.1	155	95	3	34	184	477	631	6.50e-20	87.0
NC_010376.1_353	iSbBS512_1146.SbBS512_E4940	36.1	155	95	3	34	184	477	631	6.50e-20	87.0
NC_010376.1_353	iSDY_1059.SDY_4653	36.1	155	95	3	34	184	486	640	6.53e-20	87.0
NC_010376.1_353	iSF_1195.SF4424	36.1	155	95	3	34	184	486	640	6.53e-20	87.0
NC_010376.1_353	iSSON_1240.SSON_4542	36.1	155	95	3	34	184	486	640	6.53e-20	87.0
NC_010376.1_353	iYL1228.KPN_04847	35.5	152	94	3	34	181	485	636	1.02e-18	83.6
NC_010376.1_354	iHN637.CLJU_RS05570	41.9	432	248	3	7	436	4	434	1.48e-114	343
NC_010376.1_355	iHN637.CLJU_RS05575	40.1	317	171	3	18	316	13	328	2.42e-66	211
NC_010376.1_356	iHN637.CLJU_RS05580	26.0	169	107	4	6	174	16	166	5.06e-09	53.1
NC_010376.1_357	iYL1228.KPN_00242	38.8	201	117	1	8	202	12	212	4.97e-42	140
NC_010376.1_357	iHN637.CLJU_RS05585	40.0	195	116	1	9	202	7	201	1.02e-41	140
NC_010376.1_358	iHN637.CLJU_RS05590	40.6	192	113	1	2	193	1	191	5.77e-46	149
NC_010376.1_359	iHN637.CLJU_RS05595	37.8	262	159	4	2	260	3	263	2.24e-40	141
NC_010376.1_369	iHN637.CLJU_RS03570	29.5	752	392	27	433	1080	154	871	8.85e-55	206
NC_010376.1_369	iAF987.Gmet_0928	29.2	603	275	17	475	1065	120	582	9.08e-54	199
NC_010376.1_375	iML1515.b4173	30.9	152	91	5	138	285	180	321	4.18e-08	54.7
NC_010376.1_375	iAF692.Mbar_A1452	28.9	128	77	4	161	286	8	123	3.87e-07	52.0
NC_010376.1_377	iCN900.CD630_25240	38.0	205	112	5	2	198	28	225	6.82e-34	120
NC_010376.1_377	iHN637.CLJU_RS03645	35.0	203	127	3	1	198	1	203	2.76e-33	117
NC_010376.1_377	iYO844.BSU25640	33.5	206	113	4	1	199	1	189	3.33e-31	112
NC_010376.1_380	iML1515.b1010	34.2	114	72	2	11	121	13	126	2.84e-15	66.6
NC_010376.1_380	iSDY_1059.SDY_0985	34.2	114	72	2	11	121	13	126	2.84e-15	66.6
NC_010376.1_380	iSF_1195.SF1013	34.2	114	72	2	11	121	13	126	5.65e-15	65.9
NC_010376.1_381	iYO844.BSU35620	29.5	295	195	7	166	456	30	315	1.41e-29	123
NC_010376.1_382	iSynCJ816.SGL_RS05125	28.8	132	68	3	2	131	20	127	2.12e-07	52.4
NC_010376.1_383	iAM_Pf480.PF3D7_1454400	32.9	638	368	13	5	589	135	765	2.90e-87	286
NC_010376.1_383	iAM_Pv461.PVX_117760	32.0	657	371	15	2	589	157	806	4.61e-84	279
NC_010376.1_383	iAM_Pc455.PCYB_126090	31.7	657	373	15	2	589	5	654	8.24e-85	277
NC_010376.1_383	iAM_Pb448.PBANKA_131810	32.2	646	357	16	3	581	127	758	4.37e-83	275
NC_010376.1_386	iHN637.CLJU_RS17275	39.7	239	137	2	21	252	13	251	5.10e-47	157
NC_010376.1_387	iHN637.CLJU_RS16295	48.4	190	94	3	4	191	2	189	1.29e-52	167
NC_010376.1_391	iYO844.BSU35620	29.3	317	196	8	94	407	35	326	3.67e-25	108
NC_010376.1_392	iYO844.BSU35620	31.5	267	169	5	115	380	28	281	5.01e-27	114
NC_010376.1_393	iYS854.USA300HOU_RS04115	43.2	285	157	2	29	308	26	310	6.98e-76	234
NC_010376.1_394	iCN900.CD630_26820	65.6	1180	400	3	1	1175	1	1179	0.0	1612
NC_010376.1_394	iHN637.CLJU_RS04605	64.5	1171	410	3	3	1173	2	1166	0.0	1571
NC_010376.1_394	iHN637.CLJU_RS14475	62.4	1178	439	3	1	1178	1	1174	0.0	1514
NC_010376.1_395	iEK1008.Rv1679	30.1	359	246	5	18	374	17	372	2.99e-49	169
NC_010376.1_396	iJN1463.PP_0824	25.5	247	158	9	27	265	53	281	2.18e-12	65.5
NC_010376.1_397	iYS854.USA300HOU_RS01890	26.3	380	214	11	2	376	424	742	2.72e-25	107
NC_010376.1_397	iYO844.BSU13180	25.5	373	222	10	2	374	439	755	5.00e-25	107
NC_010376.1_399	iYO844.BSU10010	38.7	163	92	3	1	160	1	158	8.71e-29	104
NC_010376.1_399	iHN637.CLJU_RS14305	36.6	164	95	3	1	160	1	159	1.17e-25	96.3
NC_010376.1_400	iPC815.YPO3786	36.4	247	152	3	10	251	7	253	1.49e-52	171
NC_010376.1_400	iSbBS512_1146.SbBS512_E4303	36.8	247	151	3	10	251	7	253	8.38e-52	169
NC_010376.1_400	iSDY_1059.SDY_3912	36.8	247	151	3	10	251	7	253	8.38e-52	169
NC_010376.1_400	iML1515.b3831	36.8	247	151	3	10	251	7	253	1.18e-51	168
NC_010376.1_400	iSSON_1240.SSON_4006	36.8	247	151	3	10	251	7	253	1.18e-51	168
NC_010376.1_400	iSF_1195.SF3909	36.8	247	151	3	10	251	7	253	1.67e-51	168
NC_010376.1_400	STM_v1_0.STM3968	36.4	247	152	3	10	251	7	253	9.39e-51	166
NC_010376.1_400	iYL1228.KPN_04327	36.0	247	153	3	10	251	7	253	1.33e-50	166
NC_010376.1_403	iSDY_1059.SDY_1088	38.3	493	292	5	1	481	1	493	4.81e-119	357
NC_010376.1_403	iSSON_1240.SSON_1983	38.3	493	292	5	1	481	1	493	6.79e-119	357
NC_010376.1_403	iML1515.b1927	38.3	493	292	5	1	481	1	493	1.92e-118	356
NC_010376.1_403	iSbBS512_1146.SbBS512_E1057	38.1	493	293	5	1	481	1	493	2.71e-118	355
NC_010376.1_403	iSF_1195.SF1970	38.3	493	292	5	1	481	1	493	2.71e-118	355
NC_010376.1_403	STM_v1_0.STM1963	38.0	495	291	4	1	481	1	493	1.05e-117	354
NC_010376.1_403	iYL1228.KPN_02419	37.9	493	294	5	1	481	1	493	1.22e-113	343
NC_010376.1_406	iCN900.CD630_27450	65.9	170	58	0	1	170	1	170	2.50e-78	230
NC_010376.1_406	iHN637.CLJU_RS16620	60.6	170	67	0	1	170	1	170	3.09e-70	209
NC_010376.1_407	iHN637.CLJU_RS06595	59.8	475	191	0	4	478	10	484	9.91e-204	573
NC_010376.1_408	iYS854.USA300HOU_RS13880	49.1	792	381	10	6	779	9	796	1.34e-242	696
NC_010376.1_408	iYO844.BSU33500	48.3	802	385	11	2	777	5	802	5.34e-234	674
NC_010376.1_408	iCN900.CD630_21150	46.4	826	386	17	7	780	11	831	1.50e-219	638
NC_010376.1_409	STM_v1_0.STM0498	40.7	54	32	0	10	63	107	160	6.31e-06	41.2
NC_010376.1_409	iML1515.b0484	38.9	54	33	0	10	63	108	161	2.22e-05	39.7
NC_010376.1_409	iSbBS512_1146.SbBS512_E0419	38.9	54	33	0	10	63	108	161	2.22e-05	39.7
NC_010376.1_409	iSDY_1059.SDY_0434	38.9	54	33	0	10	63	108	161	2.22e-05	39.7
NC_010376.1_409	iSF_1195.SF0429	38.9	54	33	0	10	63	108	161	2.22e-05	39.7
NC_010376.1_409	iSSON_1240.SSON_0473	38.9	54	33	0	10	63	108	161	2.22e-05	39.7
NC_010376.1_409	iYO844.BSU33510	34.8	66	40	1	2	64	3	68	3.11e-05	37.4
NC_010376.1_413	iYS854.USA300HOU_RS11545	59.5	232	94	0	3	234	5	236	8.06e-94	274
NC_010376.1_413	iYS854.USA300HOU_RS00720	56.9	232	99	1	2	232	3	234	2.43e-90	265
NC_010376.1_414	iNF517.LLMG_RS05390	62.0	213	81	0	1	213	1	213	9.72e-86	252
NC_010376.1_414	iHN637.CLJU_RS08910	62.7	212	78	1	1	211	1	212	5.30e-84	248
NC_010376.1_414	iYO844.BSU39420	57.5	214	90	1	1	213	1	214	5.59e-76	228
NC_010376.1_414	iYS854.USA300HOU_RS00730	57.3	213	91	0	1	213	1	213	7.20e-76	227
NC_010376.1_415	iHN637.CLJU_RS05795	31.5	260	156	6	5	254	3	250	1.44e-29	111
NC_010376.1_415	iCN900.CD630_10690	30.7	270	171	8	1	260	1	264	4.99e-27	105
NC_010376.1_416	iYS854.USA300HOU_RS12475	46.5	316	164	2	2	313	3	317	1.28e-92	277
NC_010376.1_420	iHN637.CLJU_RS13445	60.6	561	197	2	11	547	3	563	2.38e-236	662
NC_010376.1_422	iML1515.b1985	22.6	380	269	6	16	389	38	398	4.31e-15	77.0
NC_010376.1_423	iCN900.CD630_00510	56.6	491	206	4	3	488	2	490	1.98e-200	565
NC_010376.1_424	iCN900.CD630_00520	56.3	469	191	6	1	460	1	464	1.09e-183	520
NC_010376.1_425	iCN900.CD630_00540	57.9	252	106	0	1	252	1	252	2.18e-102	297
NC_010376.1_426	iYS854.USA300HOU_RS04050	30.0	283	187	5	3	278	2	280	8.54e-36	129
NC_010376.1_428	iCN900.CD630_25410	28.3	453	284	8	3	425	16	457	1.90e-46	166
NC_010376.1_429	iYO844.BSU39540	25.1	327	219	9	1	304	1	324	8.44e-20	87.8
NC_010376.1_430	iCN900.CD630_35180	49.0	449	226	3	14	461	3	449	3.05e-144	419
NC_010376.1_431	iCN900.CD630_13530	32.4	222	137	4	2	213	3	221	1.65e-32	119
NC_010376.1_433	iCN900.CD630_23480	64.4	379	134	1	1	379	1	378	3.68e-167	472
NC_010376.1_434	iCN900.CD630_23490	69.3	515	153	2	1	515	1	510	1.06e-263	727
NC_010376.1_435	iCN900.CD630_23510	73.8	435	114	0	1	435	1	435	2.90e-234	646
NC_010376.1_436	iCN900.CD630_23520	75.2	157	39	0	1	157	1	157	1.62e-79	232
NC_010376.1_437	iCN900.CD630_23540	70.8	431	122	3	1	430	1	428	1.03e-221	614
NC_010376.1_438	iPC815.YPO3868	38.1	84	52	0	1	84	5	88	1.25e-19	76.6
NC_010376.1_438	iYL1228.KPN_04282	39.0	82	50	0	1	82	5	86	1.47e-18	73.9
NC_010376.1_438	iML1515.b3781	36.6	82	52	0	1	82	5	86	8.34e-18	72.0
NC_010376.1_438	STM_v1_0.STM3915	36.6	82	52	0	1	82	5	86	8.34e-18	72.0
NC_010376.1_438	iSbBS512_1146.SbBS512_E4140	36.6	82	52	0	1	82	5	86	8.34e-18	72.0
NC_010376.1_438	iSDY_1059.SDY_3968	36.6	82	52	0	1	82	23	104	1.30e-17	72.0
NC_010376.1_438	iSF_1195.SF3854	36.6	82	52	0	1	82	23	104	1.30e-17	72.0
NC_010376.1_438	iSSON_1240.SSON_3952	36.6	82	52	0	1	82	23	104	1.30e-17	72.0
NC_010376.1_438	iJN1463.PP_5215	39.2	74	45	0	8	81	13	86	4.73e-17	70.1
NC_010376.1_439	iCN900.CD630_23570	51.2	121	57	1	1	121	1	119	5.38e-41	132
NC_010376.1_440	iCN900.CD630_24950	55.7	460	195	4	7	458	5	463	8.18e-160	460
NC_010376.1_442	iCN900.CD630_23520	75.8	157	38	0	1	157	1	157	5.65e-80	233
NC_010376.1_443	iCN900.CD630_23560	59.9	309	123	1	1	309	4	311	1.29e-128	369
NC_010376.1_443	iHN637.CLJU_RS13735	55.7	309	134	2	1	308	4	310	2.03e-120	348
NC_010376.1_444	iCN900.CD630_22760	46.1	449	227	7	8	454	5	440	2.03e-108	328
NC_010376.1_444	iYS854.USA300HOU_RS06905	43.3	439	232	6	26	461	32	456	1.26e-99	306
NC_010376.1_444	iCN900.CD630_16960	41.5	458	251	7	6	461	11	453	2.56e-98	303
NC_010376.1_446	iCN718.ABAYE_RS15730	27.0	300	206	9	4	295	12	306	1.67e-18	85.1
NC_010376.1_446	iAF987.Gmet_0880	24.9	309	214	9	4	299	7	310	4.55e-17	80.9
NC_010376.1_446	iSbBS512_1146.SbBS512_E2876	24.2	297	214	7	3	293	13	304	6.13e-17	80.5
NC_010376.1_446	iSF_1195.SF2546	23.9	297	215	7	3	293	13	304	1.50e-16	79.3
NC_010376.1_446	iML1515.b2502	23.9	297	215	7	3	293	13	304	2.02e-16	79.0
NC_010376.1_446	iSDY_1059.SDY_2691	23.9	297	215	7	3	293	13	304	2.02e-16	79.0
NC_010376.1_446	iSSON_1240.SSON_2584	23.9	297	215	7	3	293	13	304	2.02e-16	79.0
NC_010376.1_446	iCN900.CD630_34910	26.5	302	203	9	6	294	6	301	3.49e-16	77.0
NC_010376.1_447	iAF692.Mbar_A1195	35.1	650	391	7	1	632	33	669	3.02e-112	355
NC_010376.1_447	iCN718.ABAYE_RS13985	34.5	641	391	11	9	636	21	645	1.37e-110	350
NC_010376.1_447	iSynCJ816.SGL_RS15845	34.5	690	408	12	3	659	15	693	1.85e-109	348
NC_010376.1_447	iEK1008.Rv2984	33.9	640	394	9	9	627	55	686	7.09e-103	331
NC_010376.1_447	iJN1463.PP_5217	32.2	684	443	9	1	673	38	711	5.46e-101	326
NC_010376.1_447	iPC815.YPO2836	32.8	668	410	15	10	658	10	657	5.96e-100	322
NC_010376.1_449	iAT_PLT_636.4905	32.9	255	145	7	185	421	242	488	5.41e-30	125
NC_010376.1_449	iMM1415.18195	32.9	255	145	7	185	421	242	488	5.41e-30	125
NC_010376.1_452	STM_v1_0.STM0203	30.3	386	249	9	41	414	79	456	1.28e-36	140
NC_010376.1_452	iPC815.YPO3388	29.7	387	260	7	36	414	74	456	4.85e-36	139
NC_010376.1_452	iYL1228.KPN_00170	30.3	389	245	12	41	414	79	456	1.03e-34	135
NC_010376.1_456	iML1515.b0808	25.7	202	141	2	54	246	493	694	2.17e-13	69.7
NC_010376.1_461	iHN637.CLJU_RS04570	51.3	398	174	8	11	392	3	396	2.91e-124	364
NC_010376.1_462	iCN900.CD630_20300	71.7	325	92	0	2	326	6	330	2.73e-167	468
NC_010376.1_466	iAF692.Mbar_A2179	32.9	392	255	7	7	397	8	392	9.01e-71	227
NC_010376.1_466	iSDY_1059.SDY_2907	32.6	393	258	6	6	393	3	393	5.75e-66	217
NC_010376.1_466	iSSON_1240.SSON_2854	32.8	393	257	6	6	393	3	393	5.75e-66	217
NC_010376.1_466	iML1515.b2710	32.8	393	257	6	6	393	3	393	8.07e-66	216
NC_010376.1_466	iAF692.Mbar_A3353	33.6	393	250	9	6	393	11	397	1.70e-66	216
NC_010376.1_466	STM_v1_0.STM2840	33.3	366	236	6	6	365	3	366	1.59e-65	216
NC_010376.1_466	iSF_1195.SF2733	32.6	393	258	6	6	393	3	393	1.59e-65	216
NC_010376.1_466	iSbBS512_1146.SbBS512_E3167	32.8	393	257	6	6	393	3	393	3.13e-65	215
NC_010376.1_466	iAF987.Gmet_3243	31.3	400	266	5	3	396	1	397	9.59e-66	214
NC_010376.1_466	iYL1228.KPN_03045	33.2	365	238	5	6	365	3	366	2.56e-64	213
NC_010376.1_467	iCN900.CD630_07180	58.7	555	223	5	3	552	5	558	2.13e-227	639
NC_010376.1_467	iHN637.CLJU_RS18540	57.8	555	228	5	3	552	5	558	1.14e-224	632
NC_010376.1_467	iNF517.LLMG_RS08030	57.8	555	231	2	1	552	1	555	3.91e-222	625
NC_010376.1_467	iYS854.USA300HOU_RS09195	55.7	553	240	3	3	552	5	555	2.79e-217	613
NC_010376.1_468	iHN637.CLJU_RS11895	48.3	360	186	0	4	363	5	364	3.30e-126	367
NC_010376.1_468	iCN900.CD630_16570	46.5	357	190	1	4	360	5	360	2.83e-110	340
NC_010376.1_469	iYS854.USA300HOU_RS04375	50.0	124	60	2	4	125	3	126	8.51e-39	126
NC_010376.1_469	iHN637.CLJU_RS11890	53.8	117	53	1	6	121	5	121	3.45e-38	125
NC_010376.1_469	iHN637.CLJU_RS18485	50.4	119	58	1	6	123	5	123	2.49e-35	117
NC_010376.1_470	iHN637.CLJU_RS11885	47.9	447	232	1	1	447	1	446	5.84e-153	441
NC_010376.1_470	iCN900.CD630_16570	45.0	447	241	3	2	445	378	822	4.66e-137	413
NC_010376.1_471	iHN637.CLJU_RS11880	60.6	482	187	2	3	482	4	484	8.60e-218	608
NC_010376.1_471	iCN900.CD630_16580	58.7	482	196	2	3	482	4	484	2.53e-212	595
NC_010376.1_471	iYS854.USA300HOU_RS08195	60.3	478	187	2	6	481	8	484	5.39e-208	584
NC_010376.1_472	iYO844.BSU24060	39.7	474	266	10	4	463	6	473	2.65e-97	300
NC_010376.1_472	iYO844.BSU14610	39.2	467	267	9	4	463	11	467	5.21e-96	297
NC_010376.1_472	iCN900.CD630_07230	36.7	463	282	7	5	464	3	457	1.25e-94	293
NC_010376.1_472	iYS854.USA300HOU_RS05470	37.9	464	278	7	4	464	11	467	8.55e-94	291
NC_010376.1_472	iLB1027_lipid.PHATRDRAFT_26432	37.7	459	272	11	4	453	36	489	9.56e-88	276
NC_010376.1_472	iNF517.LLMG_RS00390	37.0	470	277	12	4	463	11	471	4.87e-87	274
NC_010376.1_472	iYO844.BSU08090	36.8	465	278	10	5	463	3	457	1.83e-86	272
NC_010376.1_472	iJN1463.PP_5366	35.2	466	289	8	4	462	5	464	6.38e-86	271
NC_010376.1_473	iEK1008.Rv0125	28.7	279	161	8	105	364	59	318	1.60e-20	91.7
NC_010376.1_475	iYS854.USA300HOU_RS04515	51.2	244	117	1	6	247	5	248	3.13e-89	264
NC_010376.1_476	iYS854.USA300HOU_RS04535	50.8	443	217	1	28	470	24	465	4.22e-163	468
NC_010376.1_477	iYS854.USA300HOU_RS04520	28.9	249	171	4	99	343	189	435	1.54e-18	85.9
NC_010376.1_478	iSynCJ816.SGL_RS15265	46.1	399	208	5	10	405	13	407	3.34e-116	345
NC_010376.1_478	iYS854.USA300HOU_RS04525	43.4	403	223	4	7	408	11	409	6.11e-113	337
NC_010376.1_478	iML1515.b1680	42.9	408	223	6	7	411	5	405	3.80e-106	319
NC_010376.1_478	iCN718.ABAYE_RS11400	42.3	407	229	4	7	412	250	651	1.68e-102	317
NC_010376.1_478	iSSON_1240.SSON_1476	42.6	408	224	6	7	411	5	405	1.52e-105	317
NC_010376.1_478	iSbBS512_1146.SbBS512_E1881	42.6	408	224	6	7	411	5	405	2.43e-104	314
NC_010376.1_478	iLB1027_lipid.PHATRDRAFT_19482	40.4	399	233	2	10	405	75	471	8.23e-102	311
NC_010376.1_479	iYS854.USA300HOU_RS04530	34.0	147	93	2	3	147	6	150	1.60e-25	94.7
NC_010376.1_480	iLJ478.TM1774	33.1	414	239	10	4	410	18	400	3.19e-52	179
NC_010376.1_480	iIS312.TCDM_09487	29.2	448	261	10	3	395	222	668	8.32e-46	167
NC_010376.1_480	iAF987.Gmet_1428	30.8	416	251	12	4	401	2	398	7.52e-46	162
NC_010376.1_481	iYS854.USA300HOU_RS14620	25.8	445	305	10	36	470	28	457	8.66e-33	129
NC_010376.1_481	iML1515.b0612	25.6	481	308	14	24	474	15	475	1.93e-32	129
NC_010376.1_481	iYO844.BSU07570	27.6	348	230	8	21	359	19	353	2.37e-32	128
NC_010376.1_481	iSSON_1240.SSON_0564	25.4	481	309	14	24	474	15	475	2.29e-31	125
NC_010376.1_481	STM_v1_0.STM0618	24.5	481	313	13	24	474	15	475	4.25e-31	125
NC_010376.1_481	iYS854.USA300HOU_RS10410	24.7	489	338	12	6	473	20	499	1.08e-30	124
NC_010376.1_481	iML1515.b3063	24.8	479	310	14	29	477	19	477	1.43e-28	117
NC_010376.1_481	iSSON_1240.SSON_3200	24.8	479	310	14	29	477	19	477	1.43e-28	117
NC_010376.1_481	iSF_1195.SF3104	24.8	479	310	14	29	477	19	477	2.64e-28	117
NC_010376.1_484	iNF517.LLMG_RS07320	32.0	381	214	15	1	371	1	346	3.31e-38	140
NC_010376.1_485	iCN900.CD630_35150	47.6	452	231	2	3	452	4	451	2.31e-149	432
NC_010376.1_492	iCN900.CD630_31100	37.3	370	219	9	1	361	36	401	1.23e-72	231
NC_010376.1_496	iCN900.CD630_16490	30.5	233	146	6	1	218	1	232	1.92e-30	114
NC_010376.1_496	iYO844.BSU03820	30.0	217	142	4	1	207	1	217	7.87e-29	110
NC_010376.1_496	iCN900.CD630_07520	28.7	230	142	3	1	214	1	224	3.21e-28	108
NC_010376.1_496	iCN900.CD630_04310	29.3	208	142	2	3	207	268	473	2.82e-26	107
NC_010376.1_496	iYO844.BSU23960	26.5	219	147	2	1	207	1	217	2.39e-27	105
NC_010376.1_496	iYS854.USA300HOU_RS03980	29.4	221	146	4	1	211	1	221	4.43e-27	105
NC_010376.1_496	iNF517.LLMG_RS09720	27.1	229	145	3	2	214	7	229	5.44e-27	105
NC_010376.1_496	iCN718.ABAYE_RS10970	28.3	226	148	3	1	214	3	226	2.88e-26	103
NC_010376.1_499	iEK1008.Rv0684	63.0	689	250	4	7	691	10	697	9.36e-316	874
NC_010376.1_499	iSynCJ816.SGL_RS10930	58.8	691	280	3	1	691	1	686	8.29e-295	821
NC_010376.1_500	iSynCJ816.SGL_RS10925	71.3	401	107	5	1	396	1	398	3.64e-204	567
NC_010376.1_503	iYO844.BSU02750	29.4	204	127	3	15	206	19	217	1.22e-24	98.6
NC_010376.1_503	iYS854.USA300HOU_RS08305	29.7	202	127	2	1	189	10	209	4.44e-24	97.4
NC_010376.1_503	iCN900.CD630_04310	31.5	203	138	1	3	204	268	470	7.36e-23	97.1
NC_010376.1_503	iCN900.CD630_35300	30.1	209	130	5	2	199	4	207	3.52e-22	93.6
NC_010376.1_503	iNF517.LLMG_RS05770	28.1	221	146	5	1	211	1	218	1.47e-22	92.8
NC_010376.1_503	iCN900.CD630_35270	28.9	218	132	6	2	208	4	209	1.76e-21	91.7
NC_010376.1_503	iNF517.LLMG_RS04060	29.2	212	138	4	2	201	3	214	7.49e-21	91.3
NC_010376.1_503	iYO844.BSU30760	28.5	214	143	3	2	206	4	216	9.77e-22	90.9
NC_010376.1_503	iNF517.LLMG_RS09915	28.0	214	144	5	1	204	5	218	4.52e-21	89.0
NC_010376.1_504	iCN900.CD630_31690	29.3	198	139	1	3	199	106	303	2.54e-20	86.3
NC_010376.1_505	STM_v1_0.STM0057	37.3	421	260	2	4	422	22	440	1.51e-89	278
NC_010376.1_505	iNF517.LLMG_RS08245	38.5	431	250	7	2	428	6	425	1.60e-86	270
NC_010376.1_505	iYO844.BSU31580	37.4	428	253	7	4	427	30	446	3.79e-84	264
NC_010376.1_505	iYL1228.KPN_00033	36.1	421	265	2	4	422	19	437	6.55e-84	263
NC_010376.1_506	iHN637.CLJU_RS02030	57.3	379	160	1	6	382	4	382	4.43e-153	437
NC_010376.1_506	iCN900.CD630_10050	58.8	376	152	2	10	382	10	385	4.33e-152	434
NC_010376.1_506	iHN637.CLJU_RS12495	55.6	376	165	1	6	379	3	378	8.84e-146	418
NC_010376.1_506	iYO844.BSU29220	57.4	380	159	2	6	382	3	382	2.48e-145	418
NC_010376.1_506	iHN637.CLJU_RS15045	55.1	376	167	1	6	379	3	378	1.22e-144	415
NC_010376.1_506	iYS854.USA300HOU_RS09025	56.3	380	163	2	6	382	3	382	5.54e-144	414
NC_010376.1_506	iAF692.Mbar_A3045	56.8	377	158	3	8	379	33	409	1.17e-142	412
NC_010376.1_506	iHN637.CLJU_RS18940	56.1	380	164	2	6	382	3	382	4.82e-140	404
NC_010376.1_509	iHN637.CLJU_RS16795	48.6	356	175	4	1	355	1	349	8.49e-106	314
NC_010376.1_509	iAF692.Mbar_A0052	45.4	357	188	4	1	355	1	352	9.77e-105	311
NC_010376.1_511	iCN900.CD630_20740	42.1	242	139	1	1	241	1	242	5.09e-65	203
NC_010376.1_511	iCN900.CD630_20800	46.1	243	128	2	1	241	1	242	2.04e-64	201
NC_010376.1_511	iCN900.CD630_21010	41.2	260	148	2	1	255	1	260	9.89e-62	194
NC_010376.1_512	iCN900.CD630_20810	56.2	146	64	0	1	146	1	146	8.20e-58	176
NC_010376.1_512	iCN900.CD630_21000	52.7	148	70	0	1	148	1	148	3.98e-56	172
NC_010376.1_513	iCN900.CD630_20990	52.8	755	348	5	3	755	4	752	3.11e-277	781
NC_010376.1_514	iCN900.CD630_25410	31.9	429	263	8	21	427	36	457	4.86e-60	202
NC_010376.1_516	iHN637.CLJU_RS14330	44.3	652	356	4	3	650	15	663	5.54e-191	554
NC_010376.1_516	iCN900.CD630_11910	43.1	649	364	3	2	647	14	660	2.22e-186	542
NC_010376.1_517	iNF517.LLMG_RS02085	53.8	444	203	2	3	444	2	445	3.59e-163	467
NC_010376.1_518	iCN900.CD630_10870	34.5	261	148	8	8	252	8	261	1.31e-25	101
NC_010376.1_522	iAF692.Mbar_A2616	26.1	226	153	6	9	230	22	237	9.78e-15	71.6
NC_010376.1_522	iSF_1195.SF2709	28.9	201	130	4	8	195	17	217	1.21e-14	70.5
NC_010376.1_522	iSbBS512_1146.SbBS512_E3194	27.9	208	137	4	1	195	10	217	2.30e-14	69.7
NC_010376.1_522	iSDY_1059.SDY_2877	27.9	208	137	4	1	195	10	217	2.30e-14	69.7
NC_010376.1_522	iML1515.b2682	28.4	201	131	4	8	195	17	217	3.17e-14	69.3
NC_010376.1_522	iSSON_1240.SSON_2826	28.4	201	131	4	8	195	17	217	3.17e-14	69.3
NC_010376.1_525	iML1515.b3610	34.5	58	37	1	2	59	3	59	9.76e-07	42.0
NC_010376.1_525	iSbBS512_1146.SbBS512_E4038	34.5	58	37	1	2	59	3	59	9.76e-07	42.0
NC_010376.1_525	iSDY_1059.SDY_4043	34.5	58	37	1	2	59	3	59	9.76e-07	42.0
NC_010376.1_525	iSF_1195.SF3649	34.5	58	37	1	2	59	3	59	9.76e-07	42.0
NC_010376.1_525	iSSON_1240.SSON_3795	34.5	58	37	1	2	59	3	59	9.76e-07	42.0
NC_010376.1_525	iSynCJ816.SGL_RS06795	30.5	59	41	0	3	61	7	65	2.39e-05	38.5
NC_010376.1_527	iSynCJ816.SGL_RS14120	25.1	251	155	9	18	254	3	234	3.55e-04	42.4
NC_010376.1_528	iHN637.CLJU_RS02035	62.0	466	177	0	1	466	1	466	3.48e-205	576
NC_010376.1_530	iLJ478.TM0378	34.5	328	197	8	1	319	3	321	3.38e-47	161
NC_010376.1_530	iCN900.CD630_26300	31.7	334	203	7	2	317	7	333	8.28e-46	158
NC_010376.1_530	iYS854.USA300HOU_RS07540	30.8	331	213	6	2	317	3	332	5.90e-42	147
NC_010376.1_538	iCN900.CD630_32740	25.6	168	101	6	123	282	1	152	6.29e-04	40.8
NC_010376.1_541	iAF987.Gmet_1036	44.0	159	88	1	3	160	2	160	3.57e-40	132
NC_010376.1_548	iSynCJ816.SGL_RS13900	23.4	364	249	8	14	369	26	367	3.31e-11	63.9
NC_010376.1_551	iCN900.CD630_35400	55.2	647	256	8	5	643	3	623	3.79e-252	709
NC_010376.1_551	iHN637.CLJU_RS00840	51.6	665	294	6	5	665	3	643	1.70e-250	705
NC_010376.1_554	iAM_Pb448.PBANKA_146280	34.0	194	123	3	38	230	227	416	4.30e-29	114
NC_010376.1_554	iAM_Pv461.PVX_101390	33.3	186	120	2	38	222	276	458	2.01e-27	110
NC_010376.1_554	iAM_Pc455.PCYB_147430	32.3	186	122	2	38	222	96	278	8.67e-28	108
NC_010376.1_555	iJN1463.PP_5054	32.9	76	50	1	1	75	1	76	8.25e-08	44.7
NC_010376.1_555	iYS854.USA300HOU_RS05405	22.4	76	58	1	1	76	1	75	1.14e-06	41.6
NC_010376.1_557	iSynCJ816.SGL_RS06105	35.8	436	279	1	20	455	29	463	1.84e-83	264
NC_010376.1_557	iLJ478.TM1161	34.5	435	284	1	16	450	9	442	3.53e-82	260
NC_010376.1_557	iYS854.USA300HOU_RS05000	33.9	449	290	5	4	449	9	453	1.63e-80	256
NC_010376.1_560	iCN900.CD630_35660	36.8	277	170	2	1	272	4	280	6.34e-49	163
NC_010376.1_566	iCN900.CD630_07530	43.2	382	207	8	2	375	3	382	2.98e-91	278
NC_010376.1_567	iCN900.CD630_07540	48.4	382	195	2	6	386	6	386	8.81e-129	375
NC_010376.1_571	iCN900.CD630_10240	64.7	343	121	0	1	343	2	344	5.08e-160	451
NC_010376.1_572	iCN900.CD630_10250	49.3	270	133	2	1	269	1	267	5.97e-88	262
NC_010376.1_573	iCN900.CD630_10260	56.4	236	103	0	17	252	1	236	2.22e-86	256
NC_010376.1_574	iCN900.CD630_10270	53.1	335	155	1	8	340	15	349	5.12e-125	362
NC_010376.1_575	iCN900.CD630_13320	54.4	274	119	3	3	276	7	274	6.52e-96	283
NC_010376.1_575	iNF517.LLMG_RS12440	50.0	280	124	4	4	272	2	276	3.16e-86	258
NC_010376.1_577	iYS854.USA300HOU_RS10340	39.8	665	370	10	6	654	7	657	2.84e-145	437
NC_010376.1_577	iSSON_1240.SSON_2500	38.6	665	379	12	14	659	15	669	1.00e-133	407
NC_010376.1_577	iML1515.b2411	38.6	665	379	12	14	659	15	669	1.41e-133	407
NC_010376.1_577	iSF_1195.SF2466	38.7	664	374	13	17	659	18	669	5.57e-133	405
NC_010376.1_577	iSDY_1059.SDY_2608	38.5	665	380	12	14	659	15	669	3.09e-132	404
NC_010376.1_578	iYS854.USA300HOU_RS10325	38.6	88	53	1	2	88	4	91	5.02e-14	61.6
NC_010376.1_579	iYS854.USA300HOU_RS10320	41.1	477	253	8	2	461	8	473	1.59e-106	324
NC_010376.1_579	iAF987.Gmet_0075	45.0	407	214	4	64	462	70	474	9.96e-105	320
NC_010376.1_579	iAF692.Mbar_A0883	43.1	439	236	7	30	462	32	462	4.65e-103	315
NC_010376.1_579	iLJ478.TM1272	40.9	408	235	5	59	462	53	458	3.68e-102	313
NC_010376.1_579	iNF517.LLMG_RS00935	43.9	403	217	4	66	461	71	471	4.02e-101	310
NC_010376.1_579	iCN718.ABAYE_RS04050	42.6	413	216	6	64	462	71	476	3.21e-95	295
NC_010376.1_580	iLJ478.TM1273	45.5	477	254	2	1	471	1	477	4.13e-145	423
NC_010376.1_580	iYS854.USA300HOU_RS10315	45.0	476	255	6	1	473	1	472	1.01e-130	386
NC_010376.1_581	iCN900.CD630_33080	42.9	184	102	2	4	184	253	436	1.80e-39	139
NC_010376.1_581	iYS854.USA300HOU_RS05760	39.4	193	115	1	1	193	1	191	8.27e-37	126
NC_010376.1_583	iCN900.CD630_07200	37.6	266	154	6	8	262	16	280	1.70e-53	174
NC_010376.1_583	iHN637.CLJU_RS18530	38.3	274	141	8	14	262	7	277	2.46e-52	171
NC_010376.1_586	iYO844.BSU32510	31.1	151	97	2	103	253	181	324	4.25e-14	70.5
NC_010376.1_588	iAF987.Gmet_0886	34.8	396	233	10	5	395	8	383	1.33e-55	187
NC_010376.1_588	iML1515.b2253	33.0	394	235	10	5	393	7	376	1.86e-52	179
NC_010376.1_588	iSSON_1240.SSON_2314	32.7	394	236	10	5	393	18	387	3.58e-51	176
NC_010376.1_588	iYL1228.KPN_03847	32.6	393	235	10	10	397	1	368	3.14e-50	172
NC_010376.1_588	STM_v1_0.STM2297	33.2	394	234	10	5	393	13	382	4.69e-50	172
NC_010376.1_588	iSF_1195.SF2332	32.9	386	230	10	13	393	4	365	3.14e-50	172
NC_010376.1_589	iML1515.b2047	36.2	196	109	3	15	206	270	453	9.34e-27	105
NC_010376.1_589	STM_v1_0.STM2082	34.6	208	104	3	17	209	278	468	9.40e-26	103
NC_010376.1_590	iAF987.Gmet_2351	44.1	392	188	2	1	392	1	361	1.82e-115	340
NC_010376.1_591	iYS854.USA300HOU_RS07115	39.5	76	39	1	75	150	147	215	2.29e-06	46.2
NC_010376.1_591	iYO844.BSU40850	42.2	90	41	4	70	150	92	179	7.35e-06	44.3
NC_010376.1_591	iLJ478.TM1629	48.9	45	23	0	102	146	383	427	2.00e-05	43.9
NC_010376.1_591	iYL1228.KPN_00440	53.7	54	24	1	98	150	125	178	1.42e-05	43.5
NC_010376.1_591	iCN718.ABAYE_RS11130	46.2	52	28	0	100	151	116	167	2.89e-05	43.1
NC_010376.1_591	iCN718.ABAYE_RS12475	44.7	47	26	0	104	150	151	197	2.93e-05	42.7
NC_010376.1_591	iYS854.USA300HOU_RS13870	32.4	71	45	1	83	150	109	179	2.85e-05	42.7
NC_010376.1_592	iHN637.CLJU_RS16810	60.3	443	171	4	1	443	1	438	6.50e-193	542
NC_010376.1_592	iLJ478.TM0583	59.6	441	169	5	4	443	2	434	4.73e-187	527
NC_010376.1_593	iAF692.Mbar_A1138	24.9	334	211	10	4	334	2	298	2.55e-22	95.1
NC_010376.1_593	STM_v1_0.STM4433	25.7	284	184	10	1	275	1	266	2.22e-20	90.1
NC_010376.1_597	iYS854.USA300HOU_RS07285	29.4	286	193	7	1	284	1	279	7.70e-28	108
NC_010376.1_598	iAF987.Gmet_0043	24.3	226	162	3	351	568	41	265	1.17e-15	79.7
NC_010376.1_599	iAF987.Gmet_1919	33.5	155	98	3	2	154	5	156	1.33e-17	80.1
NC_010376.1_600	iCN900.CD630_32860	24.7	194	134	4	19	205	347	535	3.50e-05	43.9
NC_010376.1_601	iCN900.CD630_32610	72.2	248	68	1	3	250	8	254	2.17e-130	368
NC_010376.1_601	iHN637.CLJU_RS06095	71.2	250	71	1	1	250	1	249	1.22e-128	363
NC_010376.1_601	iAF692.Mbar_A1781	66.5	248	82	1	3	250	12	258	6.78e-121	344
NC_010376.1_601	iYS854.USA300HOU_RS07055	65.0	246	86	0	5	250	38	283	5.05e-117	335
NC_010376.1_602	iCN900.CD630_32620	47.9	217	112	1	74	290	58	273	5.11e-62	197
NC_010376.1_603	iCN900.CD630_32630	47.1	289	147	5	2	286	19	305	7.35e-80	243
NC_010376.1_604	iCN900.CD630_32680	50.0	110	53	2	183	291	38	146	2.60e-27	107
NC_010376.1_605	iYO844.BSU23580	44.5	310	168	3	1	308	1	308	5.37e-89	269
NC_010376.1_608	iCN900.CD630_25960	31.9	307	184	8	14	316	17	302	6.16e-36	131
NC_010376.1_609	iHN637.CLJU_RS01390	39.9	509	301	3	31	535	58	565	3.60e-119	362
NC_010376.1_609	iCN900.CD630_05570	36.9	547	329	5	2	535	6	549	2.45e-115	352
NC_010376.1_609	iLJ478.TM0751	38.6	533	314	8	14	535	19	549	6.14e-106	328
NC_010376.1_612	iAF987.Gmet_1919	30.7	150	104	0	5	154	5	154	3.37e-18	81.6
NC_010376.1_612	iAF987.Gmet_1706	37.0	119	71	3	3	119	1	117	3.42e-17	78.6
NC_010376.1_613	iAF987.Gmet_1991	27.4	237	154	6	233	458	183	412	3.83e-11	65.1
NC_010376.1_616	iCN900.CD630_03090	48.8	240	123	0	2	241	3	242	1.01e-80	241
NC_010376.1_616	iHN637.CLJU_RS10625	50.2	231	114	1	1	230	1	231	4.26e-77	232
NC_010376.1_619	iNF517.LLMG_RS08455	49.0	312	155	3	1	310	1	310	3.81e-93	278
NC_010376.1_621	iAF987.Gmet_0406	30.2	557	349	10	51	602	40	561	6.12e-69	238
NC_010376.1_622	iHN637.CLJU_RS05200	45.2	312	166	5	10	318	7	316	3.85e-80	246
NC_010376.1_622	iYO844.BSU15190	44.0	307	163	5	4	304	3	306	1.10e-75	234
NC_010376.1_622	iYS854.USA300HOU_RS05940	45.8	312	160	6	12	316	7	316	5.12e-73	228
NC_010376.1_623	iCN900.CD630_26530	41.3	448	252	4	2	440	6	451	1.74e-108	327
NC_010376.1_624	iJN1463.PP_1336	31.3	348	226	7	21	361	36	377	2.49e-44	157
NC_010376.1_624	iML1515.b0089	30.4	365	245	5	8	368	46	405	4.36e-43	154
NC_010376.1_625	iCN900.CD630_26510	45.5	374	197	5	1	370	2	372	1.39e-105	316
NC_010376.1_630	iCN900.CD630_22450	63.9	460	166	0	2	461	6	465	8.37e-224	622
NC_010376.1_631	iYS854.USA300HOU_RS09335	53.7	807	361	5	4	802	3	804	0.0	905
NC_010376.1_631	iNF517.LLMG_RS08750	49.9	835	374	9	4	802	3	829	3.34e-292	824
NC_010376.1_633	iSynCJ816.SGL_RS13900	23.6	305	220	5	79	379	62	357	1.22e-17	83.6
NC_010376.1_634	iCN900.CD630_12820	52.4	879	409	6	1	871	1	878	4.46e-311	877
NC_010376.1_641	iCN718.ABAYE_RS12870	28.9	180	106	4	39	214	34	195	2.93e-16	73.6
NC_010376.1_641	iCN718.ABAYE_RS12465	30.3	142	92	4	34	169	37	177	1.23e-14	69.7
NC_010376.1_644	iCN900.CD630_26230	50.9	230	108	2	2	226	6	235	5.34e-78	234
NC_010376.1_648	STM_v1_0.STM0047	31.2	141	90	4	6	141	15	153	2.04e-13	63.5
NC_010376.1_650	iCN900.CD630_25960	43.2	301	165	5	2	297	4	303	2.23e-69	217
NC_010376.1_650	iNF517.LLMG_RS07670	41.2	291	169	2	7	295	6	296	3.36e-65	206
NC_010376.1_650	iYS854.USA300HOU_RS06015	42.1	297	165	6	3	294	4	298	2.66e-62	199
NC_010376.1_651	iYS854.USA300HOU_RS07285	30.1	219	145	3	5	222	6	217	6.59e-21	89.7
NC_010376.1_655	iJN1463.PP_2439	51.3	187	91	0	1	187	1	187	3.13e-70	211
NC_010376.1_655	STM_v1_0.STM0608	48.1	187	97	0	1	187	1	187	4.55e-65	197
NC_010376.1_655	iML1515.b0605	47.1	187	99	0	1	187	1	187	1.30e-64	196
NC_010376.1_658	iHN637.CLJU_RS10880	34.2	225	144	3	43	263	45	269	7.76e-37	131
NC_010376.1_658	iYO844.BSU33380	31.3	268	168	6	1	263	1	257	1.82e-34	124
NC_010376.1_658	iSynCJ816.SGL_RS16435	32.6	261	170	4	7	263	8	266	2.30e-34	124
NC_010376.1_659	iCN900.CD630_08700	52.6	211	99	1	8	218	7	216	9.28e-77	230
NC_010376.1_660	iHN637.CLJU_RS10870	41.1	209	115	3	2	202	3	211	3.82e-48	160
NC_010376.1_660	iAF692.Mbar_A1556	39.6	197	111	3	13	201	35	231	9.02e-46	155
NC_010376.1_660	iYS854.USA300HOU_RS12330	42.3	201	111	3	1	197	1	200	8.24e-48	155
NC_010376.1_666	iHN637.CLJU_RS06145	58.8	187	76	1	2	188	3	188	2.82e-72	217
NC_010376.1_666	iCN900.CD630_25880	51.1	188	92	0	1	188	3	190	4.40e-64	196
NC_010376.1_668	iHN637.CLJU_RS06155	47.2	388	202	3	3	387	6	393	1.28e-110	329
NC_010376.1_668	iCN900.CD630_25870	47.6	391	201	4	2	388	4	394	1.29e-108	324
NC_010376.1_668	iYO844.BSU15700	45.9	370	195	3	2	366	4	373	3.88e-101	305
NC_010376.1_668	iAF987.Gmet_2673	44.4	365	202	1	3	366	5	369	5.67e-100	302
NC_010376.1_670	iAM_Pf480.PF3D7_0907900	43.2	155	84	1	11	161	72	226	6.12e-36	124
NC_010376.1_670	iAM_Pb448.PBANKA_080930	42.6	155	85	1	11	161	67	221	1.52e-35	123
NC_010376.1_670	iAM_Pc455.PCYB_071570	43.2	155	84	1	11	161	72	226	2.12e-33	117
NC_010376.1_670	iAM_Pv461.PVX_098840	43.6	140	75	1	11	146	17	156	5.89e-33	115
NC_010376.1_671	iCN900.CD630_25840	40.3	308	182	2	4	310	2	308	3.54e-76	235
NC_010376.1_673	iAM_Pb448.PBANKA_050460	21.0	371	166	12	177	422	109	477	9.00e-05	44.3
NC_010376.1_675	iYS854.USA300HOU_RS06125	36.6	238	148	2	7	241	8	245	2.47e-39	136
NC_010376.1_676	iYS854.USA300HOU_RS06130	35.2	596	330	15	1	558	1	578	5.50e-86	281
NC_010376.1_677	iYS854.USA300HOU_RS06135	37.1	286	172	5	4	285	2	283	2.40e-55	180
NC_010376.1_678	iCN900.CD630_25750	40.9	215	126	1	1	214	1	215	1.17e-61	191
NC_010376.1_678	iAF987.Gmet_0067	45.8	201	108	1	1	201	1	200	1.02e-59	186
NC_010376.1_678	iJN1463.PP_0415	44.5	200	111	0	3	202	5	204	1.27e-58	184
NC_010376.1_678	iCN718.ABAYE_RS15510	46.5	198	106	0	4	201	7	204	2.04e-58	183
NC_010376.1_678	iHN637.CLJU_RS06205	45.2	219	114	3	1	216	1	216	1.14e-57	181
NC_010376.1_678	iLB1027_lipid.PHATRDRAFT_53935	44.7	197	109	0	4	200	41	237	8.50e-57	180
NC_010376.1_678	iYL1228.KPN_03757	46.5	198	106	0	4	201	6	203	1.71e-56	178
NC_010376.1_678	STM_v1_0.STM3483	45.2	199	109	0	4	202	6	204	6.86e-56	177
NC_010376.1_678	iPC815.YPO0155	44.7	199	110	0	4	202	6	204	3.90e-55	175
NC_010376.1_678	iML1515.b3386	44.7	199	110	0	4	202	6	204	1.11e-54	174
NC_010376.1_678	iSbBS512_1146.SbBS512_E3763	44.7	199	110	0	4	202	6	204	1.11e-54	174
NC_010376.1_678	iSF_1195.SF3404	44.7	199	110	0	4	202	6	204	1.11e-54	174
NC_010376.1_678	iSSON_1240.SSON_3517	44.7	199	110	0	4	202	6	204	1.11e-54	174
NC_010376.1_680	iYS854.USA300HOU_RS06145	30.0	170	112	4	36	200	44	211	1.11e-14	69.3
NC_010376.1_680	iCN900.CD630_25740	27.7	202	125	4	5	196	20	210	7.87e-14	67.0
NC_010376.1_683	iYS854.USA300HOU_RS06160	39.0	549	322	5	2	541	4	548	2.41e-129	388
NC_010376.1_685	iCN718.ABAYE_RS13845	31.3	131	85	3	1	131	5	130	1.34e-12	62.8
NC_010376.1_686	iYS854.USA300HOU_RS05615	56.0	159	70	0	1	159	1	159	8.11e-63	190
NC_010376.1_688	iSynCJ816.SGL_RS08960	31.2	109	61	6	5	104	6	109	4.93e-06	43.5
NC_010376.1_691	iAF692.Mbar_A0186	53.2	665	302	5	7	663	6	669	9.13e-228	649
NC_010376.1_691	iAF987.Gmet_3239	49.6	693	310	8	1	663	1	684	3.90e-209	602
NC_010376.1_693	iSynCJ816.SGL_RS14865	46.3	246	131	1	2	246	5	250	1.18e-74	227
NC_010376.1_693	iSynCJ816.SGL_RS16015	41.4	251	141	3	2	246	22	272	3.25e-66	206
NC_010376.1_699	iMM904.YPR033C	28.6	454	271	17	6	413	57	503	1.67e-45	165
NC_010376.1_699	iLB1027_lipid.PHATRDRAFT_16944	29.1	444	284	16	9	431	5	438	1.35e-45	163
NC_010376.1_700	iCN900.CD630_05740	63.9	634	229	0	1	634	1	634	4.58e-304	840
NC_010376.1_701	iYL1228.KPN_00941	29.2	493	337	7	83	568	93	580	1.62e-54	194
NC_010376.1_701	iML1515.b0914	29.1	494	336	7	83	568	93	580	1.08e-52	189
NC_010376.1_701	iSbBS512_1146.SbBS512_E2410	29.1	494	336	7	83	568	93	580	1.08e-52	189
NC_010376.1_701	iSDY_1059.SDY_2344	29.1	494	336	7	83	568	93	580	1.08e-52	189
NC_010376.1_701	iSF_1195.SF0910	29.1	494	336	7	83	568	93	580	1.49e-52	188
NC_010376.1_701	iSSON_1240.SSON_0916	29.1	494	336	7	83	568	93	580	1.49e-52	188
NC_010376.1_701	iAF987.Gmet_2349	29.7	488	324	8	91	568	92	570	2.36e-52	187
NC_010376.1_701	STM_v1_0.STM0984	28.7	494	338	7	83	568	93	580	9.73e-51	183
NC_010376.1_701	iPC815.YPO1395	28.5	568	378	14	12	565	23	576	8.57e-49	178
NC_010376.1_702	iPC815.YPO3144	31.2	570	375	7	12	573	12	572	6.82e-77	254
NC_010376.1_703	iYS854.USA300HOU_RS06925	35.4	336	209	4	455	787	496	826	4.62e-62	224
NC_010376.1_717	iHN637.CLJU_RS06400	63.9	233	82	2	2	233	3	234	1.55e-102	296
NC_010376.1_717	iYO844.BSU16510	60.0	235	91	1	4	235	5	239	3.09e-98	286
NC_010376.1_717	iNF517.LLMG_RS11470	58.3	235	95	1	3	234	4	238	1.71e-92	271
NC_010376.1_717	iYS854.USA300HOU_RS06340	58.8	233	93	1	4	233	6	238	3.00e-91	268
NC_010376.1_719	iML1515.b1655	38.6	114	68	1	477	588	152	265	1.39e-20	91.7
NC_010376.1_721	iCN900.CD630_24960	55.6	311	137	1	45	354	6	316	5.21e-125	361
NC_010376.1_721	iHN637.CLJU_RS13685	53.4	305	141	1	44	348	1	304	1.18e-117	342
NC_010376.1_721	iHN637.CLJU_RS03675	53.7	300	138	1	44	343	1	299	2.73e-116	339
NC_010376.1_722	iAF987.Gmet_2999	23.0	191	117	4	25	210	29	194	4.39e-09	55.5
NC_010376.1_722	iAF987.Gmet_0069	28.1	139	94	3	1	135	1	137	2.55e-07	50.1
NC_010376.1_724	iYS854.USA300HOU_RS11440	42.8	187	97	3	4	184	6	188	1.42e-41	139
NC_010376.1_725	iHN637.CLJU_RS11545	66.0	159	51	2	1	156	1	159	3.42e-74	218
NC_010376.1_726	iJN1463.PP_1336	31.5	279	184	5	82	355	98	374	2.39e-35	133
NC_010376.1_726	iML1515.b0089	28.8	354	238	7	13	355	45	395	1.39e-33	128
NC_010376.1_729	iHN637.CLJU_RS17595	69.0	306	95	0	1	306	1	306	1.99e-148	418
NC_010376.1_729	iCN900.CD630_01840	63.9	305	108	1	1	305	1	303	4.78e-135	384
NC_010376.1_730	iHN637.CLJU_RS17590	57.2	138	59	0	1	138	1	138	4.63e-56	171
NC_010376.1_731	iCN900.CD630_15260	35.7	423	231	9	3	389	2	419	3.27e-79	249
NC_010376.1_731	iHN637.CLJU_RS18360	35.7	420	237	7	3	390	2	420	2.85e-74	237
NC_010376.1_731	iNF517.LLMG_RS07600	35.1	424	238	9	1	390	1	421	3.77e-71	229
NC_010376.1_732	iHN637.CLJU_RS17585	53.4	283	130	2	1	281	1	283	5.66e-107	311
NC_010376.1_733	iHN637.CLJU_RS17580	47.2	246	115	6	4	236	7	250	1.01e-71	219
NC_010376.1_733	iCN900.CD630_01850	46.6	234	116	4	8	238	3	230	3.52e-70	214
NC_010376.1_734	iHN637.CLJU_RS17575	62.9	294	109	0	5	298	3	296	9.53e-133	378
NC_010376.1_734	iCN900.CD630_01860	59.3	297	121	0	2	298	4	300	1.52e-125	360
NC_010376.1_735	iHN637.CLJU_RS17570	64.0	186	66	1	4	188	5	190	1.26e-87	255
NC_010376.1_735	iCN900.CD630_01870	63.4	186	66	2	4	188	6	190	1.38e-85	250
NC_010376.1_736	iHN637.CLJU_RS06410	48.5	237	115	1	5	234	19	255	2.02e-77	233
NC_010376.1_736	iCN900.CD630_21360	48.5	237	115	2	5	234	8	244	1.15e-76	231
NC_010376.1_736	iYS854.USA300HOU_RS06350	44.7	235	123	1	6	233	19	253	9.53e-71	216
NC_010376.1_736	iYO844.BSU16530	47.0	230	115	1	11	233	31	260	3.07e-70	215
NC_010376.1_737	iCN900.CD630_21350	52.0	127	59	2	126	251	125	250	2.17e-37	132
NC_010376.1_739	iCN900.CD630_21280	54.9	348	157	0	2	349	4	351	1.49e-136	392
NC_010376.1_739	iHN637.CLJU_RS06430	55.3	349	156	0	1	349	1	349	3.50e-132	380
NC_010376.1_742	iAM_Pf480.PF3D7_0420200	37.3	67	38	2	3	69	185	247	6.30e-05	41.6
NC_010376.1_743	iCN900.CD630_24390	44.0	225	124	1	20	244	11	233	2.19e-57	182
NC_010376.1_743	iHN637.CLJU_RS03985	38.1	226	138	1	20	245	7	230	3.29e-52	169
NC_010376.1_744	iHN637.CLJU_RS08905	48.1	131	67	1	1	130	1	131	7.95e-42	134
NC_010376.1_747	iCN900.CD630_24320	23.9	377	238	7	132	483	203	555	2.10e-27	116
NC_010376.1_747	iSynCJ816.SGL_RS13565	23.0	357	242	7	172	514	247	584	6.94e-25	108
NC_010376.1_750	iYS854.USA300HOU_RS06125	26.5	234	151	5	25	239	11	242	2.39e-19	83.6
NC_010376.1_751	iYO844.BSU09840	20.6	252	172	9	106	348	123	355	1.39e-04	43.9
NC_010376.1_755	iCN900.CD630_35770	28.9	121	75	4	140	260	122	231	9.99e-04	40.8
NC_010376.1_759	iCN900.CD630_01070	47.0	389	200	3	1	383	1	389	9.81e-116	342
NC_010376.1_759	iHN637.CLJU_RS06550	45.7	396	206	4	1	387	2	397	4.34e-115	340
NC_010376.1_767	iHN637.CLJU_RS06515	45.3	192	85	4	1	173	1	191	4.88e-41	136
NC_010376.1_767	iCN900.CD630_13270	44.8	172	92	2	1	169	1	172	9.32e-38	127
NC_010376.1_769	iAF987.Gmet_1593	49.3	142	72	0	1	142	6	147	6.01e-48	151
NC_010376.1_770	iHN637.CLJU_RS10465	47.8	69	35	1	619	686	562	630	9.91e-11	64.7
NC_010376.1_772	iHN637.CLJU_RS06475	38.6	295	173	4	18	304	18	312	9.53e-65	206
NC_010376.1_773	iYS854.USA300HOU_RS06405	40.8	292	154	9	4	282	5	290	8.78e-61	194
NC_010376.1_774	iHN637.CLJU_RS06465	31.3	310	205	6	13	316	9	316	5.28e-50	168
NC_010376.1_776	iML1515.b3590	30.8	263	164	10	269	519	2	258	5.23e-19	91.3
NC_010376.1_784	iML1515.b1103	40.2	107	64	0	2	108	4	110	9.54e-28	97.8
NC_010376.1_787	iMM904.YBR034C	47.5	61	30	2	170	229	59	118	7.58e-07	49.7
NC_010376.1_789	iML1515.b0650	35.1	470	265	10	5	458	8	453	7.71e-85	275
NC_010376.1_789	iSSON_1240.SSON_0604	35.5	470	263	11	5	458	8	453	7.71e-85	275
NC_010376.1_789	STM_v1_0.STM0659	35.2	486	274	12	5	474	8	468	1.63e-84	274
NC_010376.1_789	iSbBS512_1146.SbBS512_E0599	34.5	472	265	9	5	458	8	453	5.83e-84	273
NC_010376.1_792	iCN900.CD630_24640	34.3	391	231	6	1	366	1	390	5.72e-76	239
NC_010376.1_793	iEK1008.Rv0684	25.5	494	234	13	4	377	9	488	2.24e-28	120
NC_010376.1_793	iSynCJ816.SGL_RS17200	24.4	528	262	13	1	406	1	513	1.21e-26	114
NC_010376.1_793	iSynCJ816.SGL_RS10930	24.7	494	225	15	8	377	10	480	1.50e-24	108
NC_010376.1_798	iYO844.BSU33900	72.8	430	115	1	1	428	1	430	5.93e-221	612
NC_010376.1_798	iAF987.Gmet_2372	67.4	429	139	1	1	428	1	429	1.69e-208	580
NC_010376.1_798	iCN900.CD630_31700	70.5	430	125	1	1	428	1	430	2.03e-207	578
NC_010376.1_798	iHN637.CLJU_RS19255	67.1	425	140	0	4	428	7	431	1.78e-206	575
NC_010376.1_798	iYS854.USA300HOU_RS04205	67.7	434	134	3	1	428	1	434	6.35e-205	572
NC_010376.1_799	iHN637.CLJU_RS19260	56.1	513	220	4	4	514	2	511	2.05e-194	551
NC_010376.1_799	iCN900.CD630_31710	53.8	513	228	5	5	513	3	510	2.45e-185	528
NC_010376.1_799	iYO844.BSU33910	52.9	512	235	5	5	513	3	511	2.90e-179	513
NC_010376.1_799	iAF692.Mbar_A2222	52.0	527	238	5	1	514	1	525	6.14e-177	508
NC_010376.1_799	iAF692.Mbar_A1223	52.1	514	241	5	1	511	4	515	2.67e-176	506
NC_010376.1_800	iHN637.CLJU_RS19265	54.2	238	108	1	1	238	12	248	2.69e-89	263
NC_010376.1_800	iCN900.CD630_31720	53.8	238	108	2	1	238	12	247	1.86e-84	251
NC_010376.1_800	iYO844.BSU33920	49.8	241	119	2	1	240	12	251	4.26e-82	245
NC_010376.1_801	iLJ478.TM0689	56.9	399	166	3	1	395	1	397	3.52e-153	447
NC_010376.1_801	iHN637.CLJU_RS19270	56.7	395	170	1	2	395	4	398	1.18e-156	446
NC_010376.1_801	iCN900.CD630_31730	54.9	397	177	2	1	395	4	400	7.38e-151	432
NC_010376.1_801	iYO844.BSU33930	52.0	396	187	2	1	395	1	394	7.46e-147	421
NC_010376.1_802	iCN900.CD630_17670	59.3	334	135	1	1	333	3	336	3.19e-138	395
NC_010376.1_802	iHN637.CLJU_RS06580	60.2	332	130	2	1	331	3	333	3.83e-135	387
NC_010376.1_802	iAF987.Gmet_1946	56.9	332	139	3	1	331	3	331	6.08e-127	366
NC_010376.1_802	iHN637.CLJU_RS19275	55.1	334	148	2	1	333	2	334	6.54e-125	361
NC_010376.1_802	iSynCJ816.SGL_RS17045	53.9	332	150	3	2	331	3	333	6.55e-123	356
NC_010376.1_802	iEK1008.Rv1436	55.7	334	143	3	1	330	3	335	9.94e-123	355
NC_010376.1_803	iCN900.CD630_17290	43.8	536	296	2	1	531	1	536	1.76e-144	426
NC_010376.1_805	iYO844.BSU17890	50.6	662	312	8	2	652	5	662	1.49e-221	632
NC_010376.1_805	iYS854.USA300HOU_RS06830	47.6	659	333	8	2	651	4	659	5.97e-212	607
NC_010376.1_805	iNF517.LLMG_RS04440	47.8	653	326	8	5	649	7	652	6.59e-205	589
NC_010376.1_805	iSynCJ816.SGL_RS05660	47.8	661	334	10	5	655	10	669	5.85e-201	580
NC_010376.1_809	iCN900.CD630_24100	65.6	870	297	2	1	869	1	869	0.0	1120
NC_010376.1_809	iHN637.CLJU_RS04010	65.2	867	302	0	3	869	4	870	0.0	1115
NC_010376.1_809	iLJ478.TM0272	60.0	881	344	4	1	874	1	880	0.0	1023
NC_010376.1_810	iYS854.USA300HOU_RS12240	42.4	406	222	7	4	403	2	401	6.36e-92	283
NC_010376.1_811	iML1515.b1985	23.2	280	203	4	12	280	39	317	6.31e-12	67.0
NC_010376.1_815	iCN900.CD630_32310	58.5	164	68	0	4	167	9	172	4.42e-67	202
NC_010376.1_815	iHN637.CLJU_RS16720	53.9	165	76	0	5	169	8	172	2.16e-61	187
NC_010376.1_817	iCN900.CD630_32560	56.8	884	367	6	3	872	5	887	0.0	1044
NC_010376.1_817	iHN637.CLJU_RS17105	53.1	880	399	4	2	869	5	882	0.0	990
NC_010376.1_818	iCN900.CD630_27420	40.5	205	117	3	1	201	1	204	2.49e-52	166
NC_010376.1_820	iCN900.CD630_27440	49.9	732	351	6	7	723	5	735	3.22e-258	731
NC_010376.1_820	iYO844.BSU27600	47.6	729	360	6	9	721	10	732	9.62e-242	689
NC_010376.1_820	iHN637.CLJU_RS16615	48.1	726	365	6	8	723	2	725	3.26e-240	684
NC_010376.1_823	iYS854.USA300HOU_RS08720	64.8	361	127	0	8	368	10	370	7.32e-178	499
NC_010376.1_824	iYS854.USA300HOU_RS08725	59.5	341	135	3	340	678	1	340	3.62e-138	408
NC_010376.1_827	iCN900.CD630_25770	47.3	243	127	1	2	244	4	245	1.71e-78	236
NC_010376.1_828	iAF987.Gmet_1919	34.6	133	81	3	11	141	5	133	2.56e-12	65.1
NC_010376.1_829	iAF987.Gmet_0043	25.0	252	172	6	198	440	20	263	2.70e-16	80.9
NC_010376.1_834	iAF987.Gmet_1762	36.6	369	177	8	15	331	18	381	3.82e-58	192
NC_010376.1_835	iHN637.CLJU_RS10465	39.3	633	371	7	1	621	1	632	9.84e-148	443
NC_010376.1_836	iCN900.CD630_18170	38.9	193	111	4	2	187	3	195	4.30e-32	114
NC_010376.1_837	iCN900.CD630_18160	42.2	206	116	1	78	280	6	211	1.94e-52	170
NC_010376.1_837	iYO844.BSU22890	40.4	218	123	2	77	287	6	223	8.70e-50	164
NC_010376.1_841	iCN900.CD630_20500	44.5	236	126	4	1	232	1	235	9.41e-63	196
NC_010376.1_845	iHN637.CLJU_RS05505	46.8	171	89	2	1	169	1	171	3.78e-48	154
NC_010376.1_849	iYS854.USA300HOU_RS08130	38.1	286	152	6	3	269	14	293	2.38e-52	172
NC_010376.1_849	iHN637.CLJU_RS05465	38.3	282	156	6	4	268	12	292	4.74e-52	171
NC_010376.1_856	iYO844.BSU25500	22.1	213	155	6	3	211	2	207	1.12e-06	49.7
NC_010376.1_858	iHN637.CLJU_RS06285	38.6	70	41	1	5	72	2	71	4.72e-09	47.8
NC_010376.1_858	iCN900.CD630_10620	36.1	72	43	1	5	73	1	72	1.46e-07	43.9
NC_010376.1_859	iHN637.CLJU_RS06280	38.3	326	195	5	1	320	1	326	8.80e-64	204
NC_010376.1_859	iCN900.CD630_11780	38.0	329	189	6	1	318	1	325	1.35e-63	204
NC_010376.1_861	iHN637.CLJU_RS06265	60.1	396	155	2	1	393	1	396	7.88e-169	477
NC_010376.1_861	iLJ478.TM0274	58.4	399	160	3	1	393	1	399	2.75e-163	463
NC_010376.1_861	iCN900.CD630_11750	54.3	398	177	3	1	393	1	398	1.17e-158	451
NC_010376.1_861	iAF692.Mbar_A1820	56.4	397	169	3	1	393	1	397	9.02e-151	432
NC_010376.1_862	iYS854.USA300HOU_RS06885	38.7	199	111	3	6	195	3	199	5.90e-35	122
NC_010376.1_863	iIT341.HP0687	27.5	182	118	6	179	355	6	178	1.54e-09	59.7
NC_010376.1_864	iYO844.BSU36900	65.2	402	137	1	12	410	8	409	1.74e-186	523
NC_010376.1_864	iAF987.Gmet_1605	64.0	406	143	1	8	410	4	409	8.17e-185	519
NC_010376.1_864	iCN900.CD630_27260	63.0	405	149	1	6	410	3	406	1.59e-184	518
NC_010376.1_864	iYS854.USA300HOU_RS11410	65.4	393	132	2	22	410	18	410	1.14e-181	511
NC_010376.1_864	iHN637.CLJU_RS05640	64.1	404	144	1	8	410	6	409	4.95e-181	509
NC_010376.1_864	iSSON_1240.SSON_2634	60.5	410	155	3	7	410	7	415	1.98e-176	498
NC_010376.1_864	iLJ478.TM0720	61.2	418	150	3	6	412	3	419	2.82e-176	498
NC_010376.1_864	iML1515.b2551	60.2	410	156	3	7	410	7	415	5.66e-176	497
NC_010376.1_864	iSbBS512_1146.SbBS512_E2916	60.2	410	156	3	7	410	7	415	5.66e-176	497
NC_010376.1_864	iSF_1195.SF2598	60.2	410	156	3	7	410	7	415	5.66e-176	497
NC_010376.1_864	iSDY_1059.SDY_2741	60.0	410	157	3	7	410	7	415	2.29e-175	495
NC_010376.1_864	iJN1463.PP_0322	59.3	410	162	2	8	412	8	417	3.25e-175	495
NC_010376.1_864	STM_v1_0.STM2555	59.5	410	159	3	7	410	7	415	1.32e-174	493
NC_010376.1_864	iYL1228.KPN_02876	59.5	410	159	3	7	410	7	415	1.87e-174	493
NC_010376.1_864	iJN1463.PP_0671	59.3	405	159	3	11	410	11	414	1.01e-171	486
NC_010376.1_864	iPC815.YPO2907	59.3	410	160	3	7	410	7	415	2.03e-171	485
NC_010376.1_864	iSynCJ816.SGL_RS04690	60.7	405	151	4	12	410	13	415	5.79e-171	484
NC_010376.1_864	iCN718.ABAYE_RS06300	59.6	408	160	2	8	410	7	414	5.79e-171	484
NC_010376.1_864	iNF517.LLMG_RS02930	59.6	411	161	3	5	410	5	415	1.45e-168	478
NC_010376.1_866	iAF987.Gmet_1043	33.8	142	93	1	1	142	45	185	4.36e-18	80.5
NC_010376.1_866	iAF987.Gmet_1568	32.8	134	87	2	3	134	8	140	2.63e-17	78.2
NC_010376.1_866	iIT341.HP0814	32.5	123	82	1	12	134	19	140	4.15e-17	77.4
NC_010376.1_866	iCN900.CD630_17030	38.4	125	72	3	24	146	88	209	6.76e-17	77.0
NC_010376.1_866	iAF692.Mbar_A1238	28.8	146	103	1	3	148	7	151	1.35e-16	75.9
NC_010376.1_866	iAF987.Gmet_2855	33.6	134	86	2	3	134	8	140	5.02e-16	74.3
NC_010376.1_867	iCN900.CD630_27390	56.6	590	254	2	1	588	1	590	1.51e-243	682
NC_010376.1_868	iJN1463.PP_0601	26.9	487	342	8	11	486	13	496	2.50e-34	135
NC_010376.1_868	iSDY_1059.SDY_2083	24.7	445	328	5	12	451	14	456	2.53e-32	129
NC_010376.1_868	iML1515.b1069	24.5	445	329	5	12	451	14	456	8.63e-32	127
NC_010376.1_868	iSbBS512_1146.SbBS512_E2257	24.5	445	329	5	12	451	14	456	1.17e-31	127
NC_010376.1_868	iSF_1195.SF1075	24.5	445	329	5	12	451	14	456	1.17e-31	127
NC_010376.1_868	iSSON_1240.SSON_1089	24.5	445	329	5	12	451	14	456	1.17e-31	127
NC_010376.1_872	iNF517.LLMG_RS11600	47.7	555	282	6	14	564	14	564	1.20e-170	495
NC_010376.1_876	iYS854.USA300HOU_RS05695	34.2	796	496	13	1	776	1	788	2.33e-149	456
NC_010376.1_876	iAF987.Gmet_1416	33.2	808	514	8	1	789	1	801	1.03e-139	431
NC_010376.1_876	iLJ478.TM0822	31.8	803	518	13	1	789	1	787	4.93e-132	411
NC_010376.1_877	iCN900.CD630_06990	57.6	340	143	1	1	340	1	339	4.19e-143	407
NC_010376.1_877	iHN637.CLJU_RS16970	54.7	340	151	2	1	340	1	337	2.89e-133	382
NC_010376.1_879	iCN900.CD630_06970	44.6	213	118	0	1	213	1	213	3.07e-66	203
NC_010376.1_880	iCN900.CD630_06960	43.9	444	238	6	11	444	16	458	6.01e-106	321
NC_010376.1_880	iYO844.BSU31100	43.1	425	238	4	6	429	10	431	3.24e-102	311
NC_010376.1_881	iCN900.CD630_26950	59.2	338	131	3	1	336	1	333	2.00e-136	390
NC_010376.1_883	iNF517.LLMG_RS12135	41.3	327	190	2	1	326	1	326	3.57e-82	252
NC_010376.1_885	iNF517.LLMG_RS12140	30.4	388	255	7	1	379	1	382	2.11e-53	182
NC_010376.1_889	iHN637.CLJU_RS03130	43.2	271	154	0	1	271	1	271	1.34e-76	233
NC_010376.1_890	iHN637.CLJU_RS03115	52.6	266	125	1	3	268	7	271	1.40e-95	281
NC_010376.1_890	iYO844.BSU00770	52.1	261	124	1	10	270	21	280	2.65e-91	271
NC_010376.1_890	iCN900.CD630_14500	47.9	263	135	2	8	269	6	267	1.81e-87	261
NC_010376.1_892	iHN637.CLJU_RS03120	60.3	184	73	0	1	184	2	185	6.48e-83	243
NC_010376.1_897	iCN900.CD630_01790	58.3	417	173	1	5	421	6	421	1.79e-180	509
NC_010376.1_898	iYS854.USA300HOU_RS08350	64.2	461	164	1	6	465	3	463	9.58e-226	627
NC_010376.1_902	iCN900.CD630_07940	43.7	231	117	2	12	229	13	243	7.68e-62	194
NC_010376.1_904	iML1515.b4173	37.2	363	215	4	3	360	9	363	9.11e-69	224
NC_010376.1_905	iHN637.CLJU_RS16730	28.2	847	403	21	41	862	42	708	1.20e-86	295
NC_010376.1_905	iAF987.Gmet_0354	28.6	863	475	30	57	880	68	828	5.99e-76	266
NC_010376.1_907	iAF987.Gmet_2999	40.4	136	75	3	3	133	9	143	1.12e-19	85.9
NC_010376.1_907	iAF987.Gmet_0069	33.9	121	71	3	4	117	5	123	8.11e-17	77.4
NC_010376.1_908	iCN900.CD630_31950	32.4	956	465	15	6	933	4	806	6.20e-161	491
NC_010376.1_910	iAT_PLT_636.6510	29.7	229	147	7	134	355	230	451	1.58e-17	84.0
NC_010376.1_910	iMM1415.20514	27.8	255	168	8	134	381	244	489	1.99e-17	84.0
NC_010376.1_910	iCHOv1.100689464	25.0	284	196	10	139	416	247	519	2.61e-16	80.5
NC_010376.1_910	iMM1415.20512	25.0	284	196	10	139	416	247	519	3.48e-16	80.1
NC_010376.1_910	iMM1415.55963	26.2	275	186	10	134	401	222	486	8.07e-16	79.0
NC_010376.1_910	iCHOv1.100760895	25.1	271	192	7	134	400	222	485	1.44e-15	78.2
NC_010376.1_910	iMM1415.20510	25.0	272	191	8	134	400	210	473	3.34e-15	77.0
NC_010376.1_910	iMM1415.242607	25.3	312	200	12	107	411	215	500	6.42e-15	76.3
NC_010376.1_910	iPC815.YPO0584	24.6	382	268	11	21	388	27	402	5.91e-15	75.9
NC_010376.1_911	iYO844.BSU35620	27.9	315	212	5	41	354	26	326	1.41e-30	124
NC_010376.1_915	iHN637.CLJU_RS15670	41.2	257	151	0	4	260	1	257	3.55e-62	196
NC_010376.1_917	iHN637.CLJU_RS18655	31.8	340	192	5	2	339	3	304	5.07e-54	179
NC_010376.1_917	iYO844.BSU02850	35.5	296	170	3	51	342	36	314	3.35e-50	169
NC_010376.1_920	iAF987.Gmet_1919	37.1	116	72	1	3	117	5	120	4.83e-17	78.2
NC_010376.1_922	iCN900.CD630_19470	40.3	216	113	4	4	204	10	224	2.27e-39	134
NC_010376.1_927	iAF692.Mbar_A2262	37.2	180	112	1	1	180	64	242	1.05e-37	130
NC_010376.1_931	iAM_Pv461.PVX_083045	27.6	163	102	4	5	163	25	175	1.38e-10	59.7
NC_010376.1_937	iAF692.Mbar_A0543	37.6	109	65	1	39	147	604	709	1.35e-18	80.9
NC_010376.1_937	iHN637.CLJU_RS00840	43.0	107	58	2	39	145	538	641	3.37e-18	79.7
NC_010376.1_937	iLJ478.TM1085	41.3	109	59	2	39	147	525	628	4.58e-18	79.3
NC_010376.1_937	iYO844.BSU00380	38.5	109	62	2	39	147	560	663	2.57e-16	74.3
NC_010376.1_937	iNF517.LLMG_RS08860	44.0	109	55	4	39	145	555	659	3.50e-16	73.9
NC_010376.1_942	iPC815.YPO1914	29.1	580	392	5	6	575	17	587	3.47e-71	239
NC_010376.1_942	iPC815.YPO1913	30.4	529	333	11	68	574	70	585	1.36e-68	232
NC_010376.1_942	STM_v1_0.STM0984	29.7	512	347	8	58	561	66	572	2.53e-68	231
NC_010376.1_942	iML1515.b0914	29.5	512	348	8	58	561	66	572	4.92e-68	230
NC_010376.1_942	iSbBS512_1146.SbBS512_E2410	29.5	512	348	8	58	561	66	572	4.92e-68	230
NC_010376.1_942	iSDY_1059.SDY_2344	29.5	512	348	8	58	561	66	572	4.92e-68	230
NC_010376.1_942	iSF_1195.SF0910	29.5	512	348	8	58	561	66	572	4.92e-68	230
NC_010376.1_942	iSSON_1240.SSON_0916	29.5	512	348	8	58	561	66	572	6.85e-68	230
NC_010376.1_942	iYL1228.KPN_00941	29.6	523	333	9	58	561	66	572	5.00e-67	228
NC_010376.1_942	iPC815.YPO1395	29.0	511	352	7	58	561	66	572	9.99e-64	219
NC_010376.1_942	iAF987.Gmet_2349	28.2	531	364	7	45	566	45	567	2.99e-63	217
NC_010376.1_943	iPC815.YPO1913	32.1	502	337	3	71	568	75	576	8.56e-77	254
NC_010376.1_943	iAF987.Gmet_2349	31.6	484	321	4	92	569	88	567	3.83e-72	241
NC_010376.1_943	iEK1008.Rv1348	29.4	571	372	11	21	575	293	848	1.14e-69	240
NC_010376.1_944	iCN900.CD630_04310	35.1	479	280	11	2	460	5	472	3.45e-79	254
NC_010376.1_945	iCN900.CD630_04300	27.1	133	95	1	93	223	92	224	3.02e-11	60.8
NC_010376.1_951	iCN900.CD630_19470	51.4	222	100	3	4	220	10	228	9.93e-69	210
NC_010376.1_953	iAF987.Gmet_0069	28.8	125	74	3	2	115	3	123	7.88e-09	54.7
NC_010376.1_953	iAF987.Gmet_1919	32.3	124	74	3	3	123	4	120	2.12e-08	53.5
NC_010376.1_953	iAF987.Gmet_1706	22.5	200	135	7	4	187	3	198	1.59e-07	50.8
NC_010376.1_960	iCN900.CD630_09270	29.3	362	173	12	7	303	5	348	5.44e-33	124
NC_010376.1_965	iML1515.b1655	37.9	124	71	4	738	857	142	263	5.92e-17	81.6
NC_010376.1_983	iAF692.Mbar_A1452	28.8	683	451	10	78	748	4	663	9.86e-84	279
NC_010376.1_983	iCN900.CD630_14790	30.7	706	417	22	80	748	3	673	4.25e-79	268
NC_010376.1_983	iHN637.CLJU_RS06865	28.8	711	428	18	78	747	4	677	5.28e-77	261
NC_010376.1_983	iYL1228.KPN_03779	29.2	734	435	20	77	742	1	717	2.02e-74	256
NC_010376.1_983	iML1515.b3409	31.3	610	385	15	77	665	1	597	3.93e-74	255
NC_010376.1_983	iSF_1195.SF3428	31.1	610	386	15	77	665	1	597	7.49e-74	254
NC_010376.1_983	iSbBS512_1146.SbBS512_E3790	31.1	610	386	15	77	665	1	597	1.03e-73	254
NC_010376.1_983	iSDY_1059.SDY_3667	31.1	610	386	15	77	665	1	597	1.03e-73	254
NC_010376.1_983	iSSON_1240.SSON_3540	31.0	610	387	15	77	665	1	597	7.18e-73	252
NC_010376.1_984	iAF987.Gmet_2349	33.7	505	308	8	76	566	78	569	1.72e-76	253
NC_010376.1_984	iPC815.YPO1913	31.8	488	329	3	90	573	99	586	9.44e-75	249
NC_010376.1_984	iPC815.YPO1914	31.8	497	324	6	84	572	97	586	5.01e-74	247
NC_010376.1_985	iPC815.YPO1913	33.0	494	326	5	85	575	88	579	1.83e-78	259
NC_010376.1_985	iAF987.Gmet_2349	31.4	491	328	6	87	573	82	567	2.32e-72	242
NC_010376.1_994	iCN900.CD630_35520	65.2	485	169	0	2	486	15	499	9.26e-226	636
NC_010376.1_997	iCN900.CD630_35550	51.2	256	123	1	5	260	2	255	3.43e-85	254
NC_010376.1_997	iAF987.Gmet_1986	48.0	256	130	1	5	260	2	254	8.81e-83	248
NC_010376.1_997	iHN637.CLJU_RS20455	49.8	257	128	1	5	260	2	258	1.87e-80	242
NC_010376.1_998	iYO844.BSU37150	57.9	530	223	0	1	530	1	530	7.76e-229	640
NC_010376.1_998	iYS854.USA300HOU_RS11480	57.1	531	227	1	1	530	1	531	2.03e-224	629
NC_010376.1_998	iHN637.CLJU_RS01075	57.1	531	228	0	2	532	3	533	1.78e-222	624
NC_010376.1_998	iNF517.LLMG_RS02375	52.5	531	251	1	2	531	3	533	8.39e-204	577
NC_010376.1_999	iSynCJ816.SGL_RS11925	38.8	675	395	7	6	663	31	704	1.18e-153	461
NC_010376.1_1001	iAT_PLT_636.4905	37.6	245	122	8	185	406	242	478	1.31e-33	136
NC_010376.1_1001	iMM1415.18195	37.6	245	122	8	185	406	242	478	1.31e-33	136
NC_010376.1_1002	iYO844.BSU00680	53.7	175	80	1	9	183	6	179	1.45e-59	183
NC_010376.1_1002	iHN637.CLJU_RS20465	49.2	181	91	1	3	183	2	181	2.28e-56	175
NC_010376.1_1002	iCN900.CD630_26910	51.8	166	79	1	13	178	8	172	3.80e-56	174
NC_010376.1_1002	STM_v1_0.STM0170	51.9	162	77	1	11	171	6	167	5.53e-54	169
NC_010376.1_1002	iNF517.LLMG_RS00090	46.7	184	96	2	1	184	2	183	9.15e-54	169
NC_010376.1_1002	iML1515.b0125	51.2	162	78	1	11	171	6	167	1.57e-53	168
NC_010376.1_1002	iSbBS512_1146.SbBS512_E0118	51.2	162	78	1	11	171	6	167	1.57e-53	168
NC_010376.1_1002	iSDY_1059.SDY_0034	51.2	162	78	1	11	171	10	171	1.78e-53	168
NC_010376.1_1002	iSF_1195.SF0122	51.2	162	78	1	11	171	10	171	1.78e-53	168
NC_010376.1_1002	iSSON_1240.SSON_0133	51.2	162	78	1	11	171	10	171	1.78e-53	168
NC_010376.1_1004	iHN637.CLJU_RS10465	51.4	72	33	1	5	74	562	633	2.05e-14	68.6
NC_010376.1_1007	iCN900.CD630_31280	32.8	229	133	7	1	216	1	221	6.56e-23	94.0
NC_010376.1_1007	iAF692.Mbar_A0742	32.7	205	127	4	1	200	2	200	1.45e-22	92.8
NC_010376.1_1007	iYO844.BSU34550	30.0	223	129	5	1	208	1	211	1.80e-19	84.7
NC_010376.1_1008	iCN900.CD630_33940	55.5	584	258	2	2	585	5	586	5.16e-219	620
NC_010376.1_1008	iYO844.BSU29180	51.7	586	280	2	2	585	1	585	4.50e-197	564
NC_010376.1_1009	iCN900.CD630_33950	57.4	319	136	0	1	319	1	319	1.90e-131	376
NC_010376.1_1009	iHN637.CLJU_RS01590	58.0	314	132	0	1	314	1	314	7.01e-129	370
NC_010376.1_1009	iYO844.BSU29190	51.4	319	155	0	1	319	1	319	3.05e-118	343
NC_010376.1_1012	iAM_Pb448.PBANKA_123530	39.7	73	42	2	26	97	45	116	1.04e-06	45.1
NC_010376.1_1017	iNF517.LLMG_RS04065	22.6	230	160	6	44	264	65	285	5.26e-07	50.1
NC_010376.1_1017	iCN900.CD630_15880	24.4	225	130	8	23	245	73	259	1.28e-05	45.8
NC_010376.1_1018	iCN900.CD630_03020	25.2	357	209	14	2	346	6	316	3.17e-10	60.5
NC_010376.1_1018	iML1515.b4086	23.4	303	187	8	54	345	47	315	4.11e-10	60.1
NC_010376.1_1018	iYL1228.KPN_02586	25.0	272	171	9	71	324	53	309	5.87e-09	56.6
NC_010376.1_1018	iYL1228.KPN_04624	22.7	291	188	8	66	349	62	322	1.42e-08	55.5
NC_010376.1_1018	iML1515.b2148	23.7	279	166	9	71	324	53	309	2.49e-08	54.7
NC_010376.1_1018	iSbBS512_1146.SbBS512_E0823	23.7	279	166	9	71	324	53	309	2.49e-08	54.7
NC_010376.1_1018	iSF_1195.SF2233	23.7	279	166	9	71	324	53	309	2.49e-08	54.7
NC_010376.1_1018	iSSON_1240.SSON_2204	23.7	279	166	9	71	324	53	309	2.49e-08	54.7
NC_010376.1_1018	iPC815.YPO2257	22.8	246	152	7	123	362	130	343	2.60e-08	54.7
NC_010376.1_1019	iYO844.BSU35940	38.0	498	300	4	9	505	3	492	1.29e-108	332
NC_010376.1_1019	iNF517.LLMG_RS04060	38.8	495	288	6	9	498	3	487	1.39e-107	329
NC_010376.1_1019	iYL1228.KPN_02587	35.6	491	311	3	11	501	1	486	5.25e-104	320
NC_010376.1_1019	STM_v1_0.STM2189	34.2	494	320	3	8	501	13	501	3.96e-101	313
NC_010376.1_1019	iCN900.CD630_03010	36.0	506	314	6	6	509	3	500	1.13e-99	309
NC_010376.1_1019	iML1515.b2149	34.2	494	320	3	8	501	13	501	1.73e-99	308
NC_010376.1_1019	iSF_1195.SF2234	34.2	494	320	3	8	501	13	501	1.73e-99	308
NC_010376.1_1019	iSSON_1240.SSON_2205	34.2	494	320	3	8	501	13	501	1.73e-99	308
NC_010376.1_1019	iHN637.CLJU_RS00620	35.8	500	314	3	8	506	5	498	1.11e-98	306
NC_010376.1_1019	iPC815.YPO1508	34.0	494	321	3	8	501	13	501	1.91e-98	306
NC_010376.1_1019	iLJ478.TM0115	35.4	483	299	4	8	484	14	489	1.73e-96	301
NC_010376.1_1019	iPC815.YPO3964	35.2	505	316	7	8	510	6	501	2.39e-96	300
NC_010376.1_1021	iLB1027_lipid.PHATRDRAFT_48952	25.0	372	195	16	43	339	1	363	6.10e-17	81.6
NC_010376.1_1022	iCN900.CD630_20910	51.2	443	209	3	4	445	6	442	5.58e-149	431
NC_010376.1_1023	iHN637.CLJU_RS07500	57.8	308	130	0	2	309	4	311	5.23e-120	347
NC_010376.1_1023	iSSON_1240.SSON_3025	60.3	305	120	1	2	306	3	306	1.13e-118	343
NC_010376.1_1023	iHN637.CLJU_RS11590	56.4	312	130	2	1	306	1	312	1.17e-117	341
NC_010376.1_1023	iHN637.CLJU_RS13830	57.4	312	127	2	1	306	1	312	1.85e-116	338
NC_010376.1_1023	iHN637.CLJU_RS20965	55.2	308	136	2	1	306	1	308	1.33e-110	323
NC_010376.1_1023	iYS854.USA300HOU_RS05865	54.5	312	138	3	1	310	1	310	1.08e-106	313
NC_010376.1_1026	iYL1228.KPN_02763	46.8	560	288	3	7	558	4	561	2.79e-169	492
NC_010376.1_1026	iML1515.b2416	46.4	560	290	3	7	558	4	561	2.25e-168	489
NC_010376.1_1026	iSDY_1059.SDY_2613	46.3	560	291	3	7	558	4	561	6.37e-168	488
NC_010376.1_1026	iSF_1195.SF2471	46.3	560	291	3	7	558	4	561	6.37e-168	488
NC_010376.1_1026	iSSON_1240.SSON_2505	46.3	560	291	3	7	558	4	561	6.37e-168	488
NC_010376.1_1026	STM_v1_0.STM2432	46.3	560	291	3	7	558	4	561	2.56e-167	487
NC_010376.1_1026	iSbBS512_1146.SbBS512_E2764	46.3	560	291	3	7	558	4	561	3.62e-167	486
NC_010376.1_1026	iCN900.CD630_27550	43.8	559	306	3	6	558	4	560	1.14e-153	452
NC_010376.1_1026	iYS854.USA300HOU_RS05400	43.9	540	290	5	1	531	1	536	3.11e-151	446
NC_010376.1_1027	iYS854.USA300HOU_RS05395	38.3	81	50	0	1	81	1	81	4.75e-18	71.2
NC_010376.1_1027	iML1515.b2415	38.8	85	52	0	1	85	1	85	6.24e-18	70.9
NC_010376.1_1027	STM_v1_0.STM2431	38.8	85	52	0	1	85	1	85	6.24e-18	70.9
NC_010376.1_1027	iSbBS512_1146.SbBS512_E2765	38.8	85	52	0	1	85	1	85	6.24e-18	70.9
NC_010376.1_1027	iSDY_1059.SDY_2612	38.8	85	52	0	1	85	1	85	6.24e-18	70.9
NC_010376.1_1027	iSF_1195.SF2470	38.8	85	52	0	1	85	1	85	6.24e-18	70.9
NC_010376.1_1027	iSSON_1240.SSON_2504	38.8	85	52	0	1	85	1	85	6.24e-18	70.9
NC_010376.1_1027	iYL1228.KPN_02762	38.8	85	52	0	1	85	1	85	1.25e-17	70.1
NC_010376.1_1027	iPC815.YPO2993	37.6	85	53	0	1	85	1	85	3.58e-17	68.9
NC_010376.1_1027	iYO844.BSU13900	39.8	83	50	0	1	83	1	83	1.27e-15	65.1
NC_010376.1_1029	iYS854.USA300HOU_RS10305	31.7	300	199	2	2	301	3	296	7.66e-49	164
NC_010376.1_1033	iCN900.CD630_10600	31.7	287	179	7	4	273	12	298	1.56e-37	134
NC_010376.1_1034	iCN900.CD630_10490	36.9	268	165	3	6	273	3	266	7.23e-55	177
NC_010376.1_1035	iAF987.Gmet_0928	28.8	482	287	16	29	463	127	599	6.95e-35	137
NC_010376.1_1036	iML1515.b0089	28.1	334	207	8	110	433	84	394	3.83e-26	109
NC_010376.1_1036	iJN1463.PP_1336	24.3	334	231	8	108	433	54	373	5.44e-25	105
NC_010376.1_1037	iSynCJ816.SGL_RS08610	34.2	73	47	1	91	162	30	102	1.26e-07	49.7
NC_010376.1_1038	iYS854.USA300HOU_RS02055	50.0	186	93	0	1	186	1	186	1.73e-59	184
NC_010376.1_1038	iYO844.BSU22070	48.4	188	97	0	1	188	1	188	6.02e-58	180
NC_010376.1_1038	iCN900.CD630_23300	48.1	189	97	1	1	188	1	189	3.04e-57	178
NC_010376.1_1038	iHN637.CLJU_RS07410	47.4	190	100	0	1	190	1	190	7.02e-56	174
NC_010376.1_1038	iNF517.LLMG_RS06820	46.3	188	101	0	1	188	1	188	6.55e-53	167
NC_010376.1_1039	iCN900.CD630_27800	46.8	556	288	5	1	550	1	554	3.68e-176	509
NC_010376.1_1039	iYO844.BSU09310	44.6	561	300	3	1	550	1	561	3.52e-169	492
NC_010376.1_1039	iCN900.CD630_15770	47.2	562	283	6	1	555	1	555	5.90e-169	491
NC_010376.1_1041	iLJ478.TM1845	39.4	569	306	15	3	542	224	782	6.85e-113	356
NC_010376.1_1042	iCN900.CD630_08850	23.3	800	494	23	1	691	8	796	6.44e-38	150
NC_010376.1_1042	iYO844.BSU30940	23.1	763	460	21	37	691	36	779	6.04e-34	138
NC_010376.1_1043	iCN900.CD630_08840	46.6	479	248	5	1	472	1	478	2.32e-146	427
NC_010376.1_1043	iYO844.BSU30950	44.9	477	260	3	1	474	1	477	1.21e-144	422
NC_010376.1_1043	iLJ478.TM0895	43.5	485	258	6	1	473	1	481	9.74e-131	387
NC_010376.1_1044	iLJ478.TM0239	29.4	320	215	5	5	316	4	320	1.01e-36	136
NC_010376.1_1045	iYO844.BSU30970	59.6	371	149	1	8	377	6	376	2.25e-143	411
NC_010376.1_1045	iCN900.CD630_08820	57.0	321	137	1	7	326	5	325	2.59e-136	394
NC_010376.1_1045	iLJ478.TM0240	55.0	320	143	1	8	326	5	324	1.65e-128	375
NC_010376.1_1046	iSynCJ816.SGL_RS12820	43.7	645	334	6	11	627	111	754	2.78e-202	586
NC_010376.1_1046	iYO844.BSU30980	45.8	620	326	4	13	629	10	622	1.17e-202	582
NC_010376.1_1047	iML1515.b2710	32.8	67	44	1	17	83	38	103	2.97e-04	43.1
NC_010376.1_1047	STM_v1_0.STM2840	32.8	67	44	1	17	83	38	103	2.97e-04	43.1
NC_010376.1_1047	iSbBS512_1146.SbBS512_E3167	32.8	67	44	1	17	83	38	103	2.97e-04	43.1
NC_010376.1_1047	iSDY_1059.SDY_2907	32.8	67	44	1	17	83	38	103	2.97e-04	43.1
NC_010376.1_1047	iSF_1195.SF2733	32.8	67	44	1	17	83	38	103	2.97e-04	43.1
NC_010376.1_1047	iSSON_1240.SSON_2854	32.8	67	44	1	17	83	38	103	2.97e-04	43.1
NC_010376.1_1049	iEK1008.Rv0684	26.6	496	238	14	17	405	13	489	5.99e-31	128
NC_010376.1_1049	iSynCJ816.SGL_RS10930	22.7	719	298	19	15	510	8	691	1.38e-29	124
NC_010376.1_1049	iSynCJ816.SGL_RS17200	24.7	489	252	14	18	405	9	482	3.21e-27	116
NC_010376.1_1051	iAF987.Gmet_3171	59.6	52	21	0	1	52	1	52	1.13e-22	80.5
NC_010376.1_1051	iJN1463.PP_5315	59.6	52	21	0	1	52	1	52	5.77e-21	76.3
NC_010376.1_1057	iHN637.CLJU_RS17710	31.2	237	153	4	1	237	15	241	5.48e-38	132
NC_010376.1_1057	iCN900.CD630_14470	35.1	239	144	4	6	239	13	245	1.69e-35	126
NC_010376.1_1058	iCN900.CD630_14460	39.3	453	247	4	5	441	6	446	7.49e-97	298
NC_010376.1_1058	iHN637.CLJU_RS17715	38.6	446	261	4	6	441	7	449	3.04e-95	293
NC_010376.1_1059	iCN900.CD630_14450	52.6	190	86	1	1	190	4	189	9.68e-68	205
NC_010376.1_1059	iHN637.CLJU_RS17720	48.4	190	94	1	1	190	4	189	2.14e-63	194
NC_010376.1_1059	iYO844.BSU00750	47.9	192	96	1	1	192	4	191	2.28e-61	189
NC_010376.1_1060	iJN1463.PP_4210	24.6	386	273	7	17	398	277	648	1.07e-19	90.9
NC_010376.1_1061	iCN900.CD630_19470	44.0	218	122	0	2	219	10	227	1.39e-58	184
NC_010376.1_1061	iJN1463.PP_4210	41.4	220	127	2	1	219	5	223	1.10e-50	174
NC_010376.1_1061	iYO844.BSU30420	40.7	231	133	1	1	227	1	231	7.23e-54	172
NC_010376.1_1061	iCN900.CD630_14890	40.6	229	129	4	1	227	1	224	1.97e-51	169
NC_010376.1_1063	iCN900.CD630_07080	34.0	471	297	9	5	463	12	480	2.48e-68	225
NC_010376.1_1063	iAF692.Mbar_A3039	33.1	486	285	10	6	451	8	493	1.65e-67	224
NC_010376.1_1065	iYS854.USA300HOU_RS07240	30.3	152	100	2	52	199	50	199	2.04e-11	60.5
NC_010376.1_1066	iYS854.USA300HOU_RS07240	31.1	122	73	5	87	201	86	203	4.36e-06	45.4
NC_010376.1_1066	iCN718.ABAYE_RS16270	33.3	96	49	3	104	197	94	176	4.25e-05	42.4
NC_010376.1_1067	iYS854.USA300HOU_RS12310	28.1	121	79	2	174	287	186	305	2.63e-06	48.5
NC_010376.1_1069	iCN900.CD630_19470	48.6	218	111	1	4	220	10	227	2.28e-64	200
NC_010376.1_1071	iAF987.Gmet_1706	34.2	117	69	4	6	117	1	114	1.29e-13	68.6
NC_010376.1_1071	iAF987.Gmet_2999	29.5	112	75	2	8	115	10	121	7.11e-13	66.6
NC_010376.1_1072	STM_v1_0.STM2497	52.5	408	188	3	2	407	3	406	1.80e-134	392
NC_010376.1_1072	iYL1228.KPN_02820	52.5	408	188	3	2	407	3	406	3.49e-134	391
NC_010376.1_1072	iSF_1195.SF2541	52.2	408	189	4	2	407	3	406	7.25e-134	390
NC_010376.1_1072	iML1515.b2497	52.2	408	189	4	2	407	3	406	1.03e-133	390
NC_010376.1_1072	iSbBS512_1146.SbBS512_E2871	52.2	408	189	4	2	407	3	406	1.03e-133	390
NC_010376.1_1072	iSDY_1059.SDY_2686	52.2	408	189	4	2	407	3	406	1.03e-133	390
NC_010376.1_1072	iSSON_1240.SSON_2579	52.2	408	189	4	2	407	3	406	1.03e-133	390
NC_010376.1_1072	iHN637.CLJU_RS11595	48.3	429	208	3	1	418	1	426	2.96e-128	377
NC_010376.1_1076	iSF_1195.SF0845	29.6	473	320	9	71	535	70	537	6.51e-49	177
NC_010376.1_1076	iSDY_1059.SDY_2375	29.2	473	322	9	71	535	70	537	8.97e-49	177
NC_010376.1_1076	iSSON_1240.SSON_0887	29.0	473	323	9	71	535	70	537	6.13e-48	175
NC_010376.1_1076	STM_v1_0.STM0956	29.7	481	321	10	71	541	70	543	1.16e-47	174
NC_010376.1_1076	iSbBS512_1146.SbBS512_E2443	29.0	473	323	9	71	535	70	537	2.20e-47	173
NC_010376.1_1076	iML1515.b0886	29.0	473	323	9	71	535	70	537	4.17e-47	172
NC_010376.1_1076	iAF987.Gmet_2349	26.5	490	333	8	69	543	64	541	7.67e-47	172
NC_010376.1_1076	iYL1228.KPN_00941	27.2	493	343	9	65	547	69	555	4.40e-46	170
NC_010376.1_1076	iML1515.b0914	26.7	487	347	7	65	544	69	552	6.97e-44	164
NC_010376.1_1076	iSbBS512_1146.SbBS512_E2410	26.7	487	347	7	65	544	69	552	6.97e-44	164
NC_010376.1_1076	iSDY_1059.SDY_2344	26.7	487	347	7	65	544	69	552	6.97e-44	164
NC_010376.1_1076	STM_v1_0.STM0984	27.1	490	341	9	65	544	69	552	9.55e-44	163
NC_010376.1_1076	iSF_1195.SF0910	26.7	487	347	7	65	544	69	552	9.55e-44	163
NC_010376.1_1076	iSSON_1240.SSON_0916	26.7	487	347	7	65	544	69	552	1.31e-43	163
NC_010376.1_1076	iAF987.Gmet_2633	26.6	478	346	4	70	543	68	544	3.97e-43	161
NC_010376.1_1076	iYL1228.KPN_00918	27.6	478	313	8	71	530	70	532	1.06e-42	160
NC_010376.1_1077	iAF987.Gmet_2634	30.9	463	311	4	87	543	94	553	4.06e-60	209
NC_010376.1_1079	iCN900.CD630_29540	55.2	212	93	1	1	212	1	210	1.41e-71	216
NC_010376.1_1080	iCN900.CD630_29550	73.3	454	121	0	1	454	1	454	3.00e-248	684
NC_010376.1_1081	iCN900.CD630_29560	68.2	584	184	2	1	582	1	584	2.37e-287	793
NC_010376.1_1082	iCN900.CD630_29561	44.0	100	56	0	4	103	3	102	2.74e-27	95.9
NC_010376.1_1083	iCN900.CD630_29570	33.0	324	203	5	11	331	12	324	4.46e-44	153
NC_010376.1_1085	iCN900.CD630_29590	52.3	153	69	2	8	156	8	160	1.54e-40	133
NC_010376.1_1086	iCN900.CD630_29600	28.6	667	427	14	1	646	1	639	1.41e-68	235
NC_010376.1_1088	iCN900.CD630_34790	70.8	209	61	0	1	209	1	209	2.25e-111	317
NC_010376.1_1088	iHN637.CLJU_RS01135	69.4	209	64	0	1	209	1	209	2.05e-107	306
NC_010376.1_1088	iYO844.BSU36890	67.5	209	68	0	1	209	1	209	9.67e-106	302
NC_010376.1_1088	iYS854.USA300HOU_RS11405	67.9	209	67	0	1	209	1	209	3.93e-105	301
NC_010376.1_1092	iYS854.USA300HOU_RS05715	24.4	246	145	7	12	247	337	551	9.55e-13	67.0
NC_010376.1_1093	iCN900.CD630_34020	46.6	298	159	0	2	299	5	302	5.07e-91	272
NC_010376.1_1093	iHN637.CLJU_RS01560	46.7	285	151	1	15	299	19	302	3.31e-89	268
NC_010376.1_1094	iCN900.CD630_32530	40.0	420	238	8	1	406	1	420	1.69e-99	303
NC_010376.1_1096	iIT341.HP0381	37.2	207	122	5	58	261	68	269	5.92e-29	110
NC_010376.1_1099	iYS854.USA300HOU_RS11360	22.6	261	181	8	130	375	88	342	1.13e-07	53.5
NC_010376.1_1099	iYO844.BSU36810	23.2	228	154	8	161	375	126	345	8.11e-07	50.8
NC_010376.1_1099	iPC815.YPO4121	22.3	242	171	7	161	391	118	353	1.85e-06	49.7
NC_010376.1_1100	iJN1463.PP_4235	27.5	160	106	3	27	176	168	327	6.78e-09	55.1
NC_010376.1_1100	iPC815.YPO0345	27.2	158	103	4	19	164	193	350	2.40e-07	50.4
NC_010376.1_1101	iAF692.Mbar_A2310	35.6	59	38	0	91	149	2	60	1.38e-06	44.7
NC_010376.1_1101	iIT341.HP0824	32.7	49	33	0	102	150	30	78	6.74e-05	40.4
NC_010376.1_1106	iYL1228.KPN_00244	31.9	405	239	8	3	371	2	405	1.24e-62	205
NC_010376.1_1107	iYL1228.KPN_00243	54.7	190	79	1	8	190	7	196	3.66e-61	188
NC_010376.1_1108	iYL1228.KPN_00242	39.3	206	120	1	2	202	5	210	4.02e-48	156
NC_010376.1_1109	iHN637.CLJU_RS05580	33.6	125	76	4	79	201	66	185	1.90e-13	65.5
NC_010376.1_1110	iYL1228.KPN_00240	38.1	273	150	8	41	304	149	411	1.67e-49	169
NC_010376.1_1112	iHN637.CLJU_RS00920	43.8	1039	563	10	8	1035	7	1035	0.0	937
NC_010376.1_1114	iYO844.BSU35620	27.7	314	200	12	8	313	6	300	1.75e-23	103
NC_010376.1_1117	iAM_Pv461.PVX_091405	25.4	228	153	7	56	275	241	459	3.73e-07	53.1
NC_010376.1_1117	iAM_Pf480.PF3D7_1115300	23.7	228	153	7	77	294	263	479	6.47e-07	52.4
NC_010376.1_1117	iAM_Pf480.PF3D7_1115700	23.7	228	153	7	77	294	265	481	8.56e-07	52.0
NC_010376.1_1117	iAM_Pf480.PF3D7_1115400	23.9	226	155	6	77	294	273	489	4.54e-06	49.7
NC_010376.1_1118	iAM_Pv461.PVX_091415	31.5	203	124	9	99	296	268	460	1.33e-10	64.7
NC_010376.1_1118	iAM_Pf480.PF3D7_1115400	27.7	332	185	15	17	313	169	480	2.34e-10	63.9
NC_010376.1_1118	iAM_Pf480.PF3D7_1115700	29.4	204	127	8	99	296	265	457	3.04e-10	63.5
NC_010376.1_1118	iAM_Pf480.PF3D7_1115300	29.4	204	127	8	99	296	263	455	6.94e-10	62.4
NC_010376.1_1118	iAM_Pc455.PCYB_092170	29.2	212	117	10	99	296	268	460	1.12e-08	58.5
NC_010376.1_1119	iCN900.CD630_07520	52.9	240	113	0	5	244	1	240	1.39e-86	256
NC_010376.1_1119	iYL1228.KPN_00678	55.8	240	106	0	5	244	1	240	5.81e-86	255
NC_010376.1_1119	iYO844.BSU23960	53.3	240	112	0	5	244	1	240	1.30e-84	251
NC_010376.1_1119	iNF517.LLMG_RS09720	55.1	243	109	0	3	245	4	246	7.63e-83	247
NC_010376.1_1119	iPC815.YPO2612	54.6	240	109	0	5	244	2	241	6.48e-83	247
NC_010376.1_1119	iNF517.LLMG_RS09915	53.7	244	113	0	1	244	1	244	7.96e-82	244
NC_010376.1_1119	iML1515.b0652	53.3	240	112	0	5	244	1	240	5.86e-81	242
NC_010376.1_1119	iSSON_1240.SSON_0606	53.3	240	112	0	5	244	1	240	5.86e-81	242
NC_010376.1_1119	iYS854.USA300HOU_RS09925	53.9	241	109	2	5	244	3	242	1.22e-80	241
NC_010376.1_1119	iSF_1195.SF0629	53.3	240	112	0	5	244	1	240	1.67e-80	241
NC_010376.1_1119	iYO844.BSU27430	52.7	241	114	0	5	245	1	241	6.97e-80	239
NC_010376.1_1119	iCN718.ABAYE_RS10970	53.1	239	110	1	5	241	3	241	2.33e-79	238
NC_010376.1_1119	iYL1228.KPN_00838	50.2	237	118	0	5	241	1	237	1.22e-77	234
NC_010376.1_1119	iJN1463.PP_3597	51.3	240	117	0	5	244	20	259	2.32e-77	234
NC_010376.1_1119	iSDY_1059.SDY_0787	49.8	237	119	0	5	241	1	237	2.46e-77	233
NC_010376.1_1119	iSSON_1240.SSON_0789	49.8	237	119	0	5	241	1	237	3.48e-77	233
NC_010376.1_1120	iYS854.USA300HOU_RS09930	35.3	487	274	10	25	509	35	482	5.89e-80	258
NC_010376.1_1121	iCN900.CD630_01030	38.9	244	148	1	1	244	1	243	2.02e-55	177
NC_010376.1_1122	iCN900.CD630_01020	60.9	248	97	0	1	248	1	248	5.50e-103	300
NC_010376.1_1123	iCN900.CD630_01010	56.5	285	121	2	1	282	1	285	4.62e-106	309
NC_010376.1_1124	iCN900.CD630_01000	57.4	272	113	2	6	274	3	274	4.42e-114	329
NC_010376.1_1130	iCN900.CD630_34200	23.5	238	165	7	5	228	2	236	8.09e-07	49.7
NC_010376.1_1130	iAF692.Mbar_A0629	30.6	121	73	5	5	121	14	127	1.64e-05	45.1
NC_010376.1_1137	iYS854.USA300HOU_RS02455	47.7	199	97	5	2	197	4	198	1.27e-58	182
NC_010376.1_1137	iYO844.BSU00280	47.1	206	102	3	1	199	4	209	8.32e-56	176
NC_010376.1_1137	iNF517.LLMG_RS02125	44.4	205	111	2	1	202	4	208	9.22e-55	173
NC_010376.1_1140	iMM1415.11757	29.5	122	77	3	33	146	79	199	2.25e-06	45.8
NC_010376.1_1140	iAT_PLT_636.10935	29.5	122	77	3	33	146	78	198	3.04e-06	45.4
NC_010376.1_1141	iCN900.CD630_05910	44.3	690	368	5	5	686	5	686	1.02e-191	558
NC_010376.1_1143	iPC815.YPO3868	44.7	94	51	1	1	94	5	97	3.53e-28	98.2
NC_010376.1_1143	iML1515.b3781	39.6	101	60	1	1	101	5	104	1.96e-25	91.3
NC_010376.1_1143	STM_v1_0.STM3915	39.6	101	60	1	1	101	5	104	1.96e-25	91.3
NC_010376.1_1143	iSbBS512_1146.SbBS512_E4140	39.6	101	60	1	1	101	5	104	1.96e-25	91.3
NC_010376.1_1143	iSDY_1059.SDY_3968	39.6	101	60	1	1	101	23	122	3.20e-25	91.3
NC_010376.1_1143	iSF_1195.SF3854	39.6	101	60	1	1	101	23	122	3.20e-25	91.3
NC_010376.1_1143	iSSON_1240.SSON_3952	39.6	101	60	1	1	101	23	122	3.20e-25	91.3
NC_010376.1_1143	iYL1228.KPN_04282	39.6	101	60	1	1	101	5	104	5.58e-25	90.1
NC_010376.1_1143	iIT341.HP0824	43.0	100	54	2	2	101	5	101	2.08e-24	88.6
NC_010376.1_1145	iJN1463.PP_1805	43.0	500	252	8	137	609	182	675	3.32e-112	350
NC_010376.1_1145	iCN718.ABAYE_RS18875	43.9	440	235	6	129	561	137	571	8.39e-113	350
NC_010376.1_1146	iYO844.BSU38550	57.1	352	147	2	3	353	8	356	2.45e-151	430
NC_010376.1_1146	iYS854.USA300HOU_RS02910	58.8	352	143	2	3	353	5	355	4.91e-145	414
NC_010376.1_1146	iYO844.BSU02390	56.0	350	151	3	6	353	8	356	3.30e-140	401
NC_010376.1_1151	iCN900.CD630_29710	31.6	177	112	4	5	177	6	177	1.16e-18	78.6
NC_010376.1_1151	iHN637.CLJU_RS12040	28.7	174	116	3	4	174	2	170	1.31e-16	73.2
NC_010376.1_1151	iYS854.USA300HOU_RS12355	31.7	180	91	6	7	169	3	167	1.04e-15	70.9
NC_010376.1_1152	iYO844.BSU22870	41.1	331	189	4	2	330	5	331	4.95e-76	237
NC_010376.1_1152	iYS854.USA300HOU_RS12690	37.6	319	197	1	2	320	8	324	5.54e-72	226
NC_010376.1_1152	iNF517.LLMG_RS02185	40.2	343	187	7	3	336	11	344	1.06e-68	218
NC_010376.1_1153	iYS854.USA300HOU_RS12505	27.1	288	198	7	13	291	18	302	2.62e-33	124
NC_010376.1_1154	iCN900.CD630_03960	29.1	261	175	5	322	580	4	256	4.32e-24	103
NC_010376.1_1156	iYO844.BSU00180	49.3	150	75	1	5	153	4	153	4.61e-46	147
NC_010376.1_1156	iNF517.LLMG_RS09230	48.3	151	77	1	2	151	5	155	2.05e-43	140
NC_010376.1_1156	iAF987.Gmet_3524	43.7	151	84	1	4	153	11	161	2.48e-40	133
NC_010376.1_1157	iYS854.USA300HOU_RS02560	25.7	358	220	11	8	360	5	321	2.29e-26	107
NC_010376.1_1157	iHN637.CLJU_RS20580	26.4	341	205	12	25	360	19	318	3.05e-26	106
NC_010376.1_1157	iYO844.BSU00510	25.9	352	216	11	11	358	5	315	2.02e-25	104
NC_010376.1_1157	iYL1228.KPN_02238	27.1	314	192	9	51	360	31	311	1.75e-24	101
NC_010376.1_1157	iML1515.b1207	26.8	314	193	9	51	360	34	314	6.57e-24	100
NC_010376.1_1157	iSDY_1059.SDY_1256	26.8	314	193	9	51	360	34	314	6.57e-24	100
NC_010376.1_1157	iSF_1195.SF1210	26.8	314	193	9	51	360	34	314	6.57e-24	100
NC_010376.1_1157	iSSON_1240.SSON_1971	26.8	314	193	9	51	360	34	314	6.57e-24	100
NC_010376.1_1157	iPC815.YPO2013	26.8	314	193	9	51	360	34	314	6.57e-24	100
NC_010376.1_1157	STM_v1_0.STM1780	26.8	314	193	9	51	360	34	314	1.71e-23	99.0
NC_010376.1_1157	iSbBS512_1146.SbBS512_E1371	26.4	314	194	9	51	360	34	314	1.71e-23	99.0
NC_010376.1_1157	iAM_Pf480.PF3D7_1325100	27.6	340	201	13	33	360	128	434	4.23e-22	96.7
NC_010376.1_1158	iCN900.CD630_26920	46.4	358	192	0	1	358	1	358	1.07e-115	339
NC_010376.1_1159	iJN1463.PP_2185	40.7	911	515	13	2	897	26	926	1.07e-230	676
NC_010376.1_1159	iAF692.Mbar_A1561	47.3	687	347	8	223	898	2	684	2.32e-221	643
NC_010376.1_1159	iCN900.CD630_33170	46.5	690	350	9	225	898	3	689	9.25e-209	611
NC_010376.1_1161	iAF987.Gmet_3349	36.2	301	181	5	1	295	1	296	5.24e-56	193
NC_010376.1_1161	iAF987.Gmet_3022	35.3	300	177	7	1	294	1	289	4.26e-49	174
NC_010376.1_1162	iCN900.CD630_34060	55.6	629	269	4	2	626	6	628	4.15e-254	712
NC_010376.1_1162	iLJ478.TM0010	60.0	565	223	3	39	601	8	571	7.58e-247	693
NC_010376.1_1162	iHN637.CLJU_RS07210	55.0	605	270	2	3	605	1	605	1.06e-236	668
NC_010376.1_1162	iHN637.CLJU_RS03465	54.8	573	254	3	36	603	4	576	1.35e-230	651
NC_010376.1_1163	iHN637.CLJU_RS07215	47.0	149	79	0	12	160	9	157	9.72e-47	149
NC_010376.1_1163	iLJ478.TM0012	44.6	157	84	2	7	160	16	172	4.41e-41	135
NC_010376.1_1164	iCN900.CD630_24930	45.7	622	331	6	4	619	5	625	1.34e-169	497
NC_010376.1_1165	iYO844.BSU30550	65.6	389	131	2	5	390	7	395	5.21e-184	516
NC_010376.1_1165	iHN637.CLJU_RS01260	62.5	392	146	1	1	392	1	391	7.21e-182	510
NC_010376.1_1165	iCN900.CD630_01300	59.9	392	155	1	1	390	1	392	7.54e-176	495
NC_010376.1_1165	iYS854.USA300HOU_RS09495	63.3	390	140	3	2	389	5	393	3.05e-175	493
NC_010376.1_1167	iYO844.BSU02750	36.2	210	127	3	16	219	19	227	1.91e-37	133
NC_010376.1_1168	iCN718.ABAYE_RS05715	41.3	121	66	3	6	121	4	124	6.47e-24	89.0
NC_010376.1_1168	iSynCJ816.SGL_RS12955	41.3	121	66	3	6	121	4	124	3.95e-22	84.3
NC_010376.1_1171	iAF692.Mbar_A0384	32.5	197	130	1	8	201	7	203	2.76e-19	81.6
NC_010376.1_1171	iCN900.CD630_29540	28.4	204	143	1	1	201	1	204	2.70e-18	79.3
NC_010376.1_1172	iCN900.CD630_29550	53.3	456	211	2	1	456	1	454	7.90e-170	485
NC_010376.1_1172	iAM_Pb448.PBANKA_100380	49.7	461	225	3	4	458	31	490	2.09e-161	465
NC_010376.1_1172	iAM_Pc455.PCYB_031390	49.9	461	224	3	4	458	31	490	2.09e-161	465
NC_010376.1_1172	iAM_Pv461.PVX_000935	49.9	461	224	3	4	458	31	490	4.19e-161	464
NC_010376.1_1172	iAM_Pf480.PF3D7_0406100	49.9	461	224	3	4	458	31	490	5.94e-161	464
NC_010376.1_1172	iAF692.Mbar_A0385	50.8	455	221	3	1	455	1	452	2.01e-158	456
NC_010376.1_1172	iMM1415.110935	49.7	461	224	3	5	458	41	500	1.77e-154	448
NC_010376.1_1172	iCHOv1.100756094	49.7	461	224	3	5	458	41	500	2.51e-154	447
NC_010376.1_1172	iMM904.YBR127C	48.6	461	229	2	5	458	28	487	5.74e-154	447
NC_010376.1_1172	iCHOv1.100774665	48.6	461	229	2	5	458	47	506	1.08e-152	443
NC_010376.1_1172	iMM1415.11966	48.6	461	229	2	5	458	47	506	1.08e-152	443
NC_010376.1_1173	iCN900.CD630_29560	51.1	587	284	2	1	585	1	586	1.13e-202	578
NC_010376.1_1173	iAF692.Mbar_A0386	51.9	543	251	4	4	544	5	539	9.80e-198	565
NC_010376.1_1176	iMM1415.114143	31.0	129	76	3	19	134	68	196	8.84e-06	43.1
NC_010376.1_1176	iCHOv1.100754687	31.0	129	76	3	19	134	68	196	1.21e-05	42.7
NC_010376.1_1176	iMM904.YHR026W	37.5	64	40	0	76	139	62	125	6.01e-05	40.8
NC_010376.1_1176	iMM904.YEL027W	33.3	60	40	0	76	135	91	150	1.11e-04	39.7
NC_010376.1_1177	iCN900.CD630_29600	24.6	374	238	14	276	633	281	626	1.45e-17	86.3
NC_010376.1_1177	iAF692.Mbar_A0391	21.2	477	298	18	201	633	192	634	3.85e-15	78.6
NC_010376.1_1184	iML1515.b4237	42.0	150	80	4	1	145	1	148	4.33e-35	119
NC_010376.1_1184	iSbBS512_1146.SbBS512_E4847	42.0	150	80	4	1	145	1	148	4.33e-35	119
NC_010376.1_1184	iSDY_1059.SDY_4256	42.0	150	80	4	1	145	1	148	4.33e-35	119
NC_010376.1_1184	iYS854.USA300HOU_RS14195	38.1	155	89	3	4	153	14	166	4.81e-34	117
NC_010376.1_1184	iSF_1195.SF4253	41.3	150	81	4	1	145	1	148	3.48e-34	117
NC_010376.1_1184	iSSON_1240.SSON_4418	41.3	150	81	4	1	145	1	148	3.48e-34	117
NC_010376.1_1184	iYL1228.KPN_04645	40.7	150	82	4	1	145	1	148	5.60e-33	114
NC_010376.1_1184	STM_v1_0.STM4451	40.0	150	83	4	1	145	1	148	8.98e-32	111
NC_010376.1_1185	iNF517.LLMG_RS01465	39.5	714	414	11	2	707	15	718	6.41e-160	479
NC_010376.1_1185	iYL1228.KPN_04646	38.1	719	413	15	4	707	5	706	3.47e-156	468
NC_010376.1_1185	STM_v1_0.STM4452	38.0	716	418	15	4	707	5	706	7.70e-155	465
NC_010376.1_1185	iSSON_1240.SSON_4419	38.1	719	413	15	4	707	5	706	1.09e-154	464
NC_010376.1_1185	iSbBS512_1146.SbBS512_E4846	38.2	719	412	15	4	707	5	706	1.53e-154	464
NC_010376.1_1185	iSF_1195.SF4252	38.2	719	412	15	4	707	5	706	2.16e-154	464
NC_010376.1_1185	iML1515.b4238	38.1	719	413	15	4	707	5	706	3.05e-154	463
NC_010376.1_1185	iSDY_1059.SDY_4257	38.0	719	414	15	4	707	5	706	8.56e-154	462
NC_010376.1_1185	iPC815.YPO3454	37.5	715	419	17	6	707	7	706	5.16e-149	450
NC_010376.1_1185	iYS854.USA300HOU_RS14200	39.6	624	351	14	96	707	2	611	1.96e-147	442
NC_010376.1_1186	iAF692.Mbar_A0408	25.1	223	124	10	119	315	18	223	8.55e-11	60.8
NC_010376.1_1190	iAF987.Gmet_3012	48.7	117	58	2	279	394	20	135	4.05e-25	101
NC_010376.1_1192	iYS854.USA300HOU_RS02325	40.0	220	128	2	1	216	1	220	1.16e-51	170
NC_010376.1_1192	iJN1463.PP_0114	41.7	230	127	4	1	225	1	228	8.70e-50	165
NC_010376.1_1192	iPC815.YPO1073	37.2	223	136	2	1	219	1	223	1.06e-49	165
NC_010376.1_1192	iIT341.HP1576	38.1	226	137	2	1	225	2	225	6.17e-48	160
NC_010376.1_1192	iYL1228.KPN_00213	35.4	223	140	2	1	219	1	223	1.40e-46	157
NC_010376.1_1192	STM_v1_0.STM0247	35.9	223	139	2	1	219	1	223	1.97e-46	156
NC_010376.1_1192	iYO844.BSU32750	38.8	224	133	2	1	220	1	224	3.72e-46	155
NC_010376.1_1192	iJN1463.PP_0220	37.1	221	137	2	2	220	33	253	7.02e-46	155
NC_010376.1_1192	iCN900.CD630_19470	38.2	220	130	4	2	216	10	228	5.53e-47	154
NC_010376.1_1192	iSbBS512_1146.SbBS512_E0193	35.4	223	140	2	1	219	1	223	2.15e-45	154
NC_010376.1_1192	iSSON_1240.SSON_0213	35.4	223	140	2	1	219	1	223	2.15e-45	154
NC_010376.1_1192	iML1515.b0199	35.0	223	141	2	1	219	1	223	3.03e-45	153
NC_010376.1_1192	iSDY_1059.SDY_0218	35.0	223	141	2	1	219	1	223	4.26e-45	153
NC_010376.1_1193	iCN900.CD630_34560	33.7	184	108	5	3	176	2	181	3.59e-27	100
NC_010376.1_1193	iYS854.USA300HOU_RS08275	36.5	178	107	4	1	175	1	175	1.56e-26	99.0
NC_010376.1_1194	iYS854.USA300HOU_RS03980	25.2	258	172	5	1	248	1	247	6.47e-25	99.8
NC_010376.1_1194	iYO844.BSU03820	28.6	217	145	4	1	207	1	217	1.71e-24	98.6
NC_010376.1_1194	iCN900.CD630_16490	26.6	214	147	4	1	204	1	214	4.52e-24	97.4
NC_010376.1_1202	iHN637.CLJU_RS15830	40.7	381	220	4	10	388	12	388	6.44e-96	291
NC_010376.1_1202	iHN637.CLJU_RS05895	40.6	382	222	3	7	387	9	386	1.74e-92	282
NC_010376.1_1202	iCN900.CD630_34630	40.1	387	220	8	6	389	8	385	3.80e-91	279
NC_010376.1_1203	iML1515.b4167	33.0	273	165	7	5	274	242	499	1.64e-34	130
NC_010376.1_1204	iCN900.CD630_34660	38.3	120	66	3	6	117	7	126	2.26e-21	82.0
NC_010376.1_1205	iCN900.CD630_03450	20.7	179	116	6	47	222	43	198	3.54e-04	42.0
NC_010376.1_1207	iCN900.CD630_03980	22.0	364	262	9	66	423	25	372	1.97e-22	97.8
NC_010376.1_1209	iCN900.CD630_03960	38.3	253	152	4	1	250	1	252	5.60e-54	174
NC_010376.1_1211	iJN1463.PP_4653	44.8	429	235	1	4	432	2	428	1.01e-125	370
NC_010376.1_1211	iCN900.CD630_21070	46.5	441	215	5	10	430	16	455	1.17e-117	351
NC_010376.1_1211	iJN1463.PP_4284	41.9	430	248	1	3	432	21	448	2.63e-111	334
NC_010376.1_1211	iML1515.b3714	42.4	429	245	1	4	432	15	441	3.28e-111	334
NC_010376.1_1211	iSSON_1240.SSON_3558	42.2	429	246	1	4	432	15	441	3.28e-111	334
NC_010376.1_1211	iAF987.Gmet_2715	42.8	421	239	2	8	427	8	427	3.50e-111	333
NC_010376.1_1211	iSF_1195.SF3746	42.2	429	246	1	4	432	15	441	4.64e-111	333
NC_010376.1_1212	iCN900.CD630_04310	23.6	560	305	20	15	533	3	480	1.31e-19	92.0
NC_010376.1_1212	iLJ478.TM0115	21.8	545	344	15	1	524	12	495	8.29e-19	89.7
NC_010376.1_1212	iYS854.USA300HOU_RS08305	29.5	224	112	7	7	216	14	205	2.23e-18	85.1
NC_010376.1_1212	iSynCJ816.SGL_RS14425	30.2	189	117	4	341	515	66	253	3.27e-18	85.1
NC_010376.1_1212	iHN637.CLJU_RS00620	22.6	580	305	13	3	532	5	490	5.34e-17	84.0
NC_010376.1_1215	iCN900.CD630_20200	23.8	357	191	14	61	401	565	856	3.73e-06	48.9
NC_010376.1_1218	iYO844.BSU35620	26.0	281	198	5	40	319	42	313	2.23e-16	79.3
NC_010376.1_1220	iCN900.CD630_14790	53.9	673	296	6	1	664	1	668	6.65e-237	675
NC_010376.1_1221	iCN900.CD630_14780	55.7	70	31	0	3	72	4	73	4.39e-25	88.2
NC_010376.1_1222	iCN900.CD630_14770	37.7	69	43	0	3	71	2	70	1.74e-09	48.5
NC_010376.1_1223	iCN900.CD630_01200	54.7	611	271	3	1	606	1	610	3.14e-229	647
NC_010376.1_1223	iHN637.CLJU_RS19905	53.0	608	284	2	1	606	1	608	3.61e-220	624
NC_010376.1_1227	iYS854.USA300HOU_RS07610	40.3	186	97	4	13	196	7	180	7.72e-39	131
NC_010376.1_1227	iHN637.CLJU_RS01315	39.4	188	109	2	13	196	9	195	2.06e-36	125
NC_010376.1_1228	iAM_Pb448.PBANKA_083310	29.3	475	275	10	5	420	10	482	9.86e-54	186
NC_010376.1_1229	iYS854.USA300HOU_RS08520	31.7	227	150	3	4	225	2	228	2.28e-39	135
NC_010376.1_1229	iHN637.CLJU_RS05255	35.6	202	124	3	4	199	3	204	1.99e-34	122
NC_010376.1_1230	iCN900.CD630_01190	53.4	446	207	1	1	445	1	446	2.31e-161	462
NC_010376.1_1230	iHN637.CLJU_RS19915	51.0	447	217	2	1	445	1	447	7.12e-148	428
NC_010376.1_1233	iAF987.Gmet_1888	38.5	244	146	1	23	266	12	251	3.66e-51	168
NC_010376.1_1234	iYO844.BSU13900	33.7	83	55	0	1	83	1	83	1.59e-11	54.7
NC_010376.1_1234	iYS854.USA300HOU_RS05395	33.3	81	54	0	1	81	1	81	2.25e-11	54.3
NC_010376.1_1236	iML1515.b0650	30.8	201	116	6	2	182	3	200	6.00e-09	57.0
NC_010376.1_1236	iSbBS512_1146.SbBS512_E0599	30.8	201	116	6	2	182	3	200	6.00e-09	57.0
NC_010376.1_1236	iSSON_1240.SSON_0604	30.8	201	116	6	2	182	3	200	6.00e-09	57.0
NC_010376.1_1236	STM_v1_0.STM0659	27.9	215	128	7	7	196	8	220	1.06e-08	56.2
NC_010376.1_1237	iCN900.CD630_00480	64.9	154	54	0	1	154	1	154	2.49e-68	204
NC_010376.1_1237	iHN637.CLJU_RS00770	64.3	154	55	0	1	154	1	154	1.49e-64	194
NC_010376.1_1237	iAF987.Gmet_0059	61.1	157	61	0	1	157	1	157	3.98e-64	193
NC_010376.1_1238	iCN900.CD630_00470	45.5	220	118	2	6	224	3	221	1.59e-58	184
NC_010376.1_1243	iCN900.CD630_27410	38.7	401	220	9	55	431	114	512	1.13e-79	255
NC_010376.1_1244	iIT341.HP0364	40.5	346	199	4	3	347	2	341	6.71e-86	262
NC_010376.1_1244	iSynCJ816.SGL_RS18250	37.0	338	205	3	9	343	6	338	9.67e-78	241
NC_010376.1_1245	iAF987.Gmet_0981	52.3	132	63	0	1	132	1	132	4.14e-41	134
NC_010376.1_1245	iJN1463.PP_2407	49.3	136	69	0	3	138	5	140	4.63e-40	131
NC_010376.1_1245	iCN718.ABAYE_RS08045	50.4	141	69	1	3	142	5	145	4.58e-38	126
NC_010376.1_1245	iPC815.YPO3660	47.1	140	74	0	3	142	7	146	8.93e-38	125
NC_010376.1_1245	iIT341.HP1038	46.2	143	74	2	1	140	1	143	8.32e-37	123
NC_010376.1_1245	iLJ478.TM0349	42.3	142	80	1	1	142	1	140	1.22e-36	122
NC_010376.1_1246	iCN900.CD630_18370	37.6	263	139	8	3	241	4	265	1.45e-39	142
NC_010376.1_1246	iHN637.CLJU_RS14365	38.6	259	137	7	4	240	6	264	1.58e-38	139
NC_010376.1_1247	iNF517.LLMG_RS12465	43.1	51	29	0	1	51	4	54	8.61e-06	40.0
NC_010376.1_1247	iHN637.CLJU_RS14370	36.0	75	45	3	1	75	4	75	6.51e-05	39.3
NC_010376.1_1247	iAF987.Gmet_1955	37.7	53	33	0	1	53	3	55	3.90e-05	38.5
NC_010376.1_1247	iCN900.CD630_18360	41.7	48	28	0	3	50	6	53	2.29e-04	37.7
NC_010376.1_1248	iHN637.CLJU_RS14375	45.1	355	190	3	5	354	6	360	1.08e-93	283
NC_010376.1_1248	iCN900.CD630_18350	43.4	357	198	3	1	353	1	357	1.35e-91	278
NC_010376.1_1249	iHN637.CLJU_RS14380	33.2	419	249	10	3	395	6	419	5.33e-59	197
NC_010376.1_1249	iCN900.CD630_18340	33.3	430	249	11	1	395	4	430	2.84e-57	193
NC_010376.1_1250	iHN637.CLJU_RS14385	39.7	317	176	7	35	337	41	356	4.71e-63	204
NC_010376.1_1250	iIT341.HP0283	39.6	323	172	10	30	337	25	339	2.36e-61	199
NC_010376.1_1250	iCN900.CD630_18330	35.2	344	206	7	8	336	12	353	1.07e-58	192
NC_010376.1_1250	iNF517.LLMG_RS09700	35.9	343	205	7	10	337	12	354	1.90e-56	187
NC_010376.1_1251	iCN900.CD630_18320	57.4	333	141	1	1	332	1	333	1.67e-135	388
NC_010376.1_1254	iCN718.ABAYE_RS14895	34.0	215	137	3	2	211	3	217	4.52e-35	124
NC_010376.1_1255	STM_v1_0.STM1742	53.1	326	143	4	17	333	8	332	6.10e-110	325
NC_010376.1_1255	iYL1228.KPN_02193	53.1	326	143	4	17	333	8	332	8.65e-110	325
NC_010376.1_1255	iSDY_1059.SDY_1305	52.5	326	145	4	17	333	8	332	6.98e-109	322
NC_010376.1_1255	iML1515.b1247	52.5	326	145	4	17	333	8	332	1.40e-108	322
NC_010376.1_1255	iSbBS512_1146.SbBS512_E1416	52.5	326	145	4	17	333	8	332	1.40e-108	322
NC_010376.1_1255	iSF_1195.SF1248	52.5	326	145	4	17	333	8	332	1.40e-108	322
NC_010376.1_1255	iSSON_1240.SSON_1933	52.5	326	145	4	17	333	8	332	2.26e-107	318
NC_010376.1_1255	iYS854.USA300HOU_RS04905	59.4	261	105	1	16	275	3	263	7.34e-106	314
NC_010376.1_1255	iLJ478.TM1750	50.3	312	153	2	20	331	13	322	4.85e-105	312
NC_010376.1_1255	iLJ478.TM0057	48.6	327	153	6	20	333	3	327	2.48e-102	306
NC_010376.1_1255	iLJ478.TM1063	46.5	340	165	5	20	343	3	341	3.23e-98	295
NC_010376.1_1256	iYO844.BSU12950	53.6	323	149	1	82	404	3	324	5.32e-119	349
NC_010376.1_1256	iYS854.USA300HOU_RS04900	52.3	329	157	0	82	410	4	332	2.59e-115	340
NC_010376.1_1257	iYO844.BSU12940	48.6	292	147	3	16	305	30	320	4.03e-95	283
NC_010376.1_1258	iYS854.USA300HOU_RS04890	44.4	304	166	2	3	306	3	303	9.29e-84	254
NC_010376.1_1258	iYO844.BSU12930	45.4	306	165	2	1	306	1	304	1.94e-80	246
NC_010376.1_1259	iYO844.BSU12960	35.6	526	315	11	1	517	7	517	7.75e-89	283
NC_010376.1_1260	iHN637.CLJU_RS12895	43.7	341	185	3	1	338	1	337	4.22e-85	260
NC_010376.1_1267	iYO844.BSU35620	29.4	296	200	5	482	776	28	315	2.93e-32	131
NC_010376.1_1270	iHN637.CLJU_RS07205	51.9	158	76	0	9	166	420	577	2.57e-51	172
NC_010376.1_1271	iNF517.LLMG_RS09325	32.5	160	100	4	356	509	367	524	4.00e-15	77.8
NC_010376.1_1271	iAF987.Gmet_2633	28.7	181	119	3	350	523	367	544	4.94e-15	77.4
NC_010376.1_1271	iSF_1195.SF0845	31.7	164	107	3	350	509	369	531	2.12e-14	75.5
NC_010376.1_1271	iYL1228.KPN_00941	29.7	219	140	5	303	509	321	537	2.86e-14	75.1
NC_010376.1_1271	iML1515.b0886	31.1	164	108	3	350	509	369	531	3.73e-14	74.7
NC_010376.1_1271	STM_v1_0.STM0956	30.4	168	112	3	346	509	365	531	3.73e-14	74.7
NC_010376.1_1271	iSSON_1240.SSON_0887	31.1	164	108	3	350	509	369	531	6.54e-14	73.9
NC_010376.1_1271	iLJ478.TM0191	30.4	168	108	4	348	510	28	191	9.88e-15	73.9
NC_010376.1_1271	iMM1415.18670	29.2	284	158	12	251	509	321	586	1.75e-13	73.2
NC_010376.1_1271	iSDY_1059.SDY_2375	31.1	164	108	3	350	509	369	531	1.15e-13	73.2
NC_010376.1_1271	iCHOv1.100682535	29.1	175	119	4	340	509	415	589	2.31e-13	72.8
NC_010376.1_1271	iCHOv1.100774121	30.0	150	93	4	346	487	1218	1363	2.38e-13	72.8
NC_010376.1_1271	iMM1415.27416	28.6	154	90	3	346	487	1218	1363	2.38e-13	72.8
NC_010376.1_1271	iSbBS512_1146.SbBS512_E2443	29.9	164	110	3	350	509	369	531	2.01e-13	72.4
NC_010376.1_1271	iAT_PLT_636.10057	27.9	154	91	3	346	487	1219	1364	4.14e-13	72.0
NC_010376.1_1271	iMM1415.239273	29.7	145	95	4	350	489	996	1138	5.27e-13	71.6
NC_010376.1_1271	iNF517.LLMG_RS09490	34.2	158	90	4	340	484	25	181	1.01e-13	70.9
NC_010376.1_1271	iIT341.HP1171	29.8	191	118	7	340	519	23	208	1.27e-13	70.5
NC_010376.1_1271	iAT_PLT_636.10257	29.7	145	95	4	350	489	1024	1166	1.22e-12	70.5
NC_010376.1_1272	iCN900.CD630_21180	30.4	470	311	11	1	456	1	468	3.56e-67	223
NC_010376.1_1272	iHN637.CLJU_RS16355	29.7	489	322	12	5	474	8	493	2.27e-64	216
NC_010376.1_1273	iML1515.b3011	38.0	355	216	3	1	353	1	353	4.40e-82	255
NC_010376.1_1274	iYS854.USA300HOU_RS08305	30.4	191	108	6	329	494	14	204	8.50e-19	85.9
NC_010376.1_1274	iCN900.CD630_32150	33.7	193	104	8	326	494	5	197	1.54e-17	82.0
NC_010376.1_1274	iLJ478.TM0124	32.6	187	99	5	326	494	4	181	2.26e-17	81.3
NC_010376.1_1275	iSynCJ816.SGL_RS14425	31.2	189	113	5	337	509	67	254	7.50e-15	74.7
NC_010376.1_1275	iCN900.CD630_04310	29.0	193	111	7	337	509	282	468	5.21e-14	73.9
NC_010376.1_1275	iCN900.CD630_16490	28.9	173	99	6	344	493	24	195	5.23e-14	71.6
NC_010376.1_1275	iAF692.Mbar_A2262	31.4	194	107	7	341	509	25	217	1.22e-13	70.9
NC_010376.1_1275	iCN900.CD630_03270	32.3	198	99	8	341	509	23	214	3.13e-13	69.7
NC_010376.1_1275	iYS854.USA300HOU_RS08305	32.0	181	98	6	337	493	26	205	8.86e-13	68.2
NC_010376.1_1275	iHN637.CLJU_RS15665	29.9	177	108	5	326	489	2	175	8.89e-13	67.4
NC_010376.1_1277	iYS854.USA300HOU_RS08305	24.0	221	107	5	299	474	5	209	3.80e-08	54.3
NC_010376.1_1277	iYS854.USA300HOU_RS05360	27.1	170	85	5	351	482	282	450	1.14e-07	53.9
NC_010376.1_1277	iCN900.CD630_04310	27.3	198	108	5	318	480	265	461	1.10e-06	50.8
NC_010376.1_1277	iCN900.CD630_17760	23.4	205	111	5	320	480	2	204	1.64e-06	48.9
NC_010376.1_1281	iYO844.BSU02750	34.4	221	142	3	35	254	15	233	7.04e-40	140
NC_010376.1_1281	iCN900.CD630_16140	32.5	240	148	5	12	240	1	237	2.36e-38	136
NC_010376.1_1283	iPC815.YPO1395	25.1	390	252	10	171	535	183	557	2.03e-28	119
NC_010376.1_1283	iYL1228.KPN_00941	26.9	283	197	4	261	535	277	557	1.59e-27	116
NC_010376.1_1283	iSF_1195.SF0910	26.5	283	198	4	261	535	277	557	5.29e-26	111
NC_010376.1_1283	iSSON_1240.SSON_0916	26.5	283	198	4	261	535	277	557	5.29e-26	111
NC_010376.1_1283	iML1515.b0914	26.5	283	198	4	261	535	277	557	7.08e-26	111
NC_010376.1_1283	iSbBS512_1146.SbBS512_E2410	26.5	283	198	4	261	535	277	557	7.08e-26	111
NC_010376.1_1283	iSDY_1059.SDY_2344	26.5	283	198	4	261	535	277	557	7.08e-26	111
NC_010376.1_1283	iMM1415.18670	31.4	226	145	6	316	534	1025	1247	2.72e-24	107
NC_010376.1_1285	iJN1463.PP_3461	26.3	453	314	9	2	444	12	454	1.07e-41	154
NC_010376.1_1286	iCN900.CD630_35510	32.7	449	248	10	7	409	8	448	3.91e-60	202
NC_010376.1_1286	iHN637.CLJU_RS00675	34.1	375	211	11	11	352	15	386	2.21e-57	195
NC_010376.1_1288	iYO844.BSU30450	31.4	220	148	2	3	219	1	220	4.81e-31	115
NC_010376.1_1290	iAF987.Gmet_2731	31.8	176	107	4	8	181	9	173	3.96e-20	82.4
NC_010376.1_1291	iYO844.BSU36120	28.2	174	122	3	5	176	8	180	7.77e-17	74.3
NC_010376.1_1292	iYO844.BSU29600	39.0	456	257	7	1	447	1	444	5.89e-99	303
NC_010376.1_1292	iYO844.BSU26690	37.7	440	266	4	1	437	1	435	3.50e-93	288
NC_010376.1_1293	iNF517.LLMG_RS10835	54.4	296	125	2	2	287	3	298	7.38e-111	322
NC_010376.1_1294	iNF517.LLMG_RS07900	45.9	647	308	10	1	620	1	632	4.05e-178	519
NC_010376.1_1294	iCN900.CD630_22690	45.8	637	324	6	1	620	1	633	5.58e-174	508
NC_010376.1_1294	iHN637.CLJU_RS10110	46.0	637	322	10	1	623	1	629	4.45e-174	508
NC_010376.1_1294	iYO844.BSU14400	44.5	638	328	7	1	620	1	630	3.57e-171	501
NC_010376.1_1294	iYS854.USA300HOU_RS03780	45.9	641	324	8	1	621	1	638	6.14e-171	501
NC_010376.1_1295	iCN900.CD630_22700	43.0	302	168	4	1	298	1	302	9.67e-80	244
NC_010376.1_1295	iYO844.BSU14390	40.3	303	179	2	1	301	1	303	3.77e-76	234
NC_010376.1_1295	iNF517.LLMG_RS07905	41.5	301	173	3	1	298	1	301	1.03e-73	228
NC_010376.1_1296	iML1515.b3248	31.4	188	115	3	18	204	3	177	5.23e-19	80.9
NC_010376.1_1296	iJN1463.PP_0936	33.0	185	110	4	21	204	6	177	1.60e-18	79.7
NC_010376.1_1297	iCN718.ABAYE_RS00870	37.3	150	80	4	4	142	2	148	1.26e-23	89.7
NC_010376.1_1300	iJN1463.PP_4800	44.8	270	146	2	1	267	58	327	1.47e-79	243
NC_010376.1_1300	iYS854.USA300HOU_RS04580	43.1	281	157	2	1	278	15	295	5.36e-80	243
NC_010376.1_1300	iML1515.b0628	43.1	281	156	3	1	277	41	321	5.85e-75	231
NC_010376.1_1300	iSbBS512_1146.SbBS512_E0542	43.1	281	156	3	1	277	41	321	5.85e-75	231
NC_010376.1_1300	iSDY_1059.SDY_0550	43.1	281	156	3	1	277	41	321	5.85e-75	231
NC_010376.1_1300	iSF_1195.SF0653	43.1	281	156	3	1	277	41	321	5.85e-75	231
NC_010376.1_1300	iSSON_1240.SSON_0582	43.1	281	156	3	1	277	41	321	5.85e-75	231
NC_010376.1_1301	iYS854.USA300HOU_RS05100	31.8	321	206	7	1	310	1	319	7.19e-48	163
NC_010376.1_1303	iCHOv1.100755154	26.4	121	79	2	23	135	183	301	1.11e-09	55.8
NC_010376.1_1303	iAF987.Gmet_0769	30.6	98	64	1	21	114	17	114	2.27e-09	53.1
NC_010376.1_1305	iYS854.USA300HOU_RS06160	32.1	81	53	2	2	80	232	312	5.93e-10	53.5
NC_010376.1_1307	iJN1463.PP_4799	24.0	312	176	12	35	338	45	303	4.75e-07	50.4
NC_010376.1_1307	iSynCJ816.SGL_RS10890	23.8	323	185	11	23	340	34	300	8.11e-07	49.7
NC_010376.1_1314	iCN900.CD630_19470	38.5	218	129	1	2	214	10	227	3.51e-49	160
NC_010376.1_1314	iYO844.BSU30420	35.7	224	135	2	1	215	1	224	3.87e-46	152
NC_010376.1_1314	STM_v1_0.STM0247	37.3	220	131	3	1	214	1	219	4.07e-43	148
NC_010376.1_1314	iYL1228.KPN_00213	37.3	220	131	3	1	214	1	219	5.72e-43	147
NC_010376.1_1314	iSDY_1059.SDY_0218	37.3	220	131	3	1	214	1	219	1.13e-42	147
NC_010376.1_1314	iML1515.b0199	37.3	220	131	3	1	214	1	219	1.59e-42	146
NC_010376.1_1314	iSbBS512_1146.SbBS512_E0193	37.3	220	131	3	1	214	1	219	1.59e-42	146
NC_010376.1_1314	iSSON_1240.SSON_0213	37.3	220	131	3	1	214	1	219	1.59e-42	146
NC_010376.1_1317	iCN900.CD630_16140	33.8	234	154	1	7	239	30	263	9.88e-47	155
NC_010376.1_1317	iYO844.BSU02750	32.4	241	157	4	1	235	1	241	2.39e-46	154
NC_010376.1_1320	iEK1008.Rv0684	40.0	685	400	5	8	682	12	695	1.01e-164	489
NC_010376.1_1320	iSynCJ816.SGL_RS10930	38.8	685	412	5	2	682	3	684	1.48e-164	488
NC_010376.1_1321	iYS854.USA300HOU_RS01890	20.6	344	228	9	12	348	420	725	1.94e-04	43.1
NC_010376.1_1322	iJN1463.PP_0112	53.4	236	109	1	39	274	21	255	5.85e-82	246
NC_010376.1_1322	iCN900.CD630_14910	48.9	274	123	4	3	274	4	262	3.58e-77	234
NC_010376.1_1322	iYS854.USA300HOU_RS04415	45.6	274	138	4	6	275	7	273	5.16e-74	227
NC_010376.1_1323	iJN1463.PP_0113	48.1	206	107	0	11	216	18	223	9.96e-58	181
NC_010376.1_1323	iCN718.ABAYE_RS11025	43.3	217	123	0	2	218	3	219	4.04e-56	177
NC_010376.1_1323	iYS854.USA300HOU_RS02330	47.8	207	108	0	9	215	12	218	5.73e-56	177
NC_010376.1_1323	iJN1463.PP_0219	42.8	208	119	0	9	216	7	214	5.14e-53	169
NC_010376.1_1323	iCN900.CD630_14900	44.8	212	117	0	2	213	6	217	1.64e-52	168
NC_010376.1_1324	iPC815.YPO1073	45.9	338	176	2	1	331	1	338	1.96e-98	294
NC_010376.1_1324	iSF_1195.SF0190	45.0	338	179	2	1	331	1	338	2.23e-97	291
NC_010376.1_1324	iYO844.BSU32750	43.5	336	185	1	1	331	1	336	2.96e-97	291
NC_010376.1_1324	iSbBS512_1146.SbBS512_E0193	44.7	338	180	2	1	331	1	338	4.48e-97	290
NC_010376.1_1324	iSDY_1059.SDY_0218	44.7	338	180	2	1	331	1	338	4.48e-97	290
NC_010376.1_1324	iSSON_1240.SSON_0213	44.7	338	180	2	1	331	1	338	4.48e-97	290
NC_010376.1_1324	iML1515.b0199	44.4	338	181	2	1	331	1	338	6.34e-97	290
NC_010376.1_1324	iYL1228.KPN_00213	44.2	342	176	2	1	331	1	338	5.10e-96	288
NC_010376.1_1324	iJN1463.PP_0114	47.6	315	160	3	1	311	1	314	1.59e-95	286
NC_010376.1_1324	STM_v1_0.STM0247	43.3	342	179	2	1	331	1	338	1.65e-94	284
NC_010376.1_1324	iIT341.HP1576	43.4	334	180	2	1	334	2	326	2.08e-91	275
NC_010376.1_1324	iYS854.USA300HOU_RS02325	42.4	340	189	3	1	333	1	340	9.18e-91	274
NC_010376.1_1324	iYS854.USA300HOU_RS04405	43.1	313	174	1	1	309	1	313	3.36e-88	268
NC_010376.1_1326	iIT341.HP0680	38.3	746	393	12	140	836	47	774	4.00e-156	475
NC_010376.1_1340	iYS854.USA300HOU_RS09310	44.2	231	127	1	1	231	1	229	8.82e-60	187
NC_010376.1_1341	iCN900.CD630_22060	40.0	435	247	3	17	440	23	454	1.63e-110	333
NC_010376.1_1358	iCN900.CD630_19470	44.1	220	114	2	4	216	10	227	3.14e-56	178
NC_010376.1_1358	iYO844.BSU30420	41.1	209	118	2	14	217	16	224	1.14e-51	167
NC_010376.1_1360	iMM904.YFL017C	23.7	135	77	5	19	146	39	154	2.08e-04	39.7
NC_010376.1_1360	iYS854.USA300HOU_RS00270	34.2	73	43	3	69	140	66	134	7.59e-04	38.1
NC_010376.1_1361	iSynCJ816.SGL_RS08770	24.7	186	101	5	1	151	1	182	2.48e-04	39.7
NC_010376.1_1361	iYO844.BSU03860	36.1	61	36	1	5	62	3	63	4.01e-04	39.3
NC_010376.1_1366	iYS854.USA300HOU_RS10305	28.2	227	139	7	59	275	61	273	5.03e-12	65.1
NC_010376.1_1367	iYO844.BSU35620	33.4	311	197	5	498	806	12	314	1.76e-42	161
NC_010376.1_1369	iYO844.BSU30420	34.1	208	129	4	3	202	1	208	1.54e-31	114
NC_010376.1_1369	iCN900.CD630_19470	36.1	202	113	4	7	198	13	208	7.89e-31	112
NC_010376.1_1369	iCN900.CD630_14890	37.4	206	108	5	3	198	1	195	1.57e-28	108
NC_010376.1_1369	iCN900.CD630_34170	32.4	204	123	5	1	199	1	194	1.43e-26	104
NC_010376.1_1374	iCN900.CD630_13340	65.3	473	161	1	6	475	9	481	1.07e-217	608
NC_010376.1_1374	iHN637.CLJU_RS06565	60.7	461	181	0	4	464	3	463	1.69e-203	572
NC_010376.1_1375	iHN637.CLJU_RS05660	44.5	1268	639	22	411	1628	3	1255	0.0	980
NC_010376.1_1375	iCN900.CD630_02250	44.9	1267	640	24	411	1628	11	1268	0.0	971
NC_010376.1_1376	iCN900.CD630_02230	54.2	507	225	5	2	501	4	510	3.28e-184	525
NC_010376.1_1377	iCN900.CD630_02220	42.9	177	98	2	1	174	2	178	2.17e-44	145
NC_010376.1_1378	iCN900.CD630_02200	58.5	448	183	2	1	446	1	447	8.23e-192	540
NC_010376.1_1379	iCN900.CD630_02190	66.1	227	77	0	4	230	3	229	4.74e-108	310
NC_010376.1_1380	iSF_1195.SF1251	29.3	188	119	4	36	217	175	354	2.09e-15	76.3
NC_010376.1_1380	iML1515.b1250	29.3	188	119	4	36	217	175	354	2.81e-15	75.9
NC_010376.1_1380	iSSON_1240.SSON_1930	29.3	188	119	4	36	217	175	354	2.81e-15	75.9
NC_010376.1_1380	iSbBS512_1146.SbBS512_E1419	29.3	188	119	4	36	217	175	354	3.78e-15	75.5
NC_010376.1_1380	iSDY_1059.SDY_1308	28.5	186	123	3	36	217	175	354	6.83e-15	74.7
NC_010376.1_1381	iJN1463.PP_1478	30.5	282	180	4	54	321	53	332	7.31e-38	138
NC_010376.1_1381	iJN1463.PP_1254	31.5	346	197	8	10	329	11	342	6.93e-36	132
NC_010376.1_1386	iCN900.CD630_32700	41.1	163	86	1	6	158	9	171	8.26e-34	120
NC_010376.1_1398	iHN637.CLJU_RS19845	31.5	124	81	2	41	161	43	165	2.36e-10	57.8
NC_010376.1_1398	iMM904.YML008C	28.4	155	97	4	42	184	117	269	8.28e-10	57.0
NC_010376.1_1405	iEK1008.Rv0386	51.9	52	25	0	144	195	1027	1078	6.04e-08	52.0
NC_010376.1_1405	iAF987.Gmet_1919	23.5	183	124	5	5	187	5	171	3.57e-07	49.3
NC_010376.1_1408	iAM_Pf480.PF3D7_0413700	32.1	84	53	3	89	170	234	315	3.54e-05	42.7
NC_010376.1_1408	iAM_Pv461.PVX_089645	31.0	84	54	3	89	170	268	349	4.94e-05	42.4
NC_010376.1_1408	iAM_Pc455.PCYB_052680	31.0	84	54	3	89	170	243	324	6.49e-05	42.0
NC_010376.1_1408	iAM_Pb448.PBANKA_071570	27.4	84	57	3	89	170	242	323	1.60e-04	40.8
NC_010376.1_1412	iYS854.USA300HOU_RS08305	28.8	208	113	6	283	460	10	212	1.43e-14	73.6
NC_010376.1_1412	iCN900.CD630_04310	30.9	207	109	9	289	469	272	470	9.95e-14	73.2
NC_010376.1_1412	iCN900.CD630_09000	26.4	216	129	6	283	469	1	215	1.47e-13	72.0
NC_010376.1_1412	iYS854.USA300HOU_RS09925	25.4	213	124	5	283	464	3	211	1.19e-13	70.5
NC_010376.1_1412	iLJ478.TM0124	27.6	192	107	3	1	160	3	194	1.28e-12	67.4
NC_010376.1_1412	iYO844.BSU03820	25.0	216	131	6	283	469	1	214	2.04e-12	67.0
NC_010376.1_1414	iCN900.CD630_04310	37.4	462	279	5	2	454	5	465	1.28e-94	293
NC_010376.1_1415	iCN900.CD630_04300	32.0	178	110	5	46	217	46	218	7.69e-17	76.3
NC_010376.1_1418	iAF987.Gmet_2349	48.3	234	120	1	330	563	335	567	1.08e-64	221
NC_010376.1_1418	iYL1228.KPN_00941	47.7	237	122	2	327	561	339	575	5.06e-64	219
NC_010376.1_1418	iML1515.b0914	31.3	544	321	12	49	561	54	575	1.36e-63	218
NC_010376.1_1418	iSbBS512_1146.SbBS512_E2410	31.3	544	321	12	49	561	54	575	1.36e-63	218
NC_010376.1_1418	iSDY_1059.SDY_2344	31.3	544	321	12	49	561	54	575	1.36e-63	218
NC_010376.1_1418	iSF_1195.SF0910	48.1	235	120	2	329	561	341	575	2.63e-63	218
NC_010376.1_1418	iSSON_1240.SSON_0916	48.1	235	120	2	329	561	341	575	2.63e-63	218
NC_010376.1_1418	STM_v1_0.STM0984	47.7	235	121	2	329	561	341	575	9.80e-63	216
NC_010376.1_1418	iCHOv1.100682535	35.7	361	201	7	222	562	279	628	6.68e-59	212
NC_010376.1_1418	iPC815.YPO1395	46.8	237	124	2	327	561	339	575	2.60e-60	209
NC_010376.1_1418	iPC815.YPO1914	30.7	512	331	13	62	561	77	576	7.00e-60	209
NC_010376.1_1418	iMM1415.18670	34.3	361	206	7	222	562	276	625	6.03e-57	206
NC_010376.1_1418	iJN1463.PP_4935	30.1	489	311	11	90	561	114	588	1.79e-56	199
NC_010376.1_1418	iEK1008.Rv1348	28.9	543	339	11	36	552	310	831	5.48e-55	199
NC_010376.1_1419	iPC815.YPO1913	31.0	516	319	10	80	576	88	585	1.15e-59	208
NC_010376.1_1419	iEK1008.Rv1348	30.0	527	334	10	57	566	332	840	4.70e-55	199
NC_010376.1_1424	iCN900.CD630_14890	35.0	223	138	2	4	219	1	223	1.91e-35	129
NC_010376.1_1424	iNF517.LLMG_RS08555	28.6	287	183	5	4	274	1	281	2.14e-32	121
NC_010376.1_1425	iAF987.Gmet_1919	32.2	143	93	3	8	147	4	145	8.94e-13	66.2
NC_010376.1_1429	iPC815.YPO1914	32.7	492	322	4	90	575	99	587	1.43e-68	232
NC_010376.1_1429	iYL1228.KPN_00941	42.7	267	147	3	301	564	312	575	2.70e-67	228
NC_010376.1_1429	iAF987.Gmet_2349	29.8	574	383	10	2	564	1	565	3.03e-66	225
NC_010376.1_1429	iML1515.b0914	42.3	267	148	3	301	564	312	575	5.31e-66	225
NC_010376.1_1429	iSbBS512_1146.SbBS512_E2410	42.3	267	148	3	301	564	312	575	5.31e-66	225
NC_010376.1_1429	iSDY_1059.SDY_2344	42.3	267	148	3	301	564	312	575	5.31e-66	225
NC_010376.1_1429	iSF_1195.SF0910	42.3	267	148	3	301	564	312	575	5.31e-66	225
NC_010376.1_1429	iSSON_1240.SSON_0916	42.3	267	148	3	301	564	312	575	7.39e-66	224
NC_010376.1_1429	STM_v1_0.STM0984	42.7	267	147	3	301	564	312	575	1.99e-65	223
NC_010376.1_1429	iPC815.YPO1913	42.8	271	152	1	307	574	315	585	1.49e-64	221
NC_010376.1_1429	iPC815.YPO1395	41.6	267	150	3	301	564	312	575	2.80e-63	218
NC_010376.1_1430	iPC815.YPO1913	31.2	510	338	6	60	563	74	576	3.28e-79	260
NC_010376.1_1430	iAF987.Gmet_2349	30.4	523	349	6	49	563	51	566	1.12e-73	245
NC_010376.1_1432	iCN900.CD630_04310	40.4	475	268	7	2	464	3	474	2.36e-103	317
NC_010376.1_1443	iAF987.Gmet_2349	32.4	587	371	5	16	595	3	570	2.98e-86	279
NC_010376.1_1443	iYL1228.KPN_00941	31.6	490	331	4	109	595	92	580	5.92e-78	257
NC_010376.1_1443	iPC815.YPO1395	31.8	490	330	4	109	595	92	580	8.27e-78	257
NC_010376.1_1443	iML1515.b0914	32.3	493	324	6	109	595	92	580	1.16e-77	256
NC_010376.1_1443	STM_v1_0.STM0984	32.3	493	324	6	109	595	92	580	1.16e-77	256
NC_010376.1_1443	iSbBS512_1146.SbBS512_E2410	32.3	493	324	6	109	595	92	580	1.16e-77	256
NC_010376.1_1443	iSDY_1059.SDY_2344	32.3	493	324	6	109	595	92	580	1.16e-77	256
NC_010376.1_1443	iSF_1195.SF0910	32.3	493	324	6	109	595	92	580	1.16e-77	256
NC_010376.1_1443	iSSON_1240.SSON_0916	32.3	493	324	6	109	595	92	580	1.16e-77	256
NC_010376.1_1444	iAF987.Gmet_2349	31.1	380	253	3	91	469	194	565	2.26e-49	177
NC_010376.1_1444	iYL1228.KPN_00941	37.8	241	149	1	237	476	342	582	1.29e-47	172
NC_010376.1_1444	iSSON_1240.SSON_0916	38.3	235	144	1	236	469	341	575	1.16e-45	167
NC_010376.1_1444	iML1515.b0914	37.9	235	145	1	236	469	341	575	3.02e-45	166
NC_010376.1_1444	iSbBS512_1146.SbBS512_E2410	37.9	235	145	1	236	469	341	575	3.02e-45	166
NC_010376.1_1444	iSDY_1059.SDY_2344	37.9	235	145	1	236	469	341	575	3.02e-45	166
NC_010376.1_1444	iSF_1195.SF0910	37.9	235	145	1	236	469	341	575	3.02e-45	166
NC_010376.1_1444	iMM1415.18670	38.7	248	146	2	237	478	391	638	5.13e-44	166
NC_010376.1_1444	iCHOv1.100682535	37.4	238	148	1	237	473	394	631	6.93e-44	165
NC_010376.1_1444	iJN1463.PP_4935	29.2	380	259	3	82	460	209	579	1.92e-44	164
NC_010376.1_1444	STM_v1_0.STM0984	37.9	235	145	1	236	469	341	575	1.50e-44	164
NC_010376.1_1444	iPC815.YPO1395	35.4	268	170	2	203	469	310	575	1.92e-43	161
NC_010376.1_1446	iCN900.CD630_17020	74.1	433	112	0	1	433	1	433	4.01e-235	648
NC_010376.1_1447	iAF987.Gmet_0302	62.7	142	53	0	161	302	3	144	2.66e-58	183
NC_010376.1_1447	iAF987.Gmet_2094	57.9	140	59	0	163	302	4	143	2.38e-52	168
NC_010376.1_1448	iJN1463.PP_4597	40.8	326	179	8	3	315	10	334	6.41e-70	220
NC_010376.1_1448	iAF987.Gmet_2095	38.8	322	188	5	3	315	5	326	1.01e-69	219
NC_010376.1_1448	iAF987.Gmet_0301	39.0	308	177	5	3	301	5	310	8.01e-66	209
NC_010376.1_1448	iAF987.Gmet_0337	36.6	322	195	5	3	315	5	326	7.88e-63	201
NC_010376.1_1458	iSbBS512_1146.SbBS512_E0034	35.6	298	183	6	6	298	7	300	3.46e-54	178
NC_010376.1_1458	iYL1228.KPN_00025	35.8	293	177	6	5	291	6	293	3.82e-53	175
NC_010376.1_1458	STM_v1_0.STM0051	34.1	296	186	5	2	292	5	296	4.04e-53	175
NC_010376.1_1458	iSF_1195.SF0027	35.2	298	184	6	6	298	7	300	3.82e-53	175
NC_010376.1_1458	iSSON_1240.SSON_0035	35.2	298	184	6	6	298	7	300	5.39e-53	175
NC_010376.1_1458	iSDY_1059.SDY_0052	35.2	298	184	6	6	298	7	300	7.59e-53	174
NC_010376.1_1458	iML1515.b0030	34.9	298	185	6	6	298	7	300	1.07e-52	174
NC_010376.1_1458	STM_v1_0.STM0661	34.1	305	187	4	5	298	6	307	1.71e-49	166
NC_010376.1_1458	iSF_1195.SF0630	33.8	305	188	4	5	298	6	307	1.87e-48	163
NC_010376.1_1458	iSbBS512_1146.SbBS512_E0598	33.4	305	189	4	5	298	6	307	5.21e-48	162
NC_010376.1_1458	iML1515.b0651	33.1	305	190	4	5	298	6	307	2.04e-47	160
NC_010376.1_1458	iSSON_1240.SSON_0605	33.1	305	190	4	5	298	6	307	2.04e-47	160
NC_010376.1_1459	iAF692.Mbar_A2149	35.2	247	158	1	4	248	4	250	2.37e-41	147
NC_010376.1_1459	iAF692.Mbar_A1219	31.9	273	178	2	1	265	1	273	1.85e-39	142
NC_010376.1_1459	iAF987.Gmet_2439	32.2	242	161	1	4	245	6	244	1.58e-39	137
NC_010376.1_1459	iAF987.Gmet_0475	31.3	246	168	1	10	254	12	257	2.45e-38	135
NC_010376.1_1459	iYS854.USA300HOU_RS14570	33.7	261	171	2	4	263	304	563	8.87e-36	134
NC_010376.1_1460	iCN900.CD630_01000	41.2	255	137	7	1	250	4	250	4.51e-51	168
NC_010376.1_1460	iCN900.CD630_01010	38.6	267	147	8	17	275	21	278	3.24e-47	159
NC_010376.1_1460	iAF987.Gmet_0475	31.6	263	171	4	17	277	20	275	7.33e-47	157
NC_010376.1_1460	iYS854.USA300HOU_RS12035	36.7	251	149	5	1	249	7	249	1.53e-46	156
NC_010376.1_1460	iCN900.CD630_04310	38.2	220	133	2	2	221	5	221	6.80e-43	152
NC_010376.1_1461	iCN900.CD630_01020	31.8	85	57	1	133	216	154	238	4.44e-07	49.3
NC_010376.1_1464	iHN637.CLJU_RS10465	43.2	74	39	2	624	696	475	546	5.50e-11	65.5
NC_010376.1_1466	iNF517.LLMG_RS03940	49.5	202	101	1	2	202	3	204	5.05e-70	211
NC_010376.1_1466	iYO844.BSU27330	47.3	201	105	1	3	202	5	205	9.70e-69	208
NC_010376.1_1466	iYS854.USA300HOU_RS08580	47.2	195	102	1	5	198	6	200	6.94e-68	206
NC_010376.1_1467	iYL1228.KPN_01975	39.8	422	224	7	10	409	9	422	1.90e-97	297
NC_010376.1_1467	iSDY_1059.SDY_1860	39.1	417	234	6	10	409	5	418	5.99e-95	291
NC_010376.1_1467	iSbBS512_1146.SbBS512_E1829	39.1	417	234	6	10	409	5	418	1.20e-94	290
NC_010376.1_1467	iSSON_1240.SSON_1519	39.1	417	234	6	10	409	5	418	1.20e-94	290
NC_010376.1_1467	STM_v1_0.STM1449	38.4	422	230	7	10	409	5	418	1.69e-94	290
NC_010376.1_1467	iNF517.LLMG_RS02055	38.7	411	239	6	10	407	2	412	5.79e-94	288
NC_010376.1_1467	iYS854.USA300HOU_RS09175	38.8	415	239	7	11	412	5	417	1.19e-93	287
NC_010376.1_1467	iPC815.YPO2369	38.6	422	229	7	10	409	5	418	2.12e-92	284
NC_010376.1_1468	iHN637.CLJU_RS04385	37.2	479	294	3	32	507	33	507	1.55e-111	340
NC_010376.1_1470	iYS854.USA300HOU_RS10305	27.3	286	205	2	5	288	3	287	2.09e-29	113
NC_010376.1_1471	iYO844.BSU35620	32.4	287	182	4	911	1188	30	313	1.31e-38	151
NC_010376.1_1472	iEK1008.Rv3032	23.3	253	167	7	99	334	96	338	5.37e-10	60.5
NC_010376.1_1472	iYO844.BSU35590	24.6	232	153	8	100	320	99	319	4.91e-09	57.4
NC_010376.1_1477	iEK1008.Rv2606c	72.7	271	74	0	5	275	20	290	5.51e-128	365
NC_010376.1_1477	iHN637.CLJU_RS19490	67.7	279	90	0	2	280	9	287	1.05e-125	359
NC_010376.1_1477	iLB1027_lipid.PHATRDRAFT_29885	69.3	264	81	0	5	268	28	291	2.01e-122	352
NC_010376.1_1477	iYO844.BSU00110	65.2	264	92	0	5	268	15	278	5.24e-120	345
NC_010376.1_1477	iLJ478.TM0473	64.9	276	97	0	5	280	16	291	2.05e-119	343
NC_010376.1_1477	iYS854.USA300HOU_RS02730	62.0	271	103	0	5	275	16	286	4.43e-119	342
NC_010376.1_1478	iCN900.CD630_36640	21.7	355	258	8	114	454	42	390	8.90e-16	78.6
NC_010376.1_1479	iCN900.CD630_07080	44.1	478	260	4	5	478	6	480	2.11e-136	401
NC_010376.1_1482	iCN900.CD630_27330	34.3	394	248	5	1	390	1	387	1.89e-84	262
NC_010376.1_1482	iCN900.CD630_26960	33.7	395	258	4	2	393	3	396	7.51e-83	258
NC_010376.1_1483	iML1515.b3291	36.6	131	68	3	1	123	3	126	3.16e-19	77.4
NC_010376.1_1486	iYO844.BSU30070	46.9	493	256	3	4	494	3	491	1.97e-156	454
NC_010376.1_1486	iYS854.USA300HOU_RS06865	46.6	502	252	7	2	494	10	504	3.80e-152	444
NC_010376.1_1486	iYS854.USA300HOU_RS11845	46.1	495	263	2	1	494	1	492	3.99e-150	438
NC_010376.1_1487	iCN900.CD630_23510	47.5	432	222	3	3	431	5	434	1.39e-139	406
NC_010376.1_1488	iCN900.CD630_23540	38.2	442	258	6	1	441	1	428	2.48e-96	295
NC_010376.1_1489	iNF517.LLMG_RS00430	59.2	343	131	3	5	346	6	340	3.33e-143	409
NC_010376.1_1490	iAF987.Gmet_3529	29.0	252	165	9	75	323	25	265	6.54e-23	98.6
NC_010376.1_1501	iCHOv1.100761226	34.6	211	128	5	5	207	901	1109	1.17e-20	90.1
NC_010376.1_1501	iMM1415.11303	34.6	211	128	5	5	207	901	1109	2.15e-20	89.4
NC_010376.1_1501	iCN900.CD630_16490	32.7	214	136	5	5	210	4	217	4.32e-20	85.5
NC_010376.1_1501	iSynCJ816.SGL_RS17160	27.1	214	152	3	1	210	1	214	3.83e-18	81.6
NC_010376.1_1503	iYO844.BSU35620	30.4	303	201	7	28	329	27	320	8.86e-36	135
NC_010376.1_1506	iHN637.CLJU_RS07045	38.9	244	145	2	27	269	65	305	3.38e-53	176
NC_010376.1_1508	iCN900.CD630_06570	56.7	390	167	1	1	388	1	390	7.14e-144	414
NC_010376.1_1510	iYS854.USA300HOU_RS01155	44.3	244	125	6	5	240	2	242	7.79e-61	199
NC_010376.1_1511	iCN900.CD630_07590	62.7	745	268	5	13	755	3	739	0.0	927
NC_010376.1_1511	iYS854.USA300HOU_RS01150	59.8	751	293	4	7	756	5	747	0.0	915
NC_010376.1_1511	iML1515.b0903	60.8	766	278	8	1	754	1	756	0.0	899
NC_010376.1_1511	iSSON_1240.SSON_0904	60.8	766	278	8	1	754	1	756	0.0	899
NC_010376.1_1511	iSbBS512_1146.SbBS512_E2425	60.8	766	278	8	1	754	1	756	0.0	899
NC_010376.1_1511	iSDY_1059.SDY_2358	60.7	766	279	8	1	754	1	756	0.0	897
NC_010376.1_1511	iSF_1195.SF0898	60.7	766	279	8	1	754	1	756	0.0	896
NC_010376.1_1511	iYL1228.KPN_00931	60.7	766	279	8	1	754	1	756	0.0	895
NC_010376.1_1511	iPC815.YPO1383	60.5	764	282	6	7	758	5	760	0.0	892
NC_010376.1_1511	STM_v1_0.STM0973	60.7	766	279	8	1	754	1	756	2.32e-318	886
NC_010376.1_1511	iSDY_1059.SDY_3306	58.1	757	297	7	10	754	12	760	3.65e-306	855
NC_010376.1_1511	iML1515.b3114	58.0	757	298	7	10	754	12	760	5.18e-306	855
NC_010376.1_1511	iSSON_1240.SSON_3271	58.0	757	298	7	10	754	12	760	5.18e-306	855
NC_010376.1_1511	iSbBS512_1146.SbBS512_E3243	57.9	757	299	7	10	754	12	760	7.34e-306	854
NC_010376.1_1511	iSF_1195.SF3154	58.0	757	298	7	10	754	12	760	7.34e-306	854
NC_010376.1_1511	STM_v1_0.STM3241	57.8	761	293	8	10	754	12	760	1.96e-303	848
NC_010376.1_1516	iCN900.CD630_01230	59.5	420	166	3	1	420	7	422	3.55e-169	480
NC_010376.1_1516	iYS854.USA300HOU_RS11340	57.5	421	175	3	1	419	1	419	9.69e-159	454
NC_010376.1_1516	iYO844.BSU36760	54.8	423	187	3	1	422	1	420	1.74e-150	433
NC_010376.1_1517	iYO844.BSU35620	28.3	290	189	8	30	301	27	315	2.08e-28	121
NC_010376.1_1519	iHN637.CLJU_RS16390	43.4	290	164	0	1	290	1	290	2.39e-77	237
NC_010376.1_1519	iYS854.USA300HOU_RS13725	44.2	292	162	1	1	291	1	292	1.85e-73	227
NC_010376.1_1519	iYO844.BSU15860	44.5	292	159	2	1	291	1	290	1.08e-72	225
NC_010376.1_1520	iHN637.CLJU_RS16395	52.6	209	94	2	1	205	1	208	7.73e-74	223
NC_010376.1_1521	iYO844.BSU35620	29.4	282	179	7	32	296	28	306	6.84e-31	125
NC_010376.1_1522	iYO844.BSU35620	29.1	333	208	6	82	398	25	345	6.47e-26	111
NC_010376.1_1523	iML1515.b0914	37.7	313	186	3	296	606	274	579	6.24e-55	196
NC_010376.1_1523	iSbBS512_1146.SbBS512_E2410	37.7	313	186	3	296	606	274	579	6.24e-55	196
NC_010376.1_1523	iSDY_1059.SDY_2344	37.7	313	186	3	296	606	274	579	6.24e-55	196
NC_010376.1_1523	iSF_1195.SF0910	37.7	313	186	3	296	606	274	579	1.64e-54	194
NC_010376.1_1523	iSSON_1240.SSON_0916	37.7	313	186	3	296	606	274	579	1.64e-54	194
NC_010376.1_1523	STM_v1_0.STM0984	36.4	313	190	3	296	606	274	579	2.97e-53	191
NC_010376.1_1523	iYL1228.KPN_00941	36.4	313	190	3	296	606	274	579	1.01e-51	187
NC_010376.1_1523	iPC815.YPO1395	38.7	292	163	4	313	602	298	575	8.81e-50	181
NC_010376.1_1523	iAF987.Gmet_2349	39.8	241	138	3	367	606	335	569	3.64e-49	179
NC_010376.1_1524	iYL1228.KPN_00941	35.5	265	166	2	324	587	319	579	8.00e-44	164
NC_010376.1_1524	iML1515.b0914	34.7	265	168	2	324	587	319	579	2.95e-41	157
NC_010376.1_1524	iSbBS512_1146.SbBS512_E2410	34.7	265	168	2	324	587	319	579	2.95e-41	157
NC_010376.1_1524	iSDY_1059.SDY_2344	34.7	265	168	2	324	587	319	579	2.95e-41	157
NC_010376.1_1524	iSF_1195.SF0910	34.7	265	168	2	324	587	319	579	2.95e-41	157
NC_010376.1_1524	iSSON_1240.SSON_0916	34.7	265	168	2	324	587	319	579	2.95e-41	157
NC_010376.1_1524	STM_v1_0.STM0984	34.3	265	169	2	324	587	319	579	1.38e-40	155
NC_010376.1_1524	iPC815.YPO1914	33.6	250	160	2	347	594	344	589	1.23e-38	150
NC_010376.1_1527	iCN900.CD630_27150	53.5	288	130	2	1	287	3	287	5.71e-106	309
NC_010376.1_1527	iCN900.CD630_34880	54.9	286	125	2	1	285	3	285	2.19e-105	309
NC_010376.1_1527	iHN637.CLJU_RS16855	53.3	285	129	2	1	284	1	282	2.80e-102	300
NC_010376.1_1527	iYO844.BSU35670	50.4	284	137	2	2	284	3	283	1.20e-95	283
NC_010376.1_1527	iYS854.USA300HOU_RS13545	49.5	285	140	2	2	285	3	284	3.00e-95	282
NC_010376.1_1528	iCN900.CD630_20200	58.0	869	352	6	1	861	1	864	0.0	959
NC_010376.1_1542	iHN637.CLJU_RS03910	23.1	251	177	7	43	288	25	264	6.06e-10	59.3
NC_010376.1_1542	iCN900.CD630_27410	27.2	151	97	3	119	268	292	430	3.22e-08	54.3
NC_010376.1_1543	iJN1463.PP_1235	48.2	112	58	0	17	128	28	139	2.90e-31	109
NC_010376.1_1544	iML1515.b3697	24.7	267	185	6	2	261	8	265	3.52e-15	73.2
NC_010376.1_1544	iAM_Pv461.PVX_123935	25.1	283	188	7	2	260	45	327	1.01e-13	69.7
NC_010376.1_1546	iCN900.CD630_07080	38.7	475	268	8	5	463	13	480	3.34e-105	321
NC_010376.1_1549	iAF692.Mbar_A2079	38.3	47	29	0	4	50	6	52	1.67e-04	37.4
NC_010376.1_1555	iYS854.USA300HOU_RS09455	54.4	237	107	1	1	236	1	237	8.48e-92	269
NC_010376.1_1556	iYS854.USA300HOU_RS01750	47.1	444	229	2	2	444	3	441	8.55e-136	397
NC_010376.1_1557	iML1515.b4194	40.7	59	25	2	1	53	1	55	2.16e-06	42.0
NC_010376.1_1557	iYL1228.KPN_04587	40.7	59	25	2	1	53	1	55	2.16e-06	42.0
NC_010376.1_1557	STM_v1_0.STM4384	40.7	59	25	2	1	53	1	55	2.16e-06	42.0
NC_010376.1_1557	iSbBS512_1146.SbBS512_E4724	40.7	59	25	2	1	53	1	55	2.16e-06	42.0
NC_010376.1_1557	iSDY_1059.SDY_4363	40.7	59	25	2	1	53	1	55	2.16e-06	42.0
NC_010376.1_1557	iSF_1195.SF4349	40.7	59	25	2	1	53	1	55	2.16e-06	42.0
NC_010376.1_1557	iSSON_1240.SSON_4376	39.0	59	26	2	1	53	1	55	6.00e-06	40.8
NC_010376.1_1558	iYS854.USA300HOU_RS01760	38.9	144	84	1	3	146	4	143	2.63e-32	112
NC_010376.1_1558	iML1515.b2934	37.8	148	88	1	1	148	3	146	4.36e-28	101
NC_010376.1_1559	iCN900.CD630_21240	25.3	293	214	3	1	291	13	302	2.54e-25	102
NC_010376.1_1561	iCN900.CD630_03980	23.1	351	255	10	37	381	31	372	1.70e-17	82.8
NC_010376.1_1562	iHN637.CLJU_RS05190	39.3	486	275	9	1	473	1	479	1.45e-101	312
NC_010376.1_1564	iAF987.Gmet_1092	48.4	277	126	3	4	270	21	290	1.67e-84	255
NC_010376.1_1566	iYS854.USA300HOU_RS01400	35.4	297	184	4	3	291	5	301	1.36e-54	179
NC_010376.1_1566	STM_v1_0.STM3793	36.0	297	183	3	1	290	1	297	8.84e-53	174
NC_010376.1_1566	iLJ478.TM0960	38.4	297	170	5	1	291	3	292	7.32e-53	174
NC_010376.1_1566	iCN900.CD630_02990	35.5	290	182	3	3	291	4	289	1.64e-50	168
NC_010376.1_1566	STM_v1_0.STM3885	36.3	295	182	2	3	291	7	301	1.80e-49	166
NC_010376.1_1566	iSF_1195.SF3835	34.5	296	188	2	2	291	11	306	1.13e-48	164
NC_010376.1_1566	iML1515.b3752	34.5	296	188	2	2	291	6	301	1.40e-48	163
NC_010376.1_1566	iYL1228.KPN_04157	34.6	295	187	2	3	291	8	302	1.44e-48	163
NC_010376.1_1566	iSbBS512_1146.SbBS512_E4167	34.5	296	188	2	2	291	6	301	1.40e-48	163
NC_010376.1_1566	iSSON_1240.SSON_3922	34.5	296	188	2	2	291	6	301	1.40e-48	163
NC_010376.1_1566	iPC815.YPO0008	36.3	295	182	2	3	291	6	300	1.92e-48	163
NC_010376.1_1570	iYO844.BSU35620	31.7	268	174	4	122	388	33	292	2.64e-32	128
NC_010376.1_1572	iYO844.BSU02750	27.8	194	118	6	19	193	25	215	1.89e-17	77.8
NC_010376.1_1572	iYO844.BSU03820	30.7	215	125	7	3	195	4	216	3.98e-17	77.0
NC_010376.1_1572	iCN900.CD630_16490	28.1	235	146	8	3	215	4	237	7.34e-16	73.6
NC_010376.1_1572	iCN900.CD630_10010	29.0	221	130	9	3	202	8	222	1.07e-15	72.8
NC_010376.1_1572	iCN900.CD630_03010	25.3	198	128	3	15	192	21	218	6.72e-15	72.4
NC_010376.1_1572	iSynCJ816.SGL_RS08815	29.9	197	112	8	27	198	38	233	5.71e-15	71.2
NC_010376.1_1572	STM_v1_0.STM2862	27.9	190	118	6	19	189	26	215	9.09e-15	70.9
NC_010376.1_1572	iLJ478.TM0956	27.9	197	117	5	19	192	32	226	2.30e-14	70.9
NC_010376.1_1572	iYO844.BSU30760	29.5	193	117	5	19	193	23	214	9.62e-15	70.5
NC_010376.1_1572	iCN900.CD630_04310	28.7	202	133	5	3	193	269	470	3.03e-14	70.5
NC_010376.1_1572	iJN1463.PP_0953	28.0	193	121	4	19	193	23	215	1.18e-14	70.1
NC_010376.1_1576	iML1515.b3544	28.9	501	314	15	59	526	39	530	7.02e-49	176
NC_010376.1_1576	iSDY_1059.SDY_4567	28.9	501	314	15	59	526	39	530	9.70e-49	176
NC_010376.1_1576	iSF_1195.SF3579	28.9	501	314	15	59	526	39	530	9.70e-49	176
NC_010376.1_1576	iSSON_1240.SSON_3846	28.7	501	315	15	59	526	39	530	2.56e-48	175
NC_010376.1_1576	STM_v1_0.STM3630	27.7	501	320	14	59	526	39	530	1.15e-45	167
NC_010376.1_1576	iYL1228.KPN_03899	28.3	501	317	14	59	526	30	521	1.38e-45	167
NC_010376.1_1577	iYS854.USA300HOU_RS04930	39.2	319	189	1	1	314	1	319	1.39e-65	208
NC_010376.1_1577	iML1515.b0831	35.5	313	193	1	1	313	1	304	7.25e-62	198
NC_010376.1_1577	iSDY_1059.SDY_0756	35.5	313	193	1	1	313	1	304	7.25e-62	198
NC_010376.1_1577	iSF_1195.SF0781	35.6	309	190	1	5	313	5	304	2.04e-61	197
NC_010376.1_1577	iYL1228.KPN_00864	34.5	313	196	1	1	313	1	304	1.14e-60	195
NC_010376.1_1577	iSbBS512_1146.SbBS512_E2517	35.1	313	194	1	1	313	1	304	1.14e-60	195
NC_010376.1_1577	iAF692.Mbar_A0469	34.5	310	191	2	8	314	8	308	2.47e-60	194
NC_010376.1_1577	iSSON_1240.SSON_0813	35.1	313	194	1	1	313	1	304	2.27e-60	194
NC_010376.1_1577	STM_v1_0.STM0850	34.8	313	195	1	1	313	1	304	4.52e-60	194
NC_010376.1_1578	iML1515.b1485	38.4	258	159	0	11	268	30	287	1.78e-54	177
NC_010376.1_1578	iSSON_1240.SSON_1639	38.4	258	159	0	11	268	30	287	1.78e-54	177
NC_010376.1_1578	iYO844.BSU12940	37.7	252	156	1	21	271	64	315	4.53e-54	177
NC_010376.1_1578	iAF692.Mbar_A0470	34.6	266	173	1	7	271	24	289	1.59e-53	175
NC_010376.1_1578	iLJ478.TM0059	43.6	220	115	3	57	268	137	355	2.24e-51	171
NC_010376.1_1578	iEK1008.Rv1282c	37.2	253	157	1	21	271	28	280	5.09e-52	171
NC_010376.1_1578	iSbBS512_1146.SbBS512_E1748	37.6	258	157	1	11	268	30	283	2.19e-51	169
NC_010376.1_1578	iSDY_1059.SDY_3633	35.8	229	147	0	43	271	40	268	7.68e-51	167
NC_010376.1_1578	iSbBS512_1146.SbBS512_E2516	37.6	255	157	1	17	271	46	298	2.18e-50	167
NC_010376.1_1578	iSSON_1240.SSON_0814	37.6	255	157	1	17	271	46	298	2.18e-50	167
NC_010376.1_1578	iML1515.b0832	37.3	255	158	1	17	271	46	298	3.07e-50	167
NC_010376.1_1578	iSbBS512_1146.SbBS512_E3843	35.8	229	147	0	43	271	40	268	1.53e-50	167
NC_010376.1_1578	iML1515.b3478	35.4	229	148	0	43	271	40	268	4.29e-50	166
NC_010376.1_1578	iSSON_1240.SSON_3716	35.4	229	148	0	43	271	40	268	4.29e-50	166
NC_010376.1_1578	iSDY_1059.SDY_0755	37.3	255	158	1	17	271	46	298	1.21e-49	165
NC_010376.1_1578	iSF_1195.SF3496	35.4	229	148	0	43	271	40	268	8.53e-50	165
NC_010376.1_1578	iYL1228.KPN_00865	36.1	269	167	2	6	271	18	284	1.30e-48	162
NC_010376.1_1578	iML1515.b1245	35.2	253	164	0	19	271	46	298	1.43e-47	160
NC_010376.1_1578	iSbBS512_1146.SbBS512_E1414	35.2	253	164	0	19	271	46	298	1.43e-47	160
NC_010376.1_1578	iSSON_1240.SSON_1935	35.2	253	164	0	19	271	46	298	1.43e-47	160
NC_010376.1_1579	iLJ478.TM1749	48.4	320	162	3	1	318	2	320	7.71e-100	296
NC_010376.1_1579	iSDY_1059.SDY_1304	48.1	295	151	2	3	296	19	312	5.69e-95	284
NC_010376.1_1579	iSF_1195.SF1247	48.1	295	151	2	3	296	19	312	5.69e-95	284
NC_010376.1_1579	iSSON_1240.SSON_1934	48.1	295	151	2	3	296	19	312	5.69e-95	284
NC_010376.1_1579	iYO844.BSU12950	48.7	316	158	3	2	314	3	317	7.56e-95	284
NC_010376.1_1579	iSbBS512_1146.SbBS512_E1415	48.1	295	151	2	3	296	19	312	1.62e-94	283
NC_010376.1_1579	STM_v1_0.STM1743	47.5	297	154	2	3	298	17	312	1.73e-93	280
NC_010376.1_1579	iML1515.b1246	47.8	295	152	2	3	296	19	312	3.70e-93	280
NC_010376.1_1579	iYL1228.KPN_02194	47.5	295	153	2	3	296	19	312	2.98e-92	277
NC_010376.1_1580	iLJ478.TM1750	48.0	321	157	3	1	318	10	323	9.70e-99	293
NC_010376.1_1580	iYL1228.KPN_02193	46.9	322	163	5	4	318	11	331	8.07e-94	281
NC_010376.1_1580	iML1515.b1247	46.9	322	163	5	4	318	11	331	1.14e-93	281
NC_010376.1_1580	iSF_1195.SF1248	46.9	322	163	5	4	318	11	331	1.62e-93	280
NC_010376.1_1580	STM_v1_0.STM1742	46.9	322	163	5	4	318	11	331	3.25e-93	280
NC_010376.1_1580	iSbBS512_1146.SbBS512_E1416	46.9	322	163	5	4	318	11	331	3.25e-93	280
NC_010376.1_1580	iSDY_1059.SDY_1305	47.2	322	162	5	4	318	11	331	3.25e-93	280
NC_010376.1_1580	iLJ478.TM0057	47.5	324	159	4	3	316	2	324	7.38e-93	279
NC_010376.1_1580	iLJ478.TM1063	47.4	327	157	5	4	316	3	328	2.30e-92	278
NC_010376.1_1580	iSSON_1240.SSON_1933	46.9	322	163	5	4	318	11	331	7.42e-92	276
NC_010376.1_1580	iPC815.YPO3999	45.5	314	163	5	9	318	38	347	2.03e-89	271
NC_010376.1_1580	iSSON_1240.SSON_3850	44.9	314	165	5	9	318	17	326	2.73e-89	270
NC_010376.1_1580	iML1515.b3540	44.9	314	165	5	9	318	17	326	5.48e-89	269
NC_010376.1_1580	iSF_1195.SF3575	44.9	314	165	5	9	318	17	326	5.48e-89	269
NC_010376.1_1580	STM_v1_0.STM3626	44.3	314	167	5	9	318	17	326	1.71e-88	268
NC_010376.1_1580	iYL1228.KPN_03895	44.6	314	166	5	9	318	17	326	6.84e-88	266
NC_010376.1_1580	iSDY_1059.SDY_4563	44.6	314	166	5	9	318	17	326	8.82e-88	266
NC_010376.1_1581	iAF692.Mbar_A0500	44.9	900	478	7	3	889	2	896	2.73e-227	665
NC_010376.1_1581	iYO844.BSU15650	43.1	896	500	6	1	892	1	890	1.29e-224	657
NC_010376.1_1581	iCN900.CD630_18240	43.6	901	477	10	1	895	7	882	3.11e-224	656
NC_010376.1_1581	iSynCJ816.SGL_RS16270	41.7	885	492	8	3	863	25	909	2.77e-211	625
NC_010376.1_1581	iAF987.Gmet_1614	42.7	900	473	10	1	892	1	865	1.76e-204	605
NC_010376.1_1584	iEK1008.Rv3704c	21.0	357	253	10	82	424	85	426	3.64e-10	61.2
NC_010376.1_1590	iCN900.CD630_18990	68.1	138	44	0	2	139	8	145	2.46e-71	210
NC_010376.1_1591	iHN637.CLJU_RS18410	62.7	1123	414	3	1	1118	2	1124	0.0	1412
NC_010376.1_1591	iCN900.CD630_00210	58.1	1127	459	4	1	1119	2	1123	0.0	1318
NC_010376.1_1599	iJN1463.PP_2998	27.3	286	203	4	2	287	15	295	1.67e-26	105
NC_010376.1_1599	STM_v1_0.STM2573	25.2	286	199	6	10	290	23	298	1.32e-23	97.8
NC_010376.1_1600	iHN637.CLJU_RS05135	47.1	541	285	1	2	542	3	542	1.86e-181	521
NC_010376.1_1601	iNF517.LLMG_RS01445	36.0	172	105	2	1	172	1	167	1.10e-32	114
NC_010376.1_1605	iAF692.Mbar_A2320	26.2	221	112	9	9	217	37	218	3.33e-05	44.7
NC_010376.1_1606	iYS854.USA300HOU_RS08635	38.1	375	215	6	2	359	3	377	7.10e-76	238
NC_010376.1_1607	iCN900.CD630_16150	29.2	202	117	6	95	279	490	682	1.22e-10	61.6
NC_010376.1_1608	iCN900.CD630_14890	36.3	201	121	4	1	200	1	195	2.60e-31	116
NC_010376.1_1608	iCN900.CD630_19470	32.0	200	134	2	2	200	10	208	1.36e-31	115
NC_010376.1_1608	iJN1463.PP_0114	31.7	202	136	2	1	201	1	201	1.78e-30	114
NC_010376.1_1608	iYO844.BSU30420	30.5	226	147	4	1	221	1	221	4.07e-31	114
NC_010376.1_1608	iCN900.CD630_07520	33.3	204	124	5	1	201	1	195	5.43e-30	111
NC_010376.1_1608	iCN900.CD630_17760	31.3	211	138	3	1	211	1	204	5.11e-30	110
NC_010376.1_1608	iYS854.USA300HOU_RS04405	30.3	208	136	4	1	204	1	203	5.49e-29	110
NC_010376.1_1608	iPC815.YPO1073	30.7	202	137	3	1	201	1	200	1.10e-28	110
NC_010376.1_1608	iYL1228.KPN_00213	30.2	202	138	3	1	201	1	200	5.76e-28	108
NC_010376.1_1608	iNF517.LLMG_RS09915	31.3	201	132	3	1	201	5	199	8.95e-29	108
NC_010376.1_1608	iNF517.LLMG_RS01755	27.3	227	148	5	1	211	4	229	1.15e-27	107
NC_010376.1_1608	iEK1008.Rv0073	29.5	200	140	1	2	201	4	202	1.27e-27	107
NC_010376.1_1608	iJN1463.PP_4210	30.0	203	140	2	1	202	5	206	1.17e-26	107
NC_010376.1_1608	iSDY_1059.SDY_0218	30.2	202	138	3	1	201	1	200	1.55e-27	107
NC_010376.1_1608	iYS854.USA300HOU_RS13040	28.1	210	146	2	1	210	1	205	2.41e-28	107
NC_010376.1_1608	iML1515.b0199	30.2	202	138	3	1	201	1	200	2.16e-27	106
NC_010376.1_1608	iSbBS512_1146.SbBS512_E0193	30.2	202	138	3	1	201	1	200	2.16e-27	106
NC_010376.1_1608	iSSON_1240.SSON_0213	30.2	202	138	3	1	201	1	200	2.16e-27	106
NC_010376.1_1608	iEK1008.Rv2564	29.0	200	141	1	2	201	4	202	2.46e-27	106
NC_010376.1_1608	iSF_1195.SF0190	30.2	202	138	3	1	201	1	200	5.82e-27	105
NC_010376.1_1614	iAF987.Gmet_3241	46.7	30	16	0	159	188	4	33	1.90e-04	37.4
NC_010376.1_1624	iCHOv1.100760370	27.3	433	255	10	4	390	43	461	1.60e-34	135
NC_010376.1_1624	iMM1415.232333	27.3	433	255	10	4	390	43	461	1.60e-34	135
NC_010376.1_1624	iCHOv1.100754706	28.2	373	214	7	5	328	79	446	9.03e-34	133
NC_010376.1_1624	iAT_PLT_636.6532	28.2	373	214	8	5	328	79	446	9.03e-34	133
NC_010376.1_1624	iMM1415.15567	27.4	372	218	7	5	328	79	446	9.03e-34	133
NC_010376.1_1624	iMM1415.240332	26.6	384	223	9	4	334	36	413	1.62e-31	127
NC_010376.1_1624	iCHOv1.100752445	25.1	454	267	12	3	402	44	478	2.07e-31	126
NC_010376.1_1624	iMM1415.56774	26.4	413	228	10	2	342	33	441	4.03e-31	125
NC_010376.1_1624	iMM1415.13162	23.6	462	285	10	5	412	60	507	9.18e-31	124
NC_010376.1_1624	iAT_PLT_636.6539	24.0	496	311	11	4	445	35	518	1.21e-30	124
NC_010376.1_1624	iMM1415.14411	25.2	453	266	12	4	402	49	482	1.74e-30	124
NC_010376.1_1624	iCHOv1.100773003	27.1	484	254	16	5	405	56	523	2.25e-30	123
NC_010376.1_1624	iMM1415.243616	26.1	379	229	6	5	335	45	420	2.34e-30	123
NC_010376.1_1624	iMM1415.20538	27.1	484	254	16	5	405	178	645	3.17e-30	123
NC_010376.1_1624	iCHOv1.100751194	26.3	411	227	10	4	342	83	489	6.94e-30	122
NC_010376.1_1625	iCN900.CD630_23510	51.0	431	206	5	3	428	5	435	4.06e-153	440
NC_010376.1_1626	iCN900.CD630_23540	49.0	429	217	2	1	428	1	428	4.44e-140	407
NC_010376.1_1627	iCN900.CD630_23570	29.7	118	76	3	5	115	1	118	3.41e-10	53.1
NC_010376.1_1633	iNF517.LLMG_RS03945	61.2	325	124	1	1	323	1	325	6.77e-137	390
NC_010376.1_1633	iYO844.BSU37660	60.6	322	126	1	2	323	3	323	5.42e-133	380
NC_010376.1_1633	iYS854.USA300HOU_RS03075	57.7	326	133	2	2	323	3	327	8.78e-126	362
NC_010376.1_1635	iCN900.CD630_36700	48.8	379	192	2	1	378	1	378	1.86e-136	394
NC_010376.1_1636	iCN900.CD630_07190	29.2	209	142	4	1	208	1	204	1.32e-17	77.4
NC_010376.1_1636	iHN637.CLJU_RS18535	29.6	179	121	2	1	178	1	175	3.59e-15	70.9
NC_010376.1_1638	iHN637.CLJU_RS11570	22.7	260	168	9	7	251	1	242	1.68e-06	47.8
NC_010376.1_1638	iSynCJ816.SGL_RS17655	40.9	66	35	3	9	74	2	63	1.37e-05	45.1
NC_010376.1_1638	iHN637.CLJU_RS02400	22.7	260	168	9	7	251	1	242	2.36e-05	44.3
NC_010376.1_1638	iAF987.Gmet_0662	23.2	259	176	8	7	254	1	247	4.47e-05	43.5
NC_010376.1_1638	iAF692.Mbar_A0171	36.8	68	36	3	7	72	1	63	5.70e-05	43.1
NC_010376.1_1639	iML1515.b2700	30.1	156	102	2	256	404	9	164	2.19e-15	73.2
NC_010376.1_1641	iSynCJ816.SGL_RS13580	35.9	78	49	1	325	401	302	379	4.69e-04	42.7
NC_010376.1_1642	iCN900.CD630_32740	32.2	90	57	2	218	307	2	87	5.92e-04	42.0
NC_010376.1_1642	iAF987.Gmet_2444	31.1	90	61	1	217	306	21	109	5.96e-04	42.0
NC_010376.1_1648	iNF517.LLMG_RS03890	33.7	101	67	0	73	173	50	150	6.43e-11	60.5
NC_010376.1_1648	iMM904.YML008C	29.9	117	77	3	72	186	121	234	5.71e-10	58.5
NC_010371.1_51	iYO844.BSU35620	28.0	300	195	10	9	293	7	300	9.53e-24	104
NC_010371.1_78	iJN1463.PP_3989	31.1	351	188	11	3	326	25	348	9.53e-38	137
NC_010371.1_80	iCN718.ABAYE_RS14580	40.0	130	74	2	14	142	23	149	1.89e-26	96.7
NC_010371.1_80	STM_v1_0.STM3731	38.9	131	74	3	14	142	24	150	3.48e-24	90.9
NC_010371.1_80	iPC815.YPO0047	36.9	130	78	2	14	142	24	150	3.48e-24	90.9
NC_010371.1_80	iSbBS512_1146.SbBS512_E4065	36.9	130	78	2	14	142	24	150	9.83e-24	89.7
NC_010371.1_80	iSDY_1059.SDY_4070	36.9	130	78	2	14	142	24	150	9.83e-24	89.7
NC_010371.1_80	iSF_1195.SF3679	36.9	130	78	2	14	142	25	151	1.01e-23	89.7
NC_010371.1_80	iSSON_1240.SSON_3766	36.9	130	78	2	14	142	24	150	9.83e-24	89.7
NC_010371.1_80	iAF987.Gmet_1593	38.8	129	76	1	14	142	23	148	1.82e-23	89.0
NC_010371.1_80	iYL1228.KPN_03980	37.4	131	76	3	14	142	25	151	2.84e-23	88.6
NC_010371.1_80	iML1515.b3640	36.2	130	79	2	14	142	24	150	5.52e-23	87.8
NC_010371.1_80	iCHOv1.100761578	36.2	130	76	3	13	142	70	192	2.96e-22	87.0
NC_010371.1_121	iYS854.USA300HOU_RS05240	36.2	105	50	3	83	171	1085	1188	7.29e-09	55.1
NC_010371.1_121	iYS854.USA300HOU_RS12485	27.1	155	86	5	83	215	49	198	1.81e-07	49.7
NC_010371.1_149	iYL1228.KPN_02428	30.5	380	173	14	4	311	93	453	3.13e-35	133
NC_010371.1_149	iCN900.CD630_09270	32.1	364	179	13	6	313	5	356	1.79e-32	123
NC_010371.1_151	iYO844.BSU35620	26.1	310	214	9	7	306	5	309	6.39e-24	106
NC_010371.1_167	iYO844.BSU35620	30.1	319	195	7	17	313	8	320	3.52e-29	120
NC_010371.1_183	iYS854.USA300HOU_RS02340	44.2	86	44	3	2386	2470	228	310	4.43e-11	66.6
