NZ_HE978531.1_4	iHN637.CLJU_RS04570	49.1	399	194	7	13	408	4	396	9.95e-119	350
NZ_HE978531.1_4	iYS854.USA300HOU_RS00325	49.5	412	193	9	4	408	6	409	2.24e-115	342
NZ_HE978531.1_4	iYS854.USA300HOU_RS14320	46.8	412	204	9	4	408	6	409	3.00e-110	329
NZ_HE978531.1_5	iHN637.CLJU_RS13835	56.2	333	138	4	4	333	3	330	4.60e-127	366
NZ_HE978531.1_5	iCN900.CD630_20300	55.6	333	140	5	3	333	4	330	8.04e-125	361
NZ_HE978531.1_5	iYS854.USA300HOU_RS14315	55.9	333	141	3	2	333	7	334	7.02e-125	361
NZ_HE978531.1_5	STM_v1_0.STM4465	52.4	336	153	3	1	333	1	332	1.23e-122	355
NZ_HE978531.1_5	iHN637.CLJU_RS04575	53.9	336	147	4	1	333	1	331	4.82e-122	353
NZ_HE978531.1_5	iHN637.CLJU_RS12430	50.5	333	159	3	3	333	2	330	2.59e-119	347
NZ_HE978531.1_5	iNF517.LLMG_RS11590	53.6	332	144	4	6	333	16	341	8.51e-118	343
NZ_HE978531.1_5	iJN1463.PP_1000	50.1	335	163	3	1	333	1	333	4.67e-118	343
NZ_HE978531.1_5	iPC815.YPO3446	52.9	327	146	4	11	333	10	332	1.48e-116	340
NZ_HE978531.1_5	iYS854.USA300HOU_RS05860	52.2	335	148	4	4	333	3	330	3.20e-115	336
NZ_HE978531.1_5	iYS854.USA300HOU_RS00310	51.5	332	155	3	4	333	3	330	5.04e-114	333
NZ_HE978531.1_5	iML1515.b0273	52.1	334	152	4	4	333	3	332	8.77e-113	330
NZ_HE978531.1_6	iHN637.CLJU_RS07500	57.7	310	130	1	1	309	1	310	8.19e-122	351
NZ_HE978531.1_6	iHN637.CLJU_RS13830	58.3	312	123	3	5	309	3	314	1.35e-116	338
NZ_HE978531.1_6	iYS854.USA300HOU_RS00305	55.5	308	133	3	5	310	3	308	7.06e-115	333
NZ_HE978531.1_6	iHN637.CLJU_RS11590	55.1	312	133	3	5	309	3	314	7.52e-114	331
NZ_HE978531.1_6	iYS854.USA300HOU_RS05865	54.7	311	134	4	5	311	3	310	3.40e-113	329
NZ_HE978531.1_6	iHN637.CLJU_RS04585	55.3	313	130	4	5	310	2	311	5.30e-110	322
NZ_HE978531.1_7	iCN900.CD630_31000	33.3	429	248	6	67	495	68	458	2.19e-62	210
NZ_HE978531.1_8	iEK1008.Rv0125	29.3	290	160	11	92	359	67	333	3.04e-18	85.1
NZ_HE978531.1_24	iML1515.b3291	39.8	108	56	2	3	101	5	112	3.27e-16	69.7
NZ_HE978531.1_25	iML1515.b1813	24.1	170	109	3	18	186	33	183	3.84e-08	50.8
NZ_HE978531.1_27	iHN637.CLJU_RS05525	27.2	360	240	11	43	395	53	397	5.07e-29	116
NZ_HE978531.1_27	iJN1463.PP_4803	29.7	360	216	10	43	389	38	373	7.54e-29	115
NZ_HE978531.1_28	iCN900.CD630_00150	48.7	150	77	0	1	150	1	150	3.67e-41	134
NZ_HE978531.1_28	iYO844.BSU00180	46.0	150	81	0	3	152	4	153	2.28e-39	130
NZ_HE978531.1_30	iLJ478.TM0327	36.7	267	164	5	47	309	40	305	1.46e-44	154
NZ_HE978531.1_30	iYS854.USA300HOU_RS12475	33.2	286	180	7	32	308	27	310	8.10e-40	141
NZ_HE978531.1_30	iAF692.Mbar_A1431	31.2	314	202	9	9	314	3	310	5.37e-38	140
NZ_HE978531.1_31	iNF517.LLMG_RS03940	48.3	203	104	1	3	204	4	206	1.36e-65	200
NZ_HE978531.1_31	iYO844.BSU27330	46.8	201	106	1	5	204	7	207	1.21e-62	193
NZ_HE978531.1_31	iYS854.USA300HOU_RS08580	46.3	203	108	1	3	204	4	206	1.06e-62	193
NZ_HE978531.1_31	iPC815.YPO1524	48.0	204	101	1	5	203	10	213	2.22e-58	182
NZ_HE978531.1_32	iSynCJ816.SGL_RS12820	39.8	575	303	10	36	567	141	715	2.58e-132	405
NZ_HE978531.1_32	iYO844.BSU30980	40.4	559	317	10	25	567	23	581	1.82e-133	403
NZ_HE978531.1_32	iJN1463.PP_4058	36.9	559	327	9	35	567	140	698	3.39e-119	370
NZ_HE978531.1_34	iNF517.LLMG_RS07320	30.6	271	173	8	113	377	88	349	4.72e-31	120
NZ_HE978531.1_34	iNF517.LLMG_RS01990	31.9	229	146	4	112	339	61	280	8.84e-30	116
NZ_HE978531.1_37	iCN900.CD630_08000	52.8	252	118	1	1	252	4	254	3.15e-88	262
NZ_HE978531.1_37	iCN900.CD630_10570	54.9	253	113	1	3	255	11	262	1.06e-87	261
NZ_HE978531.1_40	iHN637.CLJU_RS06465	23.4	338	208	10	342	656	10	319	4.43e-18	85.5
NZ_HE978531.1_43	STM_v1_0.STM1502	36.3	91	57	1	73	162	65	155	4.12e-11	58.9
NZ_HE978531.1_43	iML1515.b1584	33.7	86	57	0	73	158	65	150	3.98e-10	56.2
NZ_HE978531.1_43	iYS854.USA300HOU_RS00270	33.0	100	66	1	72	171	58	156	5.57e-10	55.5
NZ_HE978531.1_43	iNF517.LLMG_RS04495	34.3	99	64	1	73	171	68	165	9.65e-10	55.1
NZ_HE978531.1_43	iYL1228.KPN_01583	35.7	84	53	1	80	162	72	155	2.75e-09	53.9
NZ_HE978531.1_46	iAM_Pb448.PBANKA_132330	28.2	220	134	9	3	217	13	213	1.46e-12	64.3
NZ_HE978531.1_47	iLJ478.TM1379	35.3	422	268	3	1	419	1	420	6.26e-80	253
NZ_HE978531.1_47	iCN718.ABAYE_RS04335	35.0	423	267	5	1	420	1	418	1.17e-79	252
NZ_HE978531.1_47	iJN1463.PP_4000	37.9	393	236	6	36	422	33	423	3.94e-78	248
NZ_HE978531.1_47	iPC815.YPO1379	35.1	433	264	7	1	422	1	427	9.58e-77	244
NZ_HE978531.1_47	iAF692.Mbar_A0541	35.4	424	267	5	1	424	28	444	2.32e-76	244
NZ_HE978531.1_47	iYL1228.KPN_00925	33.3	433	272	6	1	422	1	427	1.48e-75	241
NZ_HE978531.1_47	iAF987.Gmet_3528	35.1	427	268	4	1	424	1	421	3.41e-75	240
NZ_HE978531.1_47	STM_v1_0.STM0963	32.8	433	274	6	1	422	1	427	4.51e-74	238
NZ_HE978531.1_47	iSbBS512_1146.SbBS512_E2435	33.0	433	273	6	1	422	1	427	6.35e-74	237
NZ_HE978531.1_47	iSF_1195.SF0852	33.0	433	273	6	1	422	1	427	8.94e-74	237
NZ_HE978531.1_47	iSSON_1240.SSON_0894	33.0	433	273	6	1	422	1	427	8.94e-74	237
NZ_HE978531.1_47	iYS854.USA300HOU_RS00045	35.0	431	265	5	1	424	1	423	1.19e-73	236
NZ_HE978531.1_47	iSDY_1059.SDY_2368	32.8	433	274	6	1	422	1	427	1.37e-72	234
NZ_HE978531.1_49	iYS854.USA300HOU_RS08275	38.9	72	42	2	21	92	105	174	9.52e-10	52.4
NZ_HE978531.1_49	iCN900.CD630_34560	32.7	104	62	4	1	97	82	184	2.08e-09	51.6
NZ_HE978531.1_49	iSynCJ816.SGL_RS04360	33.7	92	55	2	12	97	91	182	2.07e-08	48.9
NZ_HE978531.1_55	iHN637.CLJU_RS14390	37.5	283	153	9	3	267	9	285	1.05e-41	144
NZ_HE978531.1_56	iCN900.CD630_18330	42.6	350	189	8	2	339	4	353	1.01e-81	252
NZ_HE978531.1_56	iHN637.CLJU_RS14385	40.9	337	187	6	11	335	15	351	3.74e-78	243
NZ_HE978531.1_57	iCN900.CD630_18340	38.4	112	58	2	5	105	3	114	5.38e-13	64.3
NZ_HE978531.1_57	iHN637.CLJU_RS14380	37.6	93	57	1	6	97	4	96	2.51e-12	62.4
NZ_HE978531.1_58	iCN900.CD630_18340	35.6	135	86	1	11	144	150	284	3.54e-18	79.7
NZ_HE978531.1_59	iHN637.CLJU_RS14380	44.1	93	50	1	1	91	328	420	4.08e-18	77.0
NZ_HE978531.1_59	iCN900.CD630_18340	45.7	94	48	2	1	91	338	431	3.77e-17	74.3
NZ_HE978531.1_60	iHN637.CLJU_RS14365	41.2	267	138	6	89	338	6	270	1.84e-47	165
NZ_HE978531.1_60	iCN900.CD630_18370	36.4	264	138	5	88	328	4	260	7.02e-45	158
NZ_HE978531.1_61	iLJ478.TM0349	42.4	144	81	1	1	144	1	142	1.31e-41	135
NZ_HE978531.1_61	iAF987.Gmet_0981	46.4	138	74	0	1	138	1	138	5.49e-37	123
NZ_HE978531.1_65	iNF517.LLMG_RS00430	55.8	346	144	3	2	346	3	340	1.73e-131	379
NZ_HE978531.1_66	iCHOv1.100689464	25.8	271	190	7	139	405	247	510	3.46e-17	83.2
NZ_HE978531.1_66	iMM1415.20512	25.8	271	190	7	139	405	247	510	3.46e-17	83.2
NZ_HE978531.1_66	iMM1415.242607	28.5	256	168	9	139	388	235	481	3.64e-16	80.1
NZ_HE978531.1_66	iCHOv1.100767052	28.1	256	169	9	139	388	236	482	8.63e-16	79.0
NZ_HE978531.1_66	iMM1415.20514	28.4	250	163	8	139	381	249	489	2.66e-15	77.4
NZ_HE978531.1_66	iAT_PLT_636.6510	29.9	224	143	7	139	355	235	451	3.91e-15	76.6
NZ_HE978531.1_66	iMM1415.55963	26.4	265	182	8	139	398	227	483	6.03e-15	76.3
NZ_HE978531.1_68	iAF987.Gmet_1914	32.3	127	85	1	2	127	3	129	1.94e-17	80.1
NZ_HE978531.1_71	iHN637.CLJU_RS04010	61.2	713	274	3	7	717	165	876	3.17e-308	863
NZ_HE978531.1_71	iCN900.CD630_24100	60.5	712	280	1	7	717	164	875	5.54e-308	862
NZ_HE978531.1_71	iLJ478.TM0272	55.8	718	312	4	4	717	165	881	2.29e-278	787
NZ_HE978531.1_72	iHN637.CLJU_RS04010	66.7	162	54	0	3	164	4	165	5.14e-66	216
NZ_HE978531.1_72	iCN900.CD630_24100	63.4	164	60	0	1	164	1	164	1.65e-62	206
NZ_HE978531.1_74	iCN900.CD630_32560	53.5	878	400	5	5	875	10	886	0.0	974
NZ_HE978531.1_74	iHN637.CLJU_RS17105	51.4	865	417	3	1	862	7	871	0.0	941
NZ_HE978531.1_74	iYS854.USA300HOU_RS08810	49.4	865	428	5	1	860	3	862	2.66e-312	880
NZ_HE978531.1_78	iEK1008.Rv0183	25.3	261	177	7	69	329	29	271	5.74e-11	62.0
NZ_HE978531.1_79	iML1515.b1338	37.5	403	242	6	5	399	14	414	4.62e-82	259
NZ_HE978531.1_82	iCN718.ABAYE_RS05140	30.1	219	144	5	1	211	1	218	2.14e-18	82.8
NZ_HE978531.1_82	iSynCJ816.SGL_RS17160	31.0	216	142	6	1	211	1	214	1.96e-17	80.1
NZ_HE978531.1_82	iYO844.BSU30450	27.7	220	135	4	3	211	2	208	5.31e-17	78.2
NZ_HE978531.1_82	iAF987.Gmet_1903	30.3	218	145	5	1	211	1	218	1.60e-16	77.4
NZ_HE978531.1_84	iHN637.CLJU_RS03010	28.2	71	51	0	8	78	193	263	3.64e-05	40.0
NZ_HE978531.1_85	iYS854.USA300HOU_RS01730	32.9	146	86	5	9	143	93	237	1.19e-13	66.2
NZ_HE978531.1_87	iYL1228.KPN_04585	56.5	354	154	0	1	354	1	354	9.78e-154	436
NZ_HE978531.1_87	STM_v1_0.STM4382	56.2	354	155	0	1	354	1	354	1.97e-153	435
NZ_HE978531.1_87	iML1515.b4192	55.6	354	157	0	1	354	1	354	1.13e-152	433
NZ_HE978531.1_87	iSF_1195.SF4347	55.6	354	157	0	1	354	3	356	1.21e-152	433
NZ_HE978531.1_87	iSSON_1240.SSON_4374	55.6	354	157	0	1	354	3	356	1.21e-152	433
NZ_HE978531.1_87	iSbBS512_1146.SbBS512_E4722	55.4	354	158	0	1	354	1	354	1.86e-151	430
NZ_HE978531.1_88	iSbBS512_1146.SbBS512_E4725	32.1	134	88	3	18	150	20	151	1.31e-17	74.3
NZ_HE978531.1_88	iSF_1195.SF4350	32.1	134	88	3	18	150	20	151	1.31e-17	74.3
NZ_HE978531.1_88	iSSON_1240.SSON_4377	32.1	134	88	3	18	150	20	151	1.31e-17	74.3
NZ_HE978531.1_88	iML1515.b4195	29.9	134	91	3	18	150	20	151	2.81e-16	70.9
NZ_HE978531.1_88	iSDY_1059.SDY_4364	29.9	134	91	3	18	150	20	151	2.81e-16	70.9
NZ_HE978531.1_88	iYL1228.KPN_04588	33.6	131	81	4	18	144	20	148	7.96e-16	69.7
NZ_HE978531.1_88	iML1515.b2934	33.1	127	80	3	20	145	21	143	1.32e-15	68.9
NZ_HE978531.1_88	STM_v1_0.STM4385	34.1	129	79	4	19	143	21	147	2.16e-15	68.6
NZ_HE978531.1_88	iYS854.USA300HOU_RS01760	27.2	136	96	2	15	150	15	147	2.61e-15	68.2
NZ_HE978531.1_89	iML1515.b4193	37.6	460	262	10	1	457	1	438	5.57e-96	297
NZ_HE978531.1_89	iSDY_1059.SDY_4362	37.6	460	262	10	1	457	20	457	1.36e-95	297
NZ_HE978531.1_89	iSF_1195.SF4348	37.3	458	266	9	1	457	20	457	1.92e-95	296
NZ_HE978531.1_89	iYL1228.KPN_04586	36.8	462	263	10	1	457	1	438	2.27e-95	296
NZ_HE978531.1_90	iCN900.CD630_36300	32.6	86	49	4	2	85	3	81	1.16e-06	42.7
NZ_HE978531.1_90	iCN900.CD630_00420	32.7	55	37	0	2	56	9	63	4.99e-06	41.2
NZ_HE978531.1_90	iYS854.USA300HOU_RS01755	23.9	92	64	2	1	92	1	86	1.24e-05	40.0
NZ_HE978531.1_90	iSF_1195.SF4349	26.5	83	53	3	2	82	4	80	3.89e-05	38.9
NZ_HE978531.1_91	iHN637.CLJU_RS00590	58.9	231	94	1	1	230	1	231	9.40e-96	279
NZ_HE978531.1_91	iML1515.b3583	61.0	231	88	2	1	229	1	231	3.56e-95	277
NZ_HE978531.1_91	iCN900.CD630_22780	59.0	229	92	1	1	229	1	227	7.51e-94	274
NZ_HE978531.1_91	STM_v1_0.STM3677	59.3	231	92	2	1	229	1	231	1.11e-91	268
NZ_HE978531.1_91	iPC815.YPO3326	59.1	232	91	3	1	229	1	231	3.18e-91	267
NZ_HE978531.1_91	STM_v1_0.STM0101	57.6	231	96	2	1	229	1	231	3.47e-88	259
NZ_HE978531.1_91	iYL1228.KPN_00060	56.7	231	98	2	1	229	1	231	1.40e-87	258
NZ_HE978531.1_91	iSF_1195.SF4353	54.6	229	101	2	2	229	1	227	1.80e-87	258
NZ_HE978531.1_91	iML1515.b0061	57.1	231	97	2	1	229	1	231	2.82e-87	257
NZ_HE978531.1_91	iML1515.b4198	54.1	229	102	2	2	229	1	227	3.63e-87	257
NZ_HE978531.1_91	iSDY_1059.SDY_0088	57.1	231	97	2	1	229	1	231	5.68e-87	256
NZ_HE978531.1_91	STM_v1_0.STM4388	53.2	231	101	3	2	229	1	227	7.30e-87	256
NZ_HE978531.1_91	iSbBS512_1146.SbBS512_E0053	56.7	231	98	2	1	229	1	231	8.06e-87	256
NZ_HE978531.1_91	iSDY_1059.SDY_4367	54.1	229	102	2	2	229	1	227	7.30e-87	256
NZ_HE978531.1_91	iSSON_1240.SSON_0067	56.7	231	98	2	1	229	1	231	8.06e-87	256
NZ_HE978531.1_91	iSF_1195.SF0056	56.7	231	98	2	1	229	1	231	1.14e-86	256
NZ_HE978531.1_91	iSbBS512_1146.SbBS512_E4728	53.7	229	103	2	2	229	1	227	5.95e-86	254
NZ_HE978531.1_91	iSSON_1240.SSON_4380	53.7	229	103	2	2	229	1	227	5.95e-86	254
NZ_HE978531.1_91	iYO844.BSU28780	54.1	231	103	2	1	230	1	229	7.10e-85	251
NZ_HE978531.1_92	iSbBS512_1146.SbBS512_E4727	48.0	127	64	1	3	127	5	131	2.09e-35	122
NZ_HE978531.1_92	iSSON_1240.SSON_4379	48.0	127	64	1	3	127	5	131	2.09e-35	122
NZ_HE978531.1_92	iML1515.b4197	47.2	127	65	1	3	127	5	131	5.85e-35	121
NZ_HE978531.1_92	iSF_1195.SF4352	47.2	127	65	1	3	127	5	131	1.16e-34	120
NZ_HE978531.1_92	STM_v1_0.STM4387	48.0	127	64	1	3	127	5	131	4.57e-34	119
NZ_HE978531.1_92	iYL1228.KPN_04590	48.4	126	63	1	4	127	6	131	9.05e-34	118
NZ_HE978531.1_92	iML1515.b3582	48.4	124	62	1	6	127	6	129	1.45e-32	115
NZ_HE978531.1_93	STM_v1_0.STM4387	36.6	123	72	3	1	122	142	259	1.36e-22	89.7
NZ_HE978531.1_93	iYL1228.KPN_04590	38.5	104	59	2	1	104	142	240	3.70e-22	88.6
NZ_HE978531.1_93	iSbBS512_1146.SbBS512_E4727	34.6	130	78	4	1	128	142	266	1.01e-21	87.4
NZ_HE978531.1_93	iSF_1195.SF4352	34.6	130	78	4	1	128	142	266	1.01e-21	87.4
NZ_HE978531.1_93	iSSON_1240.SSON_4379	34.6	130	78	4	1	128	142	266	1.01e-21	87.4
NZ_HE978531.1_93	iML1515.b4197	35.0	123	74	3	1	122	142	259	3.82e-21	85.9
NZ_HE978531.1_94	STM_v1_0.STM4386	51.6	215	100	2	1	211	1	215	8.32e-76	227
NZ_HE978531.1_94	iSF_1195.SF4351	51.6	215	100	2	1	211	1	215	2.37e-75	226
NZ_HE978531.1_94	iSSON_1240.SSON_4378	51.6	215	100	2	1	211	1	215	2.37e-75	226
NZ_HE978531.1_94	iSbBS512_1146.SbBS512_E4726	51.6	215	100	2	1	211	1	215	3.36e-75	225
NZ_HE978531.1_94	iML1515.b4196	51.6	215	100	2	1	211	1	215	9.60e-75	224
NZ_HE978531.1_94	iSDY_1059.SDY_4365	51.6	215	100	2	1	211	1	215	2.74e-74	223
NZ_HE978531.1_94	iYL1228.KPN_04589	51.4	210	98	2	6	211	2	211	6.44e-72	217
NZ_HE978531.1_95	iCN900.CD630_23290	58.8	211	87	0	1	211	1	211	1.12e-86	254
NZ_HE978531.1_95	iHN637.CLJU_RS19520	57.2	215	92	0	1	215	1	215	1.54e-86	254
NZ_HE978531.1_95	iLJ478.TM0295	55.2	212	95	0	1	212	1	212	4.60e-84	248
NZ_HE978531.1_95	iAF987.Gmet_0497	56.2	210	92	0	1	210	1	210	4.66e-83	245
NZ_HE978531.1_95	iYO844.BSU37110	55.2	210	93	1	1	209	1	210	1.57e-78	234
NZ_HE978531.1_96	iYO844.BSU17890	56.7	658	277	6	6	656	5	661	5.74e-256	720
NZ_HE978531.1_96	iYS854.USA300HOU_RS06830	55.9	664	284	8	1	658	1	661	1.95e-250	706
NZ_HE978531.1_96	iNF517.LLMG_RS04440	54.0	657	290	6	1	652	1	650	8.94e-233	660
NZ_HE978531.1_101	iAF987.Gmet_0043	19.4	170	128	3	174	334	40	209	6.90e-04	41.2
NZ_HE978531.1_102	iAF987.Gmet_1919	37.1	116	72	1	6	120	5	120	7.56e-18	80.9
NZ_HE978531.1_104	iYO844.BSU17680	43.4	272	144	7	4	274	5	267	2.51e-68	213
NZ_HE978531.1_105	iIT341.HP0157	31.0	71	38	2	1	62	1	69	8.68e-04	37.7
NZ_HE978531.1_106	iHN637.CLJU_RS16730	30.6	887	406	23	21	877	22	728	6.12e-99	328
NZ_HE978531.1_107	iML1515.b4173	38.1	357	208	6	21	370	29	379	1.38e-64	212
NZ_HE978531.1_110	STM_v1_0.STM3002	25.9	274	161	8	5	240	10	279	4.90e-25	100
NZ_HE978531.1_112	iNF517.LLMG_RS08455	45.2	312	162	4	1	305	1	310	4.94e-82	250
NZ_HE978531.1_114	iCN900.CD630_26540	49.5	311	151	3	9	315	13	321	4.35e-83	253
NZ_HE978531.1_114	iYO844.BSU15190	43.6	319	166	5	8	317	10	323	1.10e-75	234
NZ_HE978531.1_115	iCN900.CD630_26530	40.2	448	244	5	2	431	6	447	2.66e-100	306
NZ_HE978531.1_116	iYO844.BSU15220	49.0	157	80	0	1	157	1	157	3.01e-50	164
NZ_HE978531.1_116	iNF517.LLMG_RS04660	44.9	156	86	0	1	156	1	156	6.99e-47	155
NZ_HE978531.1_116	iCN900.CD630_26510	48.7	150	77	0	1	150	2	151	1.15e-45	153
NZ_HE978531.1_117	iCN900.CD630_26510	39.1	184	108	2	2	181	182	365	4.42e-33	121
NZ_HE978531.1_122	iCN900.CD630_22450	60.2	455	181	0	3	457	8	462	3.80e-201	565
NZ_HE978531.1_123	iYS854.USA300HOU_RS09335	53.7	808	359	7	4	802	3	804	9.92e-313	875
NZ_HE978531.1_123	iNF517.LLMG_RS08750	49.6	834	380	8	3	802	2	829	5.36e-286	808
NZ_HE978531.1_129	iEK1008.Rv0684	24.5	493	240	13	7	380	13	492	8.31e-24	105
NZ_HE978531.1_129	iSynCJ816.SGL_RS17200	24.4	488	235	14	8	376	9	481	4.29e-22	100
NZ_HE978531.1_130	iCN900.CD630_24640	37.4	393	220	4	4	374	2	390	5.89e-87	268
NZ_HE978531.1_130	iHN637.CLJU_RS03910	34.8	374	240	2	2	374	10	380	5.63e-79	247
NZ_HE978531.1_133	STM_v1_0.STM0659	35.2	488	295	7	5	486	8	480	4.67e-88	283
NZ_HE978531.1_133	iML1515.b0650	34.6	489	297	9	5	486	8	480	1.44e-84	274
NZ_HE978531.1_133	iSSON_1240.SSON_0604	34.6	489	297	9	5	486	8	480	2.02e-84	274
NZ_HE978531.1_133	iSbBS512_1146.SbBS512_E0599	33.9	489	300	8	5	486	8	480	5.54e-84	273
NZ_HE978531.1_138	iHN637.CLJU_RS10465	33.3	144	85	5	556	695	414	550	4.16e-11	65.9
NZ_HE978531.1_139	iYO844.BSU13890	41.9	124	72	0	1	124	575	698	2.96e-28	107
NZ_HE978531.1_139	iYO844.BSU39270	47.7	107	56	0	1	107	487	593	9.58e-28	105
NZ_HE978531.1_139	iNF517.LLMG_RS07195	49.0	98	50	0	1	98	527	624	1.99e-25	99.4
NZ_HE978531.1_139	iYS854.USA300HOU_RS01000	49.0	96	49	0	1	96	558	653	9.52e-25	97.4
NZ_HE978531.1_140	iCN900.CD630_00490	49.9	545	270	3	1	545	1	542	2.16e-180	520
NZ_HE978531.1_140	iLJ478.TM0514	47.3	556	284	5	1	553	1	550	4.68e-173	502
NZ_HE978531.1_140	iYS854.USA300HOU_RS06365	44.9	546	296	4	1	545	1	542	2.17e-163	477
NZ_HE978531.1_142	iNF517.LLMG_RS10835	51.7	296	133	3	2	287	3	298	4.75e-107	312
NZ_HE978531.1_142	iYS854.USA300HOU_RS11470	54.7	289	122	6	2	287	3	285	2.28e-97	287
NZ_HE978531.1_143	iAM_Pf480.PF3D7_0217100	23.5	234	153	7	179	396	190	413	9.74e-04	41.2
NZ_HE978531.1_143	iSynCJ816.SGL_RS02675	25.4	130	87	4	181	308	154	275	9.42e-04	41.2
NZ_HE978531.1_146	iIT341.HP0381	33.5	224	140	6	37	257	48	265	3.40e-25	100
NZ_HE978531.1_146	iSynCJ816.SGL_RS09640	29.4	245	159	6	30	261	52	295	7.10e-25	100
NZ_HE978531.1_148	iCN900.CD630_28320	37.5	309	192	1	3	311	4	311	4.73e-68	218
NZ_HE978531.1_150	iHN637.CLJU_RS01135	62.2	209	79	0	1	209	1	209	3.39e-99	286
NZ_HE978531.1_150	iCN900.CD630_34790	61.2	209	81	0	1	209	1	209	2.27e-97	281
NZ_HE978531.1_150	iYS854.USA300HOU_RS11405	59.3	209	85	0	1	209	1	209	1.86e-96	279
NZ_HE978531.1_150	iYO844.BSU36890	56.5	209	91	0	1	209	1	209	1.24e-94	274
NZ_HE978531.1_150	iNF517.LLMG_RS10940	57.8	211	87	1	1	209	1	211	8.44e-91	265
NZ_HE978531.1_151	iCN900.CD630_01230	60.1	414	161	3	7	420	10	419	5.00e-172	488
NZ_HE978531.1_153	iCN718.ABAYE_RS19265	34.9	43	28	0	112	154	88	130	2.95e-04	39.7
NZ_HE978531.1_153	iCHOv1.100769768	41.0	39	23	0	114	152	125	163	9.51e-04	38.5
NZ_HE978531.1_154	iJN1463.PP_3461	29.2	360	248	4	92	447	98	454	6.88e-43	157
NZ_HE978531.1_156	iCN900.CD630_35510	31.0	455	289	13	1	436	3	451	2.75e-55	191
NZ_HE978531.1_156	iCN900.CD630_08880	29.8	453	293	8	2	429	18	470	1.23e-51	181
NZ_HE978531.1_159	iYS854.USA300HOU_RS12505	26.0	296	200	9	9	288	5	297	7.10e-27	106
NZ_HE978531.1_159	iYS854.USA300HOU_RS05255	28.1	299	188	9	13	291	14	305	7.92e-23	97.1
NZ_HE978531.1_160	iCN900.CD630_27450	58.2	170	71	0	1	170	1	170	1.36e-68	205
NZ_HE978531.1_160	iHN637.CLJU_RS16620	55.6	171	76	0	1	171	1	171	1.95e-66	200
NZ_HE978531.1_161	iIS312.TCDM_05295	29.7	155	103	4	11	161	99	251	1.92e-11	60.8
NZ_HE978531.1_165	iAF987.Gmet_2349	31.5	511	339	4	70	579	71	571	1.73e-69	234
NZ_HE978531.1_165	iYL1228.KPN_00941	30.4	516	341	7	70	580	80	582	6.26e-65	222
NZ_HE978531.1_165	STM_v1_0.STM0984	31.0	516	338	7	70	580	80	582	6.26e-65	222
NZ_HE978531.1_165	iML1515.b0914	30.4	516	341	7	70	580	80	582	1.21e-64	221
NZ_HE978531.1_165	iSbBS512_1146.SbBS512_E2410	30.4	516	341	7	70	580	80	582	1.21e-64	221
NZ_HE978531.1_165	iSDY_1059.SDY_2344	30.4	516	341	7	70	580	80	582	1.21e-64	221
NZ_HE978531.1_165	iPC815.YPO1395	31.5	531	340	9	60	580	66	582	1.68e-64	221
NZ_HE978531.1_165	iSF_1195.SF0910	30.4	516	341	7	70	580	80	582	3.25e-64	220
NZ_HE978531.1_165	iJN1463.PP_4935	29.5	515	345	5	70	580	95	595	6.71e-64	220
NZ_HE978531.1_165	iSSON_1240.SSON_0916	30.4	516	341	7	70	580	80	582	4.52e-64	220
NZ_HE978531.1_167	iAF987.Gmet_2349	32.0	494	313	7	12	495	91	571	5.77e-80	259
NZ_HE978531.1_167	iYL1228.KPN_00941	30.4	493	337	3	4	494	92	580	4.31e-78	254
NZ_HE978531.1_167	iML1515.b0914	30.8	493	335	3	4	494	92	580	1.66e-77	253
NZ_HE978531.1_167	STM_v1_0.STM0984	30.8	493	335	4	4	494	92	580	1.66e-77	253
NZ_HE978531.1_167	iSbBS512_1146.SbBS512_E2410	30.8	493	335	3	4	494	92	580	1.66e-77	253
NZ_HE978531.1_167	iSDY_1059.SDY_2344	30.8	493	335	3	4	494	92	580	1.66e-77	253
NZ_HE978531.1_167	iSF_1195.SF0910	30.8	493	335	3	4	494	92	580	1.66e-77	253
NZ_HE978531.1_167	iSSON_1240.SSON_0916	30.8	493	335	3	4	494	92	580	1.66e-77	253
NZ_HE978531.1_167	iPC815.YPO1395	30.8	493	335	4	4	494	92	580	9.49e-76	248
NZ_HE978531.1_169	iCN900.CD630_04490	37.7	464	269	5	3	461	2	450	1.65e-92	290
NZ_HE978531.1_170	iCHOv1.100752285	26.8	313	208	11	97	396	199	503	2.28e-14	74.3
NZ_HE978531.1_170	iLB1027_lipid.PHATRDRAFT_50149	33.1	163	98	4	225	381	335	492	1.62e-13	71.6
NZ_HE978531.1_170	iCHOv1.100689464	28.2	206	140	5	177	380	295	494	9.15e-13	69.3
NZ_HE978531.1_170	iMM1415.20512	28.2	206	140	5	177	380	295	494	9.15e-13	69.3
NZ_HE978531.1_171	iYL1228.KPN_00941	33.6	304	193	4	278	581	285	579	8.01e-43	161
NZ_HE978531.1_171	STM_v1_0.STM0984	28.6	374	258	4	208	581	215	579	8.50e-41	155
NZ_HE978531.1_171	iML1515.b0914	31.5	314	206	4	268	581	275	579	1.37e-39	152
NZ_HE978531.1_171	iSbBS512_1146.SbBS512_E2410	31.5	314	206	4	268	581	275	579	1.37e-39	152
NZ_HE978531.1_171	iSDY_1059.SDY_2344	31.5	314	206	4	268	581	275	579	1.37e-39	152
NZ_HE978531.1_171	iSF_1195.SF0910	32.6	304	196	4	278	581	285	579	1.87e-39	152
NZ_HE978531.1_171	iSSON_1240.SSON_0916	32.6	304	196	4	278	581	285	579	1.87e-39	152
NZ_HE978531.1_171	iPC815.YPO1395	27.0	374	264	4	208	581	215	579	7.42e-38	147
NZ_HE978531.1_172	iSSON_1240.SSON_0916	28.6	370	252	8	210	572	215	579	7.07e-33	132
NZ_HE978531.1_172	iML1515.b0914	28.4	370	253	8	210	572	215	579	1.73e-32	131
NZ_HE978531.1_172	iSbBS512_1146.SbBS512_E2410	28.4	370	253	8	210	572	215	579	1.73e-32	131
NZ_HE978531.1_172	iSDY_1059.SDY_2344	28.4	370	253	8	210	572	215	579	1.73e-32	131
NZ_HE978531.1_172	iSF_1195.SF0910	28.4	370	253	8	210	572	215	579	1.73e-32	131
NZ_HE978531.1_172	iYL1228.KPN_00941	33.6	238	150	5	339	572	346	579	2.33e-32	131
NZ_HE978531.1_172	STM_v1_0.STM0984	28.9	370	251	8	210	572	215	579	1.87e-31	128
NZ_HE978531.1_172	iPC815.YPO1395	28.5	337	217	7	249	572	254	579	2.09e-29	122
NZ_HE978531.1_172	iAF987.Gmet_2349	32.8	247	145	6	335	572	335	569	4.72e-29	121
NZ_HE978531.1_175	iHN637.CLJU_RS08715	37.0	432	256	7	2	420	3	431	5.47e-87	272
NZ_HE978531.1_175	iYS854.USA300HOU_RS00980	37.1	442	265	7	2	432	3	442	1.69e-85	268
NZ_HE978531.1_175	iYO844.BSU29600	38.2	437	260	6	12	443	13	444	8.77e-84	264
NZ_HE978531.1_175	iYO844.BSU26690	37.5	424	258	6	2	421	3	423	3.31e-82	259
NZ_HE978531.1_175	iCN718.ABAYE_RS08425	35.7	437	266	8	1	432	1	427	5.60e-78	248
NZ_HE978531.1_175	iYS854.USA300HOU_RS01625	35.8	424	263	7	14	434	10	427	2.33e-77	247
NZ_HE978531.1_175	iNF517.LLMG_RS03390	34.1	440	277	6	2	430	3	440	1.33e-76	245
NZ_HE978531.1_176	iYO844.BSU02420	44.3	467	250	5	5	469	5	463	2.73e-122	365
NZ_HE978531.1_176	iCN900.CD630_16960	43.9	476	253	6	1	470	7	474	2.88e-120	360
NZ_HE978531.1_176	iYS854.USA300HOU_RS06905	43.6	461	247	6	6	460	13	466	2.02e-118	355
NZ_HE978531.1_176	iYO844.BSU27810	42.3	478	255	6	6	469	2	472	2.73e-112	339
NZ_HE978531.1_176	iYO844.BSU18120	42.7	445	239	6	28	469	27	458	7.71e-110	332
NZ_HE978531.1_176	iCN718.ABAYE_RS04005	42.9	475	247	10	13	467	17	487	2.39e-109	332
NZ_HE978531.1_177	iCN900.CD630_16550	33.5	535	312	10	2	496	3	533	1.48e-76	252
NZ_HE978531.1_178	iYO844.BSU02420	38.4	456	270	6	3	454	4	452	2.17e-97	301
NZ_HE978531.1_178	iYO844.BSU18120	39.9	446	257	6	11	455	13	448	8.32e-97	299
NZ_HE978531.1_178	iYO844.BSU27810	37.5	464	268	6	5	452	3	460	9.87e-94	291
NZ_HE978531.1_178	iCN900.CD630_16960	37.1	456	269	8	5	451	13	459	8.32e-92	286
NZ_HE978531.1_178	iYS854.USA300HOU_RS06905	35.8	452	277	4	11	455	20	465	2.80e-90	283
NZ_HE978531.1_179	iYS854.USA300HOU_RS14100	42.9	319	181	1	1	318	1	319	1.01e-85	260
NZ_HE978531.1_179	iYO844.BSU03050	41.4	302	170	2	1	298	2	300	1.44e-80	247
NZ_HE978531.1_179	iNF517.LLMG_RS02010	39.4	315	176	2	1	307	1	308	4.77e-77	238
NZ_HE978531.1_179	iYS854.USA300HOU_RS01245	41.5	316	184	1	1	315	1	316	2.96e-76	236
NZ_HE978531.1_181	iCN900.CD630_17020	63.0	432	159	1	1	431	1	432	2.36e-198	555
NZ_HE978531.1_182	iSbBS512_1146.SbBS512_E4917	29.4	197	130	4	5	198	6	196	7.91e-21	86.7
NZ_HE978531.1_182	iSF_1195.SF4405	27.8	223	151	5	5	223	6	222	3.00e-20	85.1
NZ_HE978531.1_182	iSSON_1240.SSON_4524	27.8	223	151	5	5	223	6	222	4.18e-20	84.7
NZ_HE978531.1_182	iSDY_1059.SDY_4633	26.9	223	153	5	5	223	6	222	4.26e-19	82.0
NZ_HE978531.1_182	iML1515.b4374	27.9	197	133	4	5	198	6	196	8.27e-19	81.3
NZ_HE978531.1_182	iYL1228.KPN_04830	26.5	223	154	5	5	223	6	222	3.10e-18	79.7
NZ_HE978531.1_183	iCN900.CD630_03130	53.2	622	276	5	6	624	185	794	2.46e-210	607
NZ_HE978531.1_183	iYO844.BSU33490	53.5	598	265	5	31	627	115	700	1.86e-205	591
NZ_HE978531.1_183	iSynCJ816.SGL_RS16100	49.9	585	279	5	39	622	147	718	4.74e-189	550
NZ_HE978531.1_188	iYS854.USA300HOU_RS10305	31.6	114	72	2	2	112	3	113	1.77e-12	62.0
NZ_HE978531.1_192	STM_v1_0.STM0203	34.1	355	214	10	74	415	102	449	1.56e-47	169
NZ_HE978531.1_192	iYL1228.KPN_00170	33.1	353	222	8	74	416	102	450	5.73e-47	167
NZ_HE978531.1_192	iSbBS512_1146.SbBS512_E0147	33.2	361	209	8	74	415	102	449	8.09e-45	161
NZ_HE978531.1_192	iML1515.b0155	33.2	361	209	8	74	415	102	449	1.12e-44	161
NZ_HE978531.1_192	iSSON_1240.SSON_0167	33.2	361	209	8	74	415	102	449	1.12e-44	161
NZ_HE978531.1_192	iSDY_1059.SDY_0171	33.0	361	210	8	74	415	102	449	1.56e-44	160
NZ_HE978531.1_192	iSF_1195.SF0147	33.0	361	210	8	74	415	102	449	1.54e-43	158
NZ_HE978531.1_192	iPC815.YPO3388	31.6	361	232	8	64	415	95	449	1.68e-43	158
NZ_HE978531.1_193	iHN637.CLJU_RS08715	56.7	448	194	0	1	448	1	448	4.43e-166	474
NZ_HE978531.1_194	iML1515.b1103	44.8	105	58	0	4	108	6	110	1.03e-27	100
NZ_HE978531.1_198	iHN637.CLJU_RS16395	44.7	208	112	1	1	205	1	208	4.19e-61	190
NZ_HE978531.1_199	iHN637.CLJU_RS16390	45.2	292	158	1	1	292	1	290	1.05e-78	240
NZ_HE978531.1_199	iYS854.USA300HOU_RS13725	41.8	299	173	1	1	298	1	299	2.10e-72	224
NZ_HE978531.1_199	iYO844.BSU15860	42.8	297	167	2	1	295	1	296	8.64e-72	223
NZ_HE978531.1_200	iYL1228.KPN_00227	39.7	224	128	5	1	218	1	223	3.56e-47	156
NZ_HE978531.1_200	iML1515.b0212	38.1	223	133	4	1	218	1	223	2.82e-46	154
NZ_HE978531.1_200	iSbBS512_1146.SbBS512_E0208	38.1	223	133	4	1	218	1	223	3.98e-46	153
NZ_HE978531.1_200	iSSON_1240.SSON_0226	38.1	223	133	4	1	218	1	223	3.98e-46	153
NZ_HE978531.1_200	iSDY_1059.SDY_0231	38.1	223	133	4	1	218	1	223	5.61e-46	153
NZ_HE978531.1_200	iSF_1195.SF0198	38.1	223	133	4	1	218	1	223	1.12e-45	152
NZ_HE978531.1_200	STM_v1_0.STM0261	38.3	230	137	4	1	225	1	230	3.14e-45	151
NZ_HE978531.1_201	iCN900.CD630_06570	47.5	335	170	3	1	335	1	329	3.04e-86	266
NZ_HE978531.1_202	iJN1463.PP_0553	30.4	115	80	0	14	128	120	234	3.85e-10	59.7
NZ_HE978531.1_204	iCN900.CD630_23770	39.4	165	93	5	6	168	5	164	2.80e-27	100
NZ_HE978531.1_205	iNF517.LLMG_RS05690	55.6	306	136	0	5	310	8	313	8.60e-125	359
NZ_HE978531.1_211	iCN900.CD630_21150	51.0	653	306	4	2	646	183	829	9.06e-203	593
NZ_HE978531.1_212	iYO844.BSU33500	42.6	68	38	1	2	68	74	141	1.54e-11	57.4
NZ_HE978531.1_212	iAF692.Mbar_A1889	44.3	70	38	1	1	69	1	70	2.11e-11	57.0
NZ_HE978531.1_212	iLJ478.TM0317	47.7	65	32	2	1	64	17	80	5.36e-11	55.8
NZ_HE978531.1_212	iAF987.Gmet_2772	39.4	66	39	1	2	66	3	68	4.81e-10	53.1
NZ_HE978531.1_212	iCN900.CD630_21150	39.7	58	34	1	7	63	84	141	9.00e-10	52.4
NZ_HE978531.1_213	iLJ478.TM1564	41.9	62	36	0	1	62	1	62	4.42e-09	48.5
NZ_HE978531.1_213	iML1515.b0968	47.1	51	27	0	10	60	12	62	3.66e-08	46.2
NZ_HE978531.1_213	iSbBS512_1146.SbBS512_E2346	47.1	51	27	0	10	60	12	62	3.66e-08	46.2
NZ_HE978531.1_213	iSDY_1059.SDY_0943	47.1	51	27	0	10	60	12	62	3.66e-08	46.2
NZ_HE978531.1_213	iSF_1195.SF0969	47.1	51	27	0	10	60	12	62	3.66e-08	46.2
NZ_HE978531.1_213	iSSON_1240.SSON_0973	47.1	51	27	0	10	60	12	62	3.66e-08	46.2
NZ_HE978531.1_213	iAF692.Mbar_A3282	34.7	72	46	1	3	73	8	79	1.45e-07	44.7
NZ_HE978531.1_215	iYO844.BSU14390	46.0	300	162	0	1	300	1	300	2.87e-88	265
NZ_HE978531.1_215	iCN900.CD630_22700	46.6	307	158	5	1	303	1	305	5.66e-86	259
NZ_HE978531.1_215	iHN637.CLJU_RS10115	43.3	300	168	1	1	300	1	298	9.18e-84	254
NZ_HE978531.1_215	iNF517.LLMG_RS07905	42.6	303	173	1	1	302	1	303	3.83e-81	247
NZ_HE978531.1_215	iYS854.USA300HOU_RS03775	42.7	300	172	0	1	300	1	300	3.18e-80	245
NZ_HE978531.1_216	iCN900.CD630_22060	45.0	453	248	1	3	455	2	453	2.31e-146	425
NZ_HE978531.1_216	iYS854.USA300HOU_RS10435	44.5	456	250	2	4	457	4	458	1.18e-134	395
NZ_HE978531.1_216	iSynCJ816.SGL_RS15360	44.9	450	247	1	7	456	7	455	3.02e-134	394
NZ_HE978531.1_222	iML1515.b1655	41.0	122	65	4	444	559	144	264	3.62e-16	78.6
NZ_HE978531.1_223	iIT341.HP0577	30.5	249	168	3	22	265	37	285	3.40e-30	114
NZ_HE978531.1_223	iYS854.USA300HOU_RS05295	31.4	210	142	2	58	265	70	279	4.20e-30	114
NZ_HE978531.1_223	iYO844.BSU24310	32.3	217	144	3	51	265	64	279	1.11e-28	110
NZ_HE978531.1_223	iCN900.CD630_07200	28.2	220	152	4	40	253	51	270	1.23e-27	107
NZ_HE978531.1_227	iYO844.BSU00280	49.3	209	104	1	1	207	1	209	1.17e-62	193
NZ_HE978531.1_231	iAF987.Gmet_2080	46.4	28	15	0	1	28	559	586	6.98e-04	35.0
NZ_HE978531.1_232	iYL1228.KPN_02820	52.9	410	187	3	10	417	8	413	2.90e-131	384
NZ_HE978531.1_232	iSF_1195.SF2541	53.1	409	188	3	10	417	8	413	3.00e-131	384
NZ_HE978531.1_232	iML1515.b2497	52.8	409	189	3	10	417	8	413	1.71e-130	382
NZ_HE978531.1_232	STM_v1_0.STM2497	52.3	409	191	3	10	417	8	413	1.71e-130	382
NZ_HE978531.1_232	iSbBS512_1146.SbBS512_E2871	52.8	409	189	3	10	417	8	413	1.71e-130	382
NZ_HE978531.1_232	iSDY_1059.SDY_2686	52.8	409	189	3	10	417	8	413	1.71e-130	382
NZ_HE978531.1_232	iSSON_1240.SSON_2579	52.8	409	189	3	10	417	8	413	1.71e-130	382
NZ_HE978531.1_232	iHN637.CLJU_RS11595	48.8	428	205	4	5	421	2	426	3.59e-122	361
NZ_HE978531.1_240	iYO844.BSU30980	23.7	575	392	19	2	534	10	579	1.01e-30	126
NZ_HE978531.1_245	iJN1463.PP_4893	33.8	80	50	2	10	89	200	276	2.43e-06	48.9
NZ_HE978531.1_249	iSynCJ816.SGL_RS14865	46.2	247	131	2	2	247	5	250	2.11e-71	219
NZ_HE978531.1_249	iSynCJ816.SGL_RS16015	39.2	250	145	5	4	247	24	272	2.80e-63	199
NZ_HE978531.1_250	iHN637.CLJU_RS08715	37.3	357	212	5	4	348	11	367	6.73e-65	214
NZ_HE978531.1_250	iNF517.LLMG_RS03390	35.3	360	220	6	2	349	9	367	7.24e-57	193
NZ_HE978531.1_251	iCN900.CD630_10590	68.5	391	122	1	3	393	2	391	4.81e-185	518
NZ_HE978531.1_251	iCN900.CD630_26760	60.4	391	155	0	3	393	2	392	1.49e-167	474
NZ_HE978531.1_252	iYS854.USA300HOU_RS11440	39.3	178	98	3	29	200	14	187	1.68e-36	126
NZ_HE978531.1_252	iLJ478.TM0401	38.0	179	106	4	24	201	4	178	8.59e-33	116
NZ_HE978531.1_253	iSynCJ816.SGL_RS05125	30.4	135	62	4	2	131	20	127	9.11e-08	53.5
NZ_HE978531.1_254	iAM_Pf480.PF3D7_1454400	33.2	626	365	11	6	581	135	757	8.20e-90	293
NZ_HE978531.1_254	iAM_Pb448.PBANKA_131810	30.9	637	374	13	5	581	128	758	1.80e-84	279
NZ_HE978531.1_256	iYS854.USA300HOU_RS04115	41.4	292	169	2	12	302	7	297	7.58e-70	219
NZ_HE978531.1_257	iCN900.CD630_26820	63.3	1174	425	5	7	1174	5	1178	0.0	1491
NZ_HE978531.1_257	iHN637.CLJU_RS04605	62.7	1173	425	7	5	1173	2	1166	0.0	1462
NZ_HE978531.1_257	iHN637.CLJU_RS14475	61.9	1175	436	6	5	1174	3	1170	0.0	1458
NZ_HE978531.1_259	iYS854.USA300HOU_RS06160	37.0	546	318	5	3	523	4	548	3.55e-111	340
NZ_HE978531.1_261	iCN718.ABAYE_RS13845	31.2	154	101	3	1	154	5	153	4.82e-16	71.6
NZ_HE978531.1_262	iLJ478.TM0741	55.3	161	70	1	1	161	1	159	1.54e-56	174
NZ_HE978531.1_270	iYS854.USA300HOU_RS08130	45.9	207	105	5	31	233	27	230	6.78e-48	161
NZ_HE978531.1_270	iCN900.CD630_12050	36.8	261	133	8	42	278	41	293	1.43e-43	150
NZ_HE978531.1_270	iHN637.CLJU_RS05465	42.8	194	105	5	36	226	34	224	5.75e-42	145
NZ_HE978531.1_273	iHN637.CLJU_RS05505	45.6	171	92	1	1	170	1	171	2.55e-44	144
NZ_HE978531.1_273	iYS854.USA300HOU_RS08015	45.6	171	93	0	1	171	1	171	2.53e-43	142
NZ_HE978531.1_273	iCN900.CD630_12200	42.6	169	97	0	5	173	5	173	2.72e-42	139
NZ_HE978531.1_273	iYO844.BSU23610	43.8	169	93	1	5	171	6	174	1.39e-38	130
NZ_HE978531.1_276	iCN900.CD630_20500	41.2	238	132	6	1	231	1	237	7.45e-48	157
NZ_HE978531.1_276	iNF517.LLMG_RS06045	40.3	233	133	3	1	228	1	232	6.09e-47	155
NZ_HE978531.1_278	iCN900.CD630_18160	48.6	214	106	2	1	210	1	214	4.37e-62	192
NZ_HE978531.1_279	iCN900.CD630_18170	38.7	191	115	2	2	190	3	193	8.48e-37	127
NZ_HE978531.1_280	iHN637.CLJU_RS10465	40.8	639	360	10	1	624	1	636	1.03e-148	446
NZ_HE978531.1_285	iCN900.CD630_29600	23.8	303	202	9	1	293	344	627	1.16e-12	67.8
NZ_HE978531.1_285	iAF692.Mbar_A0391	23.6	335	188	10	1	296	333	638	2.09e-12	67.0
NZ_HE978531.1_286	iAF692.Mbar_A0390	34.8	66	43	0	73	138	13	78	1.76e-06	43.1
NZ_HE978531.1_286	iAF692.Mbar_A0378	33.3	66	44	0	73	138	13	78	2.47e-06	42.7
NZ_HE978531.1_289	iCN900.CD630_29560	49.7	576	282	5	2	571	3	576	1.27e-187	541
NZ_HE978531.1_289	iAF692.Mbar_A0386	49.9	561	268	6	5	560	7	559	4.01e-180	521
NZ_HE978531.1_289	iAM_Pc455.PCYB_142140	47.8	594	284	10	5	580	14	599	1.86e-178	518
NZ_HE978531.1_289	iIS312.TCDM_02498	50.8	539	256	6	4	534	16	553	7.48e-178	516
NZ_HE978531.1_289	iAM_Pv461.PVX_122430	47.6	594	285	10	5	580	14	599	1.09e-177	516
NZ_HE978531.1_289	iAM_Pf480.PF3D7_1311900	47.3	594	287	10	5	580	14	599	2.19e-177	515
NZ_HE978531.1_289	iAM_Pb448.PBANKA_141040	47.1	594	288	10	5	580	14	599	2.49e-176	513
NZ_HE978531.1_289	iCHOv1.100768315	46.7	598	296	9	5	580	21	617	3.91e-174	507
NZ_HE978531.1_289	iMM1415.11964	46.5	598	297	9	5	580	21	617	5.54e-174	507
NZ_HE978531.1_290	iMM904.YBR127C	51.9	426	196	1	13	429	65	490	5.61e-157	453
NZ_HE978531.1_290	iAM_Pb448.PBANKA_100380	49.9	419	202	1	13	423	69	487	6.92e-155	447
NZ_HE978531.1_290	iCN900.CD630_29550	52.4	431	197	2	2	424	24	454	2.84e-155	447
NZ_HE978531.1_290	iAM_Pv461.PVX_000935	50.1	419	201	1	13	423	69	487	9.80e-155	447
NZ_HE978531.1_290	iCHOv1.100774665	51.5	425	197	1	8	423	79	503	2.43e-154	446
NZ_HE978531.1_290	iMM1415.11966	51.5	425	197	1	8	423	79	503	2.43e-154	446
NZ_HE978531.1_290	iMM1415.110935	50.7	434	202	2	8	429	73	506	7.39e-154	445
NZ_HE978531.1_290	iCHOv1.100756094	50.7	434	202	2	8	429	73	506	1.05e-153	445
NZ_HE978531.1_290	iAM_Pc455.PCYB_031390	49.9	419	202	1	13	423	69	487	5.59e-154	445
NZ_HE978531.1_290	iAM_Pf480.PF3D7_0406100	49.9	419	202	1	13	423	69	487	1.12e-153	444
NZ_HE978531.1_290	iAF692.Mbar_A0385	52.0	415	197	2	13	426	42	455	6.25e-150	433
NZ_HE978531.1_291	iAF692.Mbar_A0384	26.5	155	111	1	8	159	7	161	4.56e-07	47.4
NZ_HE978531.1_293	iJN1463.PP_1336	35.4	288	180	4	81	364	98	383	1.54e-41	150
NZ_HE978531.1_295	iML1515.b3697	27.6	293	154	9	2	267	3	264	1.11e-15	74.7
NZ_HE978531.1_295	iML1515.b0822	24.4	279	192	6	2	275	3	267	1.23e-13	68.9
NZ_HE978531.1_295	iSF_1195.SF0772	24.4	279	192	6	2	275	3	267	1.23e-13	68.9
NZ_HE978531.1_295	iSSON_1240.SSON_0804	24.8	286	182	6	2	275	3	267	4.26e-13	67.4
NZ_HE978531.1_297	iCN900.CD630_23560	51.8	307	145	3	1	304	4	310	3.89e-105	309
NZ_HE978531.1_297	iHN637.CLJU_RS13735	48.7	308	155	3	1	305	4	311	1.36e-100	297
NZ_HE978531.1_298	iCN900.CD630_31740	65.7	332	113	1	4	335	3	333	6.58e-152	429
NZ_HE978531.1_298	iYS854.USA300HOU_RS04185	63.1	336	121	3	1	335	1	334	2.86e-146	415
NZ_HE978531.1_299	iHN637.CLJU_RS19270	59.3	398	158	3	2	398	4	398	2.31e-157	448
NZ_HE978531.1_299	iCN900.CD630_31730	58.3	400	162	4	1	398	4	400	5.74e-156	445
NZ_HE978531.1_299	iLJ478.TM0689	59.0	402	156	5	1	398	1	397	1.79e-151	442
NZ_HE978531.1_299	iYO844.BSU33930	54.4	399	176	4	1	398	1	394	4.10e-152	435
NZ_HE978531.1_300	iYO844.BSU33920	54.3	247	112	1	1	246	1	247	3.00e-92	271
NZ_HE978531.1_300	iCN900.CD630_31720	54.7	247	111	1	1	247	1	246	2.00e-91	269
NZ_HE978531.1_300	iHN637.CLJU_RS19265	53.6	248	115	0	1	248	1	248	8.36e-91	268
NZ_HE978531.1_300	iYS854.USA300HOU_RS04195	50.2	253	123	1	1	250	1	253	1.63e-84	252
NZ_HE978531.1_301	iYO844.BSU33900	76.1	431	102	1	1	431	1	430	2.23e-233	644
NZ_HE978531.1_301	iHN637.CLJU_RS19255	71.3	428	120	2	4	431	7	431	7.48e-216	599
NZ_HE978531.1_301	iAF987.Gmet_2372	71.1	432	121	3	1	431	1	429	3.00e-212	590
NZ_HE978531.1_301	iCN900.CD630_31700	71.0	431	124	1	1	431	1	430	8.88e-212	589
NZ_HE978531.1_305	iCN900.CD630_19470	40.6	219	125	2	4	217	10	228	2.30e-53	171
NZ_HE978531.1_305	iYL1228.KPN_00213	41.4	220	122	3	4	217	2	220	1.06e-51	170
NZ_HE978531.1_305	iML1515.b0199	41.8	220	121	3	4	217	2	220	1.50e-51	170
NZ_HE978531.1_305	iSDY_1059.SDY_0218	41.8	220	121	3	4	217	2	220	1.50e-51	170
NZ_HE978531.1_305	iSbBS512_1146.SbBS512_E0193	41.8	220	121	3	4	217	2	220	2.11e-51	169
NZ_HE978531.1_305	iSSON_1240.SSON_0213	41.8	220	121	3	4	217	2	220	2.11e-51	169
NZ_HE978531.1_305	iSF_1195.SF0190	41.4	220	122	3	4	217	2	220	1.65e-50	167
NZ_HE978531.1_305	iYO844.BSU30420	39.6	222	125	3	4	216	2	223	1.61e-51	166
NZ_HE978531.1_305	STM_v1_0.STM0247	41.4	222	119	4	4	217	2	220	3.28e-50	166
NZ_HE978531.1_305	iPC815.YPO1073	38.6	220	128	3	4	217	2	220	2.57e-49	164
NZ_HE978531.1_305	iCN900.CD630_14890	40.9	220	119	4	4	217	2	216	4.17e-49	163
NZ_HE978531.1_305	iNF517.LLMG_RS09915	40.5	222	116	8	4	217	6	219	3.34e-48	158
NZ_HE978531.1_305	iJN1463.PP_0114	39.8	221	125	4	4	217	2	221	3.59e-47	158
NZ_HE978531.1_305	iIT341.HP1576	40.9	220	120	4	4	217	3	218	4.17e-47	158
NZ_HE978531.1_305	iYS854.USA300HOU_RS02325	37.7	220	130	3	4	217	2	220	3.22e-46	156
NZ_HE978531.1_307	iCN900.CD630_34360	32.3	198	123	5	1	187	2	199	4.24e-20	84.0
NZ_HE978531.1_307	iHN637.CLJU_RS17500	31.1	193	125	5	1	186	1	192	1.50e-17	77.0
NZ_HE978531.1_312	iHN637.CLJU_RS17595	59.9	304	121	1	1	304	1	303	1.89e-129	371
NZ_HE978531.1_312	iCN900.CD630_01840	59.2	309	123	1	1	309	1	306	2.05e-126	363
NZ_HE978531.1_313	iHN637.CLJU_RS17590	48.2	139	72	0	1	139	1	139	2.32e-44	142
NZ_HE978531.1_314	iHN637.CLJU_RS18360	36.1	410	223	7	9	391	22	419	4.23e-77	244
NZ_HE978531.1_314	iAF987.Gmet_1770	36.3	391	214	7	20	378	20	407	2.61e-71	229
NZ_HE978531.1_314	iNF517.LLMG_RS07600	37.0	386	214	7	34	392	38	421	2.68e-71	229
NZ_HE978531.1_314	iCN900.CD630_15260	35.7	387	219	7	33	392	37	420	7.09e-71	228
NZ_HE978531.1_315	iHN637.CLJU_RS17585	50.5	281	138	1	3	282	2	282	1.29e-99	293
NZ_HE978531.1_316	iHN637.CLJU_RS17580	49.0	96	47	1	3	98	6	99	4.61e-23	89.0
NZ_HE978531.1_317	iHN637.CLJU_RS17580	41.2	119	64	3	6	119	131	248	1.46e-23	90.9
NZ_HE978531.1_317	iCN900.CD630_01850	39.3	112	62	3	10	119	119	226	4.54e-21	84.0
NZ_HE978531.1_318	iHN637.CLJU_RS17575	59.0	295	121	0	5	299	2	296	2.13e-122	352
NZ_HE978531.1_318	iCN900.CD630_01860	56.0	298	131	0	2	299	3	300	4.10e-116	336
NZ_HE978531.1_319	iCN900.CD630_01870	51.6	186	85	3	5	189	7	188	1.54e-60	186
NZ_HE978531.1_319	iHN637.CLJU_RS17570	50.5	184	89	1	5	188	6	187	6.30e-54	169
NZ_HE978531.1_321	iNF517.LLMG_RS07395	41.6	430	241	4	15	440	15	438	1.12e-115	346
NZ_HE978531.1_322	iYS854.USA300HOU_RS10265	38.2	207	123	3	3	209	4	205	1.28e-39	135
NZ_HE978531.1_323	iHN637.CLJU_RS18540	55.7	555	239	4	2	549	4	558	6.47e-211	597
NZ_HE978531.1_323	iCN900.CD630_07180	53.2	555	253	4	2	549	4	558	3.71e-200	569
NZ_HE978531.1_323	iYS854.USA300HOU_RS09195	53.3	550	253	2	4	549	6	555	1.78e-197	562
NZ_HE978531.1_323	iNF517.LLMG_RS08030	52.1	555	260	2	1	549	1	555	2.35e-195	557
NZ_HE978531.1_323	iLJ478.TM1766	52.0	542	253	3	13	548	1	541	1.50e-190	544
NZ_HE978531.1_326	iYS854.USA300HOU_RS10340	37.3	667	391	10	8	660	7	660	1.37e-134	410
NZ_HE978531.1_327	iYS854.USA300HOU_RS10325	33.7	86	57	0	3	88	6	91	2.98e-06	41.6
NZ_HE978531.1_327	iNF517.LLMG_RS00930	24.4	86	65	0	3	88	6	91	1.66e-05	39.7
NZ_HE978531.1_328	iYS854.USA300HOU_RS10320	42.3	471	265	5	3	467	8	477	3.82e-115	347
NZ_HE978531.1_328	iNF517.LLMG_RS00935	42.0	469	259	6	3	463	8	471	8.89e-108	328
NZ_HE978531.1_328	iAF987.Gmet_0075	40.3	466	265	7	8	464	13	474	9.66e-107	325
NZ_HE978531.1_329	iLJ478.TM1273	45.0	480	253	4	1	470	1	479	9.06e-139	407
NZ_HE978531.1_330	iAF692.Mbar_A3252	41.0	412	235	4	7	413	21	429	3.03e-97	297
NZ_HE978531.1_331	iML1515.b4167	32.8	271	162	6	122	388	242	496	1.04e-31	125
NZ_HE978531.1_332	iCN900.CD630_34630	43.0	135	68	4	9	136	12	144	1.36e-25	99.4
NZ_HE978531.1_333	iHN637.CLJU_RS15830	40.9	171	92	3	4	166	216	385	9.78e-37	130
NZ_HE978531.1_333	iHN637.CLJU_RS05895	40.7	167	90	3	8	166	219	384	9.94e-36	127
NZ_HE978531.1_333	iCN900.CD630_34630	40.5	168	93	4	4	166	216	381	1.02e-34	124
NZ_HE978531.1_336	iCN900.CD630_35180	43.8	447	249	2	13	458	2	447	5.86e-118	352
NZ_HE978531.1_336	iHN637.CLJU_RS20600	42.5	449	255	2	10	457	7	453	5.27e-115	345
NZ_HE978531.1_337	iCN900.CD630_23200	52.4	147	70	0	1	147	1	147	3.47e-48	152
NZ_HE978531.1_337	iLJ478.TM1080	47.6	143	75	0	1	143	1	143	9.23e-45	143
NZ_HE978531.1_337	iHN637.CLJU_RS01130	48.6	144	74	0	1	144	1	144	1.81e-43	140
NZ_HE978531.1_337	iNF517.LLMG_RS04880	49.3	144	73	0	1	144	1	144	7.33e-43	138
NZ_HE978531.1_338	iYO844.BSU17890	55.8	658	286	4	3	656	2	658	2.86e-259	728
NZ_HE978531.1_338	iNF517.LLMG_RS04440	53.5	662	297	5	1	659	1	654	1.70e-243	688
NZ_HE978531.1_338	iYS854.USA300HOU_RS06830	52.6	662	300	9	1	655	1	655	2.09e-240	680
NZ_HE978531.1_339	iYS854.USA300HOU_RS11545	52.7	237	110	2	1	237	1	235	2.72e-81	243
NZ_HE978531.1_339	iYO844.BSU19630	46.1	228	120	2	7	234	4	228	1.07e-72	221
NZ_HE978531.1_340	iCN900.CD630_35150	46.5	454	232	4	3	451	4	451	4.48e-132	389
NZ_HE978531.1_341	iHN637.CLJU_RS20580	61.0	313	122	0	14	326	7	319	4.64e-132	378
NZ_HE978531.1_341	iYO844.BSU00510	59.5	311	123	1	14	324	9	316	9.48e-129	370
NZ_HE978531.1_341	iYS854.USA300HOU_RS02560	58.4	315	131	0	11	325	7	321	1.78e-127	367
NZ_HE978531.1_341	iCN900.CD630_35140	58.8	313	124	2	14	324	7	316	1.15e-124	359
NZ_HE978531.1_341	iNF517.LLMG_RS08760	57.4	312	133	0	14	325	5	316	2.32e-121	351
NZ_HE978531.1_349	iCN900.CD630_25880	52.1	190	91	0	1	190	3	192	3.71e-66	201
NZ_HE978531.1_349	iHN637.CLJU_RS06145	51.9	189	90	1	2	190	3	190	6.97e-64	196
NZ_HE978531.1_349	iNF517.LLMG_RS10780	49.7	189	95	0	2	190	3	191	3.99e-63	194
NZ_HE978531.1_349	iLJ478.TM1689	48.7	195	100	0	3	197	2	196	8.54e-63	193
NZ_HE978531.1_349	iYO844.BSU15680	52.4	187	88	1	2	187	3	189	8.94e-62	190
NZ_HE978531.1_349	iYS854.USA300HOU_RS06075	47.2	197	103	1	2	197	4	200	2.11e-58	182
NZ_HE978531.1_351	iCN900.CD630_25870	48.1	293	149	3	1	290	1	293	9.75e-84	257
NZ_HE978531.1_351	iHN637.CLJU_RS06155	43.8	297	164	3	1	294	1	297	2.86e-79	246
NZ_HE978531.1_351	iYO844.BSU15700	43.5	294	161	3	1	289	1	294	1.06e-75	237
NZ_HE978531.1_351	iYS854.USA300HOU_RS06085	43.2	292	159	2	5	289	2	293	6.92e-75	234
NZ_HE978531.1_352	iAF987.Gmet_2673	52.8	89	41	1	3	90	301	389	1.66e-21	86.3
NZ_HE978531.1_352	iCN900.CD630_25870	50.0	88	43	1	4	90	304	391	5.20e-19	79.3
NZ_HE978531.1_352	iHN637.CLJU_RS06155	46.7	92	48	1	2	92	302	393	1.84e-18	77.8
NZ_HE978531.1_358	iHN637.CLJU_RS19355	56.3	302	129	3	3	301	2	303	9.68e-116	335
NZ_HE978531.1_358	iYO844.BSU00730	52.8	307	141	2	1	303	2	308	4.07e-111	324
NZ_HE978531.1_358	iYS854.USA300HOU_RS02630	54.2	306	136	2	2	303	4	309	2.33e-108	317
NZ_HE978531.1_358	iNF517.LLMG_RS02585	53.6	306	137	3	2	303	3	307	3.80e-107	314
NZ_HE978531.1_359	iHN637.CLJU_RS19350	57.6	165	70	0	11	175	12	176	3.20e-57	177
NZ_HE978531.1_359	iIT341.HP1210	57.7	156	66	0	15	170	12	167	3.09e-54	169
NZ_HE978531.1_359	iYS854.USA300HOU_RS02785	54.0	161	74	0	11	171	11	171	1.93e-52	166
NZ_HE978531.1_359	iCN718.ABAYE_RS11130	53.1	160	75	0	11	170	9	168	6.16e-50	161
NZ_HE978531.1_359	iAF692.Mbar_A2421	52.8	159	75	0	11	169	7	165	3.80e-49	160
NZ_HE978531.1_359	iAF987.Gmet_0870	50.6	160	79	0	11	170	9	168	6.77e-50	160
NZ_HE978531.1_360	iYL1228.KPN_00941	28.9	499	348	4	76	571	86	580	8.78e-55	194
NZ_HE978531.1_360	iML1515.b0914	27.7	499	354	4	76	571	86	580	5.87e-53	189
NZ_HE978531.1_360	iSbBS512_1146.SbBS512_E2410	27.7	499	354	4	76	571	86	580	5.87e-53	189
NZ_HE978531.1_360	iSDY_1059.SDY_2344	27.7	499	354	4	76	571	86	580	5.87e-53	189
NZ_HE978531.1_360	iSF_1195.SF0910	27.7	499	354	4	76	571	86	580	5.87e-53	189
NZ_HE978531.1_360	iSSON_1240.SSON_0916	27.7	499	354	4	76	571	86	580	1.12e-52	189
NZ_HE978531.1_360	STM_v1_0.STM0984	27.6	500	353	5	76	571	86	580	2.13e-52	188
NZ_HE978531.1_360	iAF987.Gmet_2349	29.7	489	326	6	91	571	92	570	6.44e-52	186
NZ_HE978531.1_360	iPC815.YPO1395	27.0	485	347	4	76	557	86	566	2.47e-49	179
NZ_HE978531.1_361	iPC815.YPO3144	28.6	570	396	6	12	576	13	576	2.30e-68	232
NZ_HE978531.1_365	iHN637.CLJU_RS11995	27.3	194	109	10	61	248	41	208	3.44e-05	45.4
NZ_HE978531.1_365	iCN900.CD630_35770	27.4	197	122	7	61	256	53	229	4.60e-05	45.1
NZ_HE978531.1_370	iAF987.Gmet_1593	45.8	131	71	0	14	144	18	148	4.19e-36	121
NZ_HE978531.1_370	iCN900.CD630_24030	40.7	140	81	1	4	143	5	142	3.85e-33	113
NZ_HE978531.1_370	iHN637.CLJU_RS04975	41.0	139	80	1	5	143	5	141	6.23e-32	110
NZ_HE978531.1_375	iCN718.ABAYE_RS12870	25.8	178	110	4	36	207	34	195	9.74e-12	61.2
NZ_HE978531.1_375	iCN718.ABAYE_RS12465	31.0	171	103	6	8	164	8	177	3.34e-10	57.4
NZ_HE978531.1_381	iCN900.CD630_12820	47.8	876	449	6	1	870	1	874	3.10e-266	762
NZ_HE978531.1_385	iCN900.CD630_25240	36.9	203	115	5	1	196	28	224	1.20e-31	114
NZ_HE978531.1_385	iHN637.CLJU_RS03645	33.3	201	129	2	1	196	2	202	2.48e-31	112
NZ_HE978531.1_385	iAF987.Gmet_3200	32.5	212	127	2	1	196	1	212	1.35e-30	111
NZ_HE978531.1_385	iYO844.BSU25640	34.4	195	118	2	2	196	3	187	8.35e-29	105
NZ_HE978531.1_387	iML1515.b4173	28.4	176	100	6	155	318	192	353	9.57e-07	50.4
NZ_HE978531.1_387	iIT341.HP0687	33.7	92	57	3	160	249	6	95	1.46e-05	47.0
NZ_HE978531.1_391	iCN900.CD630_07540	45.9	388	206	3	3	388	4	389	1.74e-117	346
NZ_HE978531.1_392	iCN900.CD630_07530	43.2	370	196	8	2	361	3	368	2.19e-84	261
NZ_HE978531.1_394	STM_v1_0.STM0047	35.7	140	81	4	6	137	15	153	1.22e-15	70.1
NZ_HE978531.1_397	iCN900.CD630_26230	46.7	229	112	2	2	220	6	234	6.87e-63	195
NZ_HE978531.1_398	iYS854.USA300HOU_RS07540	42.4	330	184	4	2	325	3	332	6.60e-81	248
NZ_HE978531.1_398	iCN900.CD630_26300	44.3	327	179	2	2	325	7	333	2.60e-80	247
NZ_HE978531.1_398	iYO844.BSU22830	40.0	330	192	3	2	325	3	332	1.27e-72	228
NZ_HE978531.1_399	iYS854.USA300HOU_RS06885	37.9	203	110	3	1	191	1	199	3.25e-29	107
NZ_HE978531.1_400	iIT341.HP0687	29.9	127	79	4	178	302	6	124	1.37e-07	53.5
NZ_HE978531.1_402	iCN900.CD630_27390	55.5	584	256	4	3	583	7	589	7.98e-233	655
NZ_HE978531.1_403	iCN900.CD630_27420	37.9	195	111	5	2	189	13	204	1.52e-36	125
NZ_HE978531.1_405	iCN900.CD630_27440	49.4	720	339	7	23	723	20	733	5.18e-237	677
NZ_HE978531.1_405	iYO844.BSU27600	45.4	712	372	6	25	723	25	732	2.24e-222	639
NZ_HE978531.1_405	iHN637.CLJU_RS16615	46.2	728	365	10	15	725	8	725	8.66e-220	632
NZ_HE978531.1_407	iCN900.CD630_22760	45.2	447	234	5	1	442	3	443	3.58e-114	343
NZ_HE978531.1_407	iIT341.HP0942	43.0	444	242	3	3	440	6	444	3.15e-108	327
NZ_HE978531.1_409	iYS854.USA300HOU_RS08720	65.3	369	126	1	3	371	4	370	9.05e-180	503
NZ_HE978531.1_410	iYS854.USA300HOU_RS08725	60.0	340	135	1	1	339	1	340	1.36e-144	411
NZ_HE978531.1_416	iHN637.CLJU_RS10625	44.3	228	127	0	6	233	4	231	3.61e-67	207
NZ_HE978531.1_416	iCN900.CD630_03090	42.5	240	136	2	3	242	2	239	1.21e-65	203
NZ_HE978531.1_419	iCN900.CD630_33080	40.3	196	109	3	3	195	253	443	7.85e-36	131
NZ_HE978531.1_421	iAF987.Gmet_0043	23.3	249	182	3	236	476	20	267	1.29e-13	72.8
NZ_HE978531.1_422	iAF987.Gmet_1706	36.7	120	72	3	4	121	2	119	8.41e-16	74.7
NZ_HE978531.1_422	iAF987.Gmet_1919	32.3	124	84	0	1	124	1	124	1.87e-15	73.9
NZ_HE978531.1_422	iAF987.Gmet_1914	31.8	107	73	0	3	109	2	108	9.02e-15	72.4
NZ_HE978531.1_423	iLJ478.TM1469	35.3	312	184	4	3	297	5	315	5.43e-60	193
NZ_HE978531.1_424	iHN637.CLJU_RS01390	37.3	526	324	5	17	538	42	565	7.19e-113	346
NZ_HE978531.1_424	iCN900.CD630_05570	37.5	525	324	4	17	538	26	549	5.92e-107	330
NZ_HE978531.1_425	iYS854.USA300HOU_RS06015	29.0	290	190	6	24	311	10	285	1.17e-28	112
NZ_HE978531.1_425	iCN900.CD630_25960	31.9	288	179	7	18	300	1	276	2.18e-28	111
NZ_HE978531.1_425	iCN900.CD630_10600	34.1	264	150	8	42	301	31	274	2.85e-28	111
NZ_HE978531.1_430	iCN900.CD630_07080	19.4	402	293	14	77	463	97	482	7.05e-07	51.2
NZ_HE978531.1_430	iPC815.YPO3230	19.0	247	196	4	186	429	205	450	2.16e-06	49.7
NZ_HE978531.1_436	iCN900.CD630_27550	45.2	566	303	3	6	567	4	566	4.32e-163	476
NZ_HE978531.1_436	iYL1228.KPN_02763	45.3	543	294	1	5	544	2	544	4.79e-158	463
NZ_HE978531.1_436	iML1515.b2416	45.9	543	291	1	5	544	2	544	6.77e-158	463
NZ_HE978531.1_436	iSDY_1059.SDY_2613	45.9	543	291	1	5	544	2	544	6.77e-158	463
NZ_HE978531.1_436	iSF_1195.SF2471	45.9	543	291	1	5	544	2	544	6.77e-158	463
NZ_HE978531.1_436	iSSON_1240.SSON_2505	45.9	543	291	1	5	544	2	544	6.77e-158	463
NZ_HE978531.1_436	iYS854.USA300HOU_RS05400	47.6	540	273	3	1	534	1	536	6.15e-158	463
NZ_HE978531.1_436	iSbBS512_1146.SbBS512_E2764	45.9	543	291	1	5	544	2	544	1.92e-157	462
NZ_HE978531.1_436	STM_v1_0.STM2432	45.7	543	292	1	5	544	2	544	5.43e-157	461
NZ_HE978531.1_436	iYO844.BSU13910	43.9	561	310	2	4	561	3	561	3.45e-151	446
NZ_HE978531.1_437	iYO844.BSU13900	52.9	70	33	0	1	70	1	70	2.36e-18	72.0
NZ_HE978531.1_437	iYS854.USA300HOU_RS05395	42.0	81	47	0	1	81	1	81	3.35e-18	71.6
NZ_HE978531.1_437	iPC815.YPO2993	35.7	84	54	0	1	84	1	84	3.58e-17	68.9
NZ_HE978531.1_437	iML1515.b2415	35.7	84	54	0	1	84	1	84	5.08e-17	68.6
NZ_HE978531.1_437	STM_v1_0.STM2431	35.7	84	54	0	1	84	1	84	5.08e-17	68.6
NZ_HE978531.1_437	iSbBS512_1146.SbBS512_E2765	35.7	84	54	0	1	84	1	84	5.08e-17	68.6
NZ_HE978531.1_437	iSDY_1059.SDY_2612	35.7	84	54	0	1	84	1	84	5.08e-17	68.6
NZ_HE978531.1_437	iSF_1195.SF2470	35.7	84	54	0	1	84	1	84	5.08e-17	68.6
NZ_HE978531.1_437	iSSON_1240.SSON_2504	35.7	84	54	0	1	84	1	84	5.08e-17	68.6
NZ_HE978531.1_437	iYL1228.KPN_02762	34.5	84	55	0	1	84	1	84	1.02e-16	67.8
NZ_HE978531.1_441	iCN900.CD630_10600	34.3	274	165	6	4	265	12	282	1.39e-39	139
NZ_HE978531.1_442	iCN900.CD630_10490	36.0	258	155	5	10	261	13	266	2.99e-47	157
NZ_HE978531.1_443	iAF987.Gmet_0928	30.6	412	240	13	123	491	189	597	1.33e-37	145
NZ_HE978531.1_443	iYS854.USA300HOU_RS00160	29.8	420	242	14	118	499	258	662	2.03e-35	139
NZ_HE978531.1_444	iML1515.b0089	31.1	312	204	8	93	396	77	385	1.02e-28	116
NZ_HE978531.1_446	iCN900.CD630_27800	47.0	568	295	3	1	562	1	568	1.31e-178	515
NZ_HE978531.1_446	iCN900.CD630_15770	46.9	567	293	3	1	562	1	564	6.84e-170	493
NZ_HE978531.1_446	iYO844.BSU09310	43.7	575	311	2	1	562	1	575	2.21e-164	479
NZ_HE978531.1_447	iLJ478.TM1845	40.9	555	301	12	10	545	222	768	2.73e-114	358
NZ_HE978531.1_448	iCN900.CD630_08850	29.1	752	467	14	6	699	60	803	1.83e-88	294
NZ_HE978531.1_449	iCN900.CD630_08840	51.1	479	228	3	1	474	1	478	5.41e-174	497
NZ_HE978531.1_450	iYO844.BSU30960	31.8	340	194	3	30	367	31	334	4.37e-36	134
NZ_HE978531.1_450	iLJ478.TM0239	27.7	303	214	3	21	319	19	320	4.90e-31	120
NZ_HE978531.1_451	iYO844.BSU30970	56.0	318	140	0	9	326	7	324	9.13e-130	377
NZ_HE978531.1_451	iCN900.CD630_08820	55.0	322	144	1	6	326	4	325	6.38e-129	375
NZ_HE978531.1_451	iNF517.LLMG_RS09380	51.4	321	156	0	6	326	4	324	2.09e-123	360
NZ_HE978531.1_451	iLJ478.TM0240	53.0	319	149	1	9	326	6	324	4.86e-122	358
NZ_HE978531.1_454	iCN900.CD630_07080	42.9	475	258	5	1	463	5	478	2.61e-111	337
NZ_HE978531.1_456	iCN900.CD630_31000	34.9	502	281	4	1	501	6	462	6.38e-104	318
NZ_HE978531.1_457	iCN900.CD630_32530	38.8	412	242	5	17	418	14	425	1.01e-89	278
NZ_HE978531.1_457	iHN637.CLJU_RS17100	35.3	431	257	7	20	428	17	447	1.11e-79	253
NZ_HE978531.1_467	iYO844.BSU01770	48.6	440	225	1	2	441	3	441	1.01e-140	410
NZ_HE978531.1_467	iNF517.LLMG_RS02290	48.3	445	227	1	2	443	3	447	1.46e-133	392
NZ_HE978531.1_467	iYS854.USA300HOU_RS11655	46.3	447	238	2	2	446	3	449	1.35e-128	379
NZ_HE978531.1_469	iAF987.Gmet_2264	23.8	302	169	16	42	283	338	638	1.08e-04	43.5
NZ_HE978531.1_469	iAF987.Gmet_1714	20.9	273	155	11	43	256	339	609	3.34e-04	42.0
NZ_HE978531.1_469	iSbBS512_1146.SbBS512_E0258	28.6	91	46	2	2	73	297	387	6.97e-04	40.8
NZ_HE978531.1_469	iSF_1195.SF0259	28.6	91	46	2	2	73	297	387	6.97e-04	40.8
NZ_HE978531.1_469	iSSON_1240.SSON_0317	28.6	91	46	2	2	73	297	387	6.97e-04	40.8
NZ_HE978531.1_470	iEK1008.Rv2957	27.2	195	110	8	1	172	24	209	7.56e-06	45.4
NZ_HE978531.1_470	iAF987.Gmet_0885	29.2	120	68	4	2	104	6	125	8.78e-05	42.4
NZ_HE978531.1_474	iSDY_1059.SDY_1936	41.1	73	43	0	70	142	24	96	2.71e-10	55.8
NZ_HE978531.1_474	iSF_1195.SF1313	41.1	73	43	0	70	142	35	107	3.48e-10	55.8
NZ_HE978531.1_474	iML1515.b1308	41.1	73	43	0	70	142	24	96	3.75e-10	55.5
NZ_HE978531.1_474	iSbBS512_1146.SbBS512_E1544	41.1	73	43	0	70	142	24	96	3.75e-10	55.5
NZ_HE978531.1_474	iSSON_1240.SSON_1832	41.1	73	43	0	70	142	24	96	3.75e-10	55.5
NZ_HE978531.1_475	iAM_Pb448.PBANKA_140160	30.7	127	72	6	2	116	9	131	3.54e-06	46.2
NZ_HE978531.1_477	iYS854.USA300HOU_RS03525	39.3	122	70	2	1	122	1	118	4.81e-20	79.0
NZ_HE978531.1_478	iML1515.b1199	46.3	190	89	3	15	193	17	204	5.82e-46	150
NZ_HE978531.1_478	iSbBS512_1146.SbBS512_E1358	46.3	190	89	3	15	193	17	204	5.82e-46	150
NZ_HE978531.1_478	iSF_1195.SF1202	46.3	190	89	3	15	193	17	204	8.23e-46	150
NZ_HE978531.1_478	iYL1228.KPN_03496	43.1	188	98	2	15	193	17	204	1.87e-44	146
NZ_HE978531.1_478	iYS854.USA300HOU_RS03520	41.7	199	104	5	1	196	1	190	3.33e-44	145
NZ_HE978531.1_479	iYS854.USA300HOU_RS03515	49.8	321	145	4	1	317	2	310	7.59e-102	301
NZ_HE978531.1_479	iSbBS512_1146.SbBS512_E1359	42.0	348	176	4	1	323	1	347	8.88e-91	275
NZ_HE978531.1_479	iML1515.b1200	41.7	348	177	4	1	323	1	347	9.55e-90	272
NZ_HE978531.1_479	iYL1228.KPN_03495	42.5	348	174	4	1	323	1	347	9.55e-90	272
NZ_HE978531.1_480	iSynCJ816.SGL_RS02635	27.4	146	98	4	3	143	278	420	2.79e-11	59.7
NZ_HE978531.1_480	iSynCJ816.SGL_RS11685	26.4	148	95	5	4	143	283	424	1.13e-09	55.1
NZ_HE978531.1_483	iHN637.CLJU_RS10825	67.3	150	48	1	1	149	1	150	9.12e-68	202
NZ_HE978531.1_483	iNF517.LLMG_RS07695	62.7	150	55	1	1	149	1	150	2.98e-64	193
NZ_HE978531.1_483	iYS854.USA300HOU_RS09385	62.0	150	56	1	4	152	3	152	5.70e-62	187
NZ_HE978531.1_483	iCN900.CD630_16970	63.7	146	52	1	4	148	3	148	7.83e-62	187
NZ_HE978531.1_484	iNF517.LLMG_RS07700	53.4	397	176	2	1	396	7	395	1.27e-148	426
NZ_HE978531.1_484	iCN900.CD630_16980	51.5	398	185	1	1	398	5	394	2.86e-142	410
NZ_HE978531.1_484	iYO844.BSU23260	50.5	400	188	2	1	398	5	396	1.04e-137	399
NZ_HE978531.1_484	iHN637.CLJU_RS10830	49.6	403	193	3	1	402	8	401	1.15e-137	399
NZ_HE978531.1_485	iNF517.LLMG_RS07705	41.9	215	117	2	1	207	1	215	1.03e-52	168
NZ_HE978531.1_485	iYO844.BSU23270	41.7	218	113	4	1	207	1	215	1.88e-50	162
NZ_HE978531.1_485	iCN718.ABAYE_RS17635	39.6	217	121	2	1	207	1	217	3.40e-49	159
NZ_HE978531.1_485	iCN900.CD630_16990	40.8	223	114	5	1	207	1	221	1.31e-46	152
NZ_HE978531.1_486	iCN900.CD630_17000	42.9	91	52	0	2	92	276	366	1.32e-16	73.2
NZ_HE978531.1_486	iHN637.CLJU_RS10840	41.8	91	53	0	2	92	275	365	4.74e-16	71.6
NZ_HE978531.1_486	iNF517.LLMG_RS07710	37.4	91	57	0	5	95	272	362	3.87e-14	66.2
NZ_HE978531.1_487	iCN900.CD630_17000	51.6	225	105	2	3	223	10	234	3.60e-74	229
NZ_HE978531.1_519	iCN900.CD630_08160	32.6	482	290	9	3	464	5	471	7.28e-67	225
NZ_HE978531.1_519	iYO844.BSU39270	33.6	458	283	8	2	454	4	445	2.83e-66	223
NZ_HE978531.1_519	iCN900.CD630_30970	29.3	482	310	10	4	464	7	478	1.40e-60	208
NZ_HE978531.1_519	iCN900.CD630_31250	29.6	497	296	10	4	464	7	485	1.08e-59	206
NZ_HE978531.1_528	iCN900.CD630_04310	37.1	237	144	3	2	234	228	463	6.78e-38	137
NZ_HE978531.1_529	iCN900.CD630_04310	41.4	186	108	1	2	187	5	189	6.61e-47	159
NZ_HE978531.1_530	iCN900.CD630_04300	37.0	119	75	0	116	234	111	229	4.11e-18	80.1
NZ_HE978531.1_532	iAF987.Gmet_2349	31.6	529	325	8	59	564	55	569	1.31e-69	234
NZ_HE978531.1_532	iPC815.YPO1914	30.2	567	379	10	13	571	30	587	4.91e-66	225
NZ_HE978531.1_533	iEK1008.Rv1348	31.7	545	332	15	53	578	326	849	1.07e-70	243
NZ_HE978531.1_533	iPC815.YPO1913	32.9	502	311	9	90	579	98	585	1.70e-72	243
NZ_HE978531.1_533	iAF987.Gmet_2349	46.0	261	137	2	316	572	308	568	3.67e-69	233
NZ_HE978531.1_535	iYL1228.KPN_00941	31.8	468	309	6	104	564	111	575	1.99e-65	223
NZ_HE978531.1_535	iML1515.b0914	31.4	468	311	6	104	564	111	575	5.40e-64	219
NZ_HE978531.1_535	iAF987.Gmet_2349	43.8	249	139	1	316	564	318	565	4.32e-64	219
NZ_HE978531.1_535	iSbBS512_1146.SbBS512_E2410	31.4	468	311	6	104	564	111	575	5.40e-64	219
NZ_HE978531.1_535	iSDY_1059.SDY_2344	31.4	468	311	6	104	564	111	575	5.40e-64	219
NZ_HE978531.1_535	iSF_1195.SF0910	44.9	234	126	2	334	564	342	575	1.04e-63	219
NZ_HE978531.1_535	STM_v1_0.STM0984	31.6	468	310	6	104	564	111	575	1.45e-63	218
NZ_HE978531.1_535	iSSON_1240.SSON_0916	44.9	234	126	2	334	564	342	575	1.45e-63	218
NZ_HE978531.1_535	iPC815.YPO1913	28.2	511	332	6	84	574	90	585	2.06e-62	216
NZ_HE978531.1_535	iPC815.YPO1914	46.7	246	129	1	332	575	342	587	7.64e-62	214
NZ_HE978531.1_535	iPC815.YPO1395	43.1	253	140	3	316	564	323	575	2.01e-61	213
NZ_HE978531.1_535	iJN1463.PP_4935	29.3	501	316	9	94	572	116	600	1.05e-58	206
NZ_HE978531.1_535	iEK1008.Rv1348	45.7	232	124	2	334	564	610	840	8.99e-56	201
NZ_HE978531.1_535	iCHOv1.100682535	39.4	277	154	3	295	566	362	629	4.28e-55	201
NZ_HE978531.1_536	iPC815.YPO1913	31.0	490	334	3	78	563	88	577	7.11e-76	251
NZ_HE978531.1_536	iPC815.YPO1914	30.1	482	332	3	88	566	102	581	4.57e-68	231
NZ_HE978531.1_536	iAF987.Gmet_2349	30.5	488	321	5	86	563	88	567	9.58e-67	226
NZ_HE978531.1_549	iAF987.Gmet_2349	28.4	560	327	11	9	530	44	567	9.81e-62	212
NZ_HE978531.1_549	iYL1228.KPN_00941	35.5	394	239	8	142	525	184	572	2.35e-61	211
NZ_HE978531.1_549	iSF_1195.SF0910	33.8	397	242	6	142	525	184	572	1.69e-60	209
NZ_HE978531.1_549	iML1515.b0914	33.4	395	246	5	142	525	184	572	2.35e-60	209
NZ_HE978531.1_549	iSbBS512_1146.SbBS512_E2410	33.4	395	246	5	142	525	184	572	2.35e-60	209
NZ_HE978531.1_549	iSDY_1059.SDY_2344	33.4	395	246	5	142	525	184	572	2.35e-60	209
NZ_HE978531.1_549	iSSON_1240.SSON_0916	33.8	397	242	6	142	525	184	572	2.35e-60	209
NZ_HE978531.1_549	STM_v1_0.STM0984	35.0	394	241	8	142	525	184	572	4.53e-59	205
NZ_HE978531.1_549	iPC815.YPO1395	34.8	394	242	8	142	525	184	572	1.18e-56	199
NZ_HE978531.1_549	iPC815.YPO1913	30.4	424	271	6	130	538	171	585	5.96e-56	197
NZ_HE978531.1_549	iPC815.YPO1914	29.1	491	335	6	57	539	102	587	1.14e-55	196
NZ_HE978531.1_550	iPC815.YPO1913	33.3	511	333	4	59	561	69	579	1.05e-86	280
NZ_HE978531.1_551	iCN900.CD630_04310	58.9	470	189	1	1	470	21	486	7.04e-196	553
NZ_HE978531.1_552	iCN900.CD630_04300	68.5	222	70	0	2	223	7	228	8.89e-104	300
NZ_HE978531.1_578	iAM_Pv461.PVX_099525	26.5	279	129	12	3	206	16	293	2.84e-09	56.6
NZ_HE978531.1_578	iAM_Pb448.PBANKA_082310	26.2	279	130	12	3	206	16	293	6.88e-09	55.5
NZ_HE978531.1_578	iAM_Pc455.PCYB_072980	26.2	279	130	12	3	206	16	293	6.88e-09	55.5
NZ_HE978531.1_603	iAF692.Mbar_A1452	28.8	683	451	10	78	748	4	663	2.66e-83	278
NZ_HE978531.1_603	iCN900.CD630_14790	30.7	706	417	22	80	748	3	673	2.19e-78	266
NZ_HE978531.1_603	iHN637.CLJU_RS06865	28.8	709	427	18	78	745	4	675	3.76e-76	259
NZ_HE978531.1_603	iYL1228.KPN_03779	29.3	734	434	20	77	742	1	717	1.06e-74	257
NZ_HE978531.1_603	iML1515.b3409	31.5	610	384	15	77	665	1	597	1.49e-74	256
NZ_HE978531.1_603	iSF_1195.SF3428	31.3	610	385	15	77	665	1	597	2.84e-74	256
NZ_HE978531.1_603	iSbBS512_1146.SbBS512_E3790	31.3	610	385	15	77	665	1	597	3.93e-74	255
NZ_HE978531.1_603	iSDY_1059.SDY_3667	31.3	610	385	15	77	665	1	597	3.93e-74	255
NZ_HE978531.1_603	iSSON_1240.SSON_3540	31.1	610	386	15	77	665	1	597	2.73e-73	253
NZ_HE978531.1_604	iAF987.Gmet_2349	33.7	505	308	8	76	566	78	569	2.41e-76	252
NZ_HE978531.1_604	iPC815.YPO1913	32.0	488	328	3	90	573	99	586	9.44e-75	249
NZ_HE978531.1_604	iPC815.YPO1914	31.8	497	324	6	84	572	97	586	5.01e-74	247
NZ_HE978531.1_605	iPC815.YPO1913	32.8	494	327	5	85	575	88	579	3.58e-78	258
NZ_HE978531.1_605	iAF987.Gmet_2349	31.2	491	329	6	87	573	82	567	4.51e-72	241
NZ_HE978531.1_612	iYO844.BSU02750	36.5	211	127	4	21	226	21	229	2.21e-36	130
NZ_HE978531.1_612	iCN900.CD630_32150	32.7	223	144	3	5	221	4	226	3.14e-33	122
NZ_HE978531.1_612	iNF517.LLMG_RS08555	32.2	214	139	3	5	212	1	214	2.72e-32	121
NZ_HE978531.1_612	iCN900.CD630_14890	31.4	296	181	7	5	279	1	295	5.23e-32	120
NZ_HE978531.1_612	iCN900.CD630_01010	35.5	273	138	8	6	250	3	265	3.72e-32	120
NZ_HE978531.1_612	iCN900.CD630_09000	30.8	227	150	3	5	224	1	227	1.96e-30	117
NZ_HE978531.1_615	iAF987.Gmet_0069	40.3	124	64	5	2	118	3	123	5.56e-17	81.6
NZ_HE978531.1_640	iYS854.USA300HOU_RS14195	42.1	159	89	2	5	160	15	173	2.65e-36	123
NZ_HE978531.1_641	iNF517.LLMG_RS01465	37.9	718	419	14	2	706	15	718	3.29e-153	462
NZ_HE978531.1_641	iSSON_1240.SSON_4419	37.7	716	419	15	4	706	5	706	1.17e-153	462
NZ_HE978531.1_641	iSbBS512_1146.SbBS512_E4846	37.8	716	418	15	4	706	5	706	1.65e-153	461
NZ_HE978531.1_641	iML1515.b4238	37.7	716	419	15	4	706	5	706	3.29e-153	461
NZ_HE978531.1_641	iSDY_1059.SDY_4257	37.7	716	419	15	4	706	5	706	3.29e-153	461
NZ_HE978531.1_641	iSF_1195.SF4252	38.0	716	417	15	4	706	5	706	3.29e-153	461
NZ_HE978531.1_641	STM_v1_0.STM4452	38.0	716	417	15	4	706	5	706	1.30e-152	459
NZ_HE978531.1_641	iYL1228.KPN_04646	37.8	716	418	15	4	706	5	706	7.27e-152	457
NZ_HE978531.1_641	iPC815.YPO3454	37.2	716	423	16	4	706	5	706	3.09e-147	445
NZ_HE978531.1_641	iYS854.USA300HOU_RS14200	39.0	623	356	13	95	706	2	611	7.56e-147	441
NZ_HE978531.1_642	iCN900.CD630_20200	54.3	868	383	6	1	858	1	864	3.51e-318	894
NZ_HE978531.1_655	iCN900.CD630_04310	37.1	464	278	8	2	454	5	465	2.91e-96	298
NZ_HE978531.1_658	iAF987.Gmet_2349	33.4	494	293	8	90	563	90	567	1.46e-66	226
NZ_HE978531.1_658	iML1515.b0914	30.8	523	351	7	49	561	54	575	9.80e-63	216
NZ_HE978531.1_658	iSbBS512_1146.SbBS512_E2410	30.8	523	351	7	49	561	54	575	9.80e-63	216
NZ_HE978531.1_658	iSDY_1059.SDY_2344	30.8	523	351	7	49	561	54	575	9.80e-63	216
NZ_HE978531.1_658	iSF_1195.SF0910	30.8	523	351	7	49	561	54	575	9.80e-63	216
NZ_HE978531.1_658	iSSON_1240.SSON_0916	30.8	523	351	7	49	561	54	575	9.80e-63	216
NZ_HE978531.1_658	iYL1228.KPN_00941	46.7	240	126	2	324	561	336	575	5.07e-62	214
NZ_HE978531.1_658	STM_v1_0.STM0984	47.7	235	121	2	329	561	341	575	7.05e-62	214
NZ_HE978531.1_658	iCHOv1.100682535	34.4	372	214	6	210	562	268	628	1.65e-58	211
NZ_HE978531.1_658	iPC815.YPO1395	31.4	477	320	5	91	561	100	575	4.95e-59	206
NZ_HE978531.1_658	iMM1415.18670	33.1	372	219	6	210	562	265	625	1.48e-56	205
NZ_HE978531.1_658	iPC815.YPO1914	38.0	324	195	5	242	561	255	576	2.53e-58	204
NZ_HE978531.1_659	iPC815.YPO1913	30.4	516	322	9	80	576	88	585	1.12e-58	206
NZ_HE978531.1_659	iEK1008.Rv1348	30.1	515	331	9	66	566	341	840	1.63e-54	198
NZ_HE978531.1_667	iCN900.CD630_19470	51.4	222	100	3	4	220	10	228	2.83e-68	209
NZ_HE978531.1_669	iAF987.Gmet_1706	25.9	201	127	8	4	187	3	198	1.10e-08	54.3
NZ_HE978531.1_669	iAF987.Gmet_0069	23.4	167	110	5	2	154	3	165	3.51e-08	52.8
NZ_HE978531.1_669	iAF987.Gmet_1919	31.7	126	76	3	1	123	2	120	4.09e-07	49.7
NZ_HE978531.1_673	iCN900.CD630_19470	52.5	219	102	2	2	218	10	228	2.54e-76	229
NZ_HE978531.1_674	iAF987.Gmet_0043	23.2	207	145	4	81	273	43	249	7.18e-09	56.2
NZ_HE978531.1_675	iAF987.Gmet_2999	37.1	70	41	1	44	110	53	122	1.36e-06	47.8
NZ_HE978531.1_675	iAF987.Gmet_0069	28.3	120	72	3	2	110	3	119	1.35e-05	44.7
NZ_HE978531.1_680	iPC815.YPO1914	32.9	492	321	4	90	575	99	587	1.43e-68	232
NZ_HE978531.1_680	iML1515.b0914	43.5	255	141	2	313	564	321	575	3.85e-65	223
NZ_HE978531.1_680	iSbBS512_1146.SbBS512_E2410	43.5	255	141	2	313	564	321	575	3.85e-65	223
NZ_HE978531.1_680	iSDY_1059.SDY_2344	43.5	255	141	2	313	564	321	575	3.85e-65	223
NZ_HE978531.1_680	iSF_1195.SF0910	43.5	255	141	2	313	564	321	575	3.85e-65	223
NZ_HE978531.1_680	iYL1228.KPN_00941	41.9	267	149	3	301	564	312	575	5.36e-65	222
NZ_HE978531.1_680	iSSON_1240.SSON_0916	43.5	255	141	2	313	564	321	575	5.36e-65	222
NZ_HE978531.1_680	STM_v1_0.STM0984	42.7	267	147	3	301	564	312	575	1.44e-64	221
NZ_HE978531.1_680	iAF987.Gmet_2349	45.1	235	129	0	334	568	335	569	3.11e-64	220
NZ_HE978531.1_680	iPC815.YPO1913	42.1	271	154	1	307	574	315	585	3.98e-63	218
NZ_HE978531.1_680	iPC815.YPO1395	41.6	267	150	3	301	564	312	575	1.45e-62	216
NZ_HE978531.1_681	iPC815.YPO1913	31.0	510	339	6	60	563	74	576	3.44e-78	258
NZ_HE978531.1_681	iAF987.Gmet_2349	30.7	525	347	7	48	563	50	566	7.68e-75	248
NZ_HE978531.1_682	iML1515.b3476	30.4	454	300	8	74	518	51	497	1.59e-60	208
NZ_HE978531.1_682	iSF_1195.SF3494	30.4	454	300	8	74	518	51	497	2.22e-60	207
NZ_HE978531.1_682	iSSON_1240.SSON_3714	30.4	454	300	8	74	518	51	497	8.34e-60	206
NZ_HE978531.1_682	iSbBS512_1146.SbBS512_E3845	30.2	454	301	8	74	518	51	497	1.61e-59	205
NZ_HE978531.1_682	iSDY_1059.SDY_3631	30.4	454	300	8	74	518	51	497	1.61e-59	205
NZ_HE978531.1_682	iJN1463.PP_3342	31.7	464	299	8	74	532	59	509	1.16e-54	192
NZ_HE978531.1_683	iYS854.USA300HOU_RS04905	38.2	233	139	4	4	231	4	236	8.58e-44	149
NZ_HE978531.1_683	iLJ478.TM1750	36.2	221	141	0	15	235	23	243	1.03e-41	144
NZ_HE978531.1_683	iPC815.YPO3999	38.0	221	137	0	11	231	45	265	2.11e-40	141
NZ_HE978531.1_683	iML1515.b3540	38.3	209	129	0	23	231	36	244	2.50e-40	140
NZ_HE978531.1_683	iSDY_1059.SDY_4563	38.3	209	129	0	23	231	36	244	2.50e-40	140
NZ_HE978531.1_683	iSF_1195.SF3575	38.3	209	129	0	23	231	36	244	2.50e-40	140
NZ_HE978531.1_683	iSSON_1240.SSON_3850	38.3	209	129	0	23	231	36	244	2.50e-40	140
NZ_HE978531.1_683	STM_v1_0.STM3626	38.3	209	129	0	23	231	36	244	1.04e-39	139
NZ_HE978531.1_683	iYL1228.KPN_03895	37.8	209	130	0	23	231	36	244	2.86e-39	138
NZ_HE978531.1_683	iML1515.b2180	33.1	236	149	3	8	235	278	512	1.12e-36	134
NZ_HE978531.1_684	iAF692.Mbar_A0471	35.2	230	143	4	20	243	37	266	6.70e-35	125
NZ_HE978531.1_684	iYS854.USA300HOU_RS01050	31.3	259	160	6	1	245	4	258	5.25e-33	125
NZ_HE978531.1_684	iML1515.b1484	34.3	236	148	4	18	246	25	260	2.45e-33	123
NZ_HE978531.1_684	iLJ478.TM0058	32.4	244	153	3	18	249	24	267	9.90e-33	121
NZ_HE978531.1_684	iSSON_1240.SSON_1640	33.6	238	151	4	16	246	23	260	1.31e-32	121
NZ_HE978531.1_684	iSbBS512_1146.SbBS512_E1747	33.9	236	149	4	18	246	25	260	9.69e-32	119
NZ_HE978531.1_685	iAF692.Mbar_A0470	26.8	254	182	1	4	253	29	282	3.97e-30	114
NZ_HE978531.1_685	iJN1463.PP_3344	27.1	247	180	0	12	258	27	273	6.72e-29	110
NZ_HE978531.1_685	iSbBS512_1146.SbBS512_E3843	26.3	240	177	0	12	251	20	259	4.86e-26	102
NZ_HE978531.1_685	iSDY_1059.SDY_3633	26.3	240	177	0	12	251	20	259	4.86e-26	102
NZ_HE978531.1_686	iAF692.Mbar_A0469	33.0	270	181	0	3	272	16	285	9.06e-43	148
NZ_HE978531.1_701	iCN900.CD630_33940	55.7	585	256	3	6	590	5	586	1.33e-220	624
NZ_HE978531.1_701	iYO844.BSU29180	51.7	586	281	2	6	590	1	585	2.17e-196	562
NZ_HE978531.1_702	iHN637.CLJU_RS01590	58.8	318	131	0	1	318	1	318	2.00e-128	369
NZ_HE978531.1_702	iCN900.CD630_33950	57.5	318	135	0	1	318	1	318	2.60e-124	358
NZ_HE978531.1_702	iYO844.BSU29190	53.8	318	147	0	1	318	1	318	4.66e-115	335
NZ_HE978531.1_706	iNF517.LLMG_RS09635	27.8	144	92	7	5	139	4	144	1.44e-04	41.2
NZ_HE978531.1_707	iCN900.CD630_34020	47.4	285	150	0	15	299	19	303	4.38e-84	254
NZ_HE978531.1_709	iCN900.CD630_25750	47.5	217	111	2	1	216	1	215	8.41e-70	212
NZ_HE978531.1_709	iHN637.CLJU_RS06205	51.2	203	93	2	1	200	1	200	7.73e-69	209
NZ_HE978531.1_709	iAF987.Gmet_0067	43.6	220	115	1	1	220	1	211	9.00e-64	197
NZ_HE978531.1_710	iYS854.USA300HOU_RS06135	40.8	289	160	7	3	284	4	288	1.46e-64	204
NZ_HE978531.1_711	iYS854.USA300HOU_RS06130	32.6	629	377	15	5	611	5	608	2.75e-75	254
NZ_HE978531.1_712	iYS854.USA300HOU_RS06125	29.6	240	166	2	6	244	7	244	1.07e-31	116
NZ_HE978531.1_715	iAF987.Gmet_3339	35.3	306	192	5	1	304	9	310	8.87e-51	169
NZ_HE978531.1_715	iCN900.CD630_25840	33.3	306	200	4	1	304	6	309	1.10e-47	161
NZ_HE978531.1_716	iYO844.BSU15720	44.8	154	85	0	1	154	1	154	1.73e-40	133
NZ_HE978531.1_719	iYO844.BSU09840	26.1	234	149	10	3	222	168	391	3.37e-08	54.7
NZ_HE978531.1_722	iHN637.CLJU_RS06285	35.6	73	46	1	1	72	1	73	9.37e-08	44.3
NZ_HE978531.1_723	iCN900.CD630_11780	41.2	323	186	2	1	319	1	323	1.19e-71	225
NZ_HE978531.1_723	iHN637.CLJU_RS06280	35.0	331	204	2	1	324	1	327	2.16e-68	216
NZ_HE978531.1_723	iYS854.USA300HOU_RS06175	40.7	307	175	5	1	304	2	304	1.45e-63	204
NZ_HE978531.1_725	iHN637.CLJU_RS06265	58.5	395	164	0	1	395	1	395	8.50e-169	477
NZ_HE978531.1_725	iCN900.CD630_11750	56.7	397	170	1	1	395	1	397	1.52e-164	466
NZ_HE978531.1_725	iLJ478.TM0274	54.0	398	180	2	1	395	1	398	6.57e-155	442
NZ_HE978531.1_725	iAF692.Mbar_A1820	55.1	396	177	1	1	395	1	396	6.85e-151	432
NZ_HE978531.1_733	iHN637.CLJU_RS06400	64.2	229	81	1	5	233	7	234	4.85e-104	300
NZ_HE978531.1_733	iNF517.LLMG_RS11470	56.9	232	98	1	5	234	7	238	3.79e-94	275
NZ_HE978531.1_733	iCN900.CD630_21380	58.3	230	94	2	5	234	7	234	1.09e-92	271
NZ_HE978531.1_740	iHN637.CLJU_RS03570	26.9	691	408	21	479	1092	204	874	1.30e-44	174
NZ_HE978531.1_740	iAF987.Gmet_0928	26.1	624	304	16	488	1095	122	604	6.62e-45	172
NZ_HE978531.1_748	iHN637.CLJU_RS05595	43.1	218	121	3	1	216	1	217	1.58e-42	146
NZ_HE978531.1_749	iHN637.CLJU_RS05590	43.2	190	108	0	1	190	1	190	2.99e-53	168
NZ_HE978531.1_750	iHN637.CLJU_RS05585	40.6	187	110	1	24	209	3	189	6.65e-46	151
NZ_HE978531.1_752	iHN637.CLJU_RS05575	43.2	317	158	4	8	303	13	328	1.87e-73	229
NZ_HE978531.1_753	iHN637.CLJU_RS05570	39.7	436	255	4	7	437	4	436	3.03e-101	309
NZ_HE978531.1_754	iAF987.Gmet_1377	30.3	165	113	2	39	202	550	713	2.71e-14	70.9
NZ_HE978531.1_755	iYO844.BSU29060	33.2	196	123	3	6	197	5	196	1.97e-24	94.7
NZ_HE978531.1_755	iIT341.HP0831	33.2	196	122	4	3	193	4	195	7.51e-24	93.2
NZ_HE978531.1_755	iNF517.LLMG_RS03290	32.9	213	116	5	6	193	5	215	7.16e-22	88.6
NZ_HE978531.1_758	iAF987.Gmet_3529	28.5	347	206	15	84	415	27	346	2.46e-27	111
NZ_HE978531.1_759	iCHOv1.100761450	27.0	423	215	9	2	340	181	593	4.20e-22	99.0
NZ_HE978531.1_759	iMM1415.104245	27.0	423	215	10	2	340	204	616	5.72e-22	98.6
NZ_HE978531.1_759	iMM1415.240332	24.7	393	233	8	3	340	36	420	1.50e-21	97.1
NZ_HE978531.1_759	iMM1415.232333	26.0	392	223	11	1	340	41	417	2.56e-20	93.2
NZ_HE978531.1_759	iCHOv1.100760370	26.0	392	223	11	1	340	41	417	3.42e-20	92.8
NZ_HE978531.1_759	iMM1415.13162	22.5	497	311	11	1	433	57	543	4.73e-20	92.4
NZ_HE978531.1_759	iMM1415.20538	22.7	489	301	12	11	432	181	659	1.30e-19	91.3
NZ_HE978531.1_759	iCHOv1.100754706	25.1	447	259	17	7	389	82	516	2.04e-19	90.5
NZ_HE978531.1_759	iCHOv1.100773003	22.7	489	301	12	11	432	59	537	2.67e-19	90.1
NZ_HE978531.1_760	iCHOv1.100773003	22.7	497	296	14	7	432	59	538	2.62e-15	77.8
NZ_HE978531.1_760	iMM1415.13162	20.4	495	318	9	1	431	57	539	6.16e-15	76.6
NZ_HE978531.1_760	iMM1415.20538	22.5	497	297	14	7	432	181	660	1.63e-14	75.5
NZ_HE978531.1_760	iCHOv1.100758864	25.1	299	180	7	7	271	64	352	6.64e-14	73.6
NZ_HE978531.1_760	iMM1415.104245	24.2	418	223	10	7	342	211	616	9.33e-14	73.2
NZ_HE978531.1_760	iAT_PLT_636.11254	22.1	525	281	17	7	428	39	538	3.35e-13	71.2
NZ_HE978531.1_760	iCHOv1.100754706	21.3	450	282	10	3	391	78	516	4.39e-13	70.9
NZ_HE978531.1_760	iCHOv1.100760370	24.3	460	270	15	7	404	47	490	4.24e-13	70.9
NZ_HE978531.1_760	iCHOv1.100761450	23.9	418	224	10	7	342	188	593	5.00e-13	70.9
NZ_HE978531.1_760	iMM1415.232333	24.3	460	270	15	7	404	47	490	4.24e-13	70.9
NZ_HE978531.1_760	iMM1415.15567	21.3	450	282	10	3	391	78	516	5.83e-13	70.5
NZ_HE978531.1_762	iJN1463.PP_2125	28.0	257	163	9	40	292	50	288	3.93e-14	71.2
NZ_HE978531.1_764	iCN718.ABAYE_RS14895	34.7	196	122	3	2	191	3	198	5.12e-35	123
NZ_HE978531.1_767	iYO844.BSU02750	36.8	201	124	3	17	214	20	220	6.71e-38	134
NZ_HE978531.1_767	iSynCJ816.SGL_RS17160	34.7	222	139	4	1	218	1	220	1.18e-34	128
NZ_HE978531.1_767	iCN900.CD630_09000	36.7	215	123	6	5	209	4	215	3.47e-34	127
NZ_HE978531.1_767	iCHOv1.100761226	32.5	240	159	3	13	250	911	1149	1.07e-30	121
NZ_HE978531.1_767	iMM1415.11303	32.5	240	159	3	13	250	911	1149	1.07e-30	121
NZ_HE978531.1_770	iAF987.Gmet_0043	28.0	107	72	4	246	348	161	266	2.98e-04	42.4
NZ_HE978531.1_771	iAF987.Gmet_2999	36.2	116	71	1	4	116	10	125	5.80e-17	78.2
NZ_HE978531.1_774	iYO844.BSU02750	30.7	225	149	4	19	238	19	241	3.06e-33	120
NZ_HE978531.1_774	iCN900.CD630_14890	30.1	229	151	3	5	225	1	228	4.26e-32	119
NZ_HE978531.1_774	iNF517.LLMG_RS08555	31.6	212	139	3	5	210	1	212	1.67e-31	117
NZ_HE978531.1_774	iAF987.Gmet_1282	32.0	225	147	3	2	221	6	229	6.51e-32	117
NZ_HE978531.1_774	iCN900.CD630_09000	33.0	215	137	4	5	212	1	215	1.60e-30	116
NZ_HE978531.1_774	iCN900.CD630_16140	32.7	220	142	4	21	236	40	257	1.94e-31	116
NZ_HE978531.1_774	iML1515.b3201	30.3	231	154	3	6	230	4	233	3.38e-30	112
NZ_HE978531.1_774	iSbBS512_1146.SbBS512_E3569	30.3	231	154	3	6	230	4	233	3.38e-30	112
NZ_HE978531.1_774	iSDY_1059.SDY_3382	30.3	231	154	3	6	230	4	233	3.38e-30	112
NZ_HE978531.1_774	iSF_1195.SF3241	30.3	231	154	3	6	230	4	233	3.38e-30	112
NZ_HE978531.1_774	iSSON_1240.SSON_3349	30.3	231	154	3	6	230	4	233	3.38e-30	112
NZ_HE978531.1_774	iPC815.YPO1073	32.6	230	143	5	4	223	3	230	3.53e-29	112
NZ_HE978531.1_774	iYS854.USA300HOU_RS13270	31.3	214	141	4	5	212	1	214	1.69e-28	111
NZ_HE978531.1_774	iYO844.BSU33730	30.4	214	143	3	5	212	1	214	3.21e-28	110
NZ_HE978531.1_774	iYO844.BSU30450	29.3	232	143	4	5	233	1	214	7.53e-29	110
NZ_HE978531.1_774	iYO844.BSU33830	28.9	239	163	4	5	237	1	238	4.39e-28	109
NZ_HE978531.1_774	iCN900.CD630_32150	31.0	213	139	4	5	210	4	215	4.72e-29	109
NZ_HE978531.1_774	iCHOv1.100761226	31.7	218	139	4	6	216	899	1113	5.51e-27	108
NZ_HE978531.1_774	iYS854.USA300HOU_RS02325	27.7	231	154	5	5	223	1	230	4.81e-28	108
NZ_HE978531.1_776	iCN900.CD630_35520	61.2	485	185	2	6	487	15	499	7.33e-208	590
NZ_HE978531.1_779	iCN900.CD630_35550	46.7	259	132	2	1	259	1	253	2.02e-79	239
NZ_HE978531.1_779	iHN637.CLJU_RS20455	46.5	260	134	3	1	259	1	256	2.92e-77	234
NZ_HE978531.1_779	iAF987.Gmet_1986	45.6	259	134	1	1	259	1	252	5.92e-76	231
NZ_HE978531.1_781	iNF517.LLMG_RS00090	61.1	180	64	4	5	182	6	181	2.10e-66	201
NZ_HE978531.1_781	iYO844.BSU00680	54.3	175	79	1	9	183	6	179	3.41e-62	190
NZ_HE978531.1_781	iYS854.USA300HOU_RS02615	53.4	174	80	1	9	182	5	177	1.25e-59	183
NZ_HE978531.1_781	iPC815.YPO3408	53.6	166	76	1	11	175	6	171	3.47e-59	182
NZ_HE978531.1_787	iHN637.CLJU_RS06515	42.8	194	91	2	1	174	1	194	2.08e-47	152
NZ_HE978531.1_787	iCN900.CD630_13270	45.4	174	90	2	1	169	1	174	2.60e-42	139
NZ_HE978531.1_789	iHN637.CLJU_RS10465	35.3	119	75	2	574	691	432	549	2.43e-11	66.6
NZ_HE978531.1_792	iHN637.CLJU_RS06475	38.1	291	175	4	22	308	18	307	3.85e-59	191
NZ_HE978531.1_792	iCN900.CD630_13150	33.7	285	186	3	17	299	13	296	1.22e-56	185
NZ_HE978531.1_792	iYS854.USA300HOU_RS06410	35.6	295	178	6	21	307	21	311	3.06e-54	179
NZ_HE978531.1_793	iYS854.USA300HOU_RS06405	39.7	310	162	11	1	291	1	304	1.82e-52	173
NZ_HE978531.1_794	iHN637.CLJU_RS06465	30.2	311	211	4	19	324	10	319	1.17e-49	167
NZ_HE978531.1_796	iCN900.CD630_24930	30.2	212	139	7	211	416	5	213	5.99e-15	78.2
NZ_HE978531.1_796	iML1515.b3590	30.1	229	139	8	211	427	2	221	9.40e-14	74.3
NZ_HE978531.1_796	iSynCJ816.SGL_RS10925	29.4	221	131	6	212	407	15	235	8.28e-13	70.5
NZ_HE978531.1_802	iCN900.CD630_21280	53.3	345	161	0	2	346	6	350	2.95e-132	381
NZ_HE978531.1_802	iHN637.CLJU_RS06430	53.8	342	158	0	3	344	5	346	4.86e-128	370
NZ_HE978531.1_802	iYO844.BSU25070	50.9	342	168	0	3	344	11	352	1.64e-120	352
NZ_HE978531.1_802	iAF987.Gmet_1353	48.5	344	177	0	1	344	2	345	7.34e-119	347
NZ_HE978531.1_804	iCN900.CD630_21350	37.4	174	99	4	85	253	83	251	1.26e-30	114
NZ_HE978531.1_804	iYS854.USA300HOU_RS06355	33.7	249	152	5	12	252	10	253	6.93e-30	112
NZ_HE978531.1_804	iYO844.BSU16540	41.6	125	71	1	129	253	140	262	8.82e-29	109
NZ_HE978531.1_804	iML1515.b0175	43.6	133	70	2	125	254	149	279	6.66e-27	105
NZ_HE978531.1_804	iSbBS512_1146.SbBS512_E0168	43.6	133	70	2	125	254	149	279	6.66e-27	105
NZ_HE978531.1_804	iSDY_1059.SDY_0191	43.6	133	70	2	125	254	113	243	3.23e-27	105
NZ_HE978531.1_804	iSF_1195.SF0165	43.6	133	70	2	125	254	113	243	3.23e-27	105
NZ_HE978531.1_804	iSSON_1240.SSON_0187	43.6	133	70	2	125	254	113	243	3.23e-27	105
NZ_HE978531.1_804	STM_v1_0.STM0222	42.1	133	72	2	125	254	149	279	1.81e-26	103
NZ_HE978531.1_805	iHN637.CLJU_RS06410	54.2	227	100	1	8	230	28	254	7.82e-84	249
NZ_HE978531.1_805	iCN900.CD630_21360	53.7	227	101	1	8	230	17	243	1.80e-82	246
NZ_HE978531.1_805	iYS854.USA300HOU_RS06350	50.7	229	109	1	8	232	27	255	9.96e-75	226
NZ_HE978531.1_805	iYO844.BSU16530	50.2	227	109	2	8	230	34	260	1.60e-74	226
NZ_HE978531.1_806	iCN900.CD630_25960	41.2	296	168	3	3	295	10	302	6.90e-63	200
NZ_HE978531.1_806	iNF517.LLMG_RS07670	39.5	291	172	3	6	295	10	297	1.02e-58	189
NZ_HE978531.1_806	iYS854.USA300HOU_RS06015	37.2	282	173	3	9	289	16	294	2.81e-56	183
NZ_HE978531.1_816	iYS854.USA300HOU_RS08635	39.9	371	203	6	2	353	3	372	2.21e-83	258
NZ_HE978531.1_819	iYS854.USA300HOU_RS14450	39.8	161	88	5	1	157	1	156	6.59e-34	116
NZ_HE978531.1_819	iAF987.Gmet_0222	40.9	149	83	3	6	151	161	307	1.14e-29	109
NZ_HE978531.1_823	iAF987.Gmet_2349	34.6	506	314	5	81	580	72	566	2.71e-89	286
NZ_HE978531.1_823	iYL1228.KPN_00941	35.0	483	306	5	100	580	100	576	4.34e-86	278
NZ_HE978531.1_823	iPC815.YPO1395	34.8	483	305	6	100	579	100	575	1.27e-84	275
NZ_HE978531.1_823	iML1515.b0914	34.3	487	304	6	100	580	100	576	3.69e-83	271
NZ_HE978531.1_823	iSbBS512_1146.SbBS512_E2410	34.3	487	304	6	100	580	100	576	3.69e-83	271
NZ_HE978531.1_823	iSDY_1059.SDY_2344	34.3	487	304	6	100	580	100	576	3.69e-83	271
NZ_HE978531.1_823	iSF_1195.SF0910	34.3	487	304	6	100	580	100	576	5.17e-83	270
NZ_HE978531.1_823	iSSON_1240.SSON_0916	34.3	487	304	6	100	580	100	576	5.17e-83	270
NZ_HE978531.1_823	STM_v1_0.STM0984	34.5	484	307	6	100	580	100	576	2.78e-82	268
NZ_HE978531.1_823	iCHOv1.100682535	36.0	505	310	7	83	581	132	629	4.15e-76	263
NZ_HE978531.1_823	iMM1415.18670	35.8	505	311	7	83	581	129	626	1.91e-75	261
NZ_HE978531.1_823	iCHOv1.100762480	35.9	516	307	9	83	586	157	660	7.58e-75	259
NZ_HE978531.1_823	iJN1463.PP_4935	35.0	506	307	6	81	580	100	589	1.41e-78	259
NZ_HE978531.1_824	iHN637.CLJU_RS18335	54.4	272	116	3	1	264	1	272	1.15e-90	284
NZ_HE978531.1_824	iCN900.CD630_15360	47.7	277	137	3	3	271	4	280	1.77e-89	267
NZ_HE978531.1_825	iHN637.CLJU_RS18335	58.5	455	183	6	10	459	303	756	7.67e-175	508
NZ_HE978531.1_825	iCN900.CD630_15370	58.1	458	187	5	8	461	5	461	6.31e-178	506
NZ_HE978531.1_825	iAF692.Mbar_A0227	58.8	456	182	6	8	459	14	467	1.07e-172	493
NZ_HE978531.1_825	iLJ478.TM1640	56.5	460	192	7	6	458	1	459	5.93e-167	478
NZ_HE978531.1_830	iCN900.CD630_36640	24.6	358	252	9	113	458	42	393	8.90e-28	114
NZ_HE978531.1_831	iLB1027_lipid.PHATRDRAFT_29885	70.5	258	76	0	14	271	34	291	1.73e-119	345
NZ_HE978531.1_831	iEK1008.Rv2606c	69.6	263	80	0	14	276	26	288	3.56e-115	333
NZ_HE978531.1_831	iYS854.USA300HOU_RS02730	62.5	272	100	1	14	283	22	293	1.78e-114	331
NZ_HE978531.1_831	iYO844.BSU00110	65.5	258	89	0	14	271	21	278	1.40e-113	328
NZ_HE978531.1_831	iHN637.CLJU_RS19490	61.7	282	108	0	2	283	6	287	1.58e-111	323
NZ_HE978531.1_831	iLJ478.TM0473	61.3	282	109	0	2	283	10	291	3.65e-111	322
NZ_HE978531.1_831	iAM_Pv461.PVX_114180	63.8	257	93	0	14	270	30	286	7.58e-108	314
NZ_HE978531.1_831	iAM_Pb448.PBANKA_112020	63.0	257	95	0	14	270	24	280	1.29e-107	313
NZ_HE978531.1_832	iHN637.CLJU_RS08755	40.5	274	159	3	6	278	10	280	4.58e-64	202
NZ_HE978531.1_832	iYS854.USA300HOU_RS03800	41.2	267	151	4	6	268	8	272	1.78e-63	200
NZ_HE978531.1_832	iYO844.BSU33400	38.7	266	159	3	5	268	10	273	2.30e-63	200
NZ_HE978531.1_832	iML1515.b3012	40.1	267	153	4	5	267	8	271	5.03e-62	196
NZ_HE978531.1_832	iSbBS512_1146.SbBS512_E3440	39.7	267	154	4	5	267	8	271	4.01e-61	194
NZ_HE978531.1_832	iPC815.YPO0676	40.1	267	153	4	5	267	8	271	4.25e-61	194
NZ_HE978531.1_832	iYL1228.KPN_03432	40.7	268	150	5	5	267	8	271	1.13e-60	193
NZ_HE978531.1_832	STM_v1_0.STM3165	41.2	267	150	4	5	267	8	271	3.19e-60	192
NZ_HE978531.1_832	iYO844.BSU29050	37.5	269	158	5	6	267	11	276	8.29e-59	188
NZ_HE978531.1_833	iCN900.CD630_25770	42.7	241	136	2	2	241	4	243	5.01e-56	179
NZ_HE978531.1_833	iCN900.CD630_11820	39.2	240	144	2	2	240	7	245	3.24e-52	169
NZ_HE978531.1_833	iYS854.USA300HOU_RS06185	37.6	242	149	2	2	242	3	243	2.83e-49	161
NZ_HE978531.1_841	iHN637.CLJU_RS15670	35.2	264	171	0	1	264	1	264	4.86e-46	154
NZ_HE978531.1_841	iYO844.BSU02870	31.6	263	178	1	1	261	3	265	3.54e-43	147
NZ_HE978531.1_842	iYS854.USA300HOU_RS08305	40.8	174	102	1	1	174	39	211	1.82e-35	124
NZ_HE978531.1_842	iYO844.BSU02860	36.6	183	114	1	3	185	34	214	2.12e-33	118
NZ_HE978531.1_842	iAF987.Gmet_0492	34.5	174	114	0	3	176	36	209	1.17e-31	114
NZ_HE978531.1_842	iLJ478.TM0124	34.1	170	95	3	3	172	34	186	8.11e-32	114
NZ_HE978531.1_843	iHN637.CLJU_RS18655	31.1	373	190	5	1	370	1	309	1.94e-45	157
NZ_HE978531.1_845	iCN718.ABAYE_RS16630	35.5	422	258	6	6	418	3	419	9.71e-74	236
NZ_HE978531.1_845	iPC815.YPO0254	34.4	421	260	5	8	418	5	419	5.42e-72	232
NZ_HE978531.1_845	iYL1228.KPN_04480	33.7	427	263	6	4	418	2	420	8.09e-71	229
NZ_HE978531.1_845	STM_v1_0.STM4283	34.6	425	258	6	6	418	3	419	4.33e-70	227
NZ_HE978531.1_845	iJN1463.PP_0137	35.1	410	251	7	8	408	5	408	5.48e-69	224
NZ_HE978531.1_845	iSbBS512_1146.SbBS512_E4598	33.6	425	262	7	6	418	3	419	6.78e-69	224
NZ_HE978531.1_845	iSSON_1240.SSON_4258	33.6	425	262	7	6	418	3	419	6.78e-69	224
NZ_HE978531.1_845	iML1515.b4077	33.6	425	262	7	6	418	3	419	9.53e-69	224
NZ_HE978531.1_845	iYO844.BSU10220	34.8	417	256	5	8	418	5	411	5.97e-68	221
NZ_HE978531.1_845	iSF_1195.SF4137	33.4	425	263	7	6	418	3	419	1.03e-67	221
NZ_HE978531.1_845	iYS854.USA300HOU_RS12895	32.5	424	264	6	6	418	5	417	3.20e-66	217
NZ_HE978531.1_845	iHN637.CLJU_RS10210	34.0	427	264	6	2	421	3	418	4.78e-65	214
NZ_HE978531.1_846	iHN637.CLJU_RS02740	38.2	288	162	5	6	277	3	290	3.51e-56	182
NZ_HE978531.1_846	iHN637.CLJU_RS02625	37.5	293	167	4	6	282	3	295	2.02e-55	180
NZ_HE978531.1_847	iCN900.CD630_02240	49.2	415	208	3	1	412	1	415	7.80e-142	410
NZ_HE978531.1_848	iCN900.CD630_02220	53.1	194	91	0	12	205	4	197	3.44e-69	209
NZ_HE978531.1_849	iCN900.CD630_02210	55.0	318	142	1	3	319	2	319	2.04e-126	366
NZ_HE978531.1_849	iAF987.Gmet_1844	54.0	313	144	0	3	315	6	318	1.57e-123	358
NZ_HE978531.1_849	iYO844.BSU06500	54.3	311	142	0	5	315	5	315	4.18e-123	357
NZ_HE978531.1_849	iNF517.LLMG_RS05020	58.2	304	123	2	5	307	6	306	1.05e-121	353
NZ_HE978531.1_849	iHN637.CLJU_RS04220	54.3	315	134	4	3	317	2	306	4.13e-117	341
NZ_HE978531.1_850	iHN637.CLJU_RS04215	39.1	445	247	7	3	424	26	469	2.42e-103	315
NZ_HE978531.1_850	iCN900.CD630_02200	37.8	450	254	6	1	427	1	447	5.00e-102	310
NZ_HE978531.1_850	iAF987.Gmet_1939	38.7	445	247	8	3	424	11	452	4.90e-99	303
NZ_HE978531.1_850	iYO844.BSU06490	35.6	450	260	5	3	425	13	459	3.62e-95	293
NZ_HE978531.1_850	iAF692.Mbar_A3498	36.7	452	254	7	3	425	6	454	2.94e-94	291
NZ_HE978531.1_851	iLJ478.TM0446	44.3	149	82	1	2	149	3	151	2.97e-33	115
NZ_HE978531.1_851	iCN900.CD630_02180	40.9	149	88	0	1	149	1	149	9.38e-32	111
NZ_HE978531.1_852	iCN900.CD630_04890	51.1	225	107	2	1	224	1	223	3.77e-73	221
NZ_HE978531.1_857	iHN637.CLJU_RS03400	37.8	630	333	14	16	596	18	637	2.29e-106	333
NZ_HE978531.1_858	iYL1228.KPN_03045	31.3	393	246	9	7	390	5	382	4.28e-56	191
NZ_HE978531.1_858	iML1515.b2710	31.0	393	247	9	7	390	5	382	4.18e-55	189
NZ_HE978531.1_858	STM_v1_0.STM2840	31.2	394	245	10	7	390	5	382	4.18e-55	189
NZ_HE978531.1_858	iSDY_1059.SDY_2907	30.8	393	248	9	7	390	5	382	4.18e-55	189
NZ_HE978531.1_858	iSSON_1240.SSON_2854	31.0	393	247	9	7	390	5	382	4.18e-55	189
NZ_HE978531.1_858	iSF_1195.SF2733	31.0	393	247	9	7	390	5	382	5.84e-55	188
NZ_HE978531.1_858	iSbBS512_1146.SbBS512_E3167	32.0	366	227	8	32	390	32	382	8.15e-55	188
NZ_HE978531.1_859	iCN900.CD630_10540	58.8	357	145	1	19	375	18	372	6.59e-139	410
NZ_HE978531.1_859	iYO844.BSU37170	56.0	375	163	1	1	375	1	373	4.50e-131	390
NZ_HE978531.1_859	iAF987.Gmet_1715	53.3	375	173	1	1	375	1	373	5.07e-130	387
NZ_HE978531.1_859	iYO844.BSU24150	54.0	376	171	2	6	381	4	377	4.54e-128	382
NZ_HE978531.1_860	iAF692.Mbar_A2179	29.9	408	245	12	4	404	6	379	9.81e-49	169
NZ_HE978531.1_860	STM_v1_0.STM2840	28.3	374	237	9	7	366	5	361	1.56e-45	163
NZ_HE978531.1_860	iYL1228.KPN_03045	28.2	369	244	9	7	366	5	361	6.12e-45	161
NZ_HE978531.1_860	iSF_1195.SF2733	27.9	369	245	9	7	366	5	361	3.00e-44	159
NZ_HE978531.1_860	iML1515.b2710	27.9	369	245	9	7	366	5	361	4.17e-44	159
NZ_HE978531.1_860	iSSON_1240.SSON_2854	27.9	369	245	9	7	366	5	361	4.17e-44	159
NZ_HE978531.1_860	iSDY_1059.SDY_2907	27.6	369	246	9	7	366	5	361	8.03e-44	158
NZ_HE978531.1_860	iSbBS512_1146.SbBS512_E3167	27.6	369	246	9	7	366	5	361	4.13e-43	156
NZ_HE978531.1_861	iHN637.CLJU_RS18325	36.2	500	302	6	1	496	1	487	4.77e-83	265
NZ_HE978531.1_861	iCN900.CD630_08930	36.2	494	301	6	3	494	5	486	1.09e-76	249
NZ_HE978531.1_861	iCN900.CD630_08940	35.5	501	307	6	1	496	1	490	6.24e-76	247
NZ_HE978531.1_863	iAF987.Gmet_0043	23.6	237	172	4	30	258	31	266	1.07e-13	70.1
NZ_HE978531.1_865	iAF987.Gmet_0069	28.8	212	142	5	2	204	5	216	1.13e-19	85.1
NZ_HE978531.1_867	iCN900.CD630_32610	69.6	247	74	1	37	283	9	254	1.17e-122	350
NZ_HE978531.1_867	iHN637.CLJU_RS06095	67.3	248	80	1	36	283	3	249	1.32e-120	345
NZ_HE978531.1_867	iAF692.Mbar_A1781	65.6	247	84	1	37	283	13	258	2.30e-116	335
NZ_HE978531.1_867	iYS854.USA300HOU_RS07055	60.6	259	102	0	25	283	25	283	1.49e-108	316
NZ_HE978531.1_868	iCN900.CD630_32620	48.1	266	127	3	6	263	10	272	6.27e-73	224
NZ_HE978531.1_869	iCN900.CD630_32630	45.0	280	148	5	6	281	25	302	1.04e-70	220
NZ_HE978531.1_870	iCN900.CD630_32680	29.3	150	96	3	19	166	137	278	2.81e-13	68.2
NZ_HE978531.1_870	iYO844.BSU24990	31.5	162	96	5	19	176	146	296	1.54e-12	66.2
NZ_HE978531.1_871	iCN900.CD630_32680	39.0	136	76	2	59	194	150	278	7.73e-23	95.5
NZ_HE978531.1_872	iCN900.CD630_26950	57.2	332	139	3	6	337	5	333	6.14e-126	363
NZ_HE978531.1_873	iYS854.USA300HOU_RS07595	32.7	455	246	13	7	414	6	447	3.49e-65	220
NZ_HE978531.1_876	iCN900.CD630_01030	37.1	245	152	2	3	247	1	243	6.70e-47	155
NZ_HE978531.1_877	iCN900.CD630_01020	50.6	259	128	0	1	259	2	260	8.39e-86	256
NZ_HE978531.1_878	iCN900.CD630_01010	52.1	286	133	3	1	283	1	285	7.39e-93	276
NZ_HE978531.1_879	iCN900.CD630_01000	54.4	274	119	2	1	274	4	271	1.46e-96	285
NZ_HE978531.1_884	iAF987.Gmet_1706	37.3	118	69	2	4	118	2	117	4.39e-16	75.5
NZ_HE978531.1_885	iAF987.Gmet_1991	19.3	233	160	5	67	286	196	413	3.70e-04	41.6
NZ_HE978531.1_887	iYS854.USA300HOU_RS04050	28.4	282	197	3	3	281	2	281	1.30e-35	129
NZ_HE978531.1_887	iYS854.USA300HOU_RS07285	30.0	280	186	6	1	277	1	273	6.38e-33	121
NZ_HE978531.1_892	iYS854.USA300HOU_RS07285	28.2	280	187	6	5	281	6	274	8.43e-28	108
NZ_HE978531.1_893	iMM904.YPR033C	29.1	470	276	15	4	422	53	516	7.92e-43	157
NZ_HE978531.1_893	iLB1027_lipid.PHATRDRAFT_16944	31.2	446	262	17	11	428	5	433	1.36e-41	152
NZ_HE978531.1_893	iYS854.USA300HOU_RS08680	28.3	442	267	14	11	432	7	418	9.78e-42	152
NZ_HE978531.1_893	iLB1027_lipid.PHATRDRAFT_23920	25.8	426	303	7	11	432	83	499	1.66e-37	142
NZ_HE978531.1_895	iCN718.ABAYE_RS05715	32.0	125	82	2	4	125	2	126	8.29e-20	78.6
NZ_HE978531.1_895	iSynCJ816.SGL_RS12955	33.6	122	78	2	6	124	4	125	2.79e-17	72.0
NZ_HE978531.1_900	iLJ478.TM1139	56.4	236	100	2	1	235	5	238	1.46e-85	253
NZ_HE978531.1_900	iAF987.Gmet_1819	52.7	241	104	3	1	234	1	238	4.45e-79	237
NZ_HE978531.1_900	iML1515.b3454	52.1	234	110	2	1	234	5	236	1.30e-78	236
NZ_HE978531.1_900	STM_v1_0.STM3560	51.9	235	109	2	1	234	5	236	1.30e-78	236
NZ_HE978531.1_900	iSbBS512_1146.SbBS512_E3868	52.1	234	110	2	1	234	9	240	1.48e-78	236
NZ_HE978531.1_900	iSSON_1240.SSON_3692	52.1	234	110	2	1	234	9	240	1.48e-78	236
NZ_HE978531.1_900	iSF_1195.SF3472	52.1	234	110	2	1	234	5	236	5.25e-78	234
NZ_HE978531.1_900	iJN1463.PP_4863	52.6	234	109	1	1	234	5	236	1.54e-77	233
NZ_HE978531.1_900	iSDY_1059.SDY_3603	51.7	234	111	2	1	234	9	240	1.70e-77	233
NZ_HE978531.1_900	iYL1228.KPN_03816	51.5	235	110	2	1	234	5	236	2.12e-77	233
NZ_HE978531.1_900	iPC815.YPO3804	52.1	234	110	1	1	234	1	232	7.52e-77	231
NZ_HE978531.1_900	iJN1463.PP_1137	48.7	234	118	1	1	234	1	232	8.66e-76	228
NZ_HE978531.1_901	iLJ478.TM1138	47.1	272	123	2	4	255	8	278	1.36e-80	243
NZ_HE978531.1_901	iJN1463.PP_1138	46.2	251	135	0	5	255	3	253	1.76e-79	239
NZ_HE978531.1_901	iYL1228.KPN_03817	45.0	249	137	0	7	255	5	253	9.32e-77	233
NZ_HE978531.1_901	STM_v1_0.STM3561	45.0	249	137	0	7	255	5	253	3.75e-76	231
NZ_HE978531.1_901	iSSON_1240.SSON_3693	44.6	249	138	0	7	255	5	253	3.75e-76	231
NZ_HE978531.1_901	iML1515.b3455	44.6	249	138	0	7	255	5	253	5.32e-76	231
NZ_HE978531.1_901	iSbBS512_1146.SbBS512_E3867	44.6	249	138	0	7	255	5	253	5.32e-76	231
NZ_HE978531.1_901	iSF_1195.SF3473	44.6	249	138	0	7	255	5	253	5.32e-76	231
NZ_HE978531.1_901	iSDY_1059.SDY_3604	44.2	249	139	0	7	255	5	253	1.51e-75	229
NZ_HE978531.1_901	iPC815.YPO3805	45.8	249	135	0	7	255	6	254	2.14e-75	229
NZ_HE978531.1_902	iJN1463.PP_1139	35.3	295	149	5	42	300	119	407	5.50e-43	152
NZ_HE978531.1_902	iLJ478.TM1137	36.0	344	178	9	1	306	2	341	3.20e-43	152
NZ_HE978531.1_902	iJN1463.PP_4865	35.9	301	154	6	33	299	124	419	2.91e-41	148
NZ_HE978531.1_903	iLJ478.TM1136	46.7	300	149	4	3	295	4	299	3.01e-79	242
NZ_HE978531.1_903	STM_v1_0.STM3563	46.7	302	151	3	3	295	8	308	9.37e-75	231
NZ_HE978531.1_903	iYL1228.KPN_03819	44.9	301	158	2	3	295	8	308	7.51e-74	228
NZ_HE978531.1_903	iML1515.b3457	46.4	302	152	4	3	295	8	308	1.50e-73	228
NZ_HE978531.1_903	iSbBS512_1146.SbBS512_E3865	46.4	302	152	4	3	295	8	308	1.50e-73	228
NZ_HE978531.1_903	iSSON_1240.SSON_3695	46.4	302	152	4	3	295	8	308	1.50e-73	228
NZ_HE978531.1_903	iSF_1195.SF3475	46.4	302	152	4	3	295	8	308	2.12e-73	227
NZ_HE978531.1_903	iPC815.YPO3807	44.5	301	159	2	3	295	8	308	3.40e-72	224
NZ_HE978531.1_904	iLJ478.TM1135	33.4	356	224	7	37	387	21	368	4.88e-56	187
NZ_HE978531.1_905	iYS854.USA300HOU_RS13930	27.0	641	372	17	13	630	24	591	1.06e-38	150
NZ_HE978531.1_908	iJN1463.PP_0601	25.8	419	305	4	11	424	13	430	1.61e-31	127
NZ_HE978531.1_908	iSynCJ816.SGL_RS14090	28.2	419	271	11	10	408	20	428	4.85e-31	125
NZ_HE978531.1_908	iSDY_1059.SDY_2083	24.8	427	301	6	11	425	13	431	1.03e-27	115
NZ_HE978531.1_908	iML1515.b1069	25.1	427	300	6	11	425	13	431	1.39e-27	115
NZ_HE978531.1_908	iSbBS512_1146.SbBS512_E2257	24.8	427	301	6	11	425	13	431	1.88e-27	115
NZ_HE978531.1_908	iSF_1195.SF1075	24.8	427	301	6	11	425	13	431	1.88e-27	115
NZ_HE978531.1_908	iSSON_1240.SSON_1089	24.8	427	301	6	11	425	13	431	1.88e-27	115
NZ_HE978531.1_910	iCN900.CD630_35620	32.7	260	161	6	4	249	6	265	2.19e-40	139
NZ_HE978531.1_910	iHN637.CLJU_RS20665	39.6	212	123	4	4	210	8	219	1.11e-38	135
NZ_HE978531.1_910	iAF987.Gmet_0547	34.1	208	133	3	4	207	6	213	8.99e-36	127
NZ_HE978531.1_911	iCN900.CD630_35660	39.9	281	157	7	4	276	7	283	1.17e-53	176
NZ_HE978531.1_911	iAF987.Gmet_2849	36.0	264	167	2	4	267	7	268	4.03e-47	158
NZ_HE978531.1_912	iCN900.CD630_10580	58.0	281	117	1	1	280	1	281	4.74e-108	314
NZ_HE978531.1_912	iAF987.Gmet_2072	59.4	278	112	1	2	278	4	281	3.19e-101	296
NZ_HE978531.1_912	iAF987.Gmet_1717	55.0	278	124	1	2	278	4	281	2.80e-97	286
NZ_HE978531.1_912	iYO844.BSU24160	55.7	280	123	1	2	280	5	284	7.89e-96	283
NZ_HE978531.1_913	iCN900.CD630_23390	36.2	436	271	4	1	436	1	429	5.64e-85	266
NZ_HE978531.1_913	iAF987.Gmet_3294	36.2	436	265	8	3	437	11	434	1.93e-79	252
NZ_HE978531.1_913	iAF987.Gmet_3304	35.2	437	268	8	3	437	11	434	5.02e-76	243
NZ_HE978531.1_913	iAF987.Gmet_2142	33.9	428	270	6	6	431	8	424	1.05e-73	242
NZ_HE978531.1_914	iHN637.CLJU_RS19400	52.7	332	155	2	3	333	5	335	3.53e-115	336
NZ_HE978531.1_914	iAF987.Gmet_0684	51.0	335	150	6	5	333	112	438	4.60e-102	306
NZ_HE978531.1_914	iAF987.Gmet_2066	47.9	334	171	3	1	333	105	436	1.51e-101	305
NZ_HE978531.1_915	iHN637.CLJU_RS19405	51.1	270	124	4	1	270	1	262	2.96e-82	247
NZ_HE978531.1_916	iCN900.CD630_10540	69.8	374	113	0	5	378	5	378	2.16e-181	508
NZ_HE978531.1_917	iYO844.BSU28680	36.6	443	266	6	32	471	29	459	3.56e-88	277
NZ_HE978531.1_917	iIT341.HP0509	37.1	428	258	6	44	469	39	457	9.71e-85	268
NZ_HE978531.1_917	iAF987.Gmet_3245	35.5	431	264	5	42	469	37	456	1.17e-82	262
NZ_HE978531.1_921	iHN637.CLJU_RS18305	64.2	480	171	1	2	481	3	481	2.56e-221	617
NZ_HE978531.1_921	iYO844.BSU00090	62.3	478	178	1	6	481	9	486	1.65e-213	598
NZ_HE978531.1_921	iYS854.USA300HOU_RS02065	61.9	480	178	3	6	481	9	487	1.96e-207	582
NZ_HE978531.1_921	iLJ478.TM1347	59.7	476	191	1	6	480	3	478	9.31e-202	568
NZ_HE978531.1_921	iAF987.Gmet_2293	59.5	482	192	1	2	480	4	485	5.17e-201	566
NZ_HE978531.1_921	iNF517.LLMG_RS01210	57.1	485	203	2	2	481	7	491	9.09e-200	563
NZ_HE978531.1_922	iCN900.CD630_02250	40.5	576	300	9	1	538	698	1268	2.61e-132	415
NZ_HE978531.1_922	iHN637.CLJU_RS05660	40.2	569	308	8	1	538	688	1255	1.21e-129	407
NZ_HE978531.1_923	iHN637.CLJU_RS05660	50.5	689	313	11	4	675	2	679	8.94e-203	604
NZ_HE978531.1_923	iCN900.CD630_02250	50.8	689	311	15	5	675	11	689	1.76e-198	593
NZ_HE978531.1_924	iCN900.CD630_02230	52.3	507	235	5	2	501	4	510	2.47e-176	505
NZ_HE978531.1_930	iML1515.b1821	37.4	187	109	2	1	181	1	185	1.88e-32	114
NZ_HE978531.1_931	iLJ478.TM1384	37.5	112	53	5	52	158	53	152	4.80e-09	52.8
NZ_HE978531.1_931	iCN900.CD630_27450	37.4	107	60	4	44	150	43	142	3.02e-07	47.8
NZ_HE978531.1_934	iYS854.USA300HOU_RS06925	28.9	844	553	17	16	832	17	840	3.79e-85	289
NZ_HE978531.1_936	iEK1008.Rv0684	60.2	688	270	3	7	690	10	697	3.51e-300	835
NZ_HE978531.1_936	iSynCJ816.SGL_RS10930	57.0	691	293	3	1	691	1	687	1.95e-287	802
NZ_HE978531.1_941	iYS854.USA300HOU_RS03980	27.9	215	129	5	1	190	1	214	1.24e-17	77.8
NZ_HE978531.1_941	iLJ478.TM0191	25.0	200	113	4	1	172	1	191	1.79e-15	72.0
NZ_HE978531.1_942	iAF987.Gmet_1040	37.2	156	98	0	47	202	65	220	2.32e-30	111
NZ_HE978531.1_943	iAF987.Gmet_1041	42.2	251	137	4	49	297	22	266	9.05e-58	186
NZ_HE978531.1_944	iML1515.b0827	28.4	384	225	6	40	391	36	401	1.68e-37	144
NZ_HE978531.1_944	iSbBS512_1146.SbBS512_E2521	28.4	384	225	6	40	391	36	401	1.68e-37	144
NZ_HE978531.1_944	iSSON_1240.SSON_0809	28.4	384	225	6	40	391	36	401	1.68e-37	144
NZ_HE978531.1_944	iSDY_1059.SDY_0760	28.4	384	225	6	40	391	36	401	4.28e-37	142
NZ_HE978531.1_944	iSF_1195.SF0777	28.1	384	226	6	40	391	36	401	2.77e-36	140
NZ_HE978531.1_944	iHN637.CLJU_RS02395	33.1	305	187	6	336	631	20	316	1.10e-36	139
NZ_HE978531.1_945	iYS854.USA300HOU_RS12310	34.0	288	186	2	17	301	35	321	4.78e-48	168
NZ_HE978531.1_946	iYO844.BSU36710	31.4	245	139	2	14	229	16	260	1.76e-32	119
NZ_HE978531.1_947	iCN900.CD630_17090	32.8	180	104	6	1	179	36	199	2.27e-19	81.3
NZ_HE978531.1_949	iJN1463.PP_2185	40.2	901	517	11	17	902	42	935	3.07e-232	679
NZ_HE978531.1_949	iAF692.Mbar_A1561	51.4	687	319	8	218	893	2	684	2.38e-234	675
NZ_HE978531.1_950	iAF987.Gmet_3349	31.8	314	203	6	4	313	2	308	2.67e-49	175
NZ_HE978531.1_950	iJN1463.PP_2185	31.9	317	195	11	4	307	26	334	6.75e-44	160
NZ_HE978531.1_950	iLJ478.TM1426	42.7	213	116	4	6	217	3	210	9.29e-44	158
NZ_HE978531.1_951	iLJ478.TM0010	63.5	458	165	2	29	485	115	571	9.97e-218	615
NZ_HE978531.1_951	iCN900.CD630_34060	61.2	466	178	1	29	491	144	609	1.91e-215	610
NZ_HE978531.1_951	iHN637.CLJU_RS07210	58.6	476	191	2	20	489	130	605	3.80e-202	576
NZ_HE978531.1_951	iHN637.CLJU_RS03465	59.7	461	184	2	29	487	116	576	4.34e-202	575
NZ_HE978531.1_952	iCN900.CD630_34050	50.3	149	74	0	15	163	8	156	3.36e-47	150
NZ_HE978531.1_952	iHN637.CLJU_RS07215	49.3	146	74	0	17	162	9	154	8.23e-47	149
NZ_HE978531.1_952	iLJ478.TM0012	45.1	153	81	2	17	166	21	173	3.72e-41	135
NZ_HE978531.1_953	iHN637.CLJU_RS18460	45.5	275	144	2	3	277	4	272	2.51e-79	241
NZ_HE978531.1_959	iCN900.CD630_11910	44.5	643	344	6	4	636	17	656	6.53e-189	548
NZ_HE978531.1_959	iHN637.CLJU_RS14330	44.0	643	347	7	4	636	17	656	7.24e-184	535
NZ_HE978531.1_961	iCN900.CD630_10690	36.3	262	166	1	3	264	4	264	1.28e-52	171
NZ_HE978531.1_962	iCN900.CD630_21550	55.7	325	142	1	11	335	32	354	5.04e-131	378
NZ_HE978531.1_964	iHN637.CLJU_RS12050	39.5	162	91	4	1	160	2	158	4.11e-33	114
NZ_HE978531.1_967	iCN900.CD630_31100	38.6	404	229	12	2	395	3	397	3.89e-79	249
NZ_HE978531.1_969	STM_v1_0.STM1963	41.1	489	276	3	4	480	5	493	7.57e-132	390
NZ_HE978531.1_969	iML1515.b1927	41.3	489	275	4	4	480	5	493	2.57e-127	379
NZ_HE978531.1_969	iSSON_1240.SSON_1983	41.3	489	275	4	4	480	5	493	2.57e-127	379
NZ_HE978531.1_969	iSDY_1059.SDY_1088	41.1	489	276	4	4	480	5	493	1.46e-126	377
NZ_HE978531.1_969	iSbBS512_1146.SbBS512_E1057	41.1	489	276	4	4	480	5	493	2.91e-126	376
NZ_HE978531.1_969	iSF_1195.SF1970	40.9	489	277	4	4	480	5	493	5.82e-126	375
NZ_HE978531.1_969	iYL1228.KPN_02419	39.9	489	282	3	4	480	5	493	3.72e-124	370
NZ_HE978531.1_970	iNF517.LLMG_RS05390	60.1	213	83	1	1	211	1	213	2.78e-85	251
NZ_HE978531.1_970	iHN637.CLJU_RS08910	57.1	212	88	2	1	209	1	212	1.35e-79	236
NZ_HE978531.1_979	iHN637.CLJU_RS20110	54.2	212	97	0	1	212	1	212	3.89e-75	225
NZ_HE978531.1_979	iAF692.Mbar_A0086	52.3	214	101	1	1	214	1	213	7.92e-72	217
NZ_HE978531.1_979	iCN900.CD630_00910	49.1	212	108	0	1	212	1	212	3.09e-69	210
NZ_HE978531.1_979	iYS854.USA300HOU_RS12070	50.5	208	103	0	1	208	1	208	4.25e-69	210
NZ_HE978531.1_979	iYO844.BSU01370	47.6	212	111	0	1	212	1	212	3.67e-68	207
NZ_HE978531.1_1015	iSynCJ816.SGL_RS13520	83.3	24	4	0	80	103	519	542	3.33e-08	49.3
NZ_HE978531.1_1015	iLJ478.TM1820	87.0	23	3	0	81	103	479	501	4.51e-08	48.9
NZ_HE978531.1_1015	iCN900.CD630_01980	79.2	24	5	0	80	103	488	511	2.15e-07	47.0
NZ_HE978531.1_1015	iHN637.CLJU_RS18300	79.2	24	5	0	80	103	487	510	2.15e-07	47.0
NZ_HE978531.1_1015	iIT341.HP0409	75.0	24	6	0	80	103	485	508	2.14e-07	47.0
NZ_HE978531.1_1015	iAF987.Gmet_2292	75.0	24	6	0	80	103	497	520	7.47e-07	45.4
NZ_HE978531.1_1017	iJN1463.PP_0294	38.3	47	29	0	30	76	146	192	5.47e-04	36.6
NZ_HE978531.1_1017	iCN900.CD630_19470	33.9	62	37	1	19	76	113	174	6.87e-04	36.2
NZ_HE978531.1_1017	iCN718.ABAYE_RS11225	39.6	48	29	0	29	76	110	157	9.72e-04	35.8
NZ_HE978531.1_1025	iCN718.ABAYE_RS17030	26.8	482	339	7	48	522	58	532	4.12e-42	158
NZ_HE978531.1_1025	iSbBS512_1146.SbBS512_E4307	29.0	424	291	5	45	461	54	474	2.93e-38	147
NZ_HE978531.1_1025	iSDY_1059.SDY_3908	29.0	424	291	5	45	461	54	474	2.93e-38	147
NZ_HE978531.1_1025	iSF_1195.SF3913	29.0	424	291	5	45	461	54	474	2.93e-38	147
NZ_HE978531.1_1025	iSSON_1240.SSON_4010	29.0	424	291	5	45	461	54	474	2.93e-38	147
NZ_HE978531.1_1025	STM_v1_0.STM3972	29.0	424	291	5	45	461	54	474	4.00e-38	147
NZ_HE978531.1_1026	iCN900.CD630_18990	67.9	140	45	0	3	142	6	145	8.65e-72	211
NZ_HE978531.1_1028	iYO844.BSU30450	28.5	267	181	5	3	260	2	267	2.27e-34	125
NZ_HE978531.1_1030	iHN637.CLJU_RS04385	45.0	453	238	5	87	533	60	507	3.26e-131	391
NZ_HE978531.1_1031	iCN900.CD630_13530	24.9	257	181	3	8	252	3	259	1.66e-22	93.2
NZ_HE978531.1_1032	iML1515.b1985	24.0	454	319	7	3	442	35	476	7.29e-34	132
NZ_HE978531.1_1036	iCHOv1.100754792	35.2	679	360	17	5	614	369	1036	2.16e-98	323
NZ_HE978531.1_1039	iCN900.CD630_22760	39.9	436	252	6	1	432	1	430	9.44e-96	296
NZ_HE978531.1_1039	iIT341.HP0942	37.4	430	257	6	10	433	11	434	1.03e-86	272
NZ_HE978531.1_1040	iHN637.CLJU_RS14305	39.1	156	89	4	1	154	1	152	2.18e-21	85.5
NZ_HE978531.1_1040	iYO844.BSU10010	36.4	151	91	3	1	150	1	147	4.77e-20	82.0
NZ_HE978531.1_1041	iHN637.CLJU_RS14370	35.7	339	202	6	2	326	37	373	3.07e-58	192
NZ_HE978531.1_1041	iCN900.CD630_18360	35.0	274	174	3	56	326	121	393	2.65e-53	180
NZ_HE978531.1_1042	iCN900.CD630_18350	48.1	133	65	2	6	136	192	322	3.26e-37	130
NZ_HE978531.1_1042	iHN637.CLJU_RS14375	46.3	136	72	1	9	143	196	331	9.15e-37	129
NZ_HE978531.1_1043	iHN637.CLJU_RS14375	46.6	191	101	1	1	190	1	191	8.14e-49	162
NZ_HE978531.1_1043	iCN900.CD630_18350	41.8	189	110	0	1	189	1	189	1.05e-45	154
NZ_HE978531.1_1044	iCN900.CD630_18320	57.6	330	138	2	1	329	1	329	3.37e-126	364
NZ_HE978531.1_1044	iHN637.CLJU_RS14395	55.0	331	146	3	1	329	1	330	3.04e-121	352
NZ_HE978531.1_1046	iHN637.CLJU_RS05135	49.0	545	275	2	1	545	1	542	5.35e-184	528
NZ_HE978531.1_1048	iJN1463.PP_4653	47.5	427	221	2	9	434	1	425	3.10e-126	372
NZ_HE978531.1_1048	iJN1463.PP_4284	48.0	429	220	2	8	435	20	446	9.25e-122	361
NZ_HE978531.1_1048	iCN900.CD630_21070	46.0	454	218	7	5	434	4	454	2.94e-114	342
NZ_HE978531.1_1048	iML1515.b3714	44.5	431	236	2	5	434	10	438	5.55e-114	341
NZ_HE978531.1_1048	iSSON_1240.SSON_3558	44.3	431	237	2	5	434	10	438	5.55e-114	341
NZ_HE978531.1_1048	iSF_1195.SF3746	44.3	431	237	2	5	434	10	438	1.11e-113	340
NZ_HE978531.1_1048	iSDY_1059.SDY_4199	44.3	431	237	2	5	434	10	438	8.88e-113	338
NZ_HE978531.1_1048	iML1515.b3664	44.4	435	238	3	5	437	10	442	4.86e-112	336
NZ_HE978531.1_1048	iSbBS512_1146.SbBS512_E4208	43.9	431	239	2	5	434	10	438	7.10e-112	336
NZ_HE978531.1_1050	iAM_Pb448.PBANKA_083310	30.8	483	268	13	5	426	7	484	1.10e-56	194
NZ_HE978531.1_1051	iHN637.CLJU_RS07410	51.6	190	92	0	1	190	1	190	4.56e-64	195
NZ_HE978531.1_1051	iYO844.BSU22070	54.0	189	87	0	1	189	1	189	2.42e-62	191
NZ_HE978531.1_1055	iAT_PLT_636.4905	36.2	105	60	4	111	210	256	358	7.33e-05	44.7
NZ_HE978531.1_1055	iMM1415.18195	36.2	105	60	4	111	210	256	358	7.33e-05	44.7
NZ_HE978531.1_1059	iAF987.Gmet_1168	27.6	123	78	3	15	134	273	387	2.13e-04	42.4
NZ_HE978531.1_1060	iAF987.Gmet_1888	41.3	189	104	2	63	248	57	241	1.86e-45	153
NZ_HE978531.1_1063	iCN900.CD630_10870	26.8	257	165	9	14	258	16	261	6.33e-16	75.1
NZ_HE978531.1_1064	iCN900.CD630_08850	45.4	811	405	10	1	785	11	809	8.28e-238	684
NZ_HE978531.1_1064	iSynCJ816.SGL_RS07100	44.8	805	408	8	9	787	32	826	1.47e-232	672
NZ_HE978531.1_1064	iSynCJ816.SGL_RS06895	44.8	820	391	10	11	787	26	826	2.53e-232	671
NZ_HE978531.1_1064	iMM1415.110095	45.6	788	392	10	28	787	50	828	6.41e-222	645
NZ_HE978531.1_1064	iAT_PLT_636.5834	44.1	805	413	10	9	785	31	826	2.05e-221	643
NZ_HE978531.1_1064	iMM1415.19309	43.6	817	414	10	2	785	24	826	3.97e-221	642
NZ_HE978531.1_1064	iNF517.LLMG_RS09365	44.3	820	397	15	1	787	3	795	1.64e-220	639
NZ_HE978531.1_1064	iCHOv1.100757350	43.3	817	416	10	2	785	67	869	1.40e-218	637
NZ_HE978531.1_1064	iYO844.BSU30940	43.9	808	412	10	3	787	5	794	6.98e-219	635
NZ_HE978531.1_1064	iAF987.Gmet_0940	43.1	810	420	9	7	787	22	819	7.14e-218	634
NZ_HE978531.1_1064	iCHOv1.100769186	46.4	744	364	9	68	785	1	735	2.06e-214	622
NZ_HE978531.1_1064	iAF987.Gmet_2767	43.5	782	409	7	31	787	53	826	2.69e-211	617
NZ_HE978531.1_1066	iML1515.b1601	29.8	131	89	2	234	362	192	321	2.83e-05	45.4
NZ_HE978531.1_1067	iCN900.CD630_25740	31.9	141	85	4	1	130	1	141	8.78e-11	57.0
NZ_HE978531.1_1067	iNF517.LLMG_RS10075	36.0	89	49	2	23	103	19	107	2.23e-09	53.1
NZ_HE978531.1_1068	iJN1463.PP_1645	33.8	71	45	1	38	108	39	107	5.62e-06	42.0
NZ_HE978531.1_1068	iPC815.YPO3070	27.3	99	69	2	11	108	12	108	8.18e-05	38.9
NZ_HE978531.1_1072	iCN900.CD630_04310	30.0	227	139	7	18	230	256	476	5.21e-18	84.3
NZ_HE978531.1_1073	iML1515.b3201	28.9	253	127	7	1	238	1	215	4.48e-20	86.3
NZ_HE978531.1_1073	iSbBS512_1146.SbBS512_E3569	28.9	253	127	7	1	238	1	215	4.48e-20	86.3
NZ_HE978531.1_1073	iSDY_1059.SDY_3382	28.9	253	127	7	1	238	1	215	4.48e-20	86.3
NZ_HE978531.1_1073	iSF_1195.SF3241	28.9	253	127	7	1	238	1	215	4.48e-20	86.3
NZ_HE978531.1_1073	iSSON_1240.SSON_3349	28.9	253	127	7	1	238	1	215	4.48e-20	86.3
NZ_HE978531.1_1076	iEK1008.Rv0684	25.5	490	249	11	6	393	13	488	1.31e-29	124
NZ_HE978531.1_1076	iSynCJ816.SGL_RS10930	27.1	490	240	15	4	393	8	480	5.32e-28	119
NZ_HE978531.1_1076	iSynCJ816.SGL_RS17200	26.0	488	245	14	7	393	9	481	5.29e-27	115
NZ_HE978531.1_1078	iAF987.Gmet_3171	66.0	50	17	0	1	50	2	51	1.12e-24	85.5
NZ_HE978531.1_1080	STM_v1_0.STM3717	30.2	255	166	8	1	253	26	270	5.91e-23	95.9
NZ_HE978531.1_1084	STM_v1_0.STM1221	28.4	116	77	3	6	118	155	267	1.30e-05	42.4
NZ_HE978531.1_1089	iYO844.BSU30450	31.4	220	148	2	4	220	1	220	1.84e-33	122
NZ_HE978531.1_1093	iCN718.ABAYE_RS00870	31.5	149	92	1	3	141	2	150	9.64e-18	74.7
NZ_HE978531.1_1094	iNF517.LLMG_RS04065	26.0	223	144	7	45	257	65	276	1.69e-05	45.4
NZ_HE978531.1_1094	iSynCJ816.SGL_RS06010	26.1	111	75	3	152	259	219	325	6.23e-05	43.9
NZ_HE978531.1_1094	iYO844.BSU35950	26.4	144	96	5	160	298	184	322	3.07e-04	41.6
NZ_HE978531.1_1095	iCN900.CD630_03020	25.8	198	129	4	183	368	140	331	1.87e-09	58.2
NZ_HE978531.1_1096	iNF517.LLMG_RS04060	39.3	496	292	3	11	504	3	491	4.60e-114	345
NZ_HE978531.1_1096	iYO844.BSU35940	37.6	500	296	5	11	504	3	492	2.95e-109	333
NZ_HE978531.1_1096	iHN637.CLJU_RS00620	37.8	498	302	2	10	504	5	497	5.56e-108	330
NZ_HE978531.1_1096	iPC815.YPO3964	35.9	501	313	5	5	503	1	495	3.35e-102	315
NZ_HE978531.1_1096	iPC815.YPO1508	35.6	494	314	2	10	502	13	503	2.56e-101	313
NZ_HE978531.1_1096	iCN900.CD630_03010	37.1	498	304	4	10	504	5	496	4.67e-101	312
NZ_HE978531.1_1099	iLJ478.TM1429	53.4	236	107	2	3	238	2	234	9.18e-84	249
NZ_HE978531.1_1099	iYO844.BSU09280	52.6	232	107	2	7	238	6	234	3.84e-77	233
NZ_HE978531.1_1100	iLJ478.TM1432	38.5	478	276	11	5	473	4	472	8.36e-95	295
NZ_HE978531.1_1101	iYO844.BSU30410	27.5	459	288	15	1	440	1	433	4.13e-30	120
NZ_HE978531.1_1103	iCN900.CD630_19470	48.2	218	113	0	4	221	10	227	5.37e-69	211
NZ_HE978531.1_1104	iYO844.BSU12960	35.9	549	319	12	12	549	20	546	7.05e-103	320
NZ_HE978531.1_1104	iYL1228.KPN_02197	37.9	499	277	15	52	535	44	524	6.37e-95	299
NZ_HE978531.1_1105	iLJ478.TM0057	56.1	326	132	6	5	322	2	324	8.40e-119	345
NZ_HE978531.1_1105	iLJ478.TM1750	56.3	295	122	4	30	322	32	321	4.55e-111	325
NZ_HE978531.1_1105	iLJ478.TM1063	51.8	330	142	8	6	322	3	328	7.00e-111	325
NZ_HE978531.1_1105	iYS854.USA300HOU_RS04905	59.3	273	103	3	3	273	4	270	1.69e-107	316
NZ_HE978531.1_1106	iYO844.BSU12950	54.6	317	142	2	11	326	4	319	8.75e-111	325
NZ_HE978531.1_1106	iML1515.b1246	48.1	322	164	3	11	332	19	337	1.14e-106	315
NZ_HE978531.1_1106	iSbBS512_1146.SbBS512_E1415	48.1	322	164	3	11	332	19	337	1.14e-106	315
NZ_HE978531.1_1106	iSDY_1059.SDY_1304	48.1	322	164	3	11	332	19	337	1.62e-106	314
NZ_HE978531.1_1106	iSF_1195.SF1247	48.1	322	164	3	11	332	19	337	1.62e-106	314
NZ_HE978531.1_1106	iSSON_1240.SSON_1934	48.1	322	164	3	11	332	19	337	1.62e-106	314
NZ_HE978531.1_1106	STM_v1_0.STM1743	48.4	322	163	3	11	332	17	335	4.31e-106	313
NZ_HE978531.1_1106	iYS854.USA300HOU_RS04900	49.8	317	158	1	11	326	5	321	2.23e-104	310
NZ_HE978531.1_1106	iYL1228.KPN_02194	47.2	322	167	3	11	332	19	337	2.43e-103	306
NZ_HE978531.1_1106	iLJ478.TM1749	47.8	322	167	1	10	331	3	323	3.65e-102	303
NZ_HE978531.1_1106	iLJ478.TM1064	48.1	322	161	3	11	327	4	324	3.83e-101	300
NZ_HE978531.1_1106	STM_v1_0.STM3627	45.8	321	173	1	11	331	3	322	1.06e-99	296
NZ_HE978531.1_1106	iSSON_1240.SSON_3849	45.5	321	174	1	11	331	3	322	4.26e-99	295
NZ_HE978531.1_1106	iML1515.b3541	45.5	321	174	1	11	331	3	322	1.71e-98	293
NZ_HE978531.1_1106	iSF_1195.SF3576	45.5	321	174	1	11	331	3	322	1.71e-98	293
NZ_HE978531.1_1107	iYO844.BSU12940	44.1	320	156	2	23	341	23	320	4.71e-82	251
NZ_HE978531.1_1107	iYS854.USA300HOU_RS04895	41.6	329	141	3	42	341	50	356	6.37e-74	232
NZ_HE978531.1_1108	iYO844.BSU12930	43.0	307	174	1	1	307	1	306	5.86e-77	237
NZ_HE978531.1_1108	iYS854.USA300HOU_RS04890	41.2	306	178	2	3	308	3	306	4.89e-70	219
NZ_HE978531.1_1108	STM_v1_0.STM1745	40.0	305	180	2	1	303	1	304	1.30e-69	218
NZ_HE978531.1_1108	iYL1228.KPN_02196	39.3	305	182	2	1	303	1	304	1.47e-68	215
NZ_HE978531.1_1108	iSbBS512_1146.SbBS512_E1413	40.0	305	180	2	1	303	1	304	2.07e-68	215
NZ_HE978531.1_1108	iML1515.b1244	39.7	305	181	2	1	303	1	304	2.93e-68	214
NZ_HE978531.1_1108	iSF_1195.SF1245	39.7	305	181	2	1	303	1	304	2.93e-68	214
NZ_HE978531.1_1112	iLJ478.TM1433	43.4	417	220	9	3	419	2	402	1.09e-106	320
NZ_HE978531.1_1113	iLJ478.TM1432	42.5	478	265	7	4	473	3	478	1.27e-118	355
NZ_HE978531.1_1114	iSDY_1059.SDY_3818	64.9	499	173	2	3	500	5	502	5.96e-241	669
NZ_HE978531.1_1114	iML1515.b3926	64.7	499	174	2	3	500	5	502	3.43e-240	667
NZ_HE978531.1_1114	iSSON_1240.SSON_4095	64.8	497	173	2	3	498	12	507	9.22e-240	666
NZ_HE978531.1_1114	iSbBS512_1146.SbBS512_E4408	64.7	499	174	2	3	500	5	502	1.39e-239	665
NZ_HE978531.1_1114	STM_v1_0.STM4086	64.0	497	177	2	3	498	5	500	4.60e-238	661
NZ_HE978531.1_1114	iCN900.CD630_13820	64.1	499	177	2	3	500	4	501	1.41e-237	660
NZ_HE978531.1_1114	iYL1228.KPN_04011	63.9	499	178	2	3	500	5	502	7.85e-237	658
NZ_HE978531.1_1114	iLJ478.TM1430	65.1	478	166	1	3	480	2	478	2.07e-229	639
NZ_HE978531.1_1114	iYS854.USA300HOU_RS06545	61.5	491	187	2	1	490	1	490	5.23e-229	638
NZ_HE978531.1_1114	iYO844.BSU09290	62.1	496	186	2	1	495	1	495	1.97e-228	637
NZ_HE978531.1_1114	iJN1463.PP_1075	61.0	495	187	2	4	498	9	497	4.83e-225	628
NZ_HE978531.1_1114	iCN718.ABAYE_RS04620	60.7	496	191	3	3	496	7	500	1.94e-220	617
NZ_HE978531.1_1114	iSF_1195.SF4004	65.5	452	154	2	50	500	2	452	5.77e-217	606
NZ_HE978531.1_1115	iYS854.USA300HOU_RS06535	36.0	178	111	1	11	188	6	180	1.75e-29	107
NZ_HE978531.1_1116	iYS854.USA300HOU_RS09310	40.2	224	132	1	3	226	1	222	3.93e-53	171
NZ_HE978531.1_1116	iCN900.CD630_04050	41.6	233	131	4	4	232	6	237	2.60e-50	164
NZ_HE978531.1_1120	iNF517.LLMG_RS01730	41.9	236	131	3	39	271	38	270	1.78e-50	167
NZ_HE978531.1_1120	iYL1228.KPN_00211	42.9	252	136	5	33	281	25	271	1.66e-50	167
NZ_HE978531.1_1120	iNF517.LLMG_RS01750	40.5	247	136	5	41	281	41	282	2.50e-50	167
NZ_HE978531.1_1120	iML1515.b0197	41.3	252	140	4	33	281	25	271	2.34e-50	166
NZ_HE978531.1_1120	STM_v1_0.STM0245	41.1	270	140	5	15	281	18	271	2.34e-50	166
NZ_HE978531.1_1120	iSbBS512_1146.SbBS512_E0191	41.3	252	140	4	33	281	25	271	2.34e-50	166
NZ_HE978531.1_1120	iSF_1195.SF0188	41.3	252	140	4	33	281	25	271	2.34e-50	166
NZ_HE978531.1_1120	iSSON_1240.SSON_0211	41.3	252	140	4	33	281	25	271	2.34e-50	166
NZ_HE978531.1_1120	iSDY_1059.SDY_0216	40.9	252	141	4	33	281	25	271	6.57e-50	165
NZ_HE978531.1_1120	iYS854.USA300HOU_RS02335	39.7	277	148	5	1	275	1	260	4.68e-49	163
NZ_HE978531.1_1120	iNF517.LLMG_RS01735	40.5	247	140	5	39	281	38	281	1.54e-48	162
NZ_HE978531.1_1120	iNF517.LLMG_RS01740	39.7	247	143	4	39	281	39	283	2.23e-48	162
NZ_HE978531.1_1121	iYS854.USA300HOU_RS02335	46.3	242	127	3	48	288	24	263	9.69e-61	194
NZ_HE978531.1_1121	iSbBS512_1146.SbBS512_E0191	40.3	248	140	4	46	290	29	271	1.86e-55	180
NZ_HE978531.1_1121	iSF_1195.SF0188	40.3	248	140	4	46	290	29	271	1.86e-55	180
NZ_HE978531.1_1121	iSSON_1240.SSON_0211	40.3	248	140	4	46	290	29	271	1.86e-55	180
NZ_HE978531.1_1121	iNF517.LLMG_RS01735	42.9	247	134	5	48	290	38	281	4.02e-55	179
NZ_HE978531.1_1121	iNF517.LLMG_RS01740	41.6	250	140	5	45	290	36	283	4.14e-55	179
NZ_HE978531.1_1121	STM_v1_0.STM0245	41.1	248	138	4	46	290	29	271	5.24e-55	179
NZ_HE978531.1_1121	iML1515.b0197	39.9	248	141	4	46	290	29	271	7.39e-55	178
NZ_HE978531.1_1121	iSDY_1059.SDY_0216	39.9	248	141	4	46	290	29	271	1.04e-54	178
NZ_HE978531.1_1122	iCN718.ABAYE_RS07235	48.7	193	99	0	21	213	33	225	3.79e-52	167
NZ_HE978531.1_1122	iNF517.LLMG_RS01760	44.8	201	111	0	21	221	30	230	2.19e-48	158
NZ_HE978531.1_1122	iJN1463.PP_0113	43.3	201	114	0	21	221	22	222	1.11e-46	153
NZ_HE978531.1_1122	iYS854.USA300HOU_RS02330	46.1	193	104	0	21	213	18	210	9.90e-47	153
NZ_HE978531.1_1122	iCN900.CD630_14900	46.6	176	94	0	43	218	41	216	3.84e-46	152
NZ_HE978531.1_1123	iNF517.LLMG_RS01755	47.2	216	112	1	1	214	146	361	1.88e-63	201
NZ_HE978531.1_1123	iYO844.BSU32750	45.3	203	110	1	1	203	127	328	4.05e-59	189
NZ_HE978531.1_1123	iIT341.HP1576	42.3	215	112	1	1	215	125	327	9.81e-57	182
NZ_HE978531.1_1123	iYS854.USA300HOU_RS04405	44.3	210	106	2	1	201	127	334	2.83e-56	182
NZ_HE978531.1_1124	iIT341.HP1576	56.7	104	44	1	1	103	2	105	6.90e-35	122
NZ_HE978531.1_1125	iYS854.USA300HOU_RS02885	30.5	279	186	5	2	277	109	382	1.48e-31	120
NZ_HE978531.1_1125	iCN900.CD630_21730	28.8	278	193	3	5	280	113	387	1.38e-28	112
NZ_HE978531.1_1125	iSynCJ816.SGL_RS17805	25.4	284	204	5	2	280	121	401	2.95e-27	109
NZ_HE978531.1_1126	iCN900.CD630_21730	39.4	94	54	3	8	100	5	96	2.67e-10	56.2
NZ_HE978531.1_1126	iSynCJ816.SGL_RS15740	40.5	84	49	1	8	90	2	85	3.64e-10	55.8
NZ_HE978531.1_1127	iCN900.CD630_01200	53.9	610	277	3	1	606	1	610	8.33e-232	654
NZ_HE978531.1_1127	iHN637.CLJU_RS19905	52.7	609	284	3	1	606	1	608	1.80e-220	625
NZ_HE978531.1_1128	iCN900.CD630_26820	59.9	1172	463	4	9	1174	7	1177	0.0	1441
NZ_HE978531.1_1128	iHN637.CLJU_RS04605	58.9	1174	473	6	5	1176	2	1168	0.0	1404
NZ_HE978531.1_1128	iHN637.CLJU_RS14475	56.6	1167	502	4	9	1174	7	1169	0.0	1357
NZ_HE978531.1_1129	iCHOv1.100752285	27.5	269	168	5	141	393	235	492	1.88e-15	77.8
NZ_HE978531.1_1129	iMM1415.20512	27.1	255	172	5	160	403	265	516	3.21e-14	73.9
NZ_HE978531.1_1129	iPC815.YPO0584	25.4	413	280	13	6	401	21	422	3.16e-14	73.6
NZ_HE978531.1_1129	iCHOv1.100689464	26.7	255	173	5	160	403	265	516	7.57e-14	72.8
NZ_HE978531.1_1129	iCHOv1.100770833	30.4	161	110	2	234	393	367	526	2.44e-13	71.2
NZ_HE978531.1_1129	iCHOv1.100689351	30.1	156	107	2	234	388	324	478	4.13e-13	70.5
NZ_HE978531.1_1129	iCHOv1.100760895	29.0	262	162	5	144	393	233	482	4.15e-13	70.5
NZ_HE978531.1_1130	iSF_1195.SF0846	28.1	224	135	8	144	347	336	553	1.89e-16	80.1
NZ_HE978531.1_1130	iCN900.CD630_32150	32.1	190	113	4	161	334	8	197	6.88e-17	79.0
NZ_HE978531.1_1130	iAF987.Gmet_2634	28.9	218	121	7	146	335	324	535	4.46e-16	79.0
NZ_HE978531.1_1130	iML1515.b0887	27.7	224	136	8	144	347	336	553	1.09e-15	77.8
NZ_HE978531.1_1130	iSDY_1059.SDY_2374	27.7	224	136	8	144	347	336	553	1.09e-15	77.8
NZ_HE978531.1_1130	iSSON_1240.SSON_0888	28.6	224	134	9	144	347	336	553	1.46e-15	77.4
NZ_HE978531.1_1130	iPC815.YPO1395	25.4	303	193	9	74	350	256	551	2.60e-15	76.6
NZ_HE978531.1_1130	iSbBS512_1146.SbBS512_E2442	28.6	224	134	9	144	347	336	553	3.51e-15	76.3
NZ_HE978531.1_1130	iYL1228.KPN_00941	23.2	297	203	8	74	348	256	549	4.66e-15	75.9
NZ_HE978531.1_1130	iML1515.b0914	24.2	297	200	9	74	348	256	549	8.35e-15	75.1
NZ_HE978531.1_1130	iSbBS512_1146.SbBS512_E2410	24.2	297	200	9	74	348	256	549	8.35e-15	75.1
NZ_HE978531.1_1130	iSDY_1059.SDY_2344	24.2	297	200	9	74	348	256	549	8.35e-15	75.1
NZ_HE978531.1_1130	iSF_1195.SF0910	24.2	297	200	9	74	348	256	549	8.35e-15	75.1
NZ_HE978531.1_1130	iSSON_1240.SSON_0916	24.2	297	200	9	74	348	256	549	8.35e-15	75.1
NZ_HE978531.1_1130	iJN1463.PP_3466	28.0	279	167	9	85	335	267	539	1.10e-14	74.7
NZ_HE978531.1_1130	iNF517.LLMG_RS09320	31.5	197	116	7	157	336	335	529	1.98e-14	73.9
NZ_HE978531.1_1130	STM_v1_0.STM0984	22.6	297	205	8	74	348	256	549	2.67e-14	73.6
NZ_HE978531.1_1130	iYS854.USA300HOU_RS08305	27.5	193	119	4	161	334	14	204	1.09e-14	72.8
NZ_HE978531.1_1139	iML1515.b3697	27.6	272	190	3	2	270	3	270	1.88e-20	87.8
NZ_HE978531.1_1139	iML1515.b0766	28.5	249	157	5	3	239	4	243	3.40e-18	81.6
NZ_HE978531.1_1139	iSbBS512_1146.SbBS512_E0687	28.1	249	158	5	3	239	4	243	3.40e-18	81.6
NZ_HE978531.1_1139	iSF_1195.SF0538	28.1	249	158	5	3	239	4	243	6.46e-18	80.9
NZ_HE978531.1_1139	iSSON_1240.SSON_4000	25.7	272	194	5	1	270	1	266	8.18e-18	80.5
NZ_HE978531.1_1139	iSDY_1059.SDY_3917	25.7	272	194	5	1	270	1	266	1.13e-17	80.1
NZ_HE978531.1_1139	iSF_1195.SF3904	26.1	272	193	5	1	270	1	266	1.55e-17	79.7
NZ_HE978531.1_1139	iSbBS512_1146.SbBS512_E4293	25.7	272	194	5	1	270	1	266	2.14e-17	79.3
NZ_HE978531.1_1143	iYS854.USA300HOU_RS10275	36.9	160	101	0	1	160	2	161	4.67e-33	114
NZ_HE978531.1_1145	iAF987.Gmet_2731	33.3	168	99	3	8	174	10	165	2.24e-21	90.1
NZ_HE978531.1_1145	iAF987.Gmet_2732	35.8	123	78	1	4	126	12	133	9.52e-20	85.9
NZ_HE978531.1_1145	iYO844.BSU36130	34.2	120	79	0	3	122	4	123	1.05e-18	82.8
NZ_HE978531.1_1146	iAF987.Gmet_2731	33.7	104	68	1	22	125	20	122	1.12e-10	57.4
NZ_HE978531.1_1151	iHN637.CLJU_RS16285	46.9	160	81	2	1	160	106	261	3.65e-41	138
NZ_HE978531.1_1151	iYS854.USA300HOU_RS11305	42.1	159	87	3	1	155	109	266	5.40e-36	125
NZ_HE978531.1_1152	iHN637.CLJU_RS16285	61.2	98	38	0	1	98	1	98	2.73e-27	100
NZ_HE978531.1_1152	iCN900.CD630_15990	57.3	96	41	0	5	100	9	104	1.01e-26	98.6
NZ_HE978531.1_1152	iAF987.Gmet_2909	54.2	96	44	0	5	100	229	324	2.84e-24	94.7
NZ_HE978531.1_1154	iAF692.Mbar_A3423	36.8	486	293	5	1	482	1	476	8.22e-95	295
NZ_HE978531.1_1154	iAF692.Mbar_A3429	34.9	470	292	5	9	474	16	475	6.81e-92	287
NZ_HE978531.1_1155	iPC815.YPO0239	28.2	450	313	5	1	447	1	443	2.20e-53	185
NZ_HE978531.1_1155	iYL1228.KPN_03690	27.3	450	317	5	1	447	1	443	8.32e-53	183
NZ_HE978531.1_1155	STM_v1_0.STM3409	27.3	450	317	5	1	447	1	443	2.26e-52	182
NZ_HE978531.1_1155	iML1515.b3290	27.1	450	318	5	1	447	1	443	2.30e-51	179
NZ_HE978531.1_1155	iSbBS512_1146.SbBS512_E3674	27.1	450	318	5	1	447	1	443	2.30e-51	179
NZ_HE978531.1_1155	iSF_1195.SF3321	27.1	450	318	5	1	447	1	443	2.30e-51	179
NZ_HE978531.1_1155	iSSON_1240.SSON_3430	27.1	450	318	5	1	447	1	443	2.30e-51	179
NZ_HE978531.1_1155	iSDY_1059.SDY_3466	26.9	450	319	5	1	447	1	443	8.68e-51	178
NZ_HE978532.1_1	iML1515.b1010	38.7	106	65	0	19	124	21	126	3.03e-21	82.0
NZ_HE978532.1_1	iSDY_1059.SDY_0985	38.7	106	65	0	19	124	21	126	3.03e-21	82.0
NZ_HE978532.1_1	iSF_1195.SF1013	37.7	106	66	0	19	124	21	126	1.37e-19	77.8
NZ_HE978532.1_4	iNF517.LLMG_RS11600	45.7	552	290	4	19	566	19	564	3.83e-167	486
NZ_HE978532.1_8	iYS854.USA300HOU_RS05695	33.8	795	503	11	1	779	1	788	5.38e-140	432
NZ_HE978532.1_8	iLJ478.TM0822	35.5	798	476	18	1	781	1	776	6.43e-138	426
NZ_HE978532.1_8	iAF987.Gmet_1416	33.8	804	503	8	1	785	1	794	2.65e-132	412
NZ_HE978532.1_9	iCN900.CD630_06990	54.1	340	155	1	1	340	1	339	7.78e-129	371
NZ_HE978532.1_9	iHN637.CLJU_RS16970	50.0	340	167	3	1	340	1	337	1.39e-116	340
NZ_HE978532.1_17	iYS854.USA300HOU_RS11550	42.9	77	44	0	1	77	8	84	1.80e-12	60.5
NZ_HE978532.1_18	iCN900.CD630_23820	44.3	413	228	2	1	411	1	413	1.23e-125	369
NZ_HE978532.1_19	iYO844.BSU21680	62.3	138	51	1	6	143	5	141	1.33e-60	183
NZ_HE978532.1_19	iCN900.CD630_21660	60.6	142	54	2	5	144	178	319	1.07e-54	174
NZ_HE978532.1_19	iAF987.Gmet_0222	57.3	143	56	2	2	143	8	146	6.94e-54	171
NZ_HE978532.1_20	iAF692.Mbar_A1688	23.9	348	245	9	16	355	3	338	2.10e-17	82.0
NZ_HE978532.1_20	iAF692.Mbar_A1054	27.4	223	150	6	135	355	125	337	2.57e-15	75.9
NZ_HE978532.1_21	iAF692.Mbar_A3585	28.4	204	129	5	154	354	144	333	3.20e-18	84.7
NZ_HE978532.1_24	iCN900.CD630_07300	31.7	628	301	13	7	520	9	622	3.18e-85	276
NZ_HE978532.1_24	iHN637.CLJU_RS18480	31.1	630	315	12	1	520	2	622	4.95e-84	273
NZ_HE978532.1_25	iAF692.Mbar_A3604	45.5	178	96	1	37	213	36	213	1.85e-49	160
NZ_HE978532.1_25	iAF692.Mbar_A1501	44.7	179	98	1	36	213	29	207	1.99e-47	155
NZ_HE978532.1_25	iAF692.Mbar_A1503	38.6	215	130	1	1	213	1	215	7.30e-47	154
NZ_HE978532.1_27	iYS854.USA300HOU_RS09025	58.4	392	156	2	3	390	2	390	1.84e-157	449
NZ_HE978532.1_27	iYO844.BSU29220	57.6	389	164	1	3	390	2	390	7.68e-157	447
NZ_HE978532.1_27	iHN637.CLJU_RS02030	51.9	391	188	0	1	391	1	391	4.06e-144	415
NZ_HE978532.1_27	iCN900.CD630_10050	54.4	377	171	1	8	383	10	386	3.01e-140	404
NZ_HE978532.1_28	iYS854.USA300HOU_RS09890	52.8	458	210	1	1	452	1	458	3.59e-161	462
NZ_HE978532.1_28	iIT341.HP1325	52.9	459	209	1	1	452	1	459	5.82e-158	454
NZ_HE978532.1_28	iYO844.BSU33040	50.9	458	219	1	1	452	1	458	1.05e-155	449
NZ_HE978532.1_28	STM_v1_0.STM1469	50.0	456	221	1	4	452	5	460	5.22e-147	427
NZ_HE978532.1_28	iSDY_1059.SDY_1827	49.8	456	222	1	4	452	5	460	3.41e-145	422
NZ_HE978532.1_28	iSF_1195.SF1634	49.8	456	222	1	4	452	5	460	4.83e-145	422
NZ_HE978532.1_28	iML1515.b1611	49.8	456	222	1	4	452	5	460	6.84e-145	421
NZ_HE978532.1_28	iSbBS512_1146.SbBS512_E1796	49.8	456	222	1	4	452	5	460	6.84e-145	421
NZ_HE978532.1_28	iSSON_1240.SSON_1549	49.6	456	223	1	4	452	5	460	1.94e-144	420
NZ_HE978532.1_28	iYL1228.KPN_01517	49.5	457	224	1	3	452	4	460	1.52e-143	418
NZ_HE978532.1_30	iNF517.LLMG_RS12580	39.6	230	137	2	1	228	1	230	4.54e-60	189
NZ_HE978532.1_31	iPC815.YPO0254	33.1	429	269	6	8	426	5	425	9.10e-65	214
NZ_HE978532.1_31	iJN1463.PP_0137	34.4	416	260	5	13	417	2	415	3.89e-64	212
NZ_HE978532.1_31	iYL1228.KPN_04480	32.3	437	282	6	5	433	3	433	1.87e-63	210
NZ_HE978532.1_31	iYS854.USA300HOU_RS12895	32.1	427	258	5	7	418	6	415	7.55e-63	208
NZ_HE978532.1_31	STM_v1_0.STM4283	33.0	437	279	6	5	433	2	432	1.39e-62	208
NZ_HE978532.1_31	iCN718.ABAYE_RS16630	33.9	428	255	8	5	417	2	416	2.25e-62	207
NZ_HE978532.1_31	iHN637.CLJU_RS10210	32.6	420	273	4	5	420	2	415	5.65e-62	206
NZ_HE978532.1_31	iSbBS512_1146.SbBS512_E4598	31.8	437	284	6	5	433	2	432	4.18e-61	204
NZ_HE978532.1_31	iSSON_1240.SSON_4258	31.8	437	284	6	5	433	2	432	4.18e-61	204
NZ_HE978532.1_31	iML1515.b4077	31.8	437	284	6	5	433	2	432	8.22e-61	203
NZ_HE978532.1_31	iSF_1195.SF4137	31.6	437	285	6	5	433	2	432	6.22e-60	201
NZ_HE978532.1_31	iYO844.BSU02340	30.8	419	267	5	13	423	3	406	1.93e-59	199
NZ_HE978532.1_31	iYO844.BSU10220	34.2	368	237	2	52	415	40	406	2.22e-57	194
NZ_HE978532.1_32	iHN637.CLJU_RS02035	56.6	458	199	0	4	461	3	460	1.12e-174	498
NZ_HE978532.1_40	iYS854.USA300HOU_RS07655	44.9	49	27	0	185	233	416	464	1.74e-05	45.1
NZ_HE978532.1_45	iYS854.USA300HOU_RS05240	35.8	159	74	5	413	548	1085	1238	4.10e-15	80.5
NZ_HE978532.1_45	iYO844.BSU35780	31.8	217	127	11	347	546	648	860	5.27e-14	76.6
NZ_HE978532.1_45	iYS854.USA300HOU_RS12485	34.2	149	78	6	413	546	49	192	9.32e-15	74.3
NZ_HE978532.1_66	iIT341.HP0865	35.0	123	76	2	14	133	20	141	1.29e-20	81.3
NZ_HE978532.1_66	iAF987.Gmet_1593	40.4	114	64	2	24	134	36	148	2.77e-20	80.5
NZ_HE978532.1_66	iHN637.CLJU_RS04975	37.7	122	72	2	15	133	21	141	3.47e-20	80.1
NZ_HE978532.1_66	iCN900.CD630_24030	36.9	122	73	2	15	133	22	142	1.94e-19	78.2
NZ_HE978532.1_66	iEK1008.Rv2697c	36.7	128	73	3	14	133	22	149	3.93e-18	75.1
NZ_HE978532.1_66	iMM904.YBR252W	33.3	117	77	1	18	133	30	146	6.65e-18	74.3
NZ_HE978532.1_66	iCHOv1.100761578	33.9	118	76	2	18	134	76	192	2.46e-17	73.9
NZ_HE978532.1_90	iNF517.LLMG_RS00415	35.3	238	145	5	3	233	39	274	1.65e-31	117
NZ_HE978532.1_91	iCN900.CD630_03960	27.8	266	182	5	320	583	4	261	2.01e-23	101
NZ_HE978532.1_92	iLJ478.TM0475	29.2	65	45	1	108	171	150	214	3.92e-04	39.7
NZ_HE978532.1_93	iCN900.CD630_24640	30.2	106	66	3	144	246	130	230	1.97e-07	51.6
NZ_HE978532.1_108	iCN900.CD630_03980	25.3	237	165	4	80	315	147	372	7.49e-16	77.0
NZ_HE978532.1_111	iCN900.CD630_03960	40.2	251	146	4	1	248	1	250	2.78e-57	183
NZ_HE978532.1_112	iHN637.CLJU_RS13445	60.9	562	190	5	1	534	3	562	1.47e-233	654
NZ_HE978532.1_113	iNF517.LLMG_RS01005	40.7	450	238	9	7	432	14	458	1.54e-104	318
NZ_HE978532.1_114	iYO844.BSU38390	31.8	412	261	6	7	416	4	397	1.97e-56	192
NZ_HE978532.1_114	iYO844.BSU38580	33.1	414	257	8	5	416	2	397	6.73e-55	188
NZ_HE978532.1_115	iCHOv1.100752441	40.8	355	181	10	5	355	37	366	5.58e-81	257
NZ_HE978532.1_115	iMM1415.71665	39.3	361	184	11	5	358	27	359	1.67e-80	255
NZ_HE978532.1_115	iMM1415.66848	38.4	406	193	15	4	393	31	395	1.18e-79	253
NZ_HE978532.1_115	iCHOv1.100756134	38.2	406	194	15	4	393	36	400	2.08e-78	250
NZ_HE978532.1_116	iCN900.CD630_01360	33.8	77	51	0	2	78	3	79	9.25e-08	46.2
NZ_HE978532.1_116	iYO844.BSU38590	30.6	72	48	1	4	75	3	72	3.45e-06	42.0
NZ_HE978532.1_116	iYO844.BSU05810	28.7	87	58	2	1	86	1	84	3.52e-06	42.0
NZ_HE978532.1_117	iCN900.CD630_01350	40.0	100	60	0	9	108	3	102	4.37e-22	83.2
NZ_HE978532.1_117	iYO844.BSU38570	36.8	106	67	0	4	109	2	107	8.01e-19	75.1
NZ_HE978532.1_118	iYS854.USA300HOU_RS11635	24.8	585	380	18	1	545	2	566	1.53e-29	124
NZ_HE978532.1_119	iML1515.b3697	30.5	272	179	3	3	269	4	270	1.10e-36	130
NZ_HE978532.1_120	iYO844.BSU31930	56.9	364	155	2	1	364	1	362	3.52e-137	395
NZ_HE978532.1_120	iYS854.USA300HOU_RS09065	54.3	368	165	3	1	367	1	366	9.45e-131	379
NZ_HE978532.1_122	iHN637.CLJU_RS00595	43.5	317	178	1	1	317	218	533	1.91e-88	274
NZ_HE978532.1_123	iHN637.CLJU_RS00595	49.5	196	98	1	8	202	8	203	4.03e-62	201
NZ_HE978532.1_124	iML1515.b2800	40.4	213	122	4	1	211	1	210	8.16e-46	150
NZ_HE978532.1_124	iSDY_1059.SDY_3017	40.4	213	122	4	1	211	1	210	8.16e-46	150
NZ_HE978532.1_124	iSF_1195.SF2814	40.4	213	122	4	1	211	1	210	8.16e-46	150
NZ_HE978532.1_124	iYL1228.KPN_03151	40.8	213	121	4	1	211	1	210	1.15e-45	150
NZ_HE978532.1_124	iSSON_1240.SSON_2957	40.4	213	122	4	1	211	1	210	1.63e-45	150
NZ_HE978532.1_124	STM_v1_0.STM2974	39.4	213	124	4	1	211	1	210	3.68e-44	146
NZ_HE978532.1_125	iHN637.CLJU_RS00620	48.4	322	158	4	1	318	1	318	4.13e-93	294
NZ_HE978532.1_125	iSbBS512_1146.SbBS512_E0817	47.0	319	163	3	3	318	11	326	9.64e-93	288
NZ_HE978532.1_125	iYO844.BSU35940	49.5	317	155	3	6	320	3	316	2.26e-90	287
NZ_HE978532.1_125	STM_v1_0.STM2189	47.0	319	163	3	3	318	11	326	4.55e-90	286
NZ_HE978532.1_125	iML1515.b2149	46.4	319	165	3	3	318	11	326	2.49e-89	285
NZ_HE978532.1_125	iSF_1195.SF2234	46.4	319	165	3	3	318	11	326	2.49e-89	285
NZ_HE978532.1_125	iSSON_1240.SSON_2205	46.4	319	165	3	3	318	11	326	2.49e-89	285
NZ_HE978532.1_125	iYL1228.KPN_02587	47.1	314	160	3	8	318	1	311	3.25e-89	284
NZ_HE978532.1_125	iPC815.YPO1508	46.3	315	165	2	5	317	13	325	6.91e-89	283
NZ_HE978532.1_125	iCN900.CD630_03010	45.8	321	167	5	1	318	1	317	1.26e-88	283
NZ_HE978532.1_125	iNF517.LLMG_RS04060	46.8	346	177	5	6	349	3	343	3.91e-87	278
NZ_HE978532.1_125	iCN900.CD630_15870	43.2	317	177	2	5	318	4	320	3.33e-82	266
NZ_HE978532.1_126	iYO844.BSU35930	29.5	132	84	3	9	140	7	129	2.34e-06	43.9
NZ_HE978532.1_126	iPC815.YPO0007	25.7	136	92	4	9	140	7	137	1.34e-05	42.0
NZ_HE978532.1_127	iML1515.b2802	55.6	594	256	4	1	593	4	590	3.86e-237	666
NZ_HE978532.1_127	iSF_1195.SF2816	55.6	594	256	4	1	593	4	590	3.86e-237	666
NZ_HE978532.1_127	iYL1228.KPN_03153	55.4	594	257	4	1	593	4	590	7.28e-235	660
NZ_HE978532.1_127	iSDY_1059.SDY_3020	54.9	594	260	4	1	593	4	590	2.39e-233	657
NZ_HE978532.1_127	STM_v1_0.STM2976	54.5	594	262	4	1	593	4	590	1.11e-231	652
NZ_HE978532.1_128	iHN637.CLJU_RS20995	34.0	477	293	8	1	468	1	464	3.72e-79	254
NZ_HE978532.1_129	STM_v1_0.STM1556	38.5	408	250	1	56	462	56	463	3.60e-91	285
NZ_HE978532.1_130	iCHOv1.100752441	39.2	416	219	11	2	408	33	423	1.44e-95	295
NZ_HE978532.1_130	iMM1415.71665	39.1	419	221	11	6	415	27	420	8.51e-95	293
NZ_HE978532.1_130	iCHOv1.100756134	42.3	364	179	10	2	360	33	370	3.48e-91	284
NZ_HE978532.1_130	iMM1415.66848	41.0	361	186	8	2	359	28	364	8.13e-88	275
NZ_HE978532.1_133	iML1515.b2799	56.7	379	162	2	1	378	1	378	1.44e-140	404
NZ_HE978532.1_133	iSDY_1059.SDY_3016	56.3	380	164	2	1	379	2	380	1.49e-140	404
NZ_HE978532.1_133	iSSON_1240.SSON_2956	56.7	379	162	2	1	378	2	379	1.49e-140	404
NZ_HE978532.1_133	iSF_1195.SF2813	56.5	379	163	2	1	378	1	378	1.17e-139	402
NZ_HE978532.1_133	STM_v1_0.STM2973	56.2	379	164	2	1	378	1	378	3.84e-138	398
NZ_HE978532.1_133	iYL1228.KPN_03150	57.1	375	159	2	6	379	2	375	5.46e-137	395
NZ_HE978532.1_135	iYO844.BSU38860	63.3	338	123	1	4	341	3	339	1.02e-160	452
NZ_HE978532.1_135	iCN900.CD630_27140	59.2	336	136	1	4	339	3	337	3.11e-152	431
NZ_HE978532.1_135	iMM1415.74246	58.0	343	138	1	1	337	1	343	2.40e-149	424
NZ_HE978532.1_135	iCHOv1.100759306	57.6	342	139	1	2	337	19	360	3.53e-148	421
NZ_HE978532.1_135	iAT_PLT_636.2582	57.3	342	140	1	2	337	3	344	7.74e-146	415
NZ_HE978532.1_136	iYS854.USA300HOU_RS01090	55.0	369	158	4	1	365	1	365	4.55e-126	366
NZ_HE978532.1_136	iSynCJ816.SGL_RS17635	49.7	366	172	5	1	361	1	359	1.68e-115	339
NZ_HE978532.1_136	iSbBS512_1146.SbBS512_E3873	48.1	366	178	3	1	364	1	356	2.01e-112	331
NZ_HE978532.1_136	iML1515.b3450	48.1	366	178	3	1	364	1	356	2.84e-112	331
NZ_HE978532.1_139	iCN900.CD630_34150	30.3	271	179	4	14	283	25	286	3.50e-35	127
NZ_HE978532.1_140	iEK1008.Rv2040c	33.1	281	174	7	17	291	18	290	8.88e-35	127
NZ_HE978532.1_140	iCN900.CD630_25490	30.2	295	197	5	3	292	11	301	2.02e-33	124
NZ_HE978532.1_140	iML1515.b3452	30.2	281	184	4	17	293	20	292	6.47e-32	119
NZ_HE978532.1_140	iSbBS512_1146.SbBS512_E3871	30.2	281	184	4	17	293	20	292	9.03e-32	119
NZ_HE978532.1_140	STM_v1_0.STM3556	29.2	281	187	4	17	293	20	292	3.43e-31	117
NZ_HE978532.1_143	iCN900.CD630_16140	35.7	221	141	1	17	237	39	258	3.23e-43	146
NZ_HE978532.1_143	iYO844.BSU02750	34.4	218	138	2	17	233	20	233	1.75e-41	141
NZ_HE978532.1_144	iCN900.CD630_17290	36.3	532	326	6	14	540	7	530	6.30e-101	315
NZ_HE978532.1_153	iYS854.USA300HOU_RS09925	28.4	197	109	6	55	221	14	208	9.77e-12	62.4
NZ_HE978532.1_153	iLJ478.TM0191	27.5	167	98	4	56	200	13	178	4.73e-10	57.8
NZ_HE978532.1_153	iCN900.CD630_35330	25.9	224	122	8	43	225	7	227	7.37e-10	57.0
NZ_HE978532.1_153	iYS854.USA300HOU_RS08305	25.4	201	119	3	57	227	23	222	1.22e-09	56.6
NZ_HE978532.1_154	iLJ478.TM0124	32.5	203	103	10	1	188	3	186	3.62e-15	72.8
NZ_HE978532.1_154	iYS854.USA300HOU_RS07015	27.2	195	124	5	16	199	15	202	2.19e-14	70.5
NZ_HE978532.1_154	iCN900.CD630_04310	27.7	202	118	7	17	202	280	469	1.30e-13	70.1
NZ_HE978532.1_154	iYS854.USA300HOU_RS13360	26.2	225	132	6	1	196	3	222	4.84e-14	70.1
NZ_HE978532.1_154	iYS854.USA300HOU_RS09925	27.1	199	124	7	15	196	15	209	3.08e-13	67.4
NZ_HE978532.1_158	iAF987.Gmet_0069	44.4	72	37	1	42	110	47	118	5.25e-12	63.5
NZ_HE978532.1_158	iAF987.Gmet_2999	31.1	119	78	2	3	117	10	128	5.91e-10	57.8
NZ_HE978532.1_160	iCN900.CD630_19470	47.2	218	112	2	4	218	10	227	4.74e-65	201
NZ_HE978532.1_173	iHN637.CLJU_RS18300	56.0	507	217	4	1	504	7	510	8.77e-205	577
NZ_HE978532.1_173	iYO844.BSU06360	53.1	505	235	2	1	504	10	513	1.99e-199	564
NZ_HE978532.1_173	iNF517.LLMG_RS05125	54.1	505	230	2	1	504	10	513	1.23e-195	554
NZ_HE978532.1_173	iCN900.CD630_01980	53.5	507	231	4	1	504	7	511	6.56e-195	552
NZ_HE978532.1_173	iYS854.USA300HOU_RS02070	52.7	505	236	3	1	504	11	513	1.32e-192	546
NZ_HE978532.1_176	iCN900.CD630_24320	44.0	691	379	5	1	688	1	686	2.43e-189	552
NZ_HE978532.1_177	iCN900.CD630_24330	67.0	288	95	0	1	288	1	288	8.27e-150	421
NZ_HE978532.1_177	iNF517.LLMG_RS07455	61.2	286	111	0	3	288	8	293	1.85e-133	380
NZ_HE978532.1_177	iAF987.Gmet_2942	62.8	288	107	0	1	288	1	288	1.51e-133	379
NZ_HE978532.1_180	iHN637.CLJU_RS08905	46.6	131	69	1	4	133	2	132	1.25e-38	127
NZ_HE978532.1_181	iCN900.CD630_24390	34.6	234	150	2	35	268	2	232	2.72e-38	134
NZ_HE978532.1_188	iYO844.BSU22870	36.5	329	205	3	5	330	3	330	4.61e-65	209
NZ_HE978532.1_188	iYS854.USA300HOU_RS12690	36.0	322	204	1	2	321	3	324	9.17e-65	208
NZ_HE978532.1_189	iYS854.USA300HOU_RS05255	27.2	290	196	6	10	289	21	305	1.88e-28	114
NZ_HE978532.1_189	iYS854.USA300HOU_RS12505	31.5	238	146	6	53	280	61	291	5.43e-29	114
NZ_HE978532.1_190	iML1515.b3697	31.4	242	166	0	2	243	29	270	1.13e-40	140
NZ_HE978532.1_191	iYS854.USA300HOU_RS04530	36.0	136	85	1	2	137	5	138	3.98e-27	98.6
NZ_HE978532.1_192	iYS854.USA300HOU_RS04525	45.7	405	220	0	2	406	10	414	2.48e-133	388
NZ_HE978532.1_192	iSynCJ816.SGL_RS15265	44.1	395	219	1	6	398	13	407	2.36e-124	365
NZ_HE978532.1_193	iYS854.USA300HOU_RS04520	33.6	119	79	0	220	338	308	426	2.80e-13	70.1
NZ_HE978532.1_194	iYS854.USA300HOU_RS04535	55.1	419	188	0	1	419	47	465	8.68e-168	478
NZ_HE978532.1_195	iYS854.USA300HOU_RS04515	41.6	245	141	1	1	243	1	245	7.69e-63	196
NZ_HE978532.1_196	iYS854.USA300HOU_RS05395	39.5	81	49	0	1	81	1	81	2.07e-17	69.7
NZ_HE978532.1_196	iYO844.BSU13900	36.9	84	53	0	1	84	1	84	8.37e-17	68.2
NZ_HE978532.1_196	iNF517.LLMG_RS00670	35.4	79	51	0	1	79	1	79	3.88e-15	63.9
NZ_HE978532.1_197	iCN900.CD630_07080	41.7	475	266	7	6	471	8	480	1.58e-114	345
NZ_HE978532.1_198	iYS854.USA300HOU_RS11245	34.0	356	219	8	3	348	5	354	2.66e-63	205
NZ_HE978532.1_198	iNF517.LLMG_RS01855	34.8	345	212	6	6	345	8	344	3.09e-63	204
NZ_HE978532.1_198	iYO844.BSU04560	34.1	337	212	4	9	336	3	338	6.69e-56	186
NZ_HE978532.1_199	iYO844.BSU04570	41.3	458	262	5	1	456	1	453	1.28e-117	352
NZ_HE978532.1_200	iCN900.CD630_22700	36.5	310	191	4	1	309	1	305	2.95e-65	207
NZ_HE978532.1_200	iYO844.BSU14390	35.3	309	194	3	1	309	1	303	2.19e-61	197
NZ_HE978532.1_200	iHN637.CLJU_RS10115	37.6	311	182	4	1	309	1	301	5.81e-61	196
NZ_HE978532.1_200	iNF517.LLMG_RS07905	35.2	310	196	3	1	310	1	305	1.45e-59	192
NZ_HE978532.1_200	iYS854.USA300HOU_RS03775	34.8	313	186	4	1	307	1	301	2.59e-57	186
NZ_HE978532.1_202	iSynCJ816.SGL_RS06105	34.5	441	288	1	12	452	24	463	1.34e-78	251
NZ_HE978532.1_202	iLJ478.TM1161	35.0	434	281	1	12	445	8	440	1.42e-76	245
NZ_HE978532.1_204	iAM_Pf480.PF3D7_0627500	34.5	177	111	2	5	180	8	180	4.52e-27	101
NZ_HE978532.1_204	iAM_Pv461.PVX_114480	35.0	177	110	2	5	180	8	180	1.38e-25	97.4
NZ_HE978532.1_206	iCN900.CD630_31950	32.8	959	459	14	5	933	3	806	2.27e-164	500
NZ_HE978532.1_208	iCN900.CD630_03130	30.0	613	409	9	12	609	185	792	8.54e-75	254
NZ_HE978532.1_208	iYO844.BSU33490	27.0	619	434	8	9	614	87	700	1.12e-66	230
NZ_HE978532.1_213	iCN900.CD630_05580	43.9	301	165	1	12	308	9	309	2.92e-80	245
NZ_HE978532.1_213	iYO844.BSU14830	39.7	302	178	1	11	308	8	309	3.10e-74	230
NZ_HE978532.1_215	iSynCJ816.SGL_RS11925	38.0	689	410	8	10	684	36	721	2.47e-140	427
NZ_HE978532.1_216	iML1515.b2175	37.8	98	58	3	255	351	85	180	2.78e-11	61.6
NZ_HE978532.1_217	iCN900.CD630_01790	56.3	419	180	2	5	423	6	421	8.01e-175	494
NZ_HE978532.1_220	iYS854.USA300HOU_RS09930	34.9	507	275	11	16	508	20	485	3.84e-79	255
NZ_HE978532.1_221	iCN900.CD630_07520	56.7	240	104	0	4	243	1	240	2.02e-95	279
NZ_HE978532.1_221	iNF517.LLMG_RS09915	57.5	240	102	0	4	243	5	244	3.09e-93	273
NZ_HE978532.1_221	iNF517.LLMG_RS09720	58.3	240	100	0	5	244	7	246	5.60e-92	270
NZ_HE978532.1_221	iYS854.USA300HOU_RS09925	55.0	240	108	0	4	243	3	242	6.72e-92	270
NZ_HE978532.1_221	iYO844.BSU27430	55.2	241	108	0	4	244	1	241	1.69e-87	259
NZ_HE978532.1_221	iYO844.BSU23960	54.6	240	109	0	4	243	1	240	1.59e-87	259
NZ_HE978532.1_223	iCN900.CD630_16010	43.3	127	71	1	2	127	73	199	4.71e-31	110
NZ_HE978532.1_224	iHN637.CLJU_RS16295	43.1	51	29	0	4	54	7	57	4.63e-06	41.2
NZ_HE978532.1_224	iCN900.CD630_16010	45.1	51	28	0	3	53	12	62	6.55e-06	40.8
NZ_HE978532.1_225	iHN637.CLJU_RS17275	46.0	261	140	1	8	267	1	261	1.29e-65	205
NZ_HE978532.1_229	iCN900.CD630_04310	39.7	468	262	8	1	450	1	466	5.57e-102	313
NZ_HE978532.1_230	iCN900.CD630_04300	30.0	120	80	1	115	230	111	230	3.48e-14	69.3
NZ_HE978532.1_232	iAF987.Gmet_2349	47.8	228	119	0	334	561	335	562	5.42e-68	230
NZ_HE978532.1_232	iPC815.YPO1913	43.2	271	151	1	307	574	315	585	1.95e-66	226
NZ_HE978532.1_232	iPC815.YPO1914	31.1	486	329	3	94	575	104	587	1.41e-65	224
NZ_HE978532.1_232	iYL1228.KPN_00941	43.4	242	134	2	330	568	338	579	1.39e-63	218
NZ_HE978532.1_232	iML1515.b0914	43.7	238	131	2	334	568	342	579	1.39e-62	216
NZ_HE978532.1_232	iSbBS512_1146.SbBS512_E2410	43.7	238	131	2	334	568	342	579	1.39e-62	216
NZ_HE978532.1_232	iSDY_1059.SDY_2344	43.7	238	131	2	334	568	342	579	1.39e-62	216
NZ_HE978532.1_232	iSF_1195.SF0910	43.7	238	131	2	334	568	342	579	1.39e-62	216
NZ_HE978532.1_232	iSSON_1240.SSON_0916	43.7	238	131	2	334	568	342	579	1.93e-62	215
NZ_HE978532.1_232	STM_v1_0.STM0984	43.7	238	131	2	334	568	342	579	2.69e-62	215
NZ_HE978532.1_233	iEK1008.Rv1348	30.8	578	347	11	23	573	295	846	1.10e-71	246
NZ_HE978532.1_233	iPC815.YPO1913	29.9	512	354	3	62	568	65	576	1.86e-68	232
NZ_HE978532.1_243	iNF517.LLMG_RS08555	34.6	211	132	4	3	207	2	212	7.50e-33	122
NZ_HE978532.1_243	iYO844.BSU02750	32.7	223	143	4	3	218	2	224	4.35e-31	116
NZ_HE978532.1_243	iJN1463.PP_0868	31.6	228	146	5	3	220	2	229	3.00e-28	111
NZ_HE978532.1_243	iCN900.CD630_09000	32.3	232	144	6	3	224	2	230	3.77e-28	111
NZ_HE978532.1_243	iPC815.YPO1198	31.6	228	150	4	3	224	2	229	2.54e-28	110
NZ_HE978532.1_243	iPC815.YPO1332	28.8	219	152	3	3	218	20	237	7.12e-28	110
NZ_HE978532.1_244	iAF987.Gmet_0043	17.9	229	181	3	128	350	42	269	3.13e-05	45.4
NZ_HE978532.1_245	iAF987.Gmet_0069	33.6	131	66	4	1	118	1	123	3.46e-15	72.8
NZ_HE978532.1_245	iAF987.Gmet_2999	29.9	117	79	1	4	117	9	125	1.60e-14	71.2
NZ_HE978532.1_256	iMM1415.11303	38.1	189	106	4	3	184	1886	2070	3.47e-28	110
NZ_HE978532.1_256	iCHOv1.100761226	37.6	189	107	4	3	184	1911	2095	3.01e-27	107
NZ_HE978532.1_256	iYO844.BSU02750	36.4	173	102	4	19	186	19	188	7.79e-29	107
NZ_HE978532.1_256	iNF517.LLMG_RS08555	32.6	184	118	3	5	182	1	184	1.34e-27	105
NZ_HE978532.1_256	iCN900.CD630_32150	34.2	184	115	3	5	182	4	187	1.92e-27	103
NZ_HE978532.1_256	iCN900.CD630_01010	37.1	202	93	6	6	183	3	194	2.86e-26	101
NZ_HE978532.1_256	iCN900.CD630_09000	34.7	170	104	3	5	167	1	170	2.01e-25	100
NZ_HE978532.1_256	iNF517.LLMG_RS09915	32.1	187	120	3	1	180	1	187	3.37e-26	100
NZ_HE978532.1_258	iAF987.Gmet_0069	40.3	124	64	4	2	118	3	123	4.13e-17	82.0
NZ_HE978532.1_262	iCN900.CD630_09270	28.1	367	187	9	7	311	5	356	2.00e-34	128
NZ_HE978532.1_270	iML1515.b1655	37.9	124	71	4	738	857	142	263	5.92e-17	81.6
NZ_HE978532.1_285	iPC815.YPO1913	31.0	519	344	5	67	579	75	585	4.38e-77	255
NZ_HE978532.1_285	iAF987.Gmet_2349	32.4	525	319	9	62	567	56	563	3.28e-76	252
NZ_HE978532.1_285	iPC815.YPO1914	31.9	501	317	7	93	580	98	587	1.03e-70	238
NZ_HE978532.1_285	iYL1228.KPN_00941	31.6	541	348	13	47	573	47	579	1.95e-69	234
NZ_HE978532.1_285	iML1515.b0914	30.2	537	361	9	47	573	47	579	1.43e-68	232
NZ_HE978532.1_285	iSbBS512_1146.SbBS512_E2410	30.2	537	361	9	47	573	47	579	1.43e-68	232
NZ_HE978532.1_285	iSDY_1059.SDY_2344	30.2	537	361	9	47	573	47	579	1.43e-68	232
NZ_HE978532.1_285	iSF_1195.SF0910	30.2	537	361	9	47	573	47	579	1.43e-68	232
NZ_HE978532.1_285	iSSON_1240.SSON_0916	30.2	537	361	9	47	573	47	579	1.99e-68	231
NZ_HE978532.1_285	iEK1008.Rv1348	48.0	229	117	2	339	566	610	837	2.54e-66	231
NZ_HE978532.1_285	STM_v1_0.STM0984	31.2	545	345	13	47	573	47	579	3.87e-68	231
NZ_HE978532.1_286	iPC815.YPO1913	31.4	490	330	3	83	567	88	576	9.39e-79	259
NZ_HE978532.1_287	iCN900.CD630_04310	36.1	479	293	7	2	472	5	478	8.55e-92	287
NZ_HE978532.1_288	iCN900.CD630_04300	34.3	134	81	2	104	230	96	229	1.27e-16	75.9
NZ_HE978532.1_306	iCN900.CD630_04300	28.2	174	119	3	43	215	48	216	5.83e-19	82.0
NZ_HE978532.1_307	iCN900.CD630_04310	39.3	491	286	4	2	492	5	483	5.65e-113	342
NZ_HE978532.1_308	iPC815.YPO1914	33.7	489	303	6	89	566	102	580	6.34e-77	254
NZ_HE978532.1_308	iAF987.Gmet_2349	31.8	516	340	5	59	567	60	570	4.76e-76	251
NZ_HE978532.1_308	iPC815.YPO1913	31.4	512	331	6	65	564	74	577	2.20e-68	231
NZ_HE978532.1_308	iEK1008.Rv1348	31.1	579	343	10	14	563	290	841	3.65e-66	230
NZ_HE978532.1_309	iPC815.YPO1914	32.8	488	320	6	87	569	102	586	1.40e-69	235
NZ_HE978532.1_309	iAF987.Gmet_2349	29.7	512	349	5	59	563	62	569	2.14e-67	228
NZ_HE978532.1_309	iSF_1195.SF0910	29.2	510	345	7	64	563	76	579	3.76e-67	228
NZ_HE978532.1_309	iSSON_1240.SSON_0916	29.2	510	345	7	64	563	76	579	5.24e-67	228
NZ_HE978532.1_309	iML1515.b0914	29.0	510	346	7	64	563	76	579	1.97e-66	226
NZ_HE978532.1_309	iSbBS512_1146.SbBS512_E2410	29.0	510	346	7	64	563	76	579	1.97e-66	226
NZ_HE978532.1_309	iSDY_1059.SDY_2344	29.0	510	346	7	64	563	76	579	1.97e-66	226
NZ_HE978532.1_309	iYL1228.KPN_00941	29.0	507	350	4	64	563	76	579	7.39e-66	224
NZ_HE978532.1_309	STM_v1_0.STM0984	28.4	510	349	7	64	563	76	579	2.77e-65	223
NZ_HE978532.1_309	iPC815.YPO1395	29.0	524	356	8	46	559	58	575	7.51e-62	214
NZ_HE978532.1_309	iPC815.YPO1913	27.7	516	361	5	73	578	84	597	7.56e-61	211
NZ_HE978532.1_321	iCN900.CD630_04310	22.2	550	278	18	4	492	5	465	9.07e-20	91.7
NZ_HE978532.1_321	iML1515.b1858	30.6	193	123	5	309	492	4	194	1.24e-20	90.9
NZ_HE978532.1_321	iSbBS512_1146.SbBS512_E0954	30.6	193	123	5	309	492	4	194	1.24e-20	90.9
NZ_HE978532.1_321	iSSON_1240.SSON_1283	30.6	193	123	5	309	492	4	194	1.24e-20	90.9
NZ_HE978532.1_321	iSF_1195.SF1867	30.6	193	123	5	309	492	4	194	1.68e-20	90.5
NZ_HE978532.1_321	iSDY_1059.SDY_1145	30.1	193	124	5	309	492	4	194	7.82e-20	88.6
NZ_HE978532.1_321	iYS854.USA300HOU_RS09925	28.2	209	123	6	308	490	2	209	1.04e-18	85.1
NZ_HE978532.1_321	iYL1228.KPN_02373	27.1	192	131	4	309	492	4	194	1.64e-18	84.7
NZ_HE978532.1_321	iPC815.YPO2060	27.1	192	131	4	309	492	4	194	4.23e-18	83.6
NZ_HE978532.1_329	iAF692.Mbar_A0543	40.9	110	62	1	44	153	603	709	8.57e-21	87.4
NZ_HE978532.1_329	iHN637.CLJU_RS00840	45.8	107	55	2	45	151	538	641	1.15e-20	87.0
NZ_HE978532.1_329	iLJ478.TM1085	41.3	109	59	2	45	153	525	628	7.31e-20	84.7
NZ_HE978532.1_329	iNF517.LLMG_RS08860	46.8	109	52	4	45	151	555	659	1.62e-18	80.9
NZ_HE978532.1_331	iCN900.CD630_17050	43.5	347	193	2	35	381	21	364	7.69e-93	282
NZ_HE978532.1_332	iCN900.CD630_17040	61.3	253	95	3	3	253	2	253	7.85e-104	301
NZ_HE978532.1_333	iCN900.CD630_17030	42.9	189	104	4	2	187	67	254	2.55e-34	122
NZ_HE978532.1_334	iCN900.CD630_17021	33.9	62	41	0	4	65	3	64	6.06e-10	49.3
NZ_HE978532.1_334	iAF987.Gmet_2933	32.3	65	44	0	1	65	1	65	1.02e-08	46.2
NZ_HE978532.1_335	iNF517.LLMG_RS03315	47.3	406	210	3	1	405	39	441	1.24e-124	372
NZ_HE978532.1_336	iCN900.CD630_08340	55.6	329	145	1	2	330	3	330	1.89e-121	352
NZ_HE978532.1_336	iHN637.CLJU_RS03260	52.3	329	157	0	2	330	4	332	1.82e-120	350
NZ_HE978532.1_337	iCN900.CD630_08330	57.1	643	267	4	1	639	1	638	6.18e-249	700
NZ_HE978532.1_337	iHN637.CLJU_RS03255	56.1	638	265	4	8	638	8	637	1.09e-239	677
NZ_HE978532.1_337	iHN637.CLJU_RS15025	53.5	628	278	3	22	640	4	626	6.60e-225	639
NZ_HE978532.1_338	iCN900.CD630_32810	47.7	262	128	4	3	255	4	265	2.23e-71	219
NZ_HE978532.1_338	iCN900.CD630_14950	43.0	263	141	3	2	255	3	265	2.13e-66	206
NZ_HE978532.1_339	iLJ478.TM0293	49.9	415	202	2	12	420	1	415	3.20e-132	386
NZ_HE978532.1_339	iHN637.CLJU_RS02950	51.0	390	191	0	31	420	29	418	4.04e-131	383
NZ_HE978532.1_340	iHN637.CLJU_RS02945	48.1	258	132	2	3	259	6	262	4.33e-76	231
NZ_HE978532.1_343	iML1515.b3011	36.3	366	222	8	1	362	1	359	3.04e-68	220
NZ_HE978532.1_343	iLJ478.TM0111	33.7	401	238	10	1	388	1	386	6.66e-63	206
NZ_HE978532.1_345	iML1515.b0355	30.5	141	67	5	9	127	39	170	5.29e-04	40.0
NZ_HE978532.1_345	iSbBS512_1146.SbBS512_E0269	29.8	141	68	5	9	127	39	170	8.78e-04	39.3
NZ_HE978532.1_345	iSSON_1240.SSON_0334	29.8	141	68	5	9	127	39	170	9.49e-04	39.3
NZ_HE978532.1_348	iNF517.LLMG_RS01445	38.8	170	97	3	4	170	5	170	1.52e-35	121
NZ_HE978532.1_349	iCN718.ABAYE_RS18685	30.0	333	213	8	10	333	15	336	1.36e-37	137
NZ_HE978532.1_349	iCHOv1.100759780	28.0	332	225	5	11	336	46	369	4.52e-35	131
NZ_HE978532.1_350	iYS854.USA300HOU_RS01685	24.9	241	179	2	19	258	14	253	3.43e-22	92.4
NZ_HE978532.1_351	iCN900.CD630_22360	47.6	294	149	3	1	292	1	291	3.08e-92	275
NZ_HE978532.1_353	iCN900.CD630_22390	70.1	501	145	4	1	500	1	497	6.08e-238	661
NZ_HE978532.1_354	STM_v1_0.STM3339	30.6	294	201	2	8	301	6	296	3.65e-46	157
NZ_HE978532.1_354	iML1515.b3225	32.1	271	181	2	8	278	6	273	7.23e-46	156
NZ_HE978532.1_354	iSbBS512_1146.SbBS512_E3551	32.1	271	181	2	8	278	6	273	7.23e-46	156
NZ_HE978532.1_354	iSDY_1059.SDY_3400	32.1	271	181	2	8	278	6	273	7.23e-46	156
NZ_HE978532.1_354	iSF_1195.SF3261	32.1	271	181	2	8	278	6	273	7.23e-46	156
NZ_HE978532.1_354	iSSON_1240.SSON_3366	32.1	271	181	2	8	278	6	273	7.23e-46	156
NZ_HE978532.1_355	iYS854.USA300HOU_RS01690	59.3	214	86	1	14	227	6	218	4.07e-81	241
NZ_HE978532.1_355	iCN900.CD630_22410	53.4	223	100	2	7	229	2	220	3.98e-74	224
NZ_HE978532.1_364	iCHOv1.100762871	28.8	302	181	6	7	281	16	310	7.53e-27	112
NZ_HE978532.1_364	iAT_PLT_636.6539	23.8	390	244	7	8	351	36	418	4.25e-26	110
NZ_HE978532.1_364	iMM1415.14411	24.1	398	245	8	2	351	44	432	7.96e-26	110
NZ_HE978532.1_364	iMM1415.240332	24.8	387	233	11	8	344	37	415	8.14e-26	110
NZ_HE978532.1_364	iCHOv1.100752445	24.4	398	244	8	2	351	40	428	1.42e-25	109
NZ_HE978532.1_364	iAT_PLT_636.11254	23.6	518	302	13	3	434	31	540	6.43e-25	107
NZ_HE978532.1_364	iCHOv1.100761450	25.4	417	228	7	3	344	180	588	1.41e-24	106
NZ_HE978532.1_364	iMM1415.232333	23.8	378	238	8	8	344	44	412	1.04e-24	106
NZ_HE978532.1_364	iCHOv1.100760370	23.8	378	238	8	8	344	44	412	1.40e-24	106
NZ_HE978532.1_364	iCHOv1.100762288	25.7	303	191	5	2	277	26	321	1.52e-24	106
NZ_HE978532.1_364	iMM1415.56774	23.5	480	278	11	3	401	31	502	1.54e-24	106
NZ_HE978532.1_364	iMM1415.104245	24.9	417	230	7	3	344	203	611	2.58e-24	105
NZ_HE978532.1_364	iMM1415.13162	24.3	387	236	8	7	344	59	437	2.65e-24	105
NZ_HE978532.1_364	iCHOv1.100754706	24.0	412	253	9	8	366	75	479	4.87e-24	104
NZ_HE978532.1_364	iMM1415.15567	23.5	409	257	8	7	366	78	479	4.87e-24	104
NZ_HE978532.1_364	iCHOv1.100751194	23.1	480	280	11	3	401	79	550	7.19e-24	104
NZ_HE978532.1_364	iAT_PLT_636.6532	23.7	384	240	7	7	344	78	454	6.53e-24	104
NZ_HE978532.1_364	iMM1415.14412	23.2	388	246	6	2	344	37	417	6.29e-24	104
NZ_HE978532.1_364	iCHOv1.100758864	25.7	303	189	6	8	281	61	356	4.35e-23	102
NZ_HE978532.1_365	iCN900.CD630_16630	47.7	421	209	4	7	423	5	418	1.29e-134	392
NZ_HE978532.1_365	iHN637.CLJU_RS11785	44.3	424	232	4	1	423	1	421	6.90e-125	368
NZ_HE978532.1_366	iJN1463.PP_4653	40.2	458	240	7	9	466	2	425	2.36e-97	299
NZ_HE978532.1_366	iNF517.LLMG_RS09575	39.3	489	247	9	9	468	1	468	1.15e-96	299
NZ_HE978532.1_366	iCN900.CD630_21070	39.3	466	242	5	15	466	16	454	5.87e-96	296
NZ_HE978532.1_366	iML1515.b3714	38.8	467	246	4	7	470	13	442	6.28e-95	293
NZ_HE978532.1_366	iSSON_1240.SSON_3558	38.5	467	247	4	7	470	13	442	1.25e-94	293
NZ_HE978532.1_366	iSDY_1059.SDY_4199	38.8	467	246	4	7	470	13	442	3.51e-94	291
NZ_HE978532.1_366	iJN1463.PP_4284	39.4	465	244	6	8	470	21	449	1.11e-93	290
NZ_HE978532.1_366	iSF_1195.SF3746	38.5	465	246	4	9	470	15	442	1.39e-93	290
NZ_HE978532.1_366	iML1515.b3664	37.7	467	251	5	3	466	10	439	5.34e-93	288
NZ_HE978532.1_366	iSbBS512_1146.SbBS512_E4208	38.1	467	249	4	7	470	13	442	1.54e-92	287
NZ_HE978532.1_368	iHN637.CLJU_RS08925	55.2	433	194	0	1	433	1	433	2.11e-158	454
NZ_HE978532.1_368	iYS854.USA300HOU_RS11530	54.0	433	199	0	1	433	1	433	1.71e-157	451
NZ_HE978532.1_368	iYO844.BSU39400	55.0	424	191	0	1	424	1	424	6.01e-153	440
NZ_HE978532.1_372	iCN900.CD630_21730	36.9	385	232	9	4	384	9	386	3.63e-62	204
NZ_HE978532.1_372	iYO844.BSU14190	35.4	373	228	6	9	378	3	365	3.27e-62	204
NZ_HE978532.1_372	iSynCJ816.SGL_RS17805	32.2	376	248	4	11	382	26	398	1.00e-61	203
NZ_HE978532.1_373	iML1515.b0827	25.6	156	102	5	163	309	169	319	9.67e-06	46.6
NZ_HE978532.1_373	iSbBS512_1146.SbBS512_E2521	25.6	156	102	5	163	309	169	319	9.67e-06	46.6
NZ_HE978532.1_373	iSSON_1240.SSON_0809	25.6	156	102	5	163	309	169	319	9.67e-06	46.6
NZ_HE978532.1_373	iSF_1195.SF0777	25.6	156	102	5	163	309	169	319	1.71e-05	45.8
NZ_HE978532.1_373	iSDY_1059.SDY_0760	25.6	156	102	5	163	309	169	319	2.27e-05	45.4
NZ_HE978532.1_374	iYO844.BSU32510	24.2	157	110	2	97	251	175	324	1.74e-09	57.0
NZ_HE978532.1_376	iAF987.Gmet_1062	44.2	52	28	1	3	54	274	324	3.59e-05	43.1
NZ_HE978532.1_376	iYO844.BSU32500	28.3	191	113	7	6	178	9	193	9.80e-05	41.2
NZ_HE978532.1_378	iCN900.CD630_31770	54.1	756	339	7	1	753	103	853	8.13e-275	779
NZ_HE978532.1_378	iHN637.CLJU_RS11760	50.8	752	364	5	5	754	107	854	3.43e-253	724
NZ_HE978532.1_379	iCN900.CD630_20830	43.4	387	213	6	1	385	1	383	2.00e-103	313
NZ_HE978532.1_379	iCN900.CD630_31780	42.8	388	215	6	1	385	1	384	3.52e-100	305
NZ_HE978532.1_379	iML1515.b2873	42.5	388	215	5	1	385	1	383	1.33e-96	295
NZ_HE978532.1_380	iML1515.b2868	50.7	146	68	3	26	169	9	152	2.69e-43	142
NZ_HE978532.1_380	iAF987.Gmet_2135	44.6	148	81	1	25	172	15	161	3.85e-43	142
NZ_HE978532.1_380	iSSON_1240.SSON_3019	50.7	146	68	3	26	169	9	152	2.69e-43	142
NZ_HE978532.1_380	iSF_1195.SF2870	49.7	145	69	3	27	169	10	152	4.34e-42	139
NZ_HE978532.1_381	iML1515.b2867	38.5	283	173	1	1	283	1	282	1.30e-70	219
NZ_HE978532.1_381	iSF_1195.SF2869	38.2	283	174	1	1	283	1	282	2.08e-69	216
NZ_HE978532.1_381	iSSON_1240.SSON_3018	37.8	283	175	1	1	283	1	282	1.66e-68	214
NZ_HE978532.1_382	iSSON_1240.SSON_3017	46.2	754	400	5	9	759	2	752	1.69e-233	670
NZ_HE978532.1_382	iSF_1195.SF2868	46.0	759	404	5	4	759	10	765	5.24e-233	669
NZ_HE978532.1_382	iML1515.b2866	46.2	754	400	5	9	759	2	752	6.80e-233	669
NZ_HE978532.1_383	iCN900.CD630_20910	45.1	455	235	5	1	454	1	441	2.37e-129	382
NZ_HE978532.1_384	iCN900.CD630_20910	46.9	441	228	2	1	441	13	447	3.95e-142	413
NZ_HE978532.1_385	iAF692.Mbar_A3252	29.7	444	283	7	1	436	4	426	1.26e-52	182
NZ_HE978532.1_386	iAF987.Gmet_3023	31.7	435	256	11	436	832	146	577	9.69e-51	190
NZ_HE978532.1_386	iLJ478.TM1640	32.8	412	246	12	449	833	42	449	1.19e-49	182
NZ_HE978532.1_386	iCN900.CD630_15370	32.9	419	245	15	449	839	44	454	2.16e-46	173
NZ_HE978532.1_387	iCN900.CD630_20840	31.3	435	239	13	18	439	8	395	1.31e-44	159
NZ_HE978532.1_388	iHN637.CLJU_RS20970	28.2	312	181	7	24	334	5	274	2.04e-23	99.8
NZ_HE978532.1_388	iAF987.Gmet_0205	25.7	350	189	9	32	373	12	298	5.18e-22	95.1
NZ_HE978532.1_388	iYO844.BSU11250	31.1	251	143	6	19	269	8	228	1.46e-20	91.3
NZ_HE978532.1_389	iCN900.CD630_31840	60.2	382	147	4	20	399	21	399	1.10e-158	452
NZ_HE978532.1_389	iCN900.CD630_20850	58.6	384	154	4	20	401	21	401	3.39e-155	444
NZ_HE978532.1_390	iCN900.CD630_24960	44.6	314	169	4	29	338	3	315	8.28e-87	263
NZ_HE978532.1_390	iHN637.CLJU_RS13685	42.2	306	172	2	36	338	6	309	1.21e-79	245
NZ_HE978532.1_390	iHN637.CLJU_RS03675	41.3	300	171	3	32	328	2	299	6.83e-79	243
NZ_HE978532.1_393	iCN900.CD630_36700	37.3	381	233	3	1	376	1	380	4.62e-78	244
NZ_HE978532.1_395	iHN637.CLJU_RS10870	48.1	289	147	2	2	287	3	291	1.60e-90	272
NZ_HE978532.1_396	iCN900.CD630_08700	42.2	218	125	1	2	219	4	220	1.49e-54	174
NZ_HE978532.1_396	iHN637.CLJU_RS10875	42.2	218	125	1	2	219	4	220	2.17e-54	174
NZ_HE978532.1_396	iSynCJ816.SGL_RS16430	42.9	210	119	1	2	211	4	212	4.68e-47	164
NZ_HE978532.1_396	iYS854.USA300HOU_RS12335	39.7	219	132	0	2	220	3	221	6.14e-50	162
NZ_HE978532.1_397	iHN637.CLJU_RS10880	45.3	225	122	1	58	281	46	270	1.01e-60	193
NZ_HE978532.1_397	iAF692.Mbar_A1558	42.9	226	128	1	58	282	49	274	3.59e-56	182
NZ_HE978532.1_397	iAF692.Mbar_A2560	42.5	226	129	1	58	282	49	274	5.06e-56	181
NZ_HE978532.1_398	iAF987.Gmet_0302	51.7	143	69	0	4	146	1	143	5.92e-50	156
NZ_HE978532.1_398	iAF987.Gmet_2094	52.5	139	66	0	8	146	4	142	9.52e-48	151
NZ_HE978532.1_399	iAF987.Gmet_1036	39.5	152	90	2	9	158	4	155	8.33e-31	108
NZ_HE978532.1_400	iJN1463.PP_1292	47.1	153	80	1	1	152	1	153	1.91e-44	143
NZ_HE978532.1_400	iYS854.USA300HOU_RS12315	49.7	159	75	1	2	155	4	162	9.80e-44	141
NZ_HE978532.1_401	iJN1463.PP_4597	40.4	312	175	6	1	302	8	318	2.26e-73	229
NZ_HE978532.1_401	iAF987.Gmet_2095	37.8	323	190	6	3	315	5	326	4.02e-66	210
NZ_HE978532.1_405	iCN900.CD630_18080	44.8	388	209	4	8	391	8	394	2.06e-120	354
NZ_HE978532.1_406	iYS854.USA300HOU_RS05500	44.5	355	197	0	1	355	1	355	4.25e-110	325
NZ_HE978532.1_406	iNF517.LLMG_RS06715	45.9	357	188	4	1	355	1	354	1.93e-105	313
NZ_HE978532.1_407	iNF517.LLMG_RS06720	59.2	223	89	2	1	223	37	257	1.12e-76	232
NZ_HE978532.1_407	iYS854.USA300HOU_RS05495	53.1	226	103	1	4	226	37	262	8.03e-75	227
NZ_HE978532.1_408	iNF517.LLMG_RS06725	57.1	254	106	1	9	259	7	260	2.99e-98	288
NZ_HE978532.1_409	iNF517.LLMG_RS06730	56.3	366	158	1	10	373	1	366	6.51e-143	412
NZ_HE978532.1_409	iYS854.USA300HOU_RS05485	57.7	352	149	0	17	368	7	358	7.88e-144	412
NZ_HE978532.1_410	iHN637.CLJU_RS05830	44.4	376	191	5	3	361	4	378	2.84e-98	296
NZ_HE978532.1_410	iCN900.CD630_19070	45.8	373	184	6	3	359	4	374	5.01e-98	295
NZ_HE978532.1_417	iHN637.CLJU_RS05870	62.0	461	174	1	1	460	1	461	2.96e-199	565
NZ_HE978532.1_419	STM_v1_0.STM2047	44.9	187	100	3	29	213	22	207	8.28e-50	160
NZ_HE978532.1_427	iHN637.CLJU_RS19615	55.1	312	135	2	10	320	9	316	2.75e-128	368
NZ_HE978532.1_428	iHN637.CLJU_RS19620	77.6	849	190	0	1	849	1	849	0.0	1379
NZ_HE978532.1_429	iCN900.CD630_19170	27.6	377	270	2	1	374	57	433	1.62e-38	144
NZ_HE978532.1_434	iAF692.Mbar_A1504	27.6	283	187	9	74	350	64	334	1.73e-16	79.3
NZ_HE978532.1_436	iHN637.CLJU_RS00920	47.5	1020	506	15	4	1009	2	1005	0.0	961
NZ_HE978532.1_439	iYS854.USA300HOU_RS12975	34.7	378	237	5	5	373	7	383	1.54e-56	197
NZ_HE978532.1_439	iYO844.BSU03300	33.3	387	248	7	5	384	7	390	4.28e-52	185
NZ_HE978532.1_439	iHN637.CLJU_RS04480	32.6	393	253	8	4	391	14	399	2.00e-54	185
NZ_HE978532.1_443	iCN900.CD630_19470	44.5	220	119	2	4	222	10	227	8.78e-57	181
NZ_HE978532.1_445	iAF987.Gmet_2999	26.3	133	92	2	2	128	9	141	2.38e-08	53.5
NZ_HE978532.1_445	iAF987.Gmet_0069	28.9	121	77	4	3	116	5	123	5.48e-07	49.3
NZ_HE978532.1_445	iAF987.Gmet_1706	31.7	142	81	7	1	132	1	136	7.55e-07	48.9
NZ_HE978532.1_446	iML1515.b2173	28.4	155	107	2	5	155	6	160	2.70e-12	65.9
NZ_HE978532.1_446	iML1515.b4352	25.9	189	127	6	3	181	6	191	8.48e-12	64.3
NZ_HE978532.1_447	iHN637.CLJU_RS12245	65.3	349	121	0	1	349	1	349	1.51e-167	471
NZ_HE978532.1_447	iAF692.Mbar_A2344	61.0	351	137	0	1	351	1	351	3.60e-159	449
NZ_HE978532.1_450	iHN637.CLJU_RS05190	36.4	486	290	9	1	474	1	479	1.27e-93	291
NZ_HE978532.1_451	iHN637.CLJU_RS07395	49.9	391	196	0	3	393	9	399	1.70e-132	385
NZ_HE978532.1_452	iCN900.CD630_22410	69.7	66	20	0	3	68	2	67	1.73e-24	91.3
NZ_HE978532.1_452	iYS854.USA300HOU_RS01690	72.9	59	16	0	10	68	6	64	3.13e-21	82.8
NZ_HE978532.1_453	iCN900.CD630_22410	54.1	111	51	0	3	113	111	221	9.45e-37	124
NZ_HE978532.1_454	iYS854.USA300HOU_RS01255	51.3	513	227	3	1	498	4	508	4.74e-171	491
NZ_HE978532.1_455	iYS854.USA300HOU_RS01685	24.3	251	184	4	17	264	14	261	3.54e-22	92.8
NZ_HE978532.1_456	iYS854.USA300HOU_RS05405	34.7	72	34	2	1	62	1	69	3.11e-09	48.1
NZ_HE978532.1_457	iAM_Pb448.PBANKA_146280	24.2	318	181	4	10	275	135	444	2.23e-25	104
NZ_HE978532.1_457	iAM_Pv461.PVX_085660	28.5	284	166	8	23	279	82	355	3.17e-23	97.8
NZ_HE978532.1_457	iAM_Pv461.PVX_101390	27.9	229	160	2	47	275	273	496	5.56e-23	97.8
NZ_HE978532.1_457	iAM_Pc455.PCYB_147430	24.4	312	176	4	19	275	11	317	7.32e-23	95.9
NZ_HE978532.1_460	iCN900.CD630_35400	54.8	635	271	6	1	628	1	626	3.82e-244	688
NZ_HE978532.1_460	iHN637.CLJU_RS00840	53.2	630	286	4	1	628	1	623	3.44e-237	671
NZ_HE978532.1_461	iAF692.Mbar_A1559	52.2	69	33	0	1	69	1	69	3.55e-17	67.8
NZ_HE978532.1_462	iNF517.LLMG_RS02055	40.5	417	228	7	11	413	2	412	6.18e-101	306
NZ_HE978532.1_462	iYS854.USA300HOU_RS09175	41.0	420	228	8	12	418	5	417	6.38e-101	306
NZ_HE978532.1_462	iYL1228.KPN_01975	40.3	419	231	7	11	415	9	422	4.11e-95	291
NZ_HE978532.1_462	iSDY_1059.SDY_1860	39.9	421	230	7	11	415	5	418	5.15e-95	291
NZ_HE978532.1_462	iSbBS512_1146.SbBS512_E1829	39.9	421	230	7	11	415	5	418	1.03e-94	290
NZ_HE978532.1_462	iSSON_1240.SSON_1519	39.9	421	230	7	11	415	5	418	1.03e-94	290
NZ_HE978532.1_462	STM_v1_0.STM1449	40.1	421	229	7	11	415	5	418	8.16e-94	288
NZ_HE978532.1_462	iPC815.YPO2369	39.9	421	230	8	11	415	5	418	1.02e-91	283
NZ_HE978532.1_465	iHN637.CLJU_RS12255	51.8	390	172	5	6	384	4	388	4.10e-132	383
NZ_HE978532.1_465	iHN637.CLJU_RS19680	50.5	390	177	5	6	384	4	388	1.90e-130	379
NZ_HE978532.1_467	iCHOv1.100763190	27.4	398	241	13	4	365	67	452	3.87e-28	116
NZ_HE978532.1_467	iAT_PLT_636.2110	27.7	394	237	13	4	361	67	448	5.23e-28	116
NZ_HE978532.1_467	iMM1415.66841	27.1	398	242	13	4	365	66	451	2.32e-27	114
NZ_HE978532.1_467	iLB1027_lipid.PHATRDRAFT_42245	26.8	426	235	13	6	367	3	415	1.89e-24	105
NZ_HE978532.1_468	iYS854.USA300HOU_RS07520	39.6	225	129	4	7	226	11	233	7.92e-50	162
NZ_HE978532.1_469	iYO844.BSU38490	32.7	217	142	4	5	220	14	227	8.47e-27	106
NZ_HE978532.1_469	iYS854.USA300HOU_RS05180	28.4	306	205	6	5	302	7	306	3.12e-25	102
NZ_HE978532.1_470	iAF987.Gmet_2455	33.8	210	136	2	47	255	35	242	6.93e-31	118
NZ_HE978532.1_470	iNF517.LLMG_RS05635	28.9	270	174	7	22	283	14	273	6.55e-31	118
NZ_HE978532.1_470	iYO844.BSU22740	31.4	220	149	2	50	269	68	285	4.11e-30	117
NZ_HE978532.1_470	iNF517.LLMG_RS01035	30.3	287	185	6	39	312	30	314	3.86e-30	116
NZ_HE978532.1_470	iEK1008.Rv0562	27.5	302	201	6	18	316	29	315	2.29e-28	112
NZ_HE978532.1_471	iSSON_1240.SSON_0317	32.3	390	251	8	4	390	7	386	2.72e-63	218
NZ_HE978532.1_471	iML1515.b0307	32.1	390	252	8	4	390	7	386	3.78e-63	218
NZ_HE978532.1_471	iSF_1195.SF0259	32.1	390	252	8	4	390	7	386	7.27e-63	217
NZ_HE978532.1_471	iAF987.Gmet_3246	33.7	418	251	11	311	713	10	416	2.63e-62	214
NZ_HE978532.1_471	iSbBS512_1146.SbBS512_E0258	32.1	390	252	8	4	390	7	386	9.90e-62	214
NZ_HE978532.1_472	iML1515.b0308	28.6	189	125	3	4	182	42	230	1.33e-17	77.0
NZ_HE978532.1_472	iSbBS512_1146.SbBS512_E0257	28.0	189	126	3	4	182	42	230	2.62e-16	73.6
NZ_HE978532.1_472	iSF_1195.SF0258	28.0	189	126	3	4	182	91	279	4.92e-16	73.6
NZ_HE978532.1_472	iSSON_1240.SSON_0316	28.0	189	126	3	4	182	42	230	3.64e-16	73.2
NZ_HE978532.1_473	iMM904.YDL100C	26.1	345	209	12	8	322	25	353	1.08e-14	74.3
NZ_HE978532.1_474	iMM904.YDL100C	27.0	318	201	9	10	303	25	335	4.88e-18	84.3
NZ_HE978532.1_480	iNF517.LLMG_RS12590	28.4	169	113	3	89	256	113	274	5.77e-13	71.2
NZ_HE978532.1_484	iAF987.Gmet_2351	36.8	378	216	8	5	382	7	361	1.77e-61	201
NZ_HE978532.1_485	iYS854.USA300HOU_RS07115	29.7	91	56	1	75	165	147	229	2.10e-06	45.8
NZ_HE978532.1_486	iAF692.Mbar_A1138	24.6	334	217	9	1	333	2	301	2.18e-21	92.8
NZ_HE978532.1_486	iAF987.Gmet_2352	23.4	333	225	9	1	332	5	308	1.26e-19	87.8
NZ_HE978532.1_487	iHN637.CLJU_RS16795	39.4	188	107	3	1	187	169	350	1.07e-31	117
NZ_HE978532.1_488	iHN637.CLJU_RS16795	64.5	155	55	0	1	155	1	155	4.05e-67	207
NZ_HE978532.1_488	iAF692.Mbar_A2140	61.3	155	60	0	1	155	1	155	2.54e-63	197
NZ_HE978532.1_488	iAF692.Mbar_A0052	59.7	154	62	0	1	154	1	154	5.62e-61	192
NZ_HE978532.1_489	iHN637.CLJU_RS16810	57.3	438	182	3	3	439	5	438	2.06e-183	518
NZ_HE978532.1_489	iLJ478.TM0583	55.1	434	190	4	8	439	4	434	2.68e-168	479
NZ_HE978532.1_492	iML1515.b2047	34.8	198	113	6	29	222	269	454	4.56e-24	99.0
NZ_HE978532.1_492	STM_v1_0.STM2082	39.4	155	78	2	27	166	273	426	2.34e-23	97.1
NZ_HE978532.1_493	iPC815.YPO2422	22.8	136	97	3	1	132	238	369	3.17e-06	45.1
NZ_HE978532.1_494	iAF987.Gmet_0886	42.7	178	87	1	7	184	6	168	9.47e-41	141
NZ_HE978532.1_495	iJN1463.PP_1805	36.7	627	333	12	55	651	82	674	4.04e-112	352
NZ_HE978532.1_495	iCN718.ABAYE_RS18875	43.0	461	218	6	141	595	140	561	1.42e-108	340
NZ_HE978532.1_496	iML1515.b1069	24.0	500	357	11	11	493	13	506	2.73e-26	111
NZ_HE978532.1_496	iSDY_1059.SDY_2083	23.8	500	358	11	11	493	13	506	2.73e-26	111
NZ_HE978532.1_496	iSbBS512_1146.SbBS512_E2257	23.8	500	358	11	11	493	13	506	3.68e-26	111
NZ_HE978532.1_496	iSF_1195.SF1075	23.8	500	358	11	11	493	13	506	3.68e-26	111
NZ_HE978532.1_496	iSSON_1240.SSON_1089	23.8	500	358	11	11	493	13	506	3.68e-26	111
NZ_HE978532.1_496	iJN1463.PP_0601	24.5	429	292	7	11	421	13	427	3.96e-25	108
NZ_HE978532.1_497	iYS854.USA300HOU_RS12505	33.3	192	121	4	224	410	61	250	2.43e-25	105
NZ_HE978532.1_499	iCN900.CD630_02840	30.6	134	87	3	1	131	1	131	2.65e-17	72.4
NZ_HE978532.1_500	iCN900.CD630_02890	43.9	271	148	2	4	272	19	287	2.23e-64	202
NZ_HE978532.1_501	iCN900.CD630_02880	36.2	246	156	1	1	246	1	245	2.84e-46	154
NZ_HE978532.1_502	iCN900.CD630_02870	34.4	160	101	2	1	156	1	160	8.47e-26	95.9
NZ_HE978532.1_503	iAF987.Gmet_2352	28.7	268	167	6	2	268	3	247	2.78e-25	103
NZ_HE978532.1_504	iYS854.USA300HOU_RS01685	23.8	282	185	8	8	284	5	261	2.29e-12	65.5
NZ_HE978532.1_508	iYO844.BSU26600	32.3	96	51	4	40	121	40	135	1.27e-07	47.8
NZ_HE978532.1_511	iHN637.CLJU_RS01315	44.0	193	107	1	7	198	5	197	5.12e-49	158
NZ_HE978532.1_520	iAF692.Mbar_A0186	49.1	641	311	5	25	651	25	664	5.60e-193	559
NZ_HE978532.1_520	iAF987.Gmet_3239	49.2	669	310	7	11	651	13	679	3.90e-191	555
NZ_HE978532.1_520	iLB1027_lipid.PHATRDRAFT_15815	51.9	646	281	11	32	651	1	642	1.29e-184	537
NZ_HE978532.1_534	iCN900.CD630_10110	45.6	241	129	2	1	240	1	240	8.52e-71	216
NZ_HE978532.1_534	iYO844.BSU35020	42.4	238	135	2	1	237	1	237	1.08e-64	201
NZ_HE978532.1_536	iCN900.CD630_26270	44.9	89	49	0	1	89	1	89	2.64e-23	84.7
NZ_HE978532.1_537	iAF987.Gmet_3241	48.4	31	16	0	161	191	3	33	1.53e-06	43.1
NZ_HE978532.1_538	iYS854.USA300HOU_RS04775	58.1	394	164	1	32	424	39	432	5.61e-166	473
NZ_HE978532.1_538	iCN900.CD630_32850	56.9	408	170	2	23	424	30	437	1.97e-165	472
NZ_HE978532.1_538	iYO844.BSU31350	54.9	408	178	1	23	424	30	437	2.34e-164	469
NZ_HE978532.1_538	iHN637.CLJU_RS18285	53.1	433	188	3	7	424	7	439	4.74e-159	456
NZ_HE978532.1_538	iNF517.LLMG_RS12290	52.6	411	188	3	21	424	27	437	1.26e-153	442
NZ_HE978532.1_541	iML1515.b1985	19.3	296	234	3	21	311	45	340	1.47e-10	62.8
NZ_HE978532.1_543	iCN900.CD630_05740	58.6	635	261	1	1	635	1	633	8.48e-280	778
NZ_HE978532.1_546	iCN900.CD630_30040	32.3	303	205	0	4	306	5	307	2.94e-51	171
NZ_HE978532.1_551	iAF987.Gmet_0104	24.4	275	168	11	23	282	275	524	1.08e-04	43.9
NZ_HE978532.1_551	iJN1463.PP_5409	23.0	239	165	7	54	282	297	526	5.78e-04	41.6
NZ_HE978532.1_552	iYS854.USA300HOU_RS11880	50.8	321	156	2	1	319	1	321	3.05e-104	308
NZ_HE978532.1_553	iYS854.USA300HOU_RS11885	44.2	310	173	0	1	310	1	310	3.63e-89	268
NZ_HE978532.1_554	iCN900.CD630_15850	23.8	303	216	8	6	295	5	305	4.49e-19	85.5
NZ_HE978532.1_556	iSF_1195.SF3168	58.6	157	65	0	1	157	13	169	1.14e-63	192
NZ_HE978532.1_557	iSF_1195.SF3169	39.8	216	130	0	1	216	1	216	2.52e-55	178
NZ_HE978532.1_558	iSF_1195.SF3170	49.5	222	112	0	7	228	25	246	8.23e-76	233
NZ_HE978532.1_559	iCN900.CD630_30670	30.1	123	80	2	3	123	2	120	5.22e-12	58.9
NZ_HE978532.1_559	iNF517.LLMG_RS03765	28.5	130	86	2	1	123	1	130	1.20e-09	54.7
NZ_HE978532.1_559	iCN900.CD630_04910	33.0	103	64	3	1	100	1	101	3.06e-10	54.3
NZ_HE978532.1_559	iCN900.CD630_02840	29.8	121	83	2	5	123	4	124	4.20e-10	53.9
NZ_HE978532.1_560	iNF517.LLMG_RS05670	52.9	376	172	3	4	374	6	381	6.88e-132	382
NZ_HE978532.1_560	iCN900.CD630_34530	51.5	375	177	3	5	374	7	381	8.39e-126	367
NZ_HE978532.1_561	iYO844.BSU02850	38.2	309	177	5	11	307	8	314	3.35e-58	189
NZ_HE978532.1_562	iYS854.USA300HOU_RS08305	32.8	235	139	5	7	223	12	245	4.13e-35	125
NZ_HE978532.1_562	iNF517.LLMG_RS12030	35.5	217	122	6	6	209	4	215	2.57e-32	117
NZ_HE978532.1_562	iLJ478.TM0124	35.8	190	107	4	6	191	4	182	8.93e-32	115
NZ_HE978532.1_563	iHN637.CLJU_RS15670	37.2	258	162	0	6	263	3	260	3.90e-51	167
NZ_HE978532.1_566	iML1515.b3011	32.2	395	251	10	1	387	1	386	8.73e-60	198
NZ_HE978532.1_566	iJN1463.PP_2492	30.5	364	241	7	1	358	1	358	1.78e-53	181
NZ_HE978532.1_567	iSSON_1240.SSON_2957	39.9	213	124	4	1	212	1	210	5.09e-45	149
NZ_HE978532.1_567	STM_v1_0.STM2974	38.5	213	127	3	1	212	1	210	2.87e-44	147
NZ_HE978532.1_567	iYL1228.KPN_03151	38.0	213	128	3	1	212	1	210	4.06e-44	146
NZ_HE978532.1_567	iML1515.b2800	39.4	213	125	4	1	212	1	210	8.11e-44	145
NZ_HE978532.1_567	iSDY_1059.SDY_3017	39.4	213	125	4	1	212	1	210	8.11e-44	145
NZ_HE978532.1_567	iSF_1195.SF2814	39.4	213	125	4	1	212	1	210	8.11e-44	145
NZ_HE978532.1_568	iHN637.CLJU_RS08965	24.0	292	204	9	5	284	3	288	1.07e-13	72.8
NZ_HE978532.1_569	iHN637.CLJU_RS05680	35.3	266	163	7	51	311	72	333	3.58e-40	143
NZ_HE978532.1_569	iEK1008.Rv0728c	33.4	293	174	8	23	306	26	306	6.73e-40	142
NZ_HE978532.1_569	iLJ478.TM0327	32.5	286	168	9	51	325	44	315	1.59e-35	130
NZ_HE978532.1_569	iLJ478.TM1401	29.7	283	187	6	32	311	29	302	1.41e-35	130
NZ_HE978532.1_570	iYO844.BSU13560	36.2	301	187	3	1	301	99	394	2.15e-56	186
NZ_HE978532.1_571	iYS854.USA300HOU_RS12590	45.7	438	230	4	4	439	2	433	8.33e-122	361
NZ_HE978532.1_573	iLJ478.TM0911	30.4	339	211	9	12	335	3	331	1.12e-43	153
NZ_HE978532.1_574	iCN900.CD630_32700	40.1	167	96	2	8	171	7	172	7.87e-29	107
NZ_HE978532.1_575	iCN900.CD630_22760	37.4	454	263	8	3	447	2	443	3.67e-82	260
NZ_HE978532.1_576	iNF517.LLMG_RS00415	28.2	195	130	6	1	188	80	271	2.46e-11	60.8
NZ_HE978532.1_579	iCN900.CD630_29540	56.2	210	89	1	1	210	1	207	1.46e-68	209
NZ_HE978532.1_580	iCN900.CD630_29550	69.6	457	139	0	1	457	1	457	5.65e-237	655
NZ_HE978532.1_581	iCN900.CD630_29560	63.5	586	212	2	1	584	1	586	2.30e-266	740
NZ_HE978532.1_582	iCN900.CD630_29561	43.1	102	58	0	1	102	1	102	3.37e-28	98.2
NZ_HE978532.1_583	iCN900.CD630_29570	28.7	321	216	6	14	331	15	325	6.23e-37	134
NZ_HE978532.1_584	iCN900.CD630_29580	35.4	48	29	1	137	182	139	186	5.39e-04	38.9
NZ_HE978532.1_585	iCN900.CD630_29590	51.6	126	56	2	1	121	35	160	2.23e-35	119
NZ_HE978532.1_586	iCN900.CD630_29600	28.3	665	422	15	1	639	1	636	1.77e-64	225
NZ_HE978532.1_589	iYL1228.KPN_04001	47.7	329	157	4	1	316	1	327	3.16e-102	303
NZ_HE978532.1_589	iML1515.b3925	47.7	329	157	4	1	316	1	327	7.27e-101	299
NZ_HE978532.1_589	iSbBS512_1146.SbBS512_E4407	47.7	329	157	4	1	316	1	327	7.27e-101	299
NZ_HE978532.1_589	iSDY_1059.SDY_3819	47.7	329	157	4	1	316	1	327	7.27e-101	299
NZ_HE978532.1_589	iSF_1195.SF4003	47.7	329	157	4	1	316	1	327	7.27e-101	299
NZ_HE978532.1_589	iSSON_1240.SSON_4094	47.7	329	157	4	1	316	1	327	7.27e-101	299
NZ_HE978532.1_589	STM_v1_0.STM4085	47.4	329	158	4	1	316	1	327	2.93e-100	298
NZ_HE978532.1_589	iEK1008.Rv1099c	47.3	315	163	3	2	315	30	342	4.76e-92	278
NZ_HE978532.1_589	iSynCJ816.SGL_RS09170	44.5	335	161	5	1	311	1	334	3.19e-91	275
NZ_HE978532.1_592	iYO844.BSU08850	30.4	227	158	0	9	235	31	257	1.04e-35	128
NZ_HE978532.1_592	iCN718.ABAYE_RS19055	31.7	221	151	0	15	235	26	246	5.01e-33	120
NZ_HE978532.1_592	iJN1463.PP_0239	32.6	221	149	0	15	235	20	240	2.06e-31	116
NZ_HE978532.1_593	iCN900.CD630_29900	36.2	257	112	4	2	206	8	264	6.63e-49	161
NZ_HE978532.1_594	iCN900.CD630_29890	48.3	290	146	2	43	330	27	314	8.15e-86	261
NZ_HE978532.1_599	iIT341.HP0364	42.8	346	191	4	8	352	2	341	2.04e-94	284
NZ_HE978532.1_601	iIT341.HP0680	39.5	742	384	13	143	836	50	774	1.96e-167	504
NZ_HE978532.1_602	iNF517.LLMG_RS09325	23.4	462	333	12	1	447	69	524	8.28e-23	101
NZ_HE978532.1_602	iSDY_1059.SDY_2375	30.1	176	120	2	275	447	356	531	1.47e-20	94.4
NZ_HE978532.1_602	iSSON_1240.SSON_0887	30.1	176	120	2	275	447	356	531	1.47e-20	94.4
NZ_HE978532.1_602	iAF987.Gmet_2349	22.9	297	217	6	160	447	234	527	3.46e-20	93.2
NZ_HE978532.1_602	iSbBS512_1146.SbBS512_E2443	29.5	176	121	2	275	447	356	531	6.19e-20	92.4
NZ_HE978532.1_602	iSF_1195.SF0845	29.5	176	121	2	275	447	356	531	6.19e-20	92.4
NZ_HE978532.1_602	iML1515.b0886	29.5	176	121	2	275	447	356	531	8.25e-20	92.0
NZ_HE978532.1_604	iAF987.Gmet_1750	38.7	204	120	2	69	272	43	241	4.09e-42	147
NZ_HE978532.1_605	iNF517.LLMG_RS07195	55.7	469	203	2	7	470	8	476	1.28e-165	482
NZ_HE978532.1_605	iYS854.USA300HOU_RS01015	53.2	470	208	2	6	463	5	474	1.58e-162	468
NZ_HE978532.1_606	iCN900.CD630_30460	52.2	289	138	0	4	292	11	299	6.58e-95	282
NZ_HE978532.1_608	iYS854.USA300HOU_RS01685	27.1	251	173	2	1	251	1	241	5.49e-21	89.4
NZ_HE978532.1_609	iAT_PLT_636.4905	33.0	227	136	5	195	407	242	466	4.27e-28	120
NZ_HE978532.1_609	iMM1415.18195	33.0	227	136	5	195	407	242	466	4.27e-28	120
NZ_HE978532.1_611	iHN637.CLJU_RS19940	47.2	282	146	2	3	282	5	285	3.10e-93	276
NZ_HE978532.1_611	iCN900.CD630_16910	46.7	291	146	3	1	283	4	293	1.21e-87	263
NZ_HE978532.1_612	iYS854.USA300HOU_RS05725	46.5	101	46	3	4	100	6	102	6.89e-25	89.7
NZ_HE978532.1_612	iAF692.Mbar_A2310	44.2	86	42	2	20	101	4	87	3.41e-22	82.4
NZ_HE978532.1_615	iYS854.USA300HOU_RS03075	55.6	324	138	3	6	325	4	325	3.54e-114	333
NZ_HE978532.1_615	iYO844.BSU37660	56.7	314	134	2	12	325	10	321	1.21e-113	332
NZ_HE978532.1_615	iNF517.LLMG_RS03945	55.9	322	139	2	6	325	3	323	3.81e-113	330
NZ_HE978532.1_617	iLJ478.TM1560	22.6	168	122	3	9	171	6	170	3.25e-05	42.7
NZ_HE978532.1_619	iHN637.CLJU_RS11570	25.2	270	162	12	1	253	1	247	6.54e-08	52.8
NZ_HE978532.1_620	iML1515.b2700	37.8	90	56	0	260	349	17	106	2.30e-11	61.6
NZ_HE978532.1_622	iSynCJ816.SGL_RS13580	33.0	94	62	1	324	416	292	385	8.34e-04	42.0
NZ_HE978532.1_639	iML1515.b1243	38.3	107	57	5	113	213	78	181	5.51e-09	58.9
NZ_HE978532.1_639	iSDY_1059.SDY_1301	38.3	107	57	5	113	213	78	181	5.51e-09	58.9
NZ_HE978532.1_639	iSF_1195.SF1244	38.3	107	57	5	113	213	78	181	5.51e-09	58.9
NZ_HE978532.1_639	iYL1228.KPN_02197	36.0	114	62	6	107	213	73	182	1.27e-08	57.8
NZ_HE978532.1_639	iSbBS512_1146.SbBS512_E1412	37.4	107	58	5	113	213	78	181	2.90e-08	56.6
NZ_HE978532.1_639	iSSON_1240.SSON_1937	37.4	107	58	5	113	213	78	181	2.90e-08	56.6
NZ_HE978532.1_640	iYS854.USA300HOU_RS04930	38.9	324	185	4	1	317	1	318	6.30e-71	222
NZ_HE978532.1_641	iLJ478.TM1065	38.4	229	140	1	403	631	139	366	2.49e-45	164
NZ_HE978532.1_641	iLJ478.TM0059	38.9	226	137	1	403	628	135	359	3.06e-45	164
NZ_HE978532.1_641	iYL1228.KPN_02195	40.0	250	133	4	389	629	59	300	3.20e-43	157
NZ_HE978532.1_641	iYO844.BSU12940	36.0	225	137	2	405	629	100	317	4.75e-42	154
NZ_HE978532.1_641	iML1515.b1245	41.2	228	126	2	402	629	81	300	4.19e-42	154
NZ_HE978532.1_641	iSbBS512_1146.SbBS512_E1414	41.2	228	126	2	402	629	81	300	4.19e-42	154
NZ_HE978532.1_641	iSSON_1240.SSON_1935	41.2	228	126	2	402	629	81	300	4.19e-42	154
NZ_HE978532.1_641	iSDY_1059.SDY_1303	40.8	228	127	2	402	629	81	300	2.08e-41	152
NZ_HE978532.1_641	iSF_1195.SF1246	40.8	228	127	2	402	629	81	300	2.08e-41	152
NZ_HE978532.1_641	STM_v1_0.STM1744	38.4	250	137	4	389	629	59	300	2.69e-40	149
NZ_HE978532.1_642	iLJ478.TM1749	50.8	323	154	2	1	323	1	318	3.57e-107	315
NZ_HE978532.1_642	iLJ478.TM0058	53.4	328	141	5	1	321	1	323	7.32e-106	312
NZ_HE978532.1_642	iLJ478.TM1064	50.3	328	149	6	1	321	1	321	1.41e-103	306
NZ_HE978532.1_643	iLJ478.TM0057	49.8	251	120	2	261	508	80	327	5.58e-84	264
NZ_HE978532.1_643	iLJ478.TM1750	51.2	250	118	2	259	507	77	323	5.75e-84	263
NZ_HE978532.1_643	iLJ478.TM1063	49.0	253	122	3	261	508	81	331	1.21e-83	263
NZ_HE978532.1_643	STM_v1_0.STM1742	50.2	251	120	3	260	508	85	332	2.83e-75	241
NZ_HE978532.1_643	iYL1228.KPN_02193	50.2	251	120	3	260	508	85	332	7.87e-75	240
NZ_HE978532.1_643	iML1515.b1247	49.8	251	121	3	260	508	85	332	6.08e-74	238
NZ_HE978532.1_643	iSbBS512_1146.SbBS512_E1416	49.8	251	121	3	260	508	85	332	6.08e-74	238
NZ_HE978532.1_643	iSF_1195.SF1248	49.8	251	121	3	260	508	85	332	6.08e-74	238
NZ_HE978532.1_649	iJN1463.PP_2440	48.0	515	260	5	1	507	1	515	9.27e-155	451
NZ_HE978532.1_649	iML1515.b0606	47.2	517	263	5	1	507	1	517	4.02e-151	441
NZ_HE978532.1_649	STM_v1_0.STM0609	46.8	517	265	5	1	507	1	517	3.24e-150	439
NZ_HE978532.1_650	STM_v1_0.STM0608	57.4	190	77	3	1	189	1	187	4.63e-75	223
NZ_HE978532.1_650	iML1515.b0605	57.4	190	77	3	1	189	1	187	6.57e-75	223
NZ_HE978532.1_650	iJN1463.PP_2439	53.7	190	84	3	1	189	1	187	2.52e-72	216
NZ_HE978532.1_651	iYS854.USA300HOU_RS13175	31.8	314	208	3	3	310	6	319	3.12e-43	154
NZ_HE978532.1_651	iHN637.CLJU_RS18905	31.6	323	212	4	1	317	1	320	7.77e-43	153
NZ_HE978532.1_651	iYO844.BSU40040	33.0	315	206	3	1	310	1	315	1.72e-42	152
NZ_HE978532.1_651	iCN900.CD630_30840	31.2	324	216	4	1	319	1	322	1.79e-42	152
NZ_HE978532.1_651	STM_v1_0.STM2959	32.8	317	208	3	1	312	1	317	2.42e-39	144
NZ_HE978532.1_651	iHN637.CLJU_RS13885	28.2	316	222	2	2	312	6	321	6.50e-39	142
NZ_HE978532.1_651	iPC815.YPO3980	30.8	315	213	3	1	310	1	315	6.25e-39	142
NZ_HE978532.1_651	iSDY_1059.SDY_3318	31.5	317	212	2	1	312	28	344	1.53e-38	142
NZ_HE978532.1_651	iSF_1195.SF3161	31.5	317	212	2	1	312	28	344	1.53e-38	142
NZ_HE978532.1_651	iML1515.b3124	31.5	317	212	2	1	312	1	317	1.28e-38	142
NZ_HE978532.1_651	iSbBS512_1146.SbBS512_E3234	30.9	317	214	2	1	312	1	317	9.25e-38	139
NZ_HE978532.1_651	iJN1463.PP_3178	30.5	315	214	2	1	310	1	315	1.72e-37	139
NZ_HE978532.1_651	iSSON_1240.SSON_3279	31.2	317	213	2	1	312	28	344	2.92e-37	139
NZ_HE978533.1_3	iML1515.b1330	33.6	107	69	1	73	177	113	219	3.48e-13	68.6
NZ_HE978533.1_5	iCN900.CD630_25260	57.8	661	273	5	2	659	5	662	1.96e-281	785
NZ_HE978533.1_6	iSynCJ816.SGL_RS10930	36.9	678	421	4	8	680	9	684	2.67e-156	467
NZ_HE978533.1_6	iEK1008.Rv0684	36.9	693	422	6	2	680	4	695	1.26e-153	461
NZ_HE978533.1_8	iNF517.LLMG_RS03755	57.7	305	116	3	4	301	1	299	1.14e-117	340
NZ_HE978533.1_9	iNF517.LLMG_RS03760	55.8	267	113	3	5	269	7	270	4.54e-98	288
NZ_HE978533.1_10	iNF517.LLMG_RS03765	55.2	330	137	5	2	326	3	326	4.39e-114	333
NZ_HE978533.1_11	iAM_Pc455.PCYB_111980	24.9	1044	576	26	2	875	67	1072	2.34e-57	214
NZ_HE978533.1_11	iAM_Pv461.PVX_115000	24.3	1100	643	33	2	939	67	1138	5.52e-56	210
NZ_HE978533.1_11	iAM_Pb448.PBANKA_113700	23.0	1103	671	27	2	948	67	1147	1.72e-55	209
NZ_HE978533.1_11	iAM_Pf480.PF3D7_1360800	24.2	1118	656	33	4	939	71	1178	4.11e-52	198
NZ_HE978533.1_15	iYS854.USA300HOU_RS06160	43.5	46	26	0	35	80	267	312	4.34e-10	53.9
NZ_HE978533.1_16	iLJ478.TM0561	23.2	254	182	5	71	317	103	350	8.69e-20	88.2
NZ_HE978533.1_16	iAF692.Mbar_A2983	24.6	252	181	6	71	317	106	353	5.04e-18	83.2
NZ_HE978533.1_16	iYS854.USA300HOU_RS12695	23.1	286	193	9	43	317	45	314	3.43e-18	83.2
NZ_HE978533.1_16	iAF987.Gmet_1189	26.6	184	133	2	134	317	174	355	5.97e-17	80.1
NZ_HE978533.1_18	iYO844.BSU30450	39.4	109	66	0	42	150	110	218	1.46e-20	87.0
NZ_HE978533.1_23	iCN900.CD630_13320	49.7	290	121	4	2	290	6	271	1.82e-87	262
NZ_HE978533.1_26	iML1515.b3697	31.7	268	173	4	5	266	3	266	1.44e-32	120
NZ_HE978533.1_27	iCN900.CD630_27410	36.9	401	216	13	58	427	114	508	7.70e-59	200
NZ_HE978533.1_27	iYO844.BSU09840	33.2	434	246	12	33	432	73	496	4.22e-56	192
NZ_HE978533.1_29	iCN900.CD630_31280	29.4	194	111	3	5	184	5	186	1.91e-18	83.2
NZ_HE978533.1_29	iNF517.LLMG_RS02315	29.8	215	139	5	5	214	6	213	7.82e-17	78.6
NZ_HE978533.1_29	iAF692.Mbar_A0742	29.6	213	140	5	5	215	6	210	4.44e-16	76.3
NZ_HE978533.1_37	iCN900.CD630_16140	28.9	218	151	2	3	216	26	243	9.39e-31	115
NZ_HE978533.1_37	iYO844.BSU02750	29.9	244	154	5	1	235	1	236	1.22e-30	115
NZ_HE978533.1_37	iML1515.b3201	28.3	223	149	3	2	215	4	224	8.13e-30	112
NZ_HE978533.1_37	iSbBS512_1146.SbBS512_E3569	28.3	223	149	3	2	215	4	224	8.13e-30	112
NZ_HE978533.1_37	iSDY_1059.SDY_3382	28.3	223	149	3	2	215	4	224	8.13e-30	112
NZ_HE978533.1_37	iSF_1195.SF3241	28.3	223	149	3	2	215	4	224	8.13e-30	112
NZ_HE978533.1_37	iSSON_1240.SSON_3349	28.3	223	149	3	2	215	4	224	8.13e-30	112
NZ_HE978533.1_37	iAF987.Gmet_1282	30.6	232	151	3	1	224	9	238	1.28e-29	112
NZ_HE978533.1_37	iCN900.CD630_35300	30.9	223	150	3	2	220	4	226	6.97e-28	109
NZ_HE978533.1_37	iCN900.CD630_03010	27.2	243	168	3	1	234	5	247	6.42e-27	109
NZ_HE978533.1_37	iCN900.CD630_35270	32.6	224	141	5	2	218	4	224	1.34e-27	108
NZ_HE978533.1_37	iCN900.CD630_14890	27.9	240	162	4	1	229	1	240	2.19e-27	108
NZ_HE978533.1_37	STM_v1_0.STM3561	26.7	247	145	4	1	218	5	244	6.13e-28	108
NZ_HE978533.1_37	iYS854.USA300HOU_RS09925	31.7	224	143	3	1	215	3	225	8.98e-28	107
NZ_HE978533.1_37	iCN900.CD630_07520	30.9	233	151	5	1	223	1	233	1.20e-27	107
NZ_HE978533.1_37	iYL1228.KPN_03817	26.3	247	146	4	1	218	5	244	3.24e-27	106
NZ_HE978533.1_37	iSynCJ816.SGL_RS14000	27.3	238	152	1	1	217	18	255	1.56e-26	104
NZ_HE978533.1_39	iCN900.CD630_16820	26.6	207	141	6	1	198	1	205	5.43e-13	67.8
NZ_HE978533.1_39	iSSON_1240.SSON_2218	24.1	232	163	7	1	222	1	229	5.76e-12	64.7
NZ_HE978533.1_39	iML1515.b2162	24.1	232	163	7	1	222	1	229	7.78e-12	64.3
NZ_HE978533.1_39	STM_v1_0.STM0661	22.1	303	210	7	8	284	5	307	1.40e-11	63.5
NZ_HE978533.1_39	iSF_1195.SF2247	23.7	232	164	7	1	222	1	229	3.49e-11	62.4
NZ_HE978533.1_39	iYS854.USA300HOU_RS12360	24.4	197	132	4	101	280	109	305	4.71e-11	62.0
NZ_HE978533.1_39	STM_v1_0.STM0051	21.6	199	149	2	8	199	7	205	8.25e-11	61.2
NZ_HE978533.1_40	iCN900.CD630_22560	56.8	338	145	1	2	338	11	348	7.55e-122	354
NZ_HE978533.1_46	iCN900.CD630_00520	58.6	474	181	7	1	470	1	463	6.78e-185	524
NZ_HE978533.1_47	iCN900.CD630_00510	50.5	493	238	3	3	492	2	491	5.50e-184	523
NZ_HE978533.1_50	iYO844.BSU25500	26.1	115	84	1	46	159	34	148	1.73e-06	48.5
NZ_HE978533.1_51	iHN637.CLJU_RS12895	42.4	335	190	2	1	333	1	334	4.56e-81	249
NZ_HE978533.1_51	iYS854.USA300HOU_RS06690	42.1	342	191	5	1	336	1	341	2.18e-78	243
NZ_HE978533.1_52	iCN900.CD630_05910	44.4	691	365	6	5	685	5	686	2.53e-189	552
NZ_HE978533.1_54	iCN900.CD630_14790	53.8	669	297	9	1	663	1	663	5.40e-230	658
NZ_HE978533.1_54	iNF517.LLMG_RS01055	47.5	710	349	10	5	712	4	691	3.89e-207	598
NZ_HE978533.1_55	iCN900.CD630_14780	57.5	73	31	0	1	73	1	73	2.55e-28	96.3
NZ_HE978533.1_56	iCN900.CD630_14770	37.7	69	43	0	1	69	2	70	4.27e-12	55.1
NZ_HE978533.1_59	iYS854.USA300HOU_RS07285	25.0	280	202	4	1	280	1	272	2.20e-21	90.9
NZ_HE978533.1_61	iCN900.CD630_22820	25.4	134	92	2	490	615	4	137	3.87e-07	49.7
NZ_HE978533.1_61	iCN900.CD630_02060	34.4	93	58	2	498	587	15	107	4.65e-06	46.6
NZ_HE978533.1_61	iCN900.CD630_30150	34.9	83	51	2	483	563	3	84	6.64e-06	46.2
NZ_HE978533.1_61	iCN900.CD630_30750	27.9	147	86	4	489	616	493	638	4.54e-05	46.2
NZ_HE978533.1_62	iLJ478.TM0066	35.7	182	113	3	1	181	3	181	1.71e-29	108
NZ_HE978533.1_62	iHN637.CLJU_RS06680	37.2	172	105	3	36	206	41	210	4.59e-28	105
NZ_HE978533.1_62	iLB1027_lipid.PHATRDRAFT_34120	31.8	195	131	2	9	203	49	241	6.07e-27	103
NZ_HE978533.1_63	iCN900.CD630_23270	33.1	130	87	0	17	146	23	152	7.45e-24	90.5
NZ_HE978533.1_63	iCN900.CD630_22820	34.1	132	86	1	13	143	12	143	2.35e-21	84.0
NZ_HE978533.1_64	iCN900.CD630_00420	42.1	95	50	3	4	97	8	98	1.36e-15	65.9
NZ_HE978533.1_65	iCN900.CD630_23250	39.7	413	246	3	9	421	9	418	3.78e-102	310
NZ_HE978533.1_65	iYS854.USA300HOU_RS01285	39.8	420	250	3	1	420	1	417	1.03e-100	306
NZ_HE978533.1_65	iCN900.CD630_00430	40.6	421	245	4	8	425	4	422	3.22e-98	300
NZ_HE978533.1_66	iML1515.b4478	52.2	383	181	2	1	382	1	382	3.33e-139	401
NZ_HE978533.1_66	iYL1228.KPN_04095	52.0	383	182	2	1	382	1	382	4.73e-139	400
NZ_HE978533.1_66	STM_v1_0.STM3828	50.9	383	186	2	1	382	1	382	1.55e-137	397
NZ_HE978533.1_68	iYO844.BSU03860	24.4	164	106	3	4	149	5	168	4.01e-04	39.3
NZ_HE978533.1_70	iCN900.CD630_29750	35.6	87	55	1	7	92	2	88	3.52e-09	48.9
NZ_HE978533.1_78	iYO844.BSU22410	50.4	123	61	0	5	127	5	127	4.52e-39	127
NZ_HE978533.1_78	iIT341.HP0034	54.4	114	51	1	1	114	1	113	3.88e-38	124
NZ_HE978533.1_78	iYS854.USA300HOU_RS14075	51.2	123	59	1	5	127	1	122	2.67e-37	122
NZ_HE978533.1_78	iEK1008.Rv3601c	54.1	109	50	0	5	113	5	113	4.00e-35	117
NZ_HE978533.1_79	iCN900.CD630_15120	57.6	278	116	2	3	278	2	279	2.35e-108	315
NZ_HE978533.1_79	iLJ478.TM1077	51.8	278	132	2	1	276	1	278	3.00e-96	284
NZ_HE978533.1_80	iYO844.BSU19350	41.9	310	178	1	1	310	1	308	1.58e-82	252
NZ_HE978533.1_81	iCN900.CD630_28190	49.9	367	183	1	1	366	1	367	6.41e-123	358
NZ_HE978533.1_82	iCN900.CD630_28120	32.5	461	271	8	9	447	2	444	1.41e-64	214
NZ_HE978533.1_82	iJN1463.PP_3417	31.1	440	282	10	18	447	21	449	4.07e-62	207
NZ_HE978533.1_83	iCN718.ABAYE_RS14065	54.5	429	187	4	11	435	14	438	1.25e-151	437
NZ_HE978533.1_83	STM_v1_0.STM3802	52.5	438	200	4	2	435	3	436	1.54e-151	437
NZ_HE978533.1_83	iML1515.b2366	53.3	430	191	3	11	435	14	438	1.08e-149	432
NZ_HE978533.1_83	iSSON_1240.SSON_2457	53.3	430	191	3	11	435	14	438	1.53e-149	432
NZ_HE978533.1_83	iSF_1195.SF2433	53.0	430	192	3	11	435	14	438	1.76e-148	429
NZ_HE978533.1_83	iSDY_1059.SDY_2561	53.0	430	192	3	11	435	14	438	2.49e-148	429
NZ_HE978533.1_83	iYO844.BSU23770	50.5	432	198	4	9	434	13	434	6.12e-148	428
NZ_HE978533.1_83	iYL1228.KPN_04081	52.1	428	199	3	11	435	15	439	9.64e-146	422
NZ_HE978533.1_83	iSbBS512_1146.SbBS512_E2735	54.9	399	170	3	42	435	25	418	3.12e-144	417
NZ_HE978533.1_86	iSF_1195.SF4384	33.5	224	134	4	59	281	211	420	4.32e-30	117
NZ_HE978533.1_86	iSbBS512_1146.SbBS512_E4890	29.7	286	164	7	18	281	150	420	5.97e-30	116
NZ_HE978533.1_86	iSSON_1240.SSON_4499	33.5	224	134	4	59	281	211	420	5.97e-30	116
NZ_HE978533.1_86	iYL1228.KPN_04788	31.0	248	152	6	35	281	12	241	4.02e-31	116
NZ_HE978533.1_86	STM_v1_0.STM1101	33.8	210	124	4	73	281	225	420	2.17e-29	115
NZ_HE978533.1_88	iCN900.CD630_30000	35.8	81	52	0	1	81	196	276	1.42e-13	64.3
NZ_HE978533.1_89	iCN900.CD630_30000	39.9	183	110	0	2	184	3	185	5.31e-45	150
NZ_HE978533.1_90	iCN900.CD630_30020	69.9	386	114	2	5	390	3	386	5.15e-192	535
NZ_HE978533.1_91	iYO844.BSU12390	39.8	88	48	1	7	94	7	89	4.92e-13	62.8
NZ_HE978533.1_92	iCN900.CD630_30040	65.5	319	110	0	1	319	1	319	2.28e-150	425
NZ_HE978533.1_93	iYS854.USA300HOU_RS07285	31.8	220	145	4	1	220	1	215	9.79e-25	98.2
NZ_HE978533.1_94	iNF517.LLMG_RS01830	64.6	226	80	0	4	229	3	228	3.39e-105	303
NZ_HE978533.1_95	STM_v1_0.STM0659	22.7	326	216	8	1	297	1	319	1.43e-08	55.8
NZ_HE978533.1_95	iSbBS512_1146.SbBS512_E0599	24.2	327	210	11	1	297	1	319	3.36e-08	54.7
NZ_HE978533.1_95	iML1515.b0650	27.9	204	123	6	1	185	1	199	5.92e-08	53.9
NZ_HE978533.1_95	iSSON_1240.SSON_0604	27.9	204	123	6	1	185	1	199	5.92e-08	53.9
NZ_HE978533.1_96	iHN637.CLJU_RS01260	61.1	388	150	1	1	387	1	388	2.87e-166	470
NZ_HE978533.1_96	iYS854.USA300HOU_RS09495	59.0	390	157	2	2	388	5	394	1.92e-163	463
NZ_HE978533.1_96	iCN900.CD630_01300	59.4	389	155	1	2	387	3	391	2.72e-163	463
NZ_HE978533.1_96	iYO844.BSU30550	60.0	390	152	2	2	387	5	394	8.62e-163	462
NZ_HE978533.1_96	iAF987.Gmet_1290	56.7	386	161	1	4	389	7	386	1.86e-154	440
NZ_HE978533.1_96	iLJ478.TM1658	56.9	390	165	1	1	387	1	390	9.25e-154	439
NZ_HE978533.1_96	iNF517.LLMG_RS10795	57.8	391	160	2	2	387	4	394	2.31e-150	430
NZ_HE978533.1_97	iCN900.CD630_00480	59.1	154	63	0	1	154	1	154	2.38e-61	186
NZ_HE978533.1_97	iYO844.BSU00910	56.1	155	68	0	2	156	3	157	3.36e-58	178
NZ_HE978533.1_97	iAF987.Gmet_0059	59.0	156	64	0	1	156	1	156	6.56e-58	177
NZ_HE978533.1_97	iHN637.CLJU_RS00770	57.1	154	66	0	1	154	1	154	1.41e-57	176
NZ_HE978533.1_98	iCN900.CD630_00470	39.2	222	131	4	8	227	3	222	1.51e-43	146
NZ_HE978533.1_98	iYO844.BSU00900	38.0	221	133	3	10	228	6	224	4.48e-38	132
NZ_HE978533.1_101	iYS854.USA300HOU_RS10305	33.9	277	176	5	2	274	3	276	4.99e-46	157
NZ_HE978533.1_103	iCN900.CD630_24910	45.3	307	160	4	5	303	4	310	6.11e-86	260
NZ_HE978533.1_103	iNF517.LLMG_RS08975	44.4	315	164	5	1	306	1	313	8.17e-84	254
NZ_HE978533.1_103	iYS854.USA300HOU_RS14360	45.1	308	161	5	5	305	3	309	2.40e-82	251
NZ_HE978533.1_103	iYO844.BSU35790	41.7	309	172	4	5	305	6	314	5.80e-76	234
NZ_HE978533.1_105	iLJ478.TM0191	33.8	213	129	6	1	203	1	211	7.10e-27	103
NZ_HE978533.1_105	iYO844.BSU30450	27.7	220	152	3	1	215	1	218	3.71e-26	102
NZ_HE978533.1_105	iIT341.HP1171	28.1	242	158	2	1	228	4	243	3.40e-24	96.3
NZ_HE978533.1_121	iNF517.LLMG_RS12135	42.2	332	190	2	1	331	1	331	2.25e-90	273
NZ_HE978533.1_122	iNF517.LLMG_RS12140	31.5	372	237	8	1	358	1	368	1.99e-46	164
NZ_HE978533.1_123	iHN637.CLJU_RS16390	43.8	276	155	0	13	288	13	288	1.47e-71	222
NZ_HE978533.1_124	iHN637.CLJU_RS16395	46.2	208	109	1	1	205	1	208	8.17e-63	194
NZ_HE978533.1_125	iYL1228.KPN_03756	23.6	225	153	2	4	209	12	236	2.12e-18	80.5
NZ_HE978533.1_125	iML1515.b3385	22.5	227	152	2	4	209	12	235	7.76e-18	79.0
NZ_HE978533.1_125	iSSON_1240.SSON_3516	22.5	227	152	2	4	209	12	235	1.08e-17	78.6
NZ_HE978533.1_125	iSbBS512_1146.SbBS512_E3762	22.5	227	152	2	4	209	12	235	1.49e-17	78.2
NZ_HE978533.1_125	iSF_1195.SF3403	22.5	227	152	2	4	209	12	235	2.07e-17	77.8
NZ_HE978533.1_125	iSDY_1059.SDY_3694	22.5	227	152	2	4	209	12	235	7.64e-17	76.3
NZ_HE978533.1_125	STM_v1_0.STM3482	23.3	223	147	2	4	205	12	231	2.03e-16	75.1
NZ_HE978533.1_125	iYS854.USA300HOU_RS03000	23.7	215	154	2	2	212	6	214	1.14e-16	75.1
NZ_HE978533.1_125	iPC815.YPO0156	22.5	204	151	2	4	203	12	212	1.51e-16	75.1
NZ_HE978533.1_126	iHN637.CLJU_RS06595	56.3	481	208	2	1	479	9	489	5.47e-193	546
NZ_HE978533.1_127	iMM1415.15487	32.8	195	116	7	3	186	47	237	3.57e-20	87.0
NZ_HE978533.1_128	iYS854.USA300HOU_RS01685	24.4	242	169	3	28	269	14	241	3.98e-16	76.3
NZ_HE978533.1_129	iNF517.LLMG_RS12405	56.4	303	126	3	1	299	1	301	2.62e-115	334
NZ_HE978533.1_129	iHN637.CLJU_RS05685	52.0	300	141	2	1	299	1	298	1.59e-108	317
NZ_HE978533.1_130	iLJ478.TM1401	38.6	249	145	5	63	309	59	301	5.84e-42	147
NZ_HE978533.1_130	iSDY_1059.SDY_1464	32.9	328	193	9	1	311	1	318	5.41e-41	145
NZ_HE978533.1_130	iYS854.USA300HOU_RS04605	30.1	316	200	6	13	317	9	314	1.18e-40	144
NZ_HE978533.1_130	iML1515.b1380	32.6	328	194	9	1	311	1	318	4.07e-40	143
NZ_HE978533.1_130	iYL1228.KPN_01449	33.2	331	192	10	1	313	1	320	4.07e-40	143
NZ_HE978533.1_130	iSbBS512_1146.SbBS512_E1618	32.6	328	194	9	1	311	1	318	4.07e-40	143
NZ_HE978533.1_130	iSSON_1240.SSON_1744	32.6	328	194	9	1	311	1	318	4.07e-40	143
NZ_HE978533.1_130	iSF_1195.SF1814	37.4	262	139	7	71	311	61	318	7.97e-40	142
NZ_HE978533.1_130	iHN637.CLJU_RS01885	29.0	324	220	8	1	323	1	315	2.28e-39	140
NZ_HE978533.1_130	iLJ478.TM0327	31.4	328	206	10	1	324	1	313	7.99e-39	139
NZ_HE978533.1_130	iYO844.BSU23070	36.6	238	139	5	62	295	54	283	4.05e-37	139
NZ_HE978533.1_130	iHN637.CLJU_RS05700	32.0	309	194	9	5	308	5	302	9.96e-39	139
NZ_HE978533.1_130	STM_v1_0.STM1647	32.0	325	194	9	1	308	1	315	1.63e-38	139
NZ_HE978533.1_130	iAF692.Mbar_A1431	29.7	290	200	4	22	311	14	299	5.47e-37	138
NZ_HE978533.1_130	iPC815.YPO4078	26.7	266	192	2	61	324	57	321	2.23e-37	135
NZ_HE978533.1_130	iAF987.Gmet_2378	31.7	293	193	5	22	310	14	303	8.58e-36	135
NZ_HE978533.1_130	iHN637.CLJU_RS15865	35.7	280	154	9	45	305	41	313	4.34e-37	135
NZ_HE978533.1_130	iSDY_1059.SDY_4350	28.5	263	185	2	61	321	61	322	1.72e-36	133
NZ_HE978533.1_130	iSynCJ816.SGL_RS08600	30.4	276	181	6	22	295	18	284	5.05e-35	133
NZ_HE978533.1_130	iPC815.YPO2329	30.2	325	200	9	1	308	1	315	2.51e-36	133
NZ_HE978533.1_131	iCN900.CD630_02880	32.0	225	145	3	35	259	32	248	7.89e-24	96.7
NZ_HE978533.1_132	iCN900.CD630_02890	42.7	267	140	5	17	282	27	281	4.11e-53	174
NZ_HE978533.1_133	iCN900.CD630_02870	30.9	165	110	3	1	165	1	161	3.19e-18	76.6
NZ_HE978533.1_134	iNF517.LLMG_RS03765	37.8	127	74	3	2	125	3	127	5.79e-18	78.2
NZ_HE978533.1_135	iYO844.BSU35960	51.0	306	143	1	5	310	3	301	3.46e-107	314
NZ_HE978533.1_136	iYO844.BSU35950	62.3	302	114	0	12	313	20	321	8.52e-120	347
NZ_HE978533.1_136	iNF517.LLMG_RS04065	55.3	302	135	0	13	314	10	311	5.99e-108	316
NZ_HE978533.1_137	iYO844.BSU35940	53.3	493	229	1	1	492	1	493	2.16e-184	525
NZ_HE978533.1_137	iNF517.LLMG_RS04060	51.3	493	238	2	1	492	1	492	1.46e-169	487
NZ_HE978533.1_138	iYO844.BSU35930	48.9	131	66	1	1	130	1	131	2.34e-33	113
NZ_HE978533.1_138	iYS854.USA300HOU_RS01405	47.8	134	66	3	1	130	1	134	2.37e-31	108
NZ_HE978533.1_138	iLJ478.TM0959	45.2	135	69	2	1	130	1	135	1.59e-29	103
NZ_HE978533.1_139	iYS854.USA300HOU_RS01400	33.3	303	186	9	2	291	4	303	8.80e-40	140
NZ_HE978533.1_139	iLJ478.TM0960	33.8	302	169	7	7	292	9	295	8.34e-39	138
NZ_HE978533.1_139	STM_v1_0.STM3793	32.6	304	190	7	1	292	1	301	5.89e-36	130
NZ_HE978533.1_140	iYO844.BSU35960	22.6	283	199	8	45	314	20	295	1.83e-04	42.4
NZ_HE978533.1_145	iCHOv1.100753544	23.4	218	130	2	33	249	36	217	1.08e-14	73.2
NZ_HE978533.1_148	iYS854.USA300HOU_RS13005	28.9	166	105	5	67	226	355	513	2.72e-09	56.2
NZ_HE978533.1_149	iYO844.BSU02850	24.5	441	200	6	1	434	1	315	3.81e-33	127
NZ_HE978533.1_150	iLJ478.TM0124	37.0	200	109	3	1	200	1	183	1.91e-43	145
NZ_HE978533.1_151	iHN637.CLJU_RS15670	36.0	261	167	0	1	261	1	261	6.06e-51	167
NZ_HE978533.1_153	iCN900.CD630_20200	43.5	844	389	12	5	770	9	842	7.45e-209	612
NZ_HE978533.1_158	iYS854.USA300HOU_RS05420	29.8	94	66	0	1	94	124	217	3.40e-16	70.1
NZ_HE978533.1_158	iYO844.BSU31090	31.2	93	64	0	1	93	128	220	3.80e-14	64.7
NZ_HE978533.1_158	iYO844.BSU14510	28.7	94	67	0	1	94	124	217	7.32e-14	63.9
NZ_HE978533.1_159	iCN900.CD630_06970	50.0	110	55	0	3	112	2	111	5.08e-28	101
NZ_HE978533.1_160	iCN900.CD630_06960	43.2	442	242	3	23	455	17	458	6.36e-120	357
NZ_HE978533.1_162	iYO844.BSU15650	43.1	878	490	8	4	877	6	877	3.13e-230	671
NZ_HE978533.1_162	iCN900.CD630_18240	44.2	886	474	9	8	891	15	882	1.37e-224	657
NZ_HE978533.1_162	iAF692.Mbar_A0500	44.0	903	481	9	1	885	1	896	6.80e-221	648
NZ_HE978533.1_162	iCN900.CD630_25030	42.2	903	484	13	1	891	1	877	1.02e-216	636
NZ_HE978533.1_163	iAF987.Gmet_2731	28.7	181	110	6	1	179	4	167	6.88e-18	76.6
NZ_HE978533.1_164	iAF987.Gmet_2732	33.6	128	84	1	6	133	12	138	1.12e-16	72.4
NZ_HE978533.1_164	iAF987.Gmet_2731	35.1	114	73	1	10	123	10	122	9.88e-16	69.7
NZ_HE978533.1_166	iML1515.b3715	23.2	198	129	7	3	189	7	192	3.12e-08	51.6
NZ_HE978533.1_166	iAF692.Mbar_A2894	32.6	89	59	1	92	179	121	209	1.26e-07	50.1
NZ_HE978533.1_166	iAF692.Mbar_A0742	20.0	185	136	4	3	182	5	182	1.65e-06	46.6
NZ_HE978533.1_168	iYS854.USA300HOU_RS01090	54.0	365	163	2	1	365	1	360	9.19e-132	381
NZ_HE978533.1_168	iEK1008.Rv1238	51.9	389	157	5	1	365	1	383	3.27e-121	355
NZ_HE978533.1_168	iSynCJ816.SGL_RS17635	51.4	370	171	4	1	369	1	362	1.60e-119	350
NZ_HE978533.1_169	iSynCJ816.SGL_RS03010	38.7	486	258	12	4	464	7	477	9.59e-108	329
NZ_HE978533.1_169	iAF987.Gmet_2391	38.4	476	270	9	2	464	5	470	6.49e-106	324
NZ_HE978533.1_170	iYL1228.KPN_04156	24.7	275	164	11	63	318	28	278	2.07e-05	45.4
NZ_HE978533.1_170	iYO844.BSU35960	24.4	234	149	9	60	284	36	250	6.72e-05	43.9
NZ_HE978533.1_170	iML1515.b3751	24.4	275	165	11	63	318	28	278	6.53e-05	43.9
NZ_HE978533.1_170	STM_v1_0.STM3884	24.7	275	164	11	63	318	28	278	8.70e-05	43.5
NZ_HE978533.1_171	iYO844.BSU30290	30.4	257	171	6	24	278	26	276	1.77e-25	101
NZ_HE978533.1_171	iYO844.BSU06990	29.0	259	178	4	22	277	41	296	3.46e-23	95.9
NZ_HE978533.1_172	iYO844.BSU30280	28.6	280	183	7	14	280	26	301	5.76e-29	111
NZ_HE978533.1_172	iEK1008.Rv2835c	34.1	246	139	8	44	273	58	296	1.12e-28	110
NZ_HE978533.1_172	iCN900.CD630_25490	28.3	276	184	5	12	275	26	299	3.13e-28	109
NZ_HE978533.1_172	iEK1008.Rv2040c	27.8	281	190	4	12	280	15	294	4.03e-27	106
NZ_HE978533.1_178	iYS854.USA300HOU_RS13930	26.6	610	404	16	3	593	18	602	3.43e-37	145
NZ_HE978533.1_181	iJN1463.PP_1308	49.9	387	190	3	9	393	10	394	5.78e-130	379
NZ_HE978533.1_181	iAF692.Mbar_A3023	47.3	393	197	6	9	396	7	394	4.02e-124	363
NZ_HE978533.1_183	iYS854.USA300HOU_RS12590	44.9	399	217	2	3	400	32	428	2.14e-108	326
NZ_HE978533.1_184	iCN900.CD630_19470	40.8	218	124	1	2	214	10	227	5.51e-51	165
NZ_HE978533.1_184	iYO844.BSU30420	41.0	205	116	1	16	215	20	224	9.70e-47	154
NZ_HE978533.1_186	iMM1415.15107	32.7	315	185	5	3	317	27	314	2.12e-45	156
NZ_HE978533.1_186	iAT_PLT_636.3033	31.8	333	181	6	3	317	27	331	2.45e-44	154
NZ_HE978533.1_186	iIS312.TCDM_04758	30.9	317	192	6	1	317	30	319	3.22e-41	145
NZ_HE978533.1_187	iCN900.CD630_18200	43.3	561	285	9	7	559	16	551	5.42e-152	447
NZ_HE978533.1_187	iYO844.BSU14520	40.1	566	323	5	7	562	18	577	1.76e-151	446
NZ_HE978533.1_187	iHN637.CLJU_RS11775	41.3	559	317	4	6	561	15	565	9.89e-149	439
NZ_HE978533.1_188	iML1515.b3664	29.2	178	91	1	1	143	264	441	1.08e-22	92.0
NZ_HE978533.1_188	iSbBS512_1146.SbBS512_E4208	29.4	180	92	1	1	145	263	442	3.86e-22	90.5
NZ_HE978533.1_188	iCN900.CD630_21070	32.4	185	82	2	1	142	271	455	2.71e-21	88.2
NZ_HE978533.1_188	iML1515.b3714	28.9	180	93	1	1	145	263	442	2.59e-21	88.2
NZ_HE978533.1_188	iSDY_1059.SDY_4199	28.9	180	93	1	1	145	263	442	2.59e-21	88.2
NZ_HE978533.1_188	iSF_1195.SF3746	28.9	180	93	1	1	145	263	442	2.59e-21	88.2
NZ_HE978533.1_188	iSSON_1240.SSON_3558	28.9	180	93	1	1	145	263	442	2.59e-21	88.2
NZ_HE978533.1_188	iAF987.Gmet_2715	31.8	173	83	1	1	138	254	426	3.43e-21	87.8
NZ_HE978533.1_191	iAF987.Gmet_1919	32.5	120	75	2	4	123	5	118	4.79e-10	58.5
NZ_HE978533.1_191	iAF987.Gmet_1914	23.9	134	99	1	1	134	1	131	1.40e-09	57.4
NZ_HE978533.1_191	iAF987.Gmet_3476	26.0	154	97	5	3	143	11	160	3.53e-08	53.1
NZ_HE978533.1_192	iCN900.CD630_21660	47.9	313	159	3	77	385	4	316	4.52e-92	279
